2026-04-25_runtime_gap_bridge_pass1,Guinea,"CoinAfrique Guinea — DVDs, CDs & Livres",annex / classifieds,high,https://gn.coinafrique.com/categorie/dvds-cds-et-livres,https://gn.coinafrique.com/categorie/dvds-cds-et-livres,turn691958search2; turn691958search5; turn691958search17,General classifieds rail in Guinea with a DVDs/CDs/books category and live book/roman examples in Conakry/Kindia; annex not book-dominant.,web_reverified_current_pass,False
2026-04-25_runtime_gap_bridge_pass24_lusophone_indian_ocean_sprint,Angola,Sebo Talatona / Sebo - Livros usados,main universe,medium-high,https://www.facebook.com/p/Sebo-Livros-usados-61553042992564/,https://www.facebook.com/p/Sebo-Livros-usados-61553042992564/,web:turn478672search10;web:turn361904view2,"Facebook-visible description says the platform intermediates online selling, buying, or trading used books; strict main-universe candidate pending non-Facebook verification and inventory depth.",web-reverified-in-current-pass,yes
2026-04-25_runtime_gap_bridge_pass24_lusophone_indian_ocean_sprint,Angola,Bazar Literário de Angola,annex / classifieds,medium,https://www.facebook.com/groups/483654652877734/,https://www.facebook.com/groups/483654652877734/,web:turn478672search2;web:turn361904view3,"Book-specific national Facebook group for selling, buying, and trading new and used books; social rail, not standalone marketplace.",web-reverified-in-current-pass,no
2026-04-25_runtime_gap_bridge_pass24_lusophone_indian_ocean_sprint,Angola,Venda de livros usados e novos Angola,annex / classifieds,medium,https://www.facebook.com/groups/774785980468192/,https://www.facebook.com/groups/774785980468192/,web:turn478672search6;web:turn361904view4,Book-specific social group for sale/trade of used and new books in Angola; social category/rail only.,web-reverified-in-current-pass,no
2026-04-25_runtime_gap_bridge_pass24_lusophone_indian_ocean_sprint,Angola,Lello & Companhia / IShopIT Angola,weak-fit core,medium-high,https://loja.lello.ao/Produtos.aspx,https://loja.lello.ao/Produtos.aspx,web:turn478672search0;web:turn361904view0;web:turn361904view1,Major Angolan online store with physical/digital book categories and IShopIT marketplace branding; not used-book or third-party book-specific evidence.,web-reverified-in-current-pass,no
2026-04-25_runtime_gap_bridge_pass24_lusophone_indian_ocean_sprint,Angola,Livraria Mensagem via Allbiz Angola,single-store bookstore layer,medium,https://2147-ao.all.biz/livros-mcg4130,https://2147-ao.all.biz/livros-mcg4130,web:turn478672search15;web:turn361904view6,Allbiz storefront shows Livraria Mensagem in Luanda with book products and seller contact; single-store row.,web-reverified-in-current-pass,no
2026-04-25_runtime_gap_bridge_pass24_lusophone_indian_ocean_sprint,Angola,Livraria Barquinho online ordering,single-store bookstore layer,medium-low,https://www.facebook.com/livraria.barquinho.angola/photos/a.983988841646725/3072058312839757/?type=3,https://www.facebook.com/livraria.barquinho.angola/photos/a.983988841646725/3072058312839757/?type=3,web:turn478672search19;web:turn361904view7,"Social-source row points to livrariabarquinho.net ordering/reservation flow; bookstore layer, not marketplace.",web-reverified-in-current-pass,no
2026-04-25_runtime_gap_bridge_pass24_lusophone_indian_ocean_sprint,Angola,Livraria Doce Livros,single-store bookstore layer,low-medium,https://www.instagram.com/livrariadocelivros/,https://www.instagram.com/livrariadocelivros/,web:turn478672search3,"Luanda/Talatona social bookstore surface for evangelical, youth, personal-development, national-literature and academic books.",web-reverified-in-current-pass,no
2026-04-25_runtime_gap_bridge_pass24_lusophone_indian_ocean_sprint,Angola,OLX Angola / Luanda social book posts,annex / classifieds,low-medium,https://www.facebook.com/groups/683060258532653/posts/2756186377886687/,https://www.facebook.com/groups/683060258532653/posts/2756186377886687/,web:turn478672search1,General social/classifieds book sale posts for physical books in Luanda; not book-dominant marketplace evidence.,web-reverified-in-current-pass,no
2026-04-25_runtime_gap_bridge_pass24_lusophone_indian_ocean_sprint,Angola,Ubuy Angola Books,weak-fit core,low,https://www.ubuy.co.ao/pt/category/books-10180,https://www.ubuy.co.ao/pt/category/books-10180,web:turn787713search1,Import/ecommerce book category for Angola; useful weak retail texture only.,web-reverified-in-current-pass,no
2026-04-25_runtime_gap_bridge_pass24_lusophone_indian_ocean_sprint,Angola,Mayamba Editora / book product pages on Lello,single-store bookstore layer,low-medium,https://developer.lello.ao/livro.aspx?c=220&i=2575&t=1,https://developer.lello.ao/livro.aspx?c=220&i=2575&t=1,web:turn478672search20,Book product metadata exposes Angolan publisher/contact surface through Lello pages; supporting bookstore/publisher texture.,web-reverified-in-current-pass,no
2026-04-25_runtime_gap_bridge_pass24_lusophone_indian_ocean_sprint,Mozambique,Livros em Moçambique - Vendas e Trocas,annex / classifieds,medium,https://www.facebook.com/groups/mozambique.books/,https://www.facebook.com/groups/mozambique.books/,web:turn787713search2;web:turn646798search17,"Book-specific social group explicitly permits selling or exchanging used books; social rail, not standalone marketplace.",web-reverified-in-current-pass,no
2026-04-25_runtime_gap_bridge_pass24_lusophone_indian_ocean_sprint,Mozambique,Venda de Livros Usados Moz,single-store used bookseller,medium,https://www.facebook.com/100087248350587,https://www.facebook.com/100087248350587,web:turn787713search12;web:turn646798search1,Social seller states it sells second-hand books in English and Portuguese in good condition; single-seller used-book row.,web-reverified-in-current-pass,no
2026-04-25_runtime_gap_bridge_pass24_lusophone_indian_ocean_sprint,Mozambique,Mabuko,single-store bookstore layer,medium-high,https://mabuko.co.mz/site/,https://mabuko.co.mz/site/,web:turn646798search2;web:turn989555view2,"Mozambican online bookstore with cart/account, featured books, delivery and payment/support claims.",web-reverified-in-current-pass,no
2026-04-25_runtime_gap_bridge_pass24_lusophone_indian_ocean_sprint,Mozambique,Bookzone,single-store bookstore layer,medium,https://bookzone.co.mz/,https://bookzone.co.mz/,web:turn646798search6,Mozambique online bookstore presenting itself as an innovative bookshop experience.,web-reverified-in-current-pass,no
2026-04-25_runtime_gap_bridge_pass24_lusophone_indian_ocean_sprint,Mozambique,Bazara Livraria / CPAD Livraria store,weak-fit core,medium,https://bazara.co.mz/livraria,https://bazara.co.mz/livraria,web:turn646798search26;web:turn646798search10;web:turn646798search22,Mozambican marketplace/storefront infrastructure with a livraria category and CPAD Livraria store; no used-book marketplace proof.,web-reverified-in-current-pass,no
2026-04-25_runtime_gap_bridge_pass24_lusophone_indian_ocean_sprint,Mozambique,MOYA Marketplace Mozambique,annex / classifieds,medium,https://play.google.com/store/apps/details?hl=pt&id=com.moyamarketplace.twa,https://play.google.com/store/apps/details?hl=pt&id=com.moyamarketplace.twa,web:turn646798search7;web:turn989555view3,"Mozambican classifieds app where anyone can post ads for free and negotiate directly; general rail, no book-dominance verified.",web-reverified-in-current-pass,no
2026-04-25_runtime_gap_bridge_pass24_lusophone_indian_ocean_sprint,Mozambique,Mais Vendas Moçambique,annex / classifieds,medium,https://www.maisvendas.co.mz/,https://www.maisvendas.co.mz/,web:turn787713search19,General Mozambican buy/sell classifieds with account/ad posting and M-Pesa/E-Mola top-up; no book-specific dominance verified.,web-reverified-in-current-pass,no
2026-04-25_runtime_gap_bridge_pass24_lusophone_indian_ocean_sprint,Mozambique,Maputo sidewalk used-book exchange,offline fair/literacy layer,medium-high,https://observalinguaportuguesa.org/em-maputo-vendem-se-e-trocam-se-livros-nos-passeios/,https://observalinguaportuguesa.org/em-maputo-vendem-se-e-trocam-se-livros-nos-passeios/,web:turn646798search28,Reporting describes Maputo sidewalk book sale/exchange practice with cheap used books and exchange pricing.,web-reverified-in-current-pass,no
2026-04-25_runtime_gap_bridge_pass24_lusophone_indian_ocean_sprint,Mozambique,Facebook Marketplace Maputo book listings,annex / classifieds,low-medium,https://www.facebook.com/marketplace/item/2020300122064705/,https://www.facebook.com/marketplace/item/2020300122064705/,web:turn787713search6;web:turn646798search15,Item-level Facebook Marketplace listings in Maputo; social/classifieds texture only.,web-reverified-in-current-pass,no
2026-04-25_runtime_gap_bridge_pass24_lusophone_indian_ocean_sprint,Mozambique,Ubuy Mozambique Books,weak-fit core,low,https://www.ubuy.co.mz/pt/category/books-10180,https://www.ubuy.co.mz/pt/category/books-10180,web:turn646798search14;web:turn787713search3,Import/ecommerce bookstore category for Mozambique; not a local used-book or third-party book rail.,web-reverified-in-current-pass,no
2026-04-25_runtime_gap_bridge_pass24_lusophone_indian_ocean_sprint,Mozambique,Plural Editores Moçambique,single-store bookstore layer,medium,https://www.pluraleditores.co.mz/,https://www.pluraleditores.co.mz/,web:turn646798search29,Mozambican publisher/book catalog surface; book-distribution texture only.,web-reverified-in-current-pass,no
2026-04-25_runtime_gap_bridge_pass24_lusophone_indian_ocean_sprint,Madagascar,ZomaOkaz Madagascar Books,annex / classifieds,medium-high,https://zomaokaz.mg/fr/recherche?category_id=f22ca84d-f5a2-43ea-8237-4f9bd01e5786,https://zomaokaz.mg/fr/recherche?category_id=f22ca84d-f5a2-43ea-8237-4f9bd01e5786,web:turn716350search24;web:turn989555view4,"Madagascar classifieds category for books to buy/sell, new or used; multi-seller resale rail but not book-dominant, so annex/weak rather than strict.",web-reverified-in-current-pass,no
2026-04-25_runtime_gap_bridge_pass24_lusophone_indian_ocean_sprint,Madagascar,Zoma Marketplace librairie en ligne,weak-fit core,medium-high,https://www.zoma.mg/3676-librairie-en-ligne,https://www.zoma.mg/3676-librairie-en-ligne,web:turn716350search4;web:turn989555view5,"Zoma hosts an online bookstore channel tied to Il était une fois across Antananarivo and other cities; bookstore-on-marketplace, not used-book marketplace.",web-reverified-in-current-pass,no
2026-04-25_runtime_gap_bridge_pass24_lusophone_indian_ocean_sprint,Madagascar,La Bouquinerie de Linda,single-store used bookstore signal,medium-high,https://zigzag7oaks.wixsite.com/labouquinerie,https://zigzag7oaks.wixsite.com/labouquinerie,web:turn716350search20;web:turn989555view6,Online bouquinerie lets readers order across Madagascar via couriers/taxi-brousse and supports private/tourism/school demand; single-store used/bouquinerie signal.,web-reverified-in-current-pass,no
2026-04-25_runtime_gap_bridge_pass24_lusophone_indian_ocean_sprint,Madagascar,Ambohijatovo / Antananarivo second-hand book market,offline fair/literacy layer,medium-high,https://www.madacamp.com/Book_Market,https://www.madacamp.com/Book_Market,web:turn716350search16,MadaCamp describes an everyday second-hand book market near Ambohijatovo Park with wooden stalls selling old books and magazines.,web-reverified-in-current-pass,no
2026-04-25_runtime_gap_bridge_pass24_lusophone_indian_ocean_sprint,Madagascar,BOOKlover Mada,single-store used bookseller,medium,https://www.facebook.com/BOOKLoverMada586/,https://www.facebook.com/BOOKLoverMada586/,web:turn716350search1,Social bookstore/seller advertises new and used books in Antananarivo.,web-reverified-in-current-pass,no
2026-04-25_runtime_gap_bridge_pass24_lusophone_indian_ocean_sprint,Madagascar,Romans et Divers - Rayon des Livres,single-store used bookseller,medium,https://www.facebook.com/100085562959067/,https://www.facebook.com/100085562959067/,web:turn716350search12,Social seller identifies as selling used books in Antananarivo.,web-reverified-in-current-pass,no
2026-04-25_runtime_gap_bridge_pass24_lusophone_indian_ocean_sprint,Madagascar,Athena Shop Madagascar,single-store used bookseller,low-medium,https://www.facebook.com/100064129421460/,https://www.facebook.com/100064129421460/,web:turn716350search9,Social surface describes online garage-sale/vide-grenier selling second-hand clothes and books.,web-reverified-in-current-pass,no
2026-04-25_runtime_gap_bridge_pass24_lusophone_indian_ocean_sprint,Madagascar,Loozap Madagascar Antananarivo Books,annex / classifieds,medium,https://mg.loozap.com/search/category%2C784/region%2C10670856/city%2C4070940/iPage%2C2,https://mg.loozap.com/search/category%2C784/region%2C10670856/city%2C4070940/iPage%2C2,web:turn716350search21,Loozap exposes book listings in Antananarivo; general classifieds/book category only.,web-reverified-in-current-pass,no
2026-04-25_runtime_gap_bridge_pass24_lusophone_indian_ocean_sprint,Madagascar,Afribaba Madagascar CD/DVD/Livres,annex / classifieds,low-medium,https://mg.afribaba.com/amparafaravola/espace-communaute-loisirs/cd-dvd-livres/,https://mg.afribaba.com/amparafaravola/espace-communaute-loisirs/cd-dvd-livres/,web:turn716350search17,Afribaba exposes Madagascar book/media classified category; empty/weak in captured page.,web-reverified-in-current-pass,no
2026-04-25_runtime_gap_bridge_pass24_lusophone_indian_ocean_sprint,Madagascar,Librairie Il Etait Une Fois,single-store bookstore layer,medium,https://www.facebook.com/librairie.iletaitunefois.Madagascar/,https://www.facebook.com/librairie.iletaitunefois.Madagascar/,web:turn716350search0,Madagascar bookstore social surface associated with book events/sales/expos.,web-reverified-in-current-pass,no
2026-04-25_runtime_gap_bridge_pass24_lusophone_indian_ocean_sprint,Madagascar,Facebook Marketplace Antananarivo book listings,annex / classifieds,low-medium,https://www.facebook.com/marketplace/item/1071728434650999/,https://www.facebook.com/marketplace/item/1071728434650999/,web:turn716350search36,Item-level Facebook Marketplace book listings in Antananarivo; social/classifieds evidence only.,web-reverified-in-current-pass,no
2026-04-25_runtime_gap_bridge_pass24_lusophone_indian_ocean_sprint,Mauritius,AsterVender second-hand Bookshop Mauritius,annex / classifieds,medium-high,https://www.astervender.mu/second-hand/Bookshop,https://www.astervender.mu/second-hand/Bookshop,web:turn716350search26,"AsterVender exposes a second-hand Bookshop category with many offers; general secondhand marketplace, not book-dominant strict core.",web-reverified-in-current-pass,no
2026-04-25_runtime_gap_bridge_pass24_lusophone_indian_ocean_sprint,Mauritius,Mauritius Book Club buy/sell/exchange,annex / classifieds,medium,https://www.facebook.com/groups/433813791868285/,https://www.facebook.com/groups/433813791868285/,web:turn716350search2;web:turn716350search14;web:turn716350search38,"Book club group explicitly for exchange, buy, or sell books; social rail only.",web-reverified-in-current-pass,no
2026-04-25_runtime_gap_bridge_pass24_lusophone_indian_ocean_sprint,Mauritius,"Buy, Sell & Exchange Books in Mauritius",annex / classifieds,medium,https://www.facebook.com/groups/700913916607590/,https://www.facebook.com/groups/700913916607590/,web:turn716350search6,Facebook group with used textbook and book sale posts; social resale rail only.,web-reverified-in-current-pass,no
2026-04-25_runtime_gap_bridge_pass24_lusophone_indian_ocean_sprint,Mauritius,Books For Sale & Exchange - Mauritius,annex / classifieds,medium,https://www.facebook.com/groups/224544958088586/,https://www.facebook.com/groups/224544958088586/,web:turn716350search10,"Platform-style social group for exchange/selling school books, novels, fiction and nonfiction.",web-reverified-in-current-pass,no
2026-04-25_runtime_gap_bridge_pass24_lusophone_indian_ocean_sprint,Mauritius,Dream Books Mauritius,single-store bookstore layer,medium,https://www.dreambooks.mu/,https://www.dreambooks.mu/,web:turn716350search30,Mauritius online bookstore with catalog and pricing; first-party retail layer.,web-reverified-in-current-pass,no
2026-04-25_runtime_gap_bridge_pass24_lusophone_indian_ocean_sprint,Mauritius,Bookstore.mu,single-store bookstore layer,medium,https://bookstore.mu/,https://bookstore.mu/,web:turn716350search34,"Mauritius online bookstore for browsing, discovering, preordering and shopping books.",web-reverified-in-current-pass,no
2026-04-25_runtime_gap_bridge_pass24_lusophone_indian_ocean_sprint,Mauritius,Librairie Bourbon Port Louis,single-store used bookstore signal,low-medium,https://www.reddit.com/r/mauritius/comments/rpqduo/where_do_you_guys_buy_your_books/,https://www.reddit.com/r/mauritius/comments/rpqduo/where_do_you_guys_buy_your_books/,web:turn716350search22,Reddit local recommendation identifies Librairie Bourbon as a Port Louis second-hand book option; needs non-Reddit verification.,web-reverified-in-current-pass,no
2026-04-25_runtime_gap_bridge_pass24_lusophone_indian_ocean_sprint,Mauritius,Ubuy Mauritius Books,weak-fit core,low,https://www.ubuy.mu/category/books-10180,https://www.ubuy.mu/category/books-10180,manual_url_backfill_search_not_opened,Ordinary import/ecommerce book category; weak texture only.,web-reverified-in-current-pass,no
2026-04-25_runtime_gap_bridge_pass24_lusophone_indian_ocean_sprint,Seychelles,The Dusty Collection,main universe,high,https://thedustycollection.com/,https://thedustycollection.com/,web:turn716350search3;web:turn716350search23;web:turn989555view7;web:turn989555view8,Seychelles online secondhand/pre-loved bookshop with cart/account features and sell-your-books path; strict local recommerce candidate.,web-reverified-in-current-pass,yes
2026-04-25_runtime_gap_bridge_pass24_lusophone_indian_ocean_sprint,Seychelles,Chanterelle Bookshop,single-store bookstore layer,medium,https://www.seybusiness.com/Chanterelle_Bookshop/2760/about,https://www.seybusiness.com/Chanterelle_Bookshop/2760/about,web:turn716350search15,"Seychelles business listing for Chanterelle Bookshop, active since 2011; bookstore layer.",web-reverified-in-current-pass,no
2026-04-25_runtime_gap_bridge_pass24_lusophone_indian_ocean_sprint,Seychelles,Buy and Sell Seychelles official,annex / classifieds,medium,https://www.facebook.com/groups/rainbowsesel/,https://www.facebook.com/groups/rainbowsesel/,web:turn716350search27,"Large social buy/sell community for Seychelles; general classifieds rail, not book-specific.",web-reverified-in-current-pass,no
2026-04-25_runtime_gap_bridge_pass24_lusophone_indian_ocean_sprint,Seychelles,Exchanging books; Seychelles,annex / classifieds,low-medium,https://www.facebook.com/groups/811528339601381/,https://www.facebook.com/groups/811528339601381/,web:turn716350search11,Book-exchange social group; social exchange texture only.,web-reverified-in-current-pass,no
2026-04-25_runtime_gap_bridge_pass24_lusophone_indian_ocean_sprint,Seychelles,Seychelles Buy & Sell Products & Services,annex / classifieds,low-medium,https://www.facebook.com/groups/789756926192374/,https://www.facebook.com/groups/789756926192374/,web:turn716350search39;web:turn716350search19,General Seychelles buy/sell social platform; book listings observed only as item-level spillover.,web-reverified-in-current-pass,no
2026-04-25_runtime_gap_bridge_pass24_lusophone_indian_ocean_sprint,Seychelles,Facebook item-level Seychelles book lots,annex / classifieds,low,https://www.facebook.com/groups/1124964434202635/posts/27079646498307740/,https://www.facebook.com/groups/1124964434202635/posts/27079646498307740/,web:turn716350search19,Item-level social listing for book lots/novels in Seychelles; not platform-level book rail.,web-reverified-in-current-pass,no
2026-04-25_runtime_gap_bridge_pass24_lusophone_indian_ocean_sprint,Comoros,Facebook Marketplace Moroni / Comoros book listings,annex / classifieds,low-medium,https://www.facebook.com/marketplace/item/3951262831860772/,https://www.facebook.com/marketplace/item/3951262831860772/,web:turn900254search1,Item-level Facebook Marketplace book listing in Moroni/Comoros; social resale texture only.,web-reverified-in-current-pass,no
2026-04-25_runtime_gap_bridge_pass24_lusophone_indian_ocean_sprint,Comoros,Ubuy Comoros Books,weak-fit core,low,https://www.comoros.ubuy.com/fr/category/books-10180,https://www.comoros.ubuy.com/fr/category/books-10180,web:turn900254search4,Import/ecommerce book category for Comoros; no local used-book marketplace evidence.,web-reverified-in-current-pass,no
2026-04-25_runtime_gap_bridge_pass24_lusophone_indian_ocean_sprint,Comoros,Alibris Comoros subject books,external spillover / out-of-scope texture,low,https://www.alibris.com/search/books/subject/Comoros,https://www.alibris.com/search/books/subject/Comoros,web:turn900254search0,"International marketplace subject search for Comoros books; useful only as spillover/out-of-territory contrast, not local rail.",web-reverified-in-current-pass,no
2026-04-25_runtime_gap_bridge_pass24_lusophone_indian_ocean_sprint,Comoros,Amazon.fr Comores books,external spillover / out-of-scope texture,low,https://www.amazon.fr/Comores-Livres/s?k=Comores&rh=n%3A301061,https://www.amazon.fr/Comores-Livres/s?k=Comores&rh=n%3A301061,web:turn900254search8,International retail search for books about Comoros; not a local Comoros marketplace.,web-reverified-in-current-pass,no
2026-04-25_runtime_gap_bridge_pass24_lusophone_indian_ocean_sprint,Mayotte,DoukaMay,weak-fit core,medium-high,https://doukamay.com/,https://doukamay.com/,web:turn900254search30;web:turn989555view10,Local Mayotte marketplace with seller/client account paths and “Vendez sur DoukaMay”; no book category verified in this pass.,web-reverified-in-current-pass,no
2026-04-25_runtime_gap_bridge_pass24_lusophone_indian_ocean_sprint,Mayotte,Petites et grandes annonces Mayotte book listings,annex / classifieds,medium,https://www.facebook.com/groups/248184938587153/posts/34924158480563023/,https://www.facebook.com/groups/248184938587153/posts/34924158480563023/,web:turn900254search6;web:turn900254search10;web:turn900254search14,Social/classifieds group has used-book listings in Dzaoudzi and Mayotte; general rail only.,web-reverified-in-current-pass,no
2026-04-25_runtime_gap_bridge_pass24_lusophone_indian_ocean_sprint,Mayotte,Mayotte vente d’occasion used-book posts,annex / classifieds,low-medium,https://www.facebook.com/groups/1872100459608124/posts/3148268961991261/,https://www.facebook.com/groups/1872100459608124/posts/3148268961991261/,web:turn900254search22,Mayotte secondhand-sale social surface with book lots; item-level evidence only.,web-reverified-in-current-pass,no
2026-04-25_runtime_gap_bridge_pass24_lusophone_indian_ocean_sprint,Mayotte,La Maison des livres Mayotte,single-store bookstore layer,medium,https://www.facebook.com/LaMaisondeslivresMayotte/mentions/,https://www.facebook.com/LaMaisondeslivresMayotte/mentions/,web:turn900254search18,Mamoudzou/Mayotte bookstore social surface; bookstore/cultural event layer.,web-reverified-in-current-pass,no
2026-04-25_runtime_gap_bridge_pass24_lusophone_indian_ocean_sprint,Mayotte,Mayotte librairies directory,single-store bookstore layer,low-medium,https://www.pagesjaunes.fr/annuaire/departement/mayotte-976/librairies,https://www.pagesjaunes.fr/annuaire/departement/mayotte-976/librairies,web:turn900254search26,"PagesJaunes Mayotte librairies directory gives bookstore discovery texture, not used marketplace.",web-reverified-in-current-pass,no
2026-04-25_runtime_gap_bridge_pass24_lusophone_indian_ocean_sprint,Réunion,leboncoin Réunion livres d’occasion,weak-fit core,high,https://www.leboncoin.fr/cl/livres/rp_reunion,https://www.leboncoin.fr/cl/livres/rp_reunion,web:turn900254search23;web:turn989555view9,"Dense used-book category filtered to Réunion with local listings and seller/location fields; major recommerce rail but general marketplace, so not strict book-specific core.",web-reverified-in-current-pass,no
2026-04-25_runtime_gap_bridge_pass24_lusophone_indian_ocean_sprint,Réunion,"Livres à échanger, partager ou à vendre 974",annex / classifieds,medium,https://www.facebook.com/groups/1936056779974640/,https://www.facebook.com/groups/1936056779974640/,web:turn900254search3,"Book-specific Réunion social group for exchanging, sharing, or selling books.",web-reverified-in-current-pass,no
2026-04-25_runtime_gap_bridge_pass24_lusophone_indian_ocean_sprint,Réunion,Vente de Livres 974,annex / classifieds,medium,https://www.facebook.com/groups/1454912902041944/,https://www.facebook.com/groups/1454912902041944/,web:turn900254search15,Book-specific social sale group for Réunion; social rail only.,web-reverified-in-current-pass,no
2026-04-25_runtime_gap_bridge_pass24_lusophone_indian_ocean_sprint,Réunion,La foire aux livres 974,annex / classifieds,medium,https://www.facebook.com/groups/552519161451653/,https://www.facebook.com/groups/552519161451653/,web:turn900254search19,Book-sale/search social group for Réunion; useful resale signal but not standalone marketplace.,web-reverified-in-current-pass,no
2026-04-25_runtime_gap_bridge_pass24_lusophone_indian_ocean_sprint,Réunion,Livres d’occasion 974,single-store used bookseller,medium,https://www.facebook.com/61577250479358/,https://www.facebook.com/61577250479358/,web:turn900254search11,Social used-book seller states unsold books are later put on Facebook Marketplace profile; single-seller used-book row.,web-reverified-in-current-pass,no
2026-04-25_runtime_gap_bridge_pass24_lusophone_indian_ocean_sprint,Réunion,Facebook Marketplace Réunion book listings,annex / classifieds,low-medium,https://www.facebook.com/marketplace/item/710926867954030/,https://www.facebook.com/marketplace/item/710926867954030/,web:turn900254search7;web:turn900254search27,Item-level Facebook Marketplace book listings in Réunion; social/classifieds rail only.,web-reverified-in-current-pass,no
2026-04-25_runtime_gap_bridge_pass24_lusophone_indian_ocean_sprint,Réunion,La Réunion des Livres,offline fair/literacy layer,medium,https://www.instagram.com/lareuniondeslivres/,https://www.instagram.com/lareuniondeslivres/,web:turn900254search31,Interprofessional book-sector association for Réunion; ecosystem/institutional layer only.,web-reverified-in-current-pass,no
2026-04-25_runtime_gap_bridge_pass24_lusophone_indian_ocean_sprint,Western Sahara / Sahrawi market surface,Facebook Marketplace Laâyoune,annex / classifieds,low-medium,https://www.facebook.com/marketplace/101869919854238/?locale=fr_FR,https://www.facebook.com/marketplace/101869919854238/?locale=fr_FR,web:turn410459search10,Facebook Marketplace exposes a Laâyoune buy/sell surface; book-specific evidence not verified.,web-reverified-in-current-pass,no
2026-04-25_runtime_gap_bridge_pass24_lusophone_indian_ocean_sprint,Western Sahara / Sahrawi market surface,Quicherchequoi Laâyoune marketplace,annex / classifieds,low,https://www.quicherchequoi.com/laayoune/marketplace/index7/,https://www.quicherchequoi.com/laayoune/marketplace/index7/,web:turn410459search14,Laâyoune marketplace page exists but captured page reports no available listings; weak general surface only.,web-reverified-in-current-pass,no
2026-04-25_runtime_gap_bridge_pass24_lusophone_indian_ocean_sprint,Western Sahara / Sahrawi market surface,Morocco/France book-market spillover for Western Sahara titles,external spillover / out-of-scope texture,low,https://www.editions-anacharsis.com/Laayoune-en-attendant,https://www.editions-anacharsis.com/Laayoune-en-attendant,web:turn410459search3;web:turn410459search7;web:turn410459news38,Search results are dominated by Morocco/France retail and title-subject pages rather than Sahrawi-local book rails; kept as spillover caution.,web-reverified-in-current-pass,no
2026-04-25_runtime_gap_bridge_pass70,Pakistan,Kitabain — online book marketplace,main universe,high,https://www.kitabain.com/,https://www.kitabain.com/,turn822889view0,Pakistan-specific online book marketplace with Sell Books/Login/Sign Up flow and broad category inventory; strict-main candidate pending used/secondhand inventory hardening.,web_reverified_current_pass,True
2026-04-25_runtime_gap_bridge_pass70,Pakistan,Booksecondstory — secondhand books buy/sell platform,main universe,high,https://booksecondstory.com/about-us/,https://booksecondstory.com/about-us/,turn822889view1; turn956920search0; turn956920search2,Pakistan platform for buying and selling secondhand/old books; seller accounts/shop URL and listing flow visible; strong strict-main fit.,web_reverified_current_pass,True
2026-04-25_runtime_gap_bridge_pass70,Pakistan,My Book Bank — Second Hand Books,single-store used-bookseller,medium-high,https://mybookbank.pk/product-category/shop/second-hand-books/,https://mybookbank.pk/product-category/shop/second-hand-books/,turn767774search7,Curated second-hand books retail category; useful used-book seller signal but not verified as a third-party marketplace.,web_reverified_current_pass,False
2026-04-25_runtime_gap_bridge_pass70,Pakistan,Used/New-Books Sale & Purchase Pakistan,annex / social resale,medium,https://www.facebook.com/groups/335022689857777/,https://www.facebook.com/groups/335022689857777/,turn956920search14,"Countrywide social buy/sell group for used and new books; annex/social resale, not platform-core.",web_reverified_current_pass,False
2026-04-25_runtime_gap_bridge_pass70,Pakistan,Used Course Books Buy/Sell Point (Pakistan),annex / social resale,medium,https://www.facebook.com/groups/345171080133856/,https://www.facebook.com/groups/345171080133856/,turn353070search34,Course-book resale/donation group; useful student-textbook resale signal but social-only.,web_reverified_current_pass,False
2026-04-25_runtime_gap_bridge_pass70,Pakistan,Urdu Bazaar Karachi,offline / used-book market,medium,https://en.wikipedia.org/wiki/Urdu_Bazaar%2C_Karachi,https://en.wikipedia.org/wiki/Urdu_Bazaar%2C_Karachi,turn956920search20,"Historic Karachi book market with used and new books; offline/contextual row, not online marketplace core.",web_reverified_current_pass,False
2026-04-25_runtime_gap_bridge_pass70,Bangladesh,BookCycle — buy/sell old books platform,main universe,medium-high,https://bookcyclebd.netlify.app/,https://bookcyclebd.netlify.app/,turn353070search16; turn822889view2,"Bangladesh platform explicitly described as for buying and selling old books, textbooks, and second-hand educational materials; strict-main candidate, needs direct app hardening because rendered page is sparse.",web_reverified_current_pass,True
2026-04-25_runtime_gap_bridge_pass70,Bangladesh,Booktionary — buy/sell/exchange textbook platform,main universe,high,https://booktionary.com.bd/about-us,https://booktionary.com.bd/about-us,turn564851view0,"Bangladesh platform whose own about page says students can buy, sell, and exchange books, including trade-in of old textbooks; strict-main candidate.",web_reverified_current_pass,True
2026-04-25_runtime_gap_bridge_pass70,Bangladesh,Old Book Buy and Sell in BD,annex / social resale,medium,https://www.facebook.com/groups/753342582164947/,https://www.facebook.com/groups/753342582164947/,turn353070search6,Bangladesh social group for buying and selling old books; annex/social resale only.,web_reverified_current_pass,False
2026-04-25_runtime_gap_bridge_pass70,Bangladesh,"Books Buy, Exchange and Sell Group (BD)",annex / social resale,medium,https://www.facebook.com/groups/360842055443288/,https://www.facebook.com/groups/360842055443288/,turn353070search35,Bangladesh social group for book buy/exchange/sell activity; annex/social resale only.,web_reverified_current_pass,False
2026-04-25_runtime_gap_bridge_pass70,Bangladesh,Nilkhet / Dhaka used-book market seam,offline / used-book market,medium-low,https://www.reddit.com/r/Dhaka/comments/1o3w694/old_and_used_book_library_in_dhaka/,https://www.reddit.com/r/Dhaka/comments/1o3w694/old_and_used_book_library_in_dhaka/,turn353070search28,"Reddit-local but useful seam note naming Nilkhet and other Dhaka used-book markets; contextual/offline only, needs stronger corroboration.",web_reverified_current_pass,False
2026-04-25_runtime_gap_bridge_pass70,Bangladesh,Bikroy Bangladesh — general marketplace/classifieds,annex / classifieds,medium,https://en.wikipedia.org/wiki/Bikroy,https://en.wikipedia.org/wiki/Bikroy,turn956920search22,Horizontal classifieds/marketplace infrastructure for Bangladesh; preserve as annex only unless a book-specific rail is isolated.,web_reverified_current_pass,False
2026-04-25_runtime_gap_bridge_pass70,Nepal,Books Mandala — Used Books,single-store used-bookseller,medium-high,https://booksmandala.com/used-books,https://booksmandala.com/used-books,turn822889view4,Nepal online bookstore with dedicated used-books category; single-store/retail used-book layer rather than multi-seller core.,web_reverified_current_pass,False
2026-04-25_runtime_gap_bridge_pass70,Nepal,2nd Hand Books Buy/Sell in Nepal,annex / social resale,medium,https://www.facebook.com/groups/362195211838179/,https://www.facebook.com/groups/362195211838179/,turn657012search6; turn657012search22,Nepal social group allowing members to post books for sale/buying; annex/social resale.,web_reverified_current_pass,False
2026-04-25_runtime_gap_bridge_pass70,Nepal,Second hand Books Buy and Sell Group Nepal,annex / social resale,medium,https://www.facebook.com/groups/444367310880625/,https://www.facebook.com/groups/444367310880625/,turn657012search2; turn657012search18,Nepal second-hand book buy/sell group; annex/social resale.,web_reverified_current_pass,False
2026-04-25_runtime_gap_bridge_pass70,Nepal,Sasto Kitab — local buy/sell/donate platform,main universe,high,https://www.sastokitab.com/,https://www.sastokitab.com/,turn353070search3; turn564851view2,"Promotion/hardening row: Sasto Kitab describes itself as a Nepal platform for buying, selling and donating books, with buy/sell/exchange/local connections and second-hand book seller guides.",web_reverified_current_pass,True
2026-04-25_runtime_gap_bridge_pass70,Nepal,Sasto Kitab app surface — buy/sell/exchange locally,main universe,medium-high,https://app.sastokitab.com/,https://app.sastokitab.com/,turn353070search21,"App surface explicitly frames Sasto Kitab as buy, sell, or exchange books locally; separate app-surface evidence row for platform mechanics.",web_reverified_current_pass,True
2026-04-25_runtime_gap_bridge_pass70,Sri Lanka,BookExchange.lk — buy/sell/exchange used books platform,main universe,high,https://bookexchange.lk/,https://bookexchange.lk/,turn413177search0; turn413177search4; turn413177search10; turn413177search13; turn413177search15,"Promotion/hardening row: Sri Lanka platform for buying, selling, or exchanging used books with wanted ads, smart-match, registration/login, and local user posting flow.",web_reverified_current_pass,True
2026-04-25_runtime_gap_bridge_pass70,Sri Lanka,BookSwap.lk — used book exchange/sell platform,main universe,high,https://bookswap.lk/,https://bookswap.lk/,turn413177search1; turn956920search3; turn956920search7; turn956920search11,"Free Sri Lanka used-book exchange/sell platform with registration/login, add-book flow, and current listings; strict-main candidate.",web_reverified_current_pass,True
2026-04-25_runtime_gap_bridge_pass70,Sri Lanka,2ndhandbooks.lk — used-books marketplace,main universe,high,https://2ndhandbooks.lk/about,https://2ndhandbooks.lk/about,turn564851view4; turn564851view5,"Sri Lanka used-books marketplace with physical stores, online inventory, buying/selling language, and auction/cart/account features; strict-main candidate, though marketplace vs curated inventory should be hardened.",web_reverified_current_pass,True
2026-04-25_runtime_gap_bridge_pass70,Sri Lanka,Book Swap Colombo,annex / social resale,medium-high,https://www.facebook.com/groups/bookswapcolombo/,https://www.facebook.com/groups/bookswapcolombo/,turn413177search5; turn822889view6,"Large Sri Lankan social group where members swap, buy, and sell books; annex/social resale, not platform-core.",web_reverified_current_pass,False
2026-04-25_runtime_gap_bridge_pass70,Sri Lanka,Preloved Books LK,single-store used-bookseller,medium,https://www.facebook.com/prelovedbooks.lk/,https://www.facebook.com/prelovedbooks.lk/,turn413177search2; turn413177search11,Sri Lanka pre-loved books social-store with island-wide delivery; single-seller used-bookseller row.,web_reverified_current_pass,False
2026-04-25_runtime_gap_bridge_pass70,Sri Lanka,Books4Life.lk — Second Hand Books,single-store used-bookseller,medium-high,https://books4life.lk/product-category/second-hand-books/,https://books4life.lk/product-category/second-hand-books/,turn413177search23,"Sri Lanka online shop category for second-hand books; single-store used-book retail layer, not marketplace core.",web_reverified_current_pass,False
2026-04-25_runtime_gap_bridge_pass71_india_dedicated_sprint,India,BookFlow — direct buy/sell used-books marketplace,main universe,high,https://bookflow.in/,https://bookflow.in/,india_bookflow_direct_buy_sell_used_books_marketplace,India-specific used-book marketplace that says it does not stock inventory and connects buyers and sellers directly; strong strict-main candidate.,captured_pass71,strict_candidate
2026-04-25_runtime_gap_bridge_pass71_india_dedicated_sprint,India,Clankart — student-to-student used-book marketplace,main universe,high,https://www.clankart.com/how-it-works,https://www.clankart.com/how-it-works,india_clankart_student_to_student_used_book_marketplace,"India student-to-student book marketplace with account creation, upload books, ship orders, and receive payment flow; strong strict-main fit.",captured_pass71,strict_candidate
2026-04-25_runtime_gap_bridge_pass71_india_dedicated_sprint,India,BookMandee — local buy/sell/donate old-books marketplace,main universe,high,https://bookmandee.com/,https://bookmandee.com/,india_bookmandee_local_buy_sell_donate_old_books_marketplace,"BookMandee frames itself as a place to buy and sell old and second-hand books online, with direct contact/chat and city/location filtering; strict-main candidate.",captured_pass71,strict_candidate
2026-04-25_runtime_gap_bridge_pass71_india_dedicated_sprint,India,NearBook — hyper-local used-books app,main universe,high,https://play.google.com/store/apps/details?hl=en_US&id=com.show.mybook,https://play.google.com/store/apps/details?hl=en_US&id=com.show.mybook,india_nearbook_hyperlocal_used_books_app,"NearBook app surface describes a hyper-local marketplace to buy, sell, and donate old books nearby; strict-main candidate, app-first.",captured_pass71,strict_candidate
2026-04-25_runtime_gap_bridge_pass71_india_dedicated_sprint,India,Askitab — local second-hand-books marketplace,main universe,high,https://www.askitab.com/about,https://www.askitab.com/about,india_askitab_local_second_hand_books_marketplace,Askitab describes itself as a local marketplace to buy and sell second-hand books in India and discover used books nearby; strict-main candidate.,captured_pass71,strict_candidate
2026-04-25_runtime_gap_bridge_pass71_india_dedicated_sprint,India,ShelfSwap — used academic-books marketplace,main universe,medium-high,https://shelfswap.in/,https://shelfswap.in/,india_shelfswap_used_academic_books_marketplace,"ShelfSwap presents itself as a used academic-books marketplace for buying and selling textbooks/study materials across India; strict-main candidate, academic-textbook specific.",captured_pass71,strict_candidate
2026-04-25_runtime_gap_bridge_pass71_india_dedicated_sprint,India,UsedBooksFactory — multi-vendor second-hand-books marketplace,main universe,high,https://www.usedbooksfactory.com/,https://www.usedbooksfactory.com/,india_usedbooksfactory_multivendor_second_hand_books_marketplace,UsedBooksFactory says it aggregates multiple old-book vendors and includes other second-hand book sellers as part of its marketplace; strict-main candidate.,captured_pass71,strict_candidate
2026-04-25_runtime_gap_bridge_pass71_india_dedicated_sprint,India,BookChor seller portal — second-hand books selling platform,main universe,medium-high,https://seller.bookchor.com/,https://seller.bookchor.com/,india_bookchor_seller_portal_second_hand_books_platform,"BookChor has a seller portal describing listing, seller signup, exposure, and secure payment for second-hand book sellers; strict-main candidate but retailer/marketplace hybrid needs future hardening.",captured_pass71,strict_candidate
2026-04-25_runtime_gap_bridge_pass71_india_dedicated_sprint,India,BookBazar — old-books buy/sell marketplace,main universe,medium,https://bookbazar.store/,https://bookbazar.store/,india_bookbazar_old_books_buy_sell_marketplace,BookBazar describes itself as an India marketplace for buying and selling second-hand/old books; medium-confidence strict candidate pending mechanics hardening.,captured_pass71,strict_candidate
2026-04-25_runtime_gap_bridge_pass71_india_dedicated_sprint,India,BooksYa — buy/sell/rental/wanted used-books surface,main universe,medium,https://booksya.com/old-books-in-isbn-13-978-93-5460-051-7,https://booksya.com/old-books-in-isbn-13-978-93-5460-051-7,india_booksya_buy_sell_rental_wanted_used_books_surface,BooksYa presents sell/buy/wanted/rental navigation around used books near you; medium-confidence strict candidate pending inventory and seller-flow hardening.,captured_pass71,strict_candidate
2026-04-25_runtime_gap_bridge_pass71_india_dedicated_sprint,India,Pustakkosh — used/second-hand books and rental/buyback store,weak-fit core,medium-high,https://pustakkosh.com/sell-books/,https://pustakkosh.com/sell-books/,india_pustakkosh_used_books_rental_buyback_store,"Pustakkosh has used/second-hand book inventory and sell-books/rental language, but current evidence reads more like store/rental/buyback than verified third-party marketplace; keep weak-fit.",captured_pass71,weak_fit
2026-04-25_runtime_gap_bridge_pass71_india_dedicated_sprint,India,MyPustak — donated/free used-books social-cause platform,offline / fair / literacy layer,high,https://www.mypustak.com/,https://www.mypustak.com/,india_mypustak_donated_free_used_books_social_cause_platform,"MyPustak connects donated/unwanted books to readers and offers quality-assured free/used books; important recommerce/literacy layer, not a seller marketplace.",captured_pass71,not_strict_literacy_recommerce
2026-04-25_runtime_gap_bridge_pass71_india_dedicated_sprint,India,Sell My Book / Hashkrio — student-to-student bookstore product surface,weak-fit core,medium,https://hashkrio.com/our-products/buy-and-sell-old-books/,https://hashkrio.com/our-products/buy-and-sell-old-books/,india_sell_my_book_hashkrio_student_to_student_surface,"Hashkrio product page describes Sell My Book as an intercommunity student-to-student bookstore for buying/selling used books, but live operational surface needs hardening; weak-fit/revisit.",captured_pass71,weak_fit_revisit
2026-04-25_runtime_gap_bridge_pass71_india_dedicated_sprint,India,ResellPanda — student pre-owned books marketplace beta surface,weak-fit core,medium-low,https://resellpanda.vercel.app/,https://resellpanda.vercel.app/,india_resellpanda_student_preowned_books_beta_surface,ResellPanda/Vercel surface claims a student marketplace for second-hand/pre-owned books; beta/deploy-hosted surface requires hardening before strict promotion.,captured_pass71,weak_fit_revisit
2026-04-25_runtime_gap_bridge_pass71_india_dedicated_sprint,India,BookChor — used/preloved books retail surface,single-store used booksellers,high,https://www.bookchor.com/store/37/used-books,https://www.bookchor.com/store/37/used-books,india_bookchor_used_preloved_books_retail_surface,BookChor retail surface has large used-books inventory and pre-loved discounts; record separate from seller portal as retail/hybrid texture.,captured_pass71,retail_hybrid_supporting
2026-04-25_runtime_gap_bridge_pass71_india_dedicated_sprint,India,Kitabay — new and pre-loved books online bookstore,single-store used booksellers,medium-high,https://kitabay.com/products/the-little-paris-bookshop-1,https://kitabay.com/products/the-little-paris-bookshop-1,india_kitabay_new_and_preloved_books_online_bookstore,Kitabay describes itself as a sustainable online bookstore with new releases and treasured pre-loved books; single-store used/preloved layer.,captured_pass71,single_store_used
2026-04-25_runtime_gap_bridge_pass71_india_dedicated_sprint,India,Best Of Used Books — used/second-hand books online store,single-store used booksellers,medium-high,https://bestofusedbooks.com/,https://bestofusedbooks.com/,india_best_of_used_books_online_store,Best Of Used Books says it buys and sells used/second-hand/old books online; single-store used-bookseller unless marketplace mechanics are later verified.,captured_pass71,single_store_used
2026-04-25_runtime_gap_bridge_pass71_india_dedicated_sprint,India,Old Book Depot — used/old books online store,single-store used booksellers,medium,https://oldbookdepot.in/,https://oldbookdepot.in/,india_old_book_depot_used_old_books_online_store,Old Book Depot is an online used/old/new books store; single-store used-bookseller layer.,captured_pass71,single_store_used
2026-04-25_runtime_gap_bridge_pass71_india_dedicated_sprint,India,UsedBookR — second-hand books online store,single-store used booksellers,medium,https://www.usedbookr.com/,https://www.usedbookr.com/,india_usedbookr_second_hand_books_online_store,UsedBookR presents affordable new/used second-hand books online in India; single-store used-bookseller layer.,captured_pass71,single_store_used
2026-04-25_runtime_gap_bridge_pass71_india_dedicated_sprint,India,Second Hand Books India — online second-hand books store,single-store used booksellers,medium-high,https://www.secondhandbooksindia.com/,https://www.secondhandbooksindia.com/,india_second_hand_books_india_online_store,Second Hand Books India states it is an online store for second-hand books in India serving customers since 2004; single-store used-bookseller layer.,captured_pass71,single_store_used
2026-04-25_runtime_gap_bridge_pass71_india_dedicated_sprint,India,99Bookscart — online cheap/used book deals surface,single-store used booksellers,medium-low,https://99bookscart.com/pages/welcome-to-99bookscart,https://99bookscart.com/pages/welcome-to-99bookscart,india_99bookscart_online_used_book_deals_surface,"99Bookscart appears as an online book-deals/used-books surface, but marketplace mechanics and authenticity concerns require caution; keep single-store/weak until hardened.",captured_pass71,single_store_or_weak_revisit
2026-04-25_runtime_gap_bridge_pass71_india_dedicated_sprint,India,OLX India — books classifieds category,annex / classifieds,high,https://www.olx.in/books_c453/q-book-book,https://www.olx.in/books_c453/q-book-book,india_olx_books_classifieds_category,"OLX provides buy/sell second-hand books listings in India; horizontal classifieds annex only, not strict book-specific core.",captured_pass71,annex_horizontal_classifieds
2026-04-25_runtime_gap_bridge_pass71_india_dedicated_sprint,India,Quikr — used books and magazines category,annex / classifieds,high,https://www.quikr.com/home-lifestyle/second-hand-books%2BBooks-Magazines%2BIndia%2Bz52f,https://www.quikr.com/home-lifestyle/second-hand-books%2BBooks-Magazines%2BIndia%2Bz52f,india_quikr_used_books_magazines_category,Quikr has used/second-hand books and magazines categories; horizontal classifieds/marketplace annex only.,captured_pass71,annex_horizontal_classifieds
2026-04-25_runtime_gap_bridge_pass71_india_dedicated_sprint,India,Flipkart — individual second-hand/old book listings,annex / classifieds,medium,https://www.flipkart.com/you-can-win-old-used-book/p/itma3ec4c135904f,https://www.flipkart.com/you-can-win-old-used-book/p/itma3ec4c135904f,india_flipkart_second_hand_old_book_listings,"Flipkart surfaces individual second-hand/old book product listings; horizontal ecommerce annex only, not book-specific used marketplace core.",captured_pass71,annex_horizontal_ecommerce
2026-04-25_runtime_gap_bridge_pass71_india_dedicated_sprint,India,Daryaganj Sunday Book Market — Delhi used-book market seam,offline / fair / literacy layer,medium-high,https://www.justdial.com/Delhi/Daryaganj-Book-Market-Near-Kucha-Lal-Man-Darya-Ganj/011PXX11-XX11-220130162559-S3B3_BZDET/photos,https://www.justdial.com/Delhi/Daryaganj-Book-Market-Near-Kucha-Lal-Man-Darya-Ganj/011PXX11-XX11-220130162559-S3B3_BZDET/photos,india_daryaganj_sunday_book_market_offline_used_books_seam,"Daryaganj/Mahila Haat Sunday book market remains major offline/contextual used-book infrastructure, with piracy/legality watch item; not online strict core.",captured_pass71,offline_contextual
2026-04-25_runtime_gap_bridge_pass73_india_multilayer_sprint,India,BookStand — used-bookshop storefront marketplace,main universe,high,https://www.bookstand.app/,https://www.bookstand.app/alternatives/second-hand-book-marketplace,india_bookstand_used_bookshop_storefront_marketplace,"Purpose-built used-book marketplace for Indian used bookshops and individual resellers; seller storefront, ISBN lookup, condition grading, UPI/card/COD, local meetup and shipping features support strict-main fit.",captured_pass72_73,strict_candidate
2026-04-25_runtime_gap_bridge_pass73_india_multilayer_sprint,India,PustakStore — local buy/sell second-hand-books marketplace,main universe,high,https://pustakstore.in/,https://pustakstore.in/,india_pustakstore_local_buy_sell_second_hand_books_marketplace,"Official site documents seller listing, buyer discovery of used books from local sellers, payment hold, seller wallet payout, and delivery flow; strong strict-main fit.",captured_pass72_73,strict_candidate
2026-04-25_runtime_gap_bridge_pass73_india_multilayer_sprint,India,Bookaao — rent/buy/sell textbooks hyperlocal marketplace,main universe,high,https://www.bookaao.com/,https://www.bookaao.com/,india_bookaao_rent_buy_sell_textbooks_hyperlocal_marketplace,"Official surface presents rent/buy/sell textbook model, seller orders/analytics/payments/add-product controls, second-hand categories, and seller guides; strict-main book-specific marketplace.",captured_pass72_73,strict_candidate
2026-04-25_runtime_gap_bridge_pass73_india_multilayer_sprint,India,Padhaiseekers — educational-material buy/sell/donate marketplace app,main universe,medium-high,https://apps.apple.com/in/app/padhaiseekers/id6744339532,https://apps.apple.com/in/app/padhaiseekers/id6744339532,india_padhaiseekers_educational_material_buy_sell_donate_marketplace_app,"App Store listing describes an online classified marketplace for educational material with ads to sell/donate textbooks, notes, guidebooks, and exam material; book-specific enough for strict-main candidate lane.",captured_pass72_73,strict_candidate
2026-04-25_runtime_gap_bridge_pass73_india_multilayer_sprint,India,BookHub — student used-book and bookstore-vendor platform,main universe,high,https://www.mybookhub.in/,https://www.mybookhub.in/,india_bookhub_student_used_book_bookstore_vendor_platform,"Official site shows old-book listings, used-book selling steps, bookstore registration, catalog upload, and vendor plans; strict-main candidate with both student and vendor rails.",captured_pass72_73,strict_candidate
2026-04-25_runtime_gap_bridge_pass73_india_multilayer_sprint,India,BookMamu — used/new books marketplace app,main universe,medium-high,https://play.google.com/store/apps/details?id=book.bookmamu,https://play.google.com/store/apps/details?id=book.bookmamu,india_bookmamu_used_new_books_marketplace_app,"Google Play listing describes a book marketplace connecting book lovers across India with buy/sell functions, used-book support, categories, and verified buyers/sellers.",captured_pass72_73,strict_candidate
2026-04-25_runtime_gap_bridge_pass73_india_multilayer_sprint,India,ReRead — used-books listing and fulfillment marketplace,main universe,high,https://reread.co.in/,https://reread.co.in/,india_reread_used_books_listing_fulfillment_marketplace,"Official site asks sellers to list used books, set a price, receive buyer interest across India, and says it handles delivery and payment when books sell; strict-main candidate.",captured_pass72_73,strict_candidate
2026-04-25_runtime_gap_bridge_pass73_india_multilayer_sprint,India,AntqCart vendor program — second-hand books marketplace,main universe,medium-high,https://antqcart.com/become-a-vendor-start-selling-your-preloved-books-today/,https://antqcart.com/become-a-vendor-start-selling-your-preloved-books-today/,india_antqcart_vendor_program_second_hand_books_marketplace,"Official vendor page calls AntqCart a marketplace dedicated to second-hand books and invites readers, collectors, second-hand bookstore owners, and students to register as vendors and list books.",captured_pass72_73,strict_candidate
2026-04-25_runtime_gap_bridge_pass73_india_multilayer_sprint,India,Book Mitra — buy/sell/donate second-hand-books app,main universe,medium,https://book-mitra-buy-sell-books.en.softonic.com/android,https://book-mitra-buy-sell-books.en.softonic.com/android,india_book_mitra_buy_sell_donate_second_hand_books_app,"Third-party app listing describes buying, selling, and donating second-hand books, nearby seller discovery, and direct buyer-seller contact; keep in strict-candidate lane but verify official Play listing/developer.",captured_pass72_73,strict_candidate_unverified_official
2026-04-25_runtime_gap_bridge_pass73_india_multilayer_sprint,India,PustakMart — buy/sell/donate second-hand-books platform,weak-fit core,medium-high,https://pustakmart.com/,https://pustakmart.com/,india_pustakmart_buy_sell_donate_second_hand_books_platform,"Official site says it is a platform to buy/sell/donate second-hand books, but seller page reads more like a managed buyback/pickup program than a proven third-party marketplace; retain as weak-fit pending vendor-account verification.",captured_pass72_73,weak_fit_pending_vendor_verification
2026-04-25_runtime_gap_bridge_pass73_india_multilayer_sprint,India,Bookish Santa — pre-loved books retail/buyback surface,single-store used booksellers,high,https://www.bookishsanta.com/,https://www.shiprocket.in/blog/bookish-santa/,india_bookish_santa_preloved_books_retail_buyback_surface,Pre-loved books seller with buyback/retail model and authenticity framing; useful India used-book actor but not strict marketplace because seller identity/storefront rails are not visible.,captured_pass72_73,single_store_or_buyback_not_strict
2026-04-25_runtime_gap_bridge_pass73_india_multilayer_sprint,India,SecondHandBazaar — horizontal classifieds with books category signal,annex / classifieds,high,https://www.secondhandbazaar.in/,https://www.secondhandbazaar.in/,india_secondhandbazaar_horizontal_classifieds_books_signal,Horizontal classifieds marketplace explicitly includes books among many used-product categories; useful annex but excluded from strict main universe under book-specific boundary.,captured_pass72_73,annex_horizontal_not_strict
2026-04-25_runtime_gap_bridge_pass73_india_multilayer_sprint,India,College Street / Boipara — Kolkata second-hand book market,offline / fair / literacy layer,high,https://www.atlasobscura.com/places/college-street,https://www.atlasobscura.com/places/college-street,india_college_street_boipara_kolkata_second_hand_book_market,"Large Kolkata book district and second-hand market; major offline context layer, not online strict core.",captured_pass72_73,offline_context_not_online_strict
2026-04-25_runtime_gap_bridge_pass73_india_multilayer_sprint,India,Flora Fountain / Fort — Mumbai second-hand book market,offline / fair / literacy layer,medium-high,https://indianexpress.com/article/lifestyle/art-and-culture/thrifting-book-markets-india-8971207/,https://indianexpress.com/article/lifestyle/art-and-culture/thrifting-book-markets-india-8971207/,india_flora_fountain_fort_mumbai_second_hand_book_market,Mumbai second-hand book market context seam; offline market only.,captured_pass72_73,offline_context_not_online_strict
2026-04-25_runtime_gap_bridge_pass73_india_multilayer_sprint,India,Avenue Road — Bengaluru academic/used-book market,offline / fair / literacy layer,medium-high,https://indianexpress.com/article/lifestyle/art-and-culture/thrifting-book-markets-india-8971207/,https://indianexpress.com/article/lifestyle/art-and-culture/thrifting-book-markets-india-8971207/,india_avenue_road_bengaluru_academic_used_book_market,Bengaluru academic book-market seam where old books can be sold; offline context only.,captured_pass72_73,offline_context_not_online_strict
2026-04-25_runtime_gap_bridge_pass73_india_multilayer_sprint,India,Moore Market — Chennai second-hand book market,offline / fair / literacy layer,medium-high,https://indianexpress.com/article/lifestyle/art-and-culture/thrifting-book-markets-india-8971207/,https://indianexpress.com/article/lifestyle/art-and-culture/thrifting-book-markets-india-8971207/,india_moore_market_chennai_second_hand_book_market,"Chennai market known for second-hand books across college texts, comics, fiction, non-fiction, classics, biographies, and periodicals; offline context only.",captured_pass72_73,offline_context_not_online_strict
2026-04-25_runtime_gap_bridge_pass73_india_multilayer_sprint,India,Koti and Abids — Hyderabad Sunday/used-book market seam,offline / fair / literacy layer,medium-high,https://indianexpress.com/article/lifestyle/art-and-culture/thrifting-book-markets-india-8971207/,https://indianexpress.com/article/lifestyle/art-and-culture/thrifting-book-markets-india-8971207/,india_koti_abids_hyderabad_sunday_used_book_market_seam,"Hyderabad book-market seam, including Sunday market behavior and academic books; offline context only.",captured_pass72_73,offline_context_not_online_strict
2026-04-25_runtime_gap_bridge_pass73_india_multilayer_sprint,India,Appa Balwant Chowk — Pune book-market seam,offline / fair / literacy layer,medium,https://www.revv.co.in/blogs/book-markets-in-india/,https://www.revv.co.in/blogs/book-markets-in-india/,india_appa_balwant_chowk_pune_book_market_seam,Pune book-market seam listed among major Indian book markets; offline context pending more used-book-specific hardening.,captured_pass72_73,offline_context_not_online_strict
2026-04-25_runtime_gap_bridge_pass73_india_multilayer_sprint,India,Nai Sarak — Old Delhi student-textbook market seam,offline / fair / literacy layer,medium-high,https://www.revv.co.in/blogs/book-markets-in-india/,https://www.revv.co.in/blogs/book-markets-in-india/,india_nai_sarak_old_delhi_student_textbook_market_seam,"Old Delhi school/college textbook market adjacent to Daryaganj; offline academic textbook context, not strict online core.",captured_pass72_73,offline_context_not_online_strict
2026-04-25_runtime_gap_bridge_pass73_india_multilayer_sprint,India,Daryaganj Sunday Book Market — Delhi used-book market seam,offline / fair / literacy layer,medium-high,,https://www.atlasobscura.com/places/daryaganj-sunday-book-market-new-delhi-india,india_daryaganj_sunday_book_market_piracy_context_refresh_pass73,Evidence refresh for existing row: Daryaganj remains a weekly offline used/rare market seam and separate piracy/authenticity watch; no strict online promotion.,captured_pass73_supplemental,offline_context_existing_row
2026-04-25_runtime_gap_bridge_pass75_india_strict_hardening_and_annex_control,India,BookLane — buy/sell second-hand-books app,main universe,high,https://play.google.com/store/apps/details?id=com.cloud_regex.book_lane,https://play.google.com/store/apps/details?id=com.cloud_regex.book_lane,turn944450view0,"Google Play listing describes BookLane as a platform where readers buy/sell books, browse pre-owned categories, list old books, and chat with buyers/sellers.",web_reverified_current_pass,True
2026-04-25_runtime_gap_bridge_pass75_india_strict_hardening_and_annex_control,India,BookLane — buy/sell second-hand-books app,main universe,high,https://booklaneapp.com/,https://booklaneapp.com/,turn944450view1; turn278734search3,Official site presents BookLane as a second-hand books/student-textbooks marketplace.,web_reverified_current_pass,True
2026-04-25_runtime_gap_bridge_pass75_india_strict_hardening_and_annex_control,India,BookLal — buy/sell used-books app,main universe,medium-high,https://www.indusappstore.com/apps/shopping/booklal/com.booklal.booklal/,https://www.indusappstore.com/apps/shopping/booklal/com.booklal.booklal/,turn944450view2,"Indus Appstore says BookLal is a marketplace to buy/sell used books in India, with city-local listings and in-app chat.",web_reverified_current_pass,True
2026-04-25_runtime_gap_bridge_pass75_india_strict_hardening_and_annex_control,India,BookLal — buy/sell used-books app,main universe,medium-high,https://play.google.com/store/apps/details?id=com.booklal.booklal,https://play.google.com/store/apps/details?id=com.booklal.booklal,turn828021search9; turn278734search2,Google Play confirms app identity/downloads but current copy contains conflicting United States language; keep India targeting in revisit queue.,web_reverified_current_pass_conflict,True
2026-04-25_runtime_gap_bridge_pass75_india_strict_hardening_and_annex_control,India,PustakMart — buy/sell/donate second-hand-books platform,main universe,medium-high,https://pustakmart.com/,https://pustakmart.com/,turn944450view4,"Official site says PustakMart is a platform for buying and selling second-hand books in India, with Sell Now/login/sign-up surface. Controlled promotion with seller-flow revisit.",web_reverified_current_pass_reclassification,True
2026-04-25_runtime_gap_bridge_pass75_india_strict_hardening_and_annex_control,India,NearBook — hyper-local used-books app,main universe,high,https://play.google.com/store/apps/details?id=com.show.mybook,https://play.google.com/store/apps/details?id=com.show.mybook,turn944450view3,Official Google Play listing confirms package com.show.mybook and hyper-local buy/sell/donate used-books marketplace; do not duplicate ShowMyBook.,web_reverified_current_pass_alias_resolved,True
2026-04-25_runtime_gap_bridge_pass75_india_strict_hardening_and_annex_control,India,BookMandee — local buy/sell/donate old-books marketplace,main universe,high,https://bookmandee.com/,https://bookmandee.com/,turn944450view5,"Official site documents book-ad/listing creation, seller price control, direct buyer contact, location/category browsing, and donation listings.",web_reverified_current_pass,True
2026-04-25_runtime_gap_bridge_pass75_india_strict_hardening_and_annex_control,India,BookFlow — direct buy/sell used-books marketplace,main universe,high,https://bookflow.in/,https://bookflow.in/,turn944450view6,"Official site states listings are free, zero commission, and direct buyer chat for used books in India.",web_reverified_current_pass,True
2026-04-25_runtime_gap_bridge_pass75_india_strict_hardening_and_annex_control,India,AntqCart vendor program — second-hand books marketplace,main universe,medium-high,https://antqcart.com/become-a-vendor-start-selling-your-preloved-books-today/,https://antqcart.com/become-a-vendor-start-selling-your-preloved-books-today/,turn828021search22,Official vendor page calls AntqCart a marketplace dedicated to second-hand books and invites vendors/bookstore owners/students to list books.,web_reverified_current_pass,True
2026-04-25_runtime_gap_bridge_pass75_india_strict_hardening_and_annex_control,India,ChennaiUsedBooks — Chennai used-books seller-partner aggregator,weak-fit core,medium-high,https://www.chennaiusedbooks.com/,https://www.chennaiusedbooks.com/,turn364233search0,"Official site says it partners with sellers across Chennai and delivers quality-checked used books across India; aggregator/managed supply, not open marketplace proof.",web_reverified_current_pass,False
2026-04-25_runtime_gap_bridge_pass75_india_strict_hardening_and_annex_control,India,KOKAN Marketplace — local buy/sell app with used-books category signal,annex / classifieds,low-medium,https://play.google.com/store/apps/details?id=com.kokankart.kokanmarketplace,https://play.google.com/store/apps/details?id=com.kokankart.kokanmarketplace,turn828021search2,Horizontal local marketplace lists used books among broad pre-owned categories. Annex/classifieds only.,web_reverified_current_pass,False
2026-04-25_runtime_gap_bridge_pass75_india_strict_hardening_and_annex_control,India,Ragman — horizontal local used-goods marketplace with used-books signal,annex / classifieds,low,https://www.f6s.com/company/ragman,https://www.f6s.com/company/ragman,turn828021search6,F6S company profile describes India local used-goods marketplace and includes used books among broad categories. Annex only.,web_reverified_current_pass,False
2026-04-25_runtime_gap_bridge_pass75_india_strict_hardening_and_annex_control,India,Chennai Book Fair used-books stall seam,offline / fair / literacy layer,medium-high,https://timesofindia.indiatimes.com/city/chennai/stalls-selling-comics-used-books-draw-heavy-crowds/articleshow/126491510.cms,https://timesofindia.indiatimes.com/city/chennai/stalls-selling-comics-used-books-draw-heavy-crowds/articleshow/126491510.cms,turn936693news38,News report documents used-book stalls at the Chennai Book Fair; offline/fair context only.,web_reverified_current_pass,False
2026-04-25_runtime_gap_bridge_pass75_india_strict_hardening_and_annex_control,India,Bookista / SwapzGo / ReuseBook legacy-app seam,revisit / not promoted,low,,https://olx-books.allbestapps.net/,turn251315search0; turn251315search2,"Legacy app index names several old book-specific apps, but surface is stale/secondary and not enough for canonical promotion without live official app/site verification.",legacy_index_quarantined,False
2026-04-25_runtime_gap_bridge_pass77_india_app_marketplace_hardening,India,MyOldBooks — local buy/sell used-books app,main universe,high,https://play.google.com/store/apps/details?id=com.sellingapp2022,https://play.google.com/store/apps/details?id=com.sellingapp2022,"official Play listing says local online marketplace, seller upload/category flow, nearby search, direct chat, no middleman, India developer",Strict-main app-first candidate; next pass should inspect live listings inside app if possible.,live_app_store_listing,yes_strict_candidate
2026-04-25_runtime_gap_bridge_pass77_india_app_marketplace_hardening,India,MyOldBooks support-site status,revisit/support,medium,https://myoldbooks.in,https://myoldbooks.in,Play links to website; direct fetch returned 502 during pass77,Do not downgrade app row solely from 502 support site; add active-site revisit.,support_site_fetch_error,not_applicable_revisit
2026-04-25_runtime_gap_bridge_pass77_india_app_marketplace_hardening,India,ReSell Books — nearby used-books chat marketplace app,main universe,medium-high,https://play.google.com/store/apps/details?id=com.resellbooks.buybooks.donatebooks.usedbooks.onlinebooks.app,https://play.google.com/store/apps/details?id=com.resellbooks.buybooks.donatebooks.usedbooks.onlinebooks.app,"Official Play listing: online marketplace to buy/sell old/used books nearby, city/locality users, direct chat, no middleman, distance search",Strict-candidate but older/low-download; active inventory and India availability need future hardening.,live_app_store_listing_active_status_revisit,yes_strict_candidate_pending_active_inventory
2026-04-25_runtime_gap_bridge_pass77_india_app_marketplace_hardening,India,ReSell Books developer address,evidence hardening,medium-high,https://play.google.com/store/apps/details?id=com.resellbooks.buybooks.donatebooks.usedbooks.onlinebooks.app,https://play.google.com/store/apps/details?hl=gu&id=com.resellbooks.buybooks.donatebooks.usedbooks.onlinebooks.app,"Localized Play listing exposes developer Ronit Naresh Harkhani at Surat, Gujarat, India",Supports India territory assignment.,live_app_store_listing_localized,supporting_evidence
2026-04-25_runtime_gap_bridge_pass77_india_app_marketplace_hardening,India,BookLoop — used-books nearby marketplace app,main universe,high,https://play.google.com/store/apps/details?id=com.bookloop.bookloop,https://play.google.com/store/apps/details?id=com.bookloop.bookloop,"Official Play listing: location-based marketplace, buy/sell/exchange/share used books nearby, direct connection, no middlemen, Bangalore/Mangalore",Strict-main app-first candidate.,live_app_store_listing,yes_strict_candidate
2026-04-25_runtime_gap_bridge_pass77_india_app_marketplace_hardening,India,BookLoop localized listing,evidence hardening,high,https://play.google.com/store/apps/details?id=com.bookloop.bookloop,https://play.google.com/store/apps/details?hl=ms&id=com.bookloop.bookloop,Localized Play listing repeats used-books nearby marketplace and Bangalore/Mangalore targeting,Hardens app availability/city targeting.,live_app_store_listing_localized,supporting_evidence
2026-04-25_runtime_gap_bridge_pass77_india_app_marketplace_hardening,India,BookHub — existing strict row official-site hardening,main universe,high,https://www.mybookhub.in/,https://www.mybookhub.in/,"Official site has Vendor Login, Sell Book, old-book listings, Sell Used Books steps, vendor catalog upload, and 5% promotion fee",Hardens existing pass72 BookHub row; no duplicate row created.,live_official_surface,yes_existing_row_hardened
2026-04-25_runtime_gap_bridge_pass77_india_app_marketplace_hardening,India,BookHub — app availability hardening,evidence hardening,medium-high,https://www.mybookhub.in/,https://www.appbrain.com/app/bookhub-buy-sell-books/com.bookhub.user,"AppBrain listing for BookHub: Buy & Sell Books by SRDC Pvt Ltd; app available since April 2026, description buy/sell new & used books easily",Secondary app-index support only; official website remains canonical.,third_party_app_index,supporting_evidence
2026-04-25_runtime_gap_bridge_pass77_india_app_marketplace_hardening,India,Bookwise — academic new/second-hand books buy-sell platform,weak-fit core,medium,http://www.bookwise.co.in,https://in.linkedin.com/company/bookwise-app,LinkedIn profile says dedicated platform for students to buy/sell new and second-hand academic books; collection of 3 lakh books; doorstep delivery/pickup,Book-specific buy/sell evidence but live official site unresolved; keep weak-fit/recovery.,company_profile_legacy_recovery,weak_fit_pending_live_proof
2026-04-25_runtime_gap_bridge_pass77_india_app_marketplace_hardening,India,Bookwise legacy app archive,weak-fit core,medium-low,http://www.bookwise.co.in,https://apkpure.com/id/bookwise/com.amsyt.bookwise,APK archive repeats new/used school-college book platform language and 5 lakh books claim,Archive-only support; do not promote without official live verification.,app_archive,supporting_legacy_only
2026-04-25_runtime_gap_bridge_pass77_india_app_marketplace_hardening,India,DUMP / BookChor reverse-logistics sell-used-books app,single-store used booksellers,medium-high,https://apps.apple.com/ie/app/dump-sell-your-books/id1666010367,https://apps.apple.com/ie/app/dump-sell-your-books/id1666010367,"App Store listing frames Dump as app for selling used books in India, payment choice, doorstep pickup, BookChor Cash option",Buyback/reverse-logistics app; not strict main.,live_app_store_listing,no_buyback_single_buyer_model
2026-04-25_runtime_gap_bridge_pass77_india_app_marketplace_hardening,India,DUMP / BookChor model proof,single-store used booksellers,medium-high,https://apps.apple.com/ie/app/dump-sell-your-books/id1666010367,https://www.indulgexpress.com/gadgets/apps/2022/Jun/02/indias-first-reverse-logistic-app-dump-was-launched-in-hyderabads-lock-the-box-event-41189.html,Launch article says Dump lets users sell used books to BookChor; BookChor collects via reverse logistics and resells to readers,Confirms not peer-to-peer seller rail; preserve as recommerce/buyback layer.,news_context_reference,no_buyback_single_buyer_model
2026-04-25_runtime_gap_bridge_pass77_india_app_marketplace_hardening,India,Zutilo — Gujarat local marketplace with used-books selling guides,annex / classifieds,medium-high,https://zutilo.com/en,https://zutilo.com/en,"Official site describes local buy/sell marketplace across categories, with Sell Item flow; horizontal platform, not book-specific",Annex/classifieds only under strict RBM boundary.,live_official_surface,no_horizontal_marketplace_annex
2026-04-25_runtime_gap_bridge_pass77_india_app_marketplace_hardening,India,Zutilo used-books local-selling guide,annex / classifieds,medium-high,https://zutilo.com/en,https://zutilo.com/en/blog/where-to-sell-used-books-online-india,"Official blog describes selling used textbooks/novels/exam guides in Gujarat, zero commission, face-to-face exchange, hyper-local discovery, book categories",Supports used-book signal but remains horizontal local marketplace annex.,official_blog_reference,no_horizontal_marketplace_annex
runtime_gap_bridge_web_2026_04_25_india_pass78_79_secondary_marketplace_hardening,India,Sell My Books — buy/sell used-books app,main universe,high,https://play.google.com/store/apps/details?id=com.algoera.sellmybook.app,https://play.google.com/store/apps/details?id=com.algoera.sellmybook.app,"Play listing lines 67-88, 90-92, 121-147","App is a used-book marketplace with seller upload, browse/buy, seller ratings, chat, secure payments, and India developer/support metadata.",usable_live_or_recent,strict_candidate
runtime_gap_bridge_web_2026_04_25_india_pass78_79_secondary_marketplace_hardening,India,ReuseBooks / Buy & Sell Old Books — city/school used-books app,main universe,high,https://reusebooks.in/,https://reusebooks.in/,"Official site lines 37-55, 62-91","Site states books may be uploaded for sale/free, buyer/seller communication is enabled, and app includes book detail, chat, sold-books, sign-in, and profile screens.",usable_live_or_recent,strict_candidate
runtime_gap_bridge_web_2026_04_25_india_pass78_79_secondary_marketplace_hardening,India,ReuseBooks / Buy & Sell Old Books — city/school used-books app,main universe,high,https://reusebooks.in/,https://play.google.com/store/apps/details?hl=ln&id=com.reusebooks,Play listing lines 92-145 and 233-255,"Play listing describes city/school/college listing, upload/search flows, direct chat, no commissions, and India developer address.",usable_live_or_recent,strict_candidate
runtime_gap_bridge_web_2026_04_25_india_pass78_79_secondary_marketplace_hardening,India,BooksPie — bookstore/used-books marketplace app,main universe,medium-high,https://play.google.com/store/apps/details?hl=en_US&id=com.sant.bookspie,https://play.google.com/store/apps/details?hl=en_US&id=com.sant.bookspie,"Play listing lines 105-131, 139-190","Play listing says users can list second-hand books to the Bookspie marketplace and buy/sell old/used books nearby; developer address is in Bihar, India.",usable_live_or_recent,strict_candidate_hybrid
runtime_gap_bridge_web_2026_04_25_india_pass78_79_secondary_marketplace_hardening,India,BooksPie — bookstore/used-books marketplace app,main universe,medium-high,https://play.google.com/store/apps/details?hl=en_US&id=com.sant.bookspie,https://bookspie.com/privacy.html,"Privacy page lines 31-46, 95-109","Privacy page references accounts, app service, Bihar/India country context, and payment gateway integration.",usable_live_or_recent,strict_candidate_hybrid
runtime_gap_bridge_web_2026_04_25_india_pass78_79_secondary_marketplace_hardening,India,Kitabwalah — city-based used-books marketplace,main universe,medium-high,https://kitabwalah.com/used-books/,https://kitabwalah.com/used-books/,"Site lines 14-26, 48-87, 96-137, 142-153","Official page says users can buy/sell used books in their city, shows start-selling/buy-books/login, verified sellers, city/category listings, and live Patna inventory.",usable_live_or_recent,strict_candidate
runtime_gap_bridge_web_2026_04_25_india_pass78_79_secondary_marketplace_hardening,India,Grid — campus marketplace with used textbook category,annex / classifieds,medium,https://play.google.com/store/apps/details?hl=en&id=com.galvam.grid,https://play.google.com/store/apps/details?hl=en&id=com.galvam.grid,"Play listing lines 80-110, 155-175","Listing describes a P2P campus marketplace for India with education/books used-textbook category, chat, location search, and India developer address.",usable_live_or_recent,not_strict_annex_horizontal_campus
runtime_gap_bridge_web_2026_04_25_india_pass78_79_secondary_marketplace_hardening,India,Resellpur — horizontal second-hand marketplace with books signal,annex / classifieds,medium-high,https://resellpur.com/,https://resellpur.com/,"Site lines 0-14, 208-215, 216-241","Official site exposes Buy/Sell/Ask navigation, second-hand/recommerce branding, app download copy for mobiles/books/clothes, and sold used items.",usable_live_or_recent,not_strict_annex_horizontal_classifieds
runtime_gap_bridge_web_2026_04_25_india_pass78_79_secondary_marketplace_hardening,India,Resellpur — horizontal second-hand marketplace with books signal,annex / classifieds,medium-high,https://resellpur.com/,https://play.google.com/store/apps/details?hl=en_US&id=com.resellpur.twa,Play listing search result,App listing explicitly says users can buy and sell second-hand books online in India among other second-hand categories.,usable_live_or_recent,not_strict_annex_horizontal_classifieds
runtime_gap_bridge_web_2026_04_25_india_pass80_81_horizontal_annex_and_app_rank_hardening,India,PeerMart — India local marketplace with old-books student signal,annex / classifieds,medium-high,https://play.google.com/store/apps/details?hl=en_CA&id=com.peermart.peermart,https://play.google.com/store/apps/details?hl=en_CA&id=com.peermart.peermart,Play listing lines 73-96 and 131-151,"Listing describes an India marketplace for buying/selling/renting, local buyers/sellers, secure chat, student use case to sell old books, and India developer metadata.",usable_live_or_recent,not_strict_annex_horizontal_classifieds
runtime_gap_bridge_web_2026_04_25_india_pass80_81_horizontal_annex_and_app_rank_hardening,India,Sodagar — Gujarat local buy/sell app,annex / classifieds,medium,https://play.google.com/store/apps/details?hl=en_GB&id=com.sodagar.prod,https://play.google.com/store/apps/details?hl=en_GB&id=com.sodagar.prod,"Play listing lines 66-109, 111-113","Listing describes a Gujarati local buy/sell app with nearby buyer/seller connection, free listings, direct transactions, and Jan 2026 update; no book-specific category is visible.",usable_live_or_recent,not_strict_annex_horizontal_classifieds
runtime_gap_bridge_web_2026_04_25_india_pass80_81_horizontal_annex_and_app_rank_hardening,India,NearBook — hyper-local used-books app,main universe,high,https://play.google.com/store/apps/details?hl=en_US&id=com.show.mybook,https://app.appfigures.com/top-apps/google-play/india/books-and-reference?profile=product.191186180563,Appfigures lines 36-39 and 75-77,"Appfigures India Books & Reference chart is updated hourly and lists NearBook at rank 8, supporting active India app visibility.",supplemental_active_visibility_signal,strict_candidate
2026-04-25_runtime_gap_bridge_pass83_india_exchange_app_and_saturation_hardening,India,BookSwap Hub — location-based book-exchange and nearby discovery app,main universe,medium-high,https://play.google.com/store/apps/details?id=com.dignizant.bookswaphub,https://play.google.com/store/apps/details?id=com.dignizant.bookswaphub,turn850240search1; turn703931search1,"Official Play listing describes BookSwap Hub as a book-exchange community with location-based nearby book discovery and user connections; developer metadata lists DIGNIZANT TECHNOLOGIES LLP with Surat, Gujarat, India address.",usable_live_or_recent_appstore_surface,strict_candidate_book_exchange_recommerce_discovery
2026-04-25_runtime_gap_bridge_pass83_india_exchange_app_and_saturation_hardening,India,BookSwap Hub — location-based book-exchange and nearby discovery app,main universe,medium-high,https://play.google.com/store/apps/details?id=com.dignizant.bookswaphub,https://www.freelancer.com.al/u/dignizant/portfolio/bookswap-hub-12444519,turn703931search4,"Developer portfolio describes BookSwap Hub as a mobile app connecting local readers for convenient book exchanges, with location-based discovery and community features.",supporting_developer_portfolio_surface,strict_candidate_book_exchange_recommerce_discovery
2026-04-25_runtime_gap_bridge_pass83_india_exchange_app_and_saturation_hardening,India,ResellPanda — student pre-owned books marketplace beta surface,main universe,medium,https://resellpanda.vercel.app/,https://apkpure.com/resellpanda/com.gopalpoddar4.resellpanda,turn410098search1,"APKPure listing describes ResellPanda as an India old-book buy/sell app for students with zero commission, local deals, upload book photos/details, instant publishing, category/filter search, fast chat, and no hidden charges.",secondary_appstore_hardening_current_pass,strict_candidate_secondary_appstore_needs_official_surface
2026-04-25_runtime_gap_bridge_pass83_india_exchange_app_and_saturation_hardening,India,ResellPanda — student pre-owned books marketplace beta surface,main universe,medium,https://resellpanda.vercel.app/,https://www.instagram.com/reel/DRH5wUlgIwD/,turn870008search4,"Social launch trace presents Resell Panda as an old-book buying/reselling platform where students buy, sell, and connect directly with buyers and sellers; supporting only, not standalone authority.",supporting_social_launch_trace_low_trust,strict_candidate_secondary_appstore_needs_official_surface
2026-04-25_runtime_gap_bridge_pass83_india_exchange_app_and_saturation_hardening,India,Sell My Books — buy/sell used-books app,main universe,high,https://play.google.com/store/apps/details?id=com.algoera.sellmybook.app,https://www.appbrain.com/app/sell-my-books/com.algoera.sellmybook.app,turn202286search4,"AppBrain reports Sell My Books has 10K+ / 11K total downloads, recent downloads, and latest version 2.0.2, strengthening active-app evidence for the existing strict-candidate row.",supplemental_active_download_signal,yes_existing_row_hardened
2026-04-25_runtime_gap_bridge_pass83_india_exchange_app_and_saturation_hardening,India,BookLane — buy/sell second-hand-books app,main universe,high,https://play.google.com/store/apps/details?hl=en_US&id=com.cloud_regex.book_lane,https://www.linkedin.com/posts/swapnil-mane-a5106b205_booklane-app-its-amazing-to-see-students-activity-7319428709839425536-th42,turn202286search29,LinkedIn usage trace says students across India are using BookLane to buy and sell used books; supporting only because platform-controlled/social evidence is weaker than official app-store mechanics.,supplemental_social_usage_signal,yes_existing_row_hardened
2026-04-25_runtime_gap_bridge_pass83_india_exchange_app_and_saturation_hardening,India,BookLal — buy/sell used-books app,main universe,medium-high,https://play.google.com/store/apps/details?hl=en_US&id=com.booklal.booklal,https://www.indusappstore.com/apps/shopping/booklal/com.booklal.booklal/?id=com.booklal.booklal&page=details,turn202286search5,"Indus Appstore listing supplies India-specific BookLal evidence: used-book marketplace in India, sellers list old books, same-city buyers can see listings and contact through in-app chat; retained with locale-conflict revisit because Google Play currently uses US-localization text.",supplemental_india_locale_correction_signal,yes_existing_row_hardened_locale_conflict_revisit
2026-04-25_runtime_gap_bridge_pass85_india_active_inventory_and_saturation_hardening,India,Apnabook — locality second-hand-books marketplace,main universe,medium-high,https://apnabook.in/,https://apnabook.in/,turn844042search0; turn822333view0,Official/search surface describes Apnabook as a trusted used-books marketplace for buying and selling second-hand books in one’s locality; count as strict-candidate pending active listing and account-flow proof.,web_reverified_current_pass,True
2026-04-25_runtime_gap_bridge_pass85_india_active_inventory_and_saturation_hardening,India,NearBook — hyper-local used-books app,main universe,high,https://play.google.com/store/apps/details?hl=en_US&id=com.show.mybook,https://play.google.com/store/apps/details?hl=en_US&id=com.show.mybook,turn822333view1,"Official Play shows 1M+ downloads and states NearBook is India’s largest hyper-local marketplace for buying, selling, and donating old books nearby with real locality connections.",hardening_current_pass,True
2026-04-25_runtime_gap_bridge_pass85_india_active_inventory_and_saturation_hardening,India,ReuseBooks / Buy & Sell Old Books — city/school used-books app,main universe,high,https://reusebooks.in/,https://play.google.com/store/apps/details?id=com.reusebooks,turn822333view2,"Official Play documents city/school/college listing, Google Map location, upload, buyer/seller chat, and no-commission finalization; strong strict-main mechanics proof.",hardening_current_pass,True
2026-04-25_runtime_gap_bridge_pass85_india_active_inventory_and_saturation_hardening,India,BookMandee — local buy/sell/donate old-books marketplace,main universe,high,https://bookmandee.com/,https://bookmandee.com/,turn822333view5,"Official site documents book-ads/listings, seller control, direct interested-buyer chat, browse by location/category/title, donation listings, and visible category ad counts.",hardening_current_pass,True
2026-04-25_runtime_gap_bridge_pass85_india_active_inventory_and_saturation_hardening,India,BookFlow — direct buy/sell used-books marketplace,main universe,high,https://bookflow.in/,https://bookflow.in/,turn822333view6,"Official site documents free ad posting, upload photos, seller price control, Bookflow Chat, zero commission, and claimed book/seller/city metrics.",hardening_current_pass,True
2026-04-25_runtime_gap_bridge_pass85_india_active_inventory_and_saturation_hardening,India,BookMamu — used/new books marketplace app,main universe,medium-high,https://play.google.com/store/apps/details?id=book.bookmamu,https://play.google.com/store/apps/details?hl=en_US&id=book.bookmamu,turn822333view3,"Official Play says BookMamu is India’s trusted book marketplace connecting book lovers, with buy/sell books mechanics including selling used books and finding affordable books.",hardening_current_pass,True
2026-04-25_runtime_gap_bridge_pass85_india_active_inventory_and_saturation_hardening,India,Askitab — local second-hand-books marketplace,main universe,high,https://www.askitab.com/about,https://www.askitab.com/about,turn822333view4,"Official site states Askitab is a local marketplace to buy and sell second-hand books in India, with messages/search and nearby reader/community features.",hardening_current_pass,True
2026-04-25_runtime_gap_bridge_pass85_india_active_inventory_and_saturation_hardening,India,BookLal — buy/sell used-books app,main universe,medium,https://play.google.com/store/apps/details?id=com.booklal.booklal,https://play.google.com/store/apps/details?hl=en_US&id=com.booklal.booklal,turn822333view7; turn255689search8; turn255689search16,Current official Play copy says United States/America/UK across localizations while Indian reviews still mention selling/buying books; downgraded to medium and left on locale-conflict hold.,hardening_conflict_current_pass,Needs_review
2026-04-25_runtime_gap_bridge_pass85_india_active_inventory_and_saturation_hardening,India,Bookista — stale buy/sell/donate nearby-books app trace,not_promoted_stale_app_trace,low-medium,,https://allbestapps.net/android/bookista-buy-sell-donate-used-old-books-near-u,turn376292search0,"Secondary app-index evidence describes registered nearby users, snap-and-post, direct contact, and buy/sell/donate old/new books around users, but reviews report app not opening and no live official source was verified.",quarantined_current_pass,False
2026-04-25_runtime_gap_bridge_pass85_india_active_inventory_and_saturation_hardening,India,Bookista — stale buy/sell/donate nearby-books app trace,not_promoted_stale_app_trace,low-medium,,https://apkpure.com/bookista-buy-sell-donate-us/com.bookista.android,turn376292search1,"APKPure trace last updated March 20, 2020 and supports old-book buy/sell/donate nearby mechanics, but remains stale secondary evidence only.",quarantined_current_pass,False
2026-04-25_runtime_gap_bridge_pass86_india_saturation_freeze,India,Graffitti Books — Kerala/India used-books classifieds marketplace,main universe,medium-high,https://www.graffittibooks.com/,https://www.graffittibooks.com/buy-sell-second-hand-books-in-kerala-with-graffitti-books-the-smart-way-to-read-more/,turn536680view0,"Official blog says Graffitti Books is Kerala’s dedicated online marketplace for buying/selling used books, with local buying, direct buyer-seller interaction, free listings, and Kerala/India coverage.",web_reverified_current_pass,True
2026-04-25_runtime_gap_bridge_pass86_india_saturation_freeze,India,Graffitti Books — seller ad posting mechanics,main universe,medium-high,https://www.graffittibooks.com/help/,https://www.graffittibooks.com/help/,turn536680view1,"Help page documents Add Listing, account registration, edit/delete/republish controls, and image upload for seller ads.",web_reverified_current_pass,True
2026-04-25_runtime_gap_bridge_pass86_india_saturation_freeze,India,Graffitti Books — platform boundary,main universe,medium-high,https://www.graffittibooks.com/returns/,https://www.graffittibooks.com/returns/,turn536680view2,Returns page says Graffitti Books is only a platform for users to post classified ads and connect with buyers; buyers/sellers resolve disputes directly.,web_reverified_current_pass,True
2026-04-25_runtime_gap_bridge_pass86_india_saturation_freeze,India,Graffitti Books — active listings,main universe,medium-high,https://www.graffittibooks.com/listing-category/literature-fiction/,https://www.graffittibooks.com/listing-category/literature-fiction/,turn536680view4,"Listing category page shows active used-book listings with location, condition, date, shipping option, and prices, including a 2026 Faridabad listing.",web_reverified_current_pass,True
2026-04-25_runtime_gap_bridge_pass86_india_saturation_freeze,India,GovtJobsIndia – BookShare — local used-books/study-materials exchange app,main universe,medium-high,https://play.google.com/store/apps/details?hl=en&id=com.prepbooks,https://play.google.com/store/apps/details?hl=en&id=com.prepbooks,turn629189view0; turn247377search20,"Official Play listing says BookShare is a local marketplace for buy/sell/exchange used books and study materials, with local discovery, upload/listing, direct communication, no payments/delivery, and India developer address.",web_reverified_current_pass,True
2026-04-25_runtime_gap_bridge_pass86_india_saturation_freeze,India,Book Share / Wikta — local book share/sell/lend app,main universe,medium-high,https://play.google.com/store/apps/details?hl=en_US&id=com.wikta.share_buddy,https://play.google.com/store/apps/details?hl=en_US&id=com.wikta.share_buddy,turn179540view0,"Official Play listing says books can be shared/donated/sold/lent, added/requested, and found locally within a GPS radius; developer address is Thiruvananthapuram, Kerala, India.",web_reverified_current_pass,True
2026-04-25_runtime_gap_bridge_pass86_india_saturation_freeze,India,Closeby — Mysore local marketplace with used-books hub,annex / classifieds,medium,https://play.google.com/store/apps/details?hl=en_US&id=com.closeby.closeby,https://play.google.com/store/apps/details?hl=en_US&id=com.closeby.closeby,turn179540view1,Official Play listing supports a used-books hub and swap/sell functions inside a broader local marketplace for books and local goods in Mysore; annex only.,web_reverified_current_pass,False
2026-04-25_runtime_gap_bridge_pass86_india_saturation_freeze,India,BookLoop — used-books nearby marketplace app,main universe,high,https://play.google.com/store/apps/details?hl=en_US&id=com.bookloop.bookloop,https://play.google.com/store/apps/details?hl=en_US&id=com.bookloop.bookloop,turn247377search2,"Supplemental hardening: official Play copy says BookLoop buys/sells/exchanges used books, is location-based, direct buyer-seller, no commission, and active in Bangalore and Mangalore.",supplemental_hardening_current_pass,True
2026-04-25_runtime_gap_bridge_pass86_india_saturation_freeze,India,Bookaao — rent/buy/sell textbooks hyperlocal marketplace,main universe,medium-high,https://www.bookaao.com/,https://www.bookaao.com/,turn436426search11,"Supplemental hardening: live Bookaao surface shows 2nd hand/rent/new sections, “Sell your old books,” city coverage, and visible second-hand listing example.",supplemental_hardening_current_pass,True
2026-04-25_runtime_gap_bridge_pass86_india_saturation_freeze,India,BookMandee — local buy/sell/donate old-books marketplace,main universe,high,https://bookmandee.com/,https://bookmandee.com/buy-old-books-online/,turn351258search17,"Supplemental hardening: BookMandee buyer page states both buy and sell old books on the same platform, seller condition descriptions, and chat with seller directly.",supplemental_hardening_current_pass,True
2026-04-25_runtime_gap_bridge_pass86_india_saturation_freeze,India,BookMandee — seller posting and regional-language support,main universe,high,https://bookmandee.com/,https://bookmandee.com/sell-books-online/,turn436426search19,"Supplemental hardening: BookMandee sell page says individual sellers create accounts/post book ads with condition and asking price, old-book ads are free, buyers connect through chat, and regional-language selling is contemplated.",supplemental_hardening_current_pass,True
2026-04-25_runtime_gap_bridge_pass86_india_saturation_freeze,India,Graffitti Books — Android app trace,main universe,medium,https://www.graffittibooks.com/apps/,https://www.graffittibooks.com/apps/,turn536680view3; turn371250search23,"Supplemental app trace: official app page says Graffitti Books has an Android app; AppBrain shows Graffitti Books - Used Books package metadata, low downloads, and August 2024 update. Treat as app/status hardening, not sole authority.",supplemental_hardening_current_pass,True
2026-04-25_runtime_gap_bridge_pass87_south_asia_post_india_hardening,Pakistan,Kitabain — online book marketplace,main universe,high,https://www.kitabain.com/,https://www.kitabain.com/,turn474555search0,Official page says Pakistan's Largest Online Books Marketplace and exposes Sell Books/Login/Sign Up plus category inventory; strengthens existing strict-candidate row.,web_reverified_current_pass,strict_candidate
2026-04-25_runtime_gap_bridge_pass87_south_asia_post_india_hardening,Pakistan,Booksecondstory — secondhand books buy/sell platform,main universe,high,https://booksecondstory.com/about-us/,https://booksecondstory.com/,turn474555search1,"Official home page says users can list books for sale and reach readers across Pakistan, with recently uploaded books; strengthens existing strict-main fit.",web_reverified_current_pass,strict_fit
2026-04-25_runtime_gap_bridge_pass87_south_asia_post_india_hardening,Pakistan,Booksecondstory — secondhand books buy/sell platform,main universe,high,https://booksecondstory.com/about-us/,https://booksecondstory.com/about-us/,turn474555search6,Official about page calls Booksecondstory Pakistan's trusted platform for buying and selling secondhand books.,web_reverified_current_pass,strict_fit
2026-04-25_runtime_gap_bridge_pass87_south_asia_post_india_hardening,Pakistan,Kitab Rabta — sell old books in Pakistan,single-store used-bookseller,medium-high,https://kitabrabta.com/sell-old-books-in-pakistan,https://kitabrabta.com/sell-old-books-in-pakistan,turn474555search38,Official page says Kitab Rabta is a platform where users can sell old books in Pakistan and provide book details; categorized as buyback/intake single-store layer until open seller marketplace mechanics appear.,web_reverified_current_pass,not_strict_single_store_or_buyback
2026-04-25_runtime_gap_bridge_pass87_south_asia_post_india_hardening,Pakistan,Urdu Bazaar Karachi used-book seam,offline / used-book market,medium,https://tribune.com.pk/story/2335705/who-said-reading-was-a-dying-art,https://tribune.com.pk/story/2335705/who-said-reading-was-a-dying-art,turn492597search1,Express Tribune reports old/used-book sellers in Karachi's Urdu Bazaar buying and reselling old school/college textbooks; hardens offline market row.,web_reverified_current_pass,not_strict_offline_context
2026-04-25_runtime_gap_bridge_pass87_south_asia_post_india_hardening,Bangladesh,BookCycle — buy/sell old books platform,main universe,medium-high,https://bookcyclebd.netlify.app/,https://bookcyclebd.netlify.app/,turn474555search12,"Official surface describes Bangladesh platform for buying and selling old books, academic textbooks, and second-hand educational materials; remains strict candidate pending stronger app/listing proof.",web_reverified_current_pass,strict_candidate
2026-04-25_runtime_gap_bridge_pass87_south_asia_post_india_hardening,Bangladesh,Booktionary — buy/sell/exchange textbook platform,main universe,high,https://booktionary.com.bd/about-us,https://booktionary.com.bd/about-us,turn474555search7,"Official about page says students can buy, sell, and exchange books and trade old textbooks for discounts; strengthens existing strict-main row.",web_reverified_current_pass,strict_fit
2026-04-25_runtime_gap_bridge_pass87_south_asia_post_india_hardening,Bangladesh,Bikroy Bangladesh — textbooks category,annex / classifieds,medium,https://bikroy.com/en/ads/bangladesh/textbooks,https://bikroy.com/en/ads/bangladesh/textbooks,turn474555search40,"Bikroy has a Bangladesh textbooks category explicitly covering new and used textbooks; horizontal marketplace evidence, annex only.",web_reverified_current_pass,not_strict_horizontal_classifieds
2026-04-25_runtime_gap_bridge_pass87_south_asia_post_india_hardening,Bangladesh,Bengal Boi — old-books exchange bookstore,offline / exchange bookstore,medium,https://www.dhakatribune.com/bangladesh/dhaka/132617/bring-two-old-books-get-a-new-one,https://www.dhakatribune.com/bangladesh/dhaka/132617/bring-two-old-books-get-a-new-one,turn474555search31,"Dhaka Tribune reports Bengal Boi exchange model: bring two old books and get a new one; added as offline/literacy exchange context, not online strict core.",web_reverified_current_pass,not_strict_offline_context
2026-04-25_runtime_gap_bridge_pass87_south_asia_post_india_hardening,Sri Lanka,BookExchange.lk — buy/sell/exchange used books platform,main universe,high,https://bookexchange.lk/,https://bookexchange.lk/,turn474555search14,"Official page describes Buy/Sell/Exchange used books in Sri Lanka, sell/exchange/wanted ads, and smart-match; strengthens strict-main row.",web_reverified_current_pass,strict_fit
2026-04-25_runtime_gap_bridge_pass87_south_asia_post_india_hardening,Sri Lanka,BookSwap.lk — used book exchange/sell platform,main universe,high,https://bookswap.lk/,https://bookswap.lk/,turn474555search4,Official page calls BookSwap.lk a free used book exchange platform in Sri Lanka where users can exchange or sell books online; strengthens strict-main row.,web_reverified_current_pass,strict_fit
2026-04-25_runtime_gap_bridge_pass87_south_asia_post_india_hardening,Sri Lanka,2ndhandbooks.lk — used-books marketplace,main universe,high,https://2ndhandbooks.lk/about,https://2ndhandbooks.lk/about,turn474555search33,Official about page calls 2ndhandbooks.lk Sri Lanka's largest online marketplace for used books and notes physical stores/lending services; remain in revisit for curated-vs-multiseller mechanics.,web_reverified_current_pass,strict_candidate_marketplace_wording_but_operator_role_revisit
2026-04-25_runtime_gap_bridge_pass87_south_asia_post_india_hardening,Sri Lanka,Booxworm — used books Sri Lanka,single-store used-bookseller,medium-high,https://booxworm.lk/blogs/books/used-books-sri-lanka,https://booxworm.lk/blogs/books/used-books-sri-lanka,turn492597search21,"Booxworm says it offers hundreds of used books in Sri Lanka at thrift/discount prices with shipping; added as single-store/curated used-bookseller layer, not marketplace core.",web_reverified_current_pass,not_strict_single_store_used_bookseller
2026-04-26_runtime_gap_bridge_pass94_india_exact_site_roster_recovery,India,BookBazaar by YourNotebook — free student used-books exchange,main universe,medium-high,https://www.yournotebook.in/bookbazaar,https://www.yournotebook.in/blog/bookbazaar-student-book-exchange-how-it-works,india_yournotebook_bookbazaar_student_used_books_exchange_how_it_works,"YourNotebook how-it-works page describes BookBazaar as India's free student book exchange for buying, selling, and donating used books; no fees/no middleman student-to-student framing supports strict-candidate fit, with active-surface depth revisit.",captured_pass94,strict_candidate_book_specific_student_exchange
2026-04-26_runtime_gap_bridge_pass94_india_exact_site_roster_recovery,India,BookBazaar by YourNotebook — free student used-books exchange,main universe,medium-high,https://www.yournotebook.in/bookbazaar,https://www.yournotebook.in/blog/how-to-sell-old-books-online-india,india_yournotebook_bookbazaar_student_used_books_exchange_sell_old_books_blog,"YourNotebook sell-old-books guide calls BookBazaar a free peer-to-peer marketplace where students sell old books directly to other students, no middleman/no commission, and includes donate listing behavior.",captured_pass94,strict_candidate_peer_to_peer_used_books
2026-04-26_runtime_gap_bridge_pass94_india_exact_site_roster_recovery,India,BookBazaar by YourNotebook — free student used-books exchange,main universe,medium,https://www.yournotebook.in/bookbazaar,https://www.yournotebook.in/bookbazaar,india_yournotebook_bookbazaar_student_used_books_exchange_direct_dynamic_shell,Direct BookBazaar page is live but static capture shows only shell/navigation; use supporting blog evidence for function and keep active listing/depth revisit.,captured_pass94_dynamic_shell,strict_candidate_with_dynamic_surface_caveat
2026-04-26_runtime_gap_bridge_pass94_india_exact_site_roster_recovery,India,BookFlow — direct buy/sell used-books marketplace,main universe,high,https://bookflow.in/,https://bookflow.in/,india_bookflow_direct_buy_sell_used_books_marketplace_pass94_current_hardening,"Current official page documents free ad posting, photo upload, seller-set pricing, BookFlow chat, meet/ship deal completion, 20k+ books listed, 15k+ sellers, and no commission.",hardened_pass94,strict_candidate_current_hardened
2026-04-26_runtime_gap_bridge_pass94_india_exact_site_roster_recovery,India,Clankart — student-to-student used-book marketplace,main universe,high,https://www.clankart.com/,https://www.clankart.com/,india_clankart_student_to_student_used_book_marketplace_pass94_current_hardening,"Current official page verifies buy/sell old books in India, post-ad selling flow, buyer purchase flow, UPI/bank seller payout, and student/book-lover community framing.",hardened_pass94,strict_candidate_current_hardened
2026-04-26_runtime_gap_bridge_pass94_india_exact_site_roster_recovery,India,BookMandee — local buy/sell/donate old-books marketplace,main universe,high,https://bookmandee.com/,https://bookmandee.com/,india_bookmandee_local_buy_sell_donate_old_books_marketplace_pass94_current_hardening,"Current official page documents free book-ad/listing creation, seller-set pricing, buyer chat, direct buyer/seller finalization, location/category/title browsing, and donation flow.",hardened_pass94,strict_candidate_current_hardened
2026-04-26_runtime_gap_bridge_pass94_india_exact_site_roster_recovery,India,UsedBooksFactory — multi-vendor second-hand-books marketplace,main universe,high,https://www.usedbooksfactory.com/,https://www.usedbooksfactory.com/,india_usedbooksfactory_multivendor_second_hand_books_marketplace_pass94_current_hardening,"Current official page says UsedBooksFactory aggregates multiple old-book vendors, includes other second-hand book sellers as part of its marketplace, connects city-wise book markets, and delivers to 26,000+ pincodes.",hardened_pass94,strict_candidate_current_hardened
2026-04-26_runtime_gap_bridge_pass94_india_exact_site_roster_recovery,India,Book Mitra — buy/sell/donate second-hand-books app,main universe,medium-high,https://play.google.com/store/apps/details?id=com.theandroidgeek.bookmitra,https://play.google.com/store/apps/details?id=com.theandroidgeek.bookmitra,india_book_mitra_buy_sell_donate_second_hand_books_app_pass94_official_play,"Official Google Play page now verifies marketplace for buying, selling, and donating pre-owned books, nearby second-hand discovery, easy listing, direct WhatsApp/call buyer contact, listing management, and Mar. 2026 update.",hardened_pass94,strict_candidate_official_play_current
2026-04-26_runtime_gap_bridge_pass94_india_exact_site_roster_recovery,India,BookMamu — used/new books marketplace app,main universe,high,https://play.google.com/store/apps/details?id=book.bookmamu,https://play.google.com/store/apps/details?id=book.bookmamu,india_bookmamu_used_new_books_marketplace_app_pass94_official_play,"Official Google Play page verifies India marketplace connecting book lovers across the country, buy/sell used and new books, direct chat/negotiation, verified buyers/sellers, local/nationwide reach, Apr. 2026 update, and India developer address.",hardened_pass94,strict_candidate_official_play_current
2026-04-26_runtime_gap_bridge_pass94_india_exact_site_roster_recovery,India,BookLal — buy/sell used-books app,main universe,medium,https://play.google.com/store/apps/details?id=com.booklal.booklal,https://www.indusappstore.com/apps/shopping/booklal/com.booklal.booklal/?id=com.booklal.booklal&page=details,india_booklal_buy_sell_used_books_app_pass94_indus_india_signal,Indus Appstore describes BookLal as an India used-book buy/sell app with same-city buyer discovery and in-app chat; retain as India signal only because Google Play copy conflicts.,hardened_pass94_conflict_signal,strict_candidate_locale_conflict_hold
2026-04-26_runtime_gap_bridge_pass94_india_exact_site_roster_recovery,India,BookLal — buy/sell used-books app,main universe,medium,https://play.google.com/store/apps/details?id=com.booklal.booklal,https://play.google.com/store/apps/details?id=com.booklal.booklal,india_booklal_buy_sell_used_books_app_pass94_google_us_conflict,"Current Google Play copy frames BookLal around United States used-book marketplace behavior, creating a country-scope conflict with India-targeted Indus/Appstore signals; do not promote as high-confidence India anchor.",hardened_pass94_conflict_hold,strict_candidate_locale_conflict_hold
2026-04-26_runtime_gap_bridge_pass94_india_exact_site_roster_recovery,India,ChennaiUsedBooks — Chennai used-books seller-partner aggregator,weak-fit core,medium-high,https://www.chennaiusedbooks.com/,https://www.chennaiusedbooks.com/,india_chennaiusedbooks_seller_partner_aggregator_pass94_current_hardening,"Current official page documents Chennai used-book buy/sell/donate operation, seller partnerships, pickup, quality check, delivery across India, and UsedBooksFactory linkage; confirms weak-fit/buyback-aggregator status, not open strict marketplace.",hardened_pass94,weak_fit_not_strict_open_marketplace
2026-04-26_runtime_gap_bridge_pass95_india_seller_mechanics_conflict_cleanup,India,BooksYa — buy/sell/rental/wanted used-books surface,main universe,high,https://booksya.com/,https://booksya.com/,india_booksya_official_direct_buyer_seller_no_middleman_pass95,"Official current page supports buy/sell old books in India, city-local discovery, free listing, no login/registration, unlimited ads, direct buyer-seller connection, and no middleman; confidence raised to high strict-candidate.",captured_pass95,strict_candidate
2026-04-26_runtime_gap_bridge_pass95_india_seller_mechanics_conflict_cleanup,India,ShelfSwap — used academic-books marketplace,main universe,high,https://shelfswap.in/,https://shelfswap.in/,india_shelfswap_official_student_used_academic_marketplace_pass95,Official current page describes India academic used-books marketplace connecting students who sell used books with buyers and lists buy/sell used-books services; confidence raised to high strict-candidate.,captured_pass95,strict_candidate
2026-04-26_runtime_gap_bridge_pass95_india_seller_mechanics_conflict_cleanup,India,BookStand — used-bookshop storefront marketplace,main universe,high,https://www.bookstand.app/,https://www.bookstand.app/alternatives/second-hand-book-marketplace,india_bookstand_india_only_used_bookshop_marketplace_pass95,"Official comparison page states BookStand is a dedicated India-only used-book marketplace for used bookshops with branded storefronts, ISBN lookup, grading, UPI/cards/COD, local meetup/shipping, and CSV import.",captured_pass95,strict_candidate
2026-04-26_runtime_gap_bridge_pass95_india_seller_mechanics_conflict_cleanup,India,BookStand — used-bookshop storefront marketplace,main universe,high,https://www.bookstand.app/,https://www.bookstand.app/features/storefront,india_bookstand_seller_storefront_feature_pass95,Official storefront page distinguishes BookStand seller storefronts from generic seller profiles on OLX/Quikr/Facebook and supports book-specific seller rails.,captured_pass95,strict_candidate
2026-04-26_runtime_gap_bridge_pass95_india_seller_mechanics_conflict_cleanup,India,BookStand — used-bookshop storefront marketplace,main universe,high,https://www.bookstand.app/,https://www.bookstand.app/features/condition-grading,india_bookstand_condition_grading_feature_pass95,Official condition-grading page supports book-trade-specific used-book listing mechanics and dispute reduction; strengthens marketplace specificity.,captured_pass95,strict_candidate
2026-04-26_runtime_gap_bridge_pass95_india_seller_mechanics_conflict_cleanup,India,BooksPie — bookstore/used-books marketplace app,main universe,medium-high,https://play.google.com/store/apps/details?hl=en_US&id=com.sant.bookspie,https://play.google.com/store/apps/details?hl=en_GB&id=com.sant.bookspie,india_bookspie_buy_sell_used_books_hybrid_pass95,Google Play says users can list second-hand used books to the marketplace and buy/sell used/second-hand books nearby; hybrid bookstore/stocking language prevents high clean strict confidence.,captured_pass95,strict_candidate_hybrid_revisit
2026-04-26_runtime_gap_bridge_pass95_india_seller_mechanics_conflict_cleanup,India,NearBook — hyper-local used-books app,main universe,high,https://play.google.com/store/apps/details?hl=en_US&id=com.show.mybook,https://play.google.com/store/apps/details?hl=en_US&id=com.show.mybook,india_nearbook_current_play_hyperlocal_pass95,"Current Play listing calls NearBook India’s largest hyper-local marketplace for used books, with buy/sell/donate nearby, photo listing, seller-set price, direct buyer connection, and commission-free operation.",captured_pass95,strict_candidate
2026-04-26_runtime_gap_bridge_pass95_india_seller_mechanics_conflict_cleanup,India,Clankart — student-to-student used-book marketplace,main universe,high,https://www.clankart.com/,https://www.clankart.com/,india_clankart_current_active_inventory_seller_payment_pass95,"Official site shows live used-book listings, seller account/order controls, post-ad/seller-set price flow, payment to UPI/bank after order, payment/doorstep delivery, and student-community framing.",captured_pass95,strict_candidate
2026-04-26_runtime_gap_bridge_pass95_india_seller_mechanics_conflict_cleanup,India,BookMandee — local buy/sell/donate old-books marketplace,main universe,high,https://bookmandee.com/,https://bookmandee.com/,india_bookmandee_free_book_ad_direct_chat_pass95,"Official page supports free/unlimited book-ad posting, seller-set price, platform chat, direct buyer connection, and no-middleman old/second-hand book sale flow.",captured_pass95,strict_candidate
2026-04-26_runtime_gap_bridge_pass95_india_seller_mechanics_conflict_cleanup,India,Bookaao — rent/buy/sell textbooks hyperlocal marketplace,main universe,high,https://www.bookaao.com/,https://www.bookaao.com/,india_bookaao_bot_gated_current_snippet_pass95,"Current search/live-snippet evidence supports buy/sell quality-checked second-hand textbooks across India and seller pickup/delivery language; static web capture is bot-gated, so retain high with capture caveat.",captured_pass95_capture_caveat,strict_candidate_capture_caveat
2026-04-26_runtime_gap_bridge_pass95_india_seller_mechanics_conflict_cleanup,India,BookLal — buy/sell used-books app,weak-fit core,medium,https://www.indusappstore.com/apps/shopping/booklal/com.booklal.booklal/,https://play.google.com/store/apps/details?hl=en_US&id=com.booklal.booklal,india_booklal_google_play_us_locale_conflict_pass95,"Current Google Play copy explicitly frames BookLal as a United States used-book marketplace; developer location says India, but this is not enough for India strict-main country proof.",captured_pass95_conflict,do_not_promote_country_conflict
2026-04-26_runtime_gap_bridge_pass95_india_seller_mechanics_conflict_cleanup,India,BookLal — buy/sell used-books app,weak-fit core,medium,https://www.indusappstore.com/apps/shopping/booklal/com.booklal.booklal/,https://www.indusappstore.com/apps/shopping/booklal/com.booklal.booklal/?id=com.booklal.booklal&page=details,india_booklal_indus_india_same_city_counterevidence_pass95,"Indus Appstore verified page says BookLal is an India marketplace with same-city in-app chat, creating counterevidence but not enough to override current Google Play U.S. locale conflict; row moved to weak-fit hold.",captured_pass95_conflict,weak_fit_locale_conflict_hold
2026-04-26_runtime_gap_bridge_pass96_india_booklal_country_scope_correction,India,BookLal — buy/sell used-books app,main universe,medium-high,https://www.indusappstore.com/apps/shopping/booklal/com.booklal.booklal/,https://www.indusappstore.com/apps/shopping/booklal/com.booklal.booklal/?id=com.booklal.booklal&page=details,pass96_booklal_indus_india_scope_correction,Indus Appstore explicitly describes BookLal as an India used-book buy/sell marketplace where sellers list old books and same-city buyers can contact them through in-app chat; this restores India country-scope strict-candidate treatment.,captured_pass96_correction,strict_candidate_country_scope_caveat
2026-04-26_runtime_gap_bridge_pass96_india_booklal_country_scope_correction,India,BookLal — buy/sell used-books app,main universe,medium-high,https://www.indusappstore.com/apps/shopping/booklal/com.booklal.booklal/,https://play.google.com/store/apps/details?hl=en_US&id=com.booklal.booklal,pass96_booklal_google_play_us_copy_caveat_not_demotion,"Google Play currently uses United States marketplace wording, but pass96 treats that as a country-scope/localization caveat rather than sufficient evidence to move BookLal out of India, given India-specific Indus evidence and prior India roster context.",captured_pass96_caveat,strict_candidate_with_locale_caveat
2026-04-26_runtime_gap_bridge_pass97_india_active_appstore_scale_hardening,India,BookLane — buy/sell second-hand-books app,main universe,high,https://play.google.com/store/apps/details?id=com.cloud_regex.book_lane,https://play.google.com/store/apps/details?hl=en_US&id=com.cloud_regex.book_lane,pass97_booklane_play_current,"Google Play current listing supports buy/sell pre-owned books, seller listings with details/images, direct buyer-seller chat, 10K+ downloads, and Apr. 8 2026 update.",current_official_appstore,strict_candidate
2026-04-26_runtime_gap_bridge_pass97_india_active_appstore_scale_hardening,India,BookLane — buy/sell second-hand-books app,main universe,high,https://play.google.com/store/apps/details?id=com.cloud_regex.book_lane,https://www.appbrain.com/app/booklane-buy-sell-used-books/com.cloud_regex.book_lane,pass97_booklane_appbrain_scale,"AppBrain secondary telemetry reports 27K total downloads, 11K recent downloads, Apr. 8 2026 last update, and user reviews explicitly referencing buying/selling old books.",secondary_active_scale,strict_candidate
2026-04-26_runtime_gap_bridge_pass97_india_active_appstore_scale_hardening,India,NearBook — hyper-local used-books app,main universe,high,https://play.google.com/store/apps/details?id=com.show.mybook,https://www.appbrain.com/app/nearbook-buy-sell-used-books/com.show.mybook,pass97_nearbook_appbrain_scale,"AppBrain secondary telemetry reports 2.4M total downloads, around 280K recent downloads, top-ranked books/reference status, and Apr. 9 2026 last update.",secondary_active_scale,strict_candidate
2026-04-26_runtime_gap_bridge_pass97_india_active_appstore_scale_hardening,India,MyOldBooks — local buy/sell used-books app,main universe,high,https://play.google.com/store/apps/details?id=com.sellingapp2022,https://play.google.com/store/apps/details?hl=en_US&id=com.sellingapp2022,pass97_myoldbooks_play_current,"Google Play current listing describes local online marketplace, image/category seller flow, nearby buyer search, direct chat, no middleman, and India developer/support metadata.",current_official_appstore,strict_candidate
2026-04-26_runtime_gap_bridge_pass97_india_active_appstore_scale_hardening,India,BookMamu — used/new books marketplace app,main universe,high,https://play.google.com/store/apps/details?id=book.bookmamu,https://play.google.com/store/apps/details?id=book.bookmamu,pass97_bookmamu_play_current,"Google Play listing updated Apr. 22 2026 describes India book marketplace for used/new books, verified buyers/sellers, and national book-sharing framing.",current_official_appstore,strict_candidate
2026-04-26_runtime_gap_bridge_pass97_india_active_appstore_scale_hardening,India,ResellPanda — student second-hand-books marketplace,main universe,medium-high,https://resellpanda.vercel.app/,https://resellpanda.vercel.app/,pass97_resellpanda_official_surface,"Official surface describes India student second-hand-book marketplace positioning; confidence raised to medium-high, but active inventory/domain stability revisit retained.",current_official_surface,strict_candidate_revisit
2026-04-26_runtime_gap_bridge_pass97_india_active_appstore_scale_hardening,India,BookLal — buy/sell used-books app,main universe,medium-high,https://play.google.com/store/apps/details?id=com.booklal.booklal,https://www.indusappstore.com/apps/shopping/booklal/com.booklal.booklal/?id=com.booklal.booklal&page=details,pass97_booklal_indus_india_scope,"Indus Appstore remains India-specific authority: used-book marketplace, list books, same-city buyer discovery, in-app chat, and India wording.",current_india_appstore,strict_candidate_country_scope_caveat
2026-04-26_runtime_gap_bridge_pass97_india_active_appstore_scale_hardening,India,BookLal — buy/sell used-books app,main universe,medium-high,https://play.google.com/store/apps/details?id=com.booklal.booklal,https://www.appbrain.com/app/booklal-buy-sell-used-books/com.booklal.booklal,pass97_booklal_appbrain_caveat,"AppBrain confirms active app telemetry but uses America/USA wording; retain as localization/country-scope caveat, not demotion.",secondary_active_scale_country_caveat,strict_candidate_country_scope_caveat
2026-04-26_runtime_gap_bridge_pass97_india_active_appstore_scale_hardening,India,BooksPie — bookstore/used-books marketplace app,main universe,medium-high,https://play.google.com/store/apps/details?id=com.sant.bookspie,https://play.google.com/store/apps/details?hl=en_US&id=com.sant.bookspie,pass97_bookspie_play_hybrid,"Google Play supports listing second-hand books to marketplace and buying/selling used books nearby, while bookstore/restocking/request flow keeps hybrid medium-high status.",current_official_appstore_hybrid,strict_candidate_hybrid
2026-04-26_runtime_gap_bridge_pass97_india_active_appstore_scale_hardening,India,BookLoop — used-books nearby marketplace app,main universe,high,https://play.google.com/store/apps/details?id=com.bookloop.bookloop,https://play.google.com/store/apps/details?hl=en_US&id=com.bookloop.bookloop,pass97_bookloop_play_current,Google Play current listing describes location-based marketplace to buy/sell/share/exchange used books in Bangalore and Mangalore with direct buyer-seller connection and no commission.,current_official_appstore,strict_candidate
2026-04-26_runtime_gap_bridge_pass97_india_active_appstore_scale_hardening,India,BookStupe / BookStup Enterprises,not added / rejected control,low,https://www.instagram.com/p/DQsrK-bD7Zy/,https://www.instagram.com/p/DQsrK-bD7Zy/,pass97_bookstupe_discard,"Instagram-only buy/sell-old-book trace found; insufficient official platform, URL, mechanics, geography, or durable registry evidence for row creation.",discarded_social_only_trace,not_strict_unverified
2026-04-26_runtime_gap_bridge_pass97_india_active_appstore_scale_hardening,India,Guruji24 old-book ad trace,not added / rejected control,low,https://www.guruji24.com/post-oldbook-add-free,https://www.guruji24.com/post-oldbook-add-free,pass97_guruji24_discard,"Search surfaced a post-old-book-ad page, but direct fetch failed and evidence is too thin/unstable to add a registry row.",discarded_thin_blocked_trace,not_strict_unverified
2026-04-26_runtime_gap_bridge_pass98_india_active_inventory_mechanics_hardening,India,Kitabwalah — city-based used-books marketplace,main universe,high,https://kitabwalah.com/used-books/,https://kitabwalah.com/used-books/,pass98_kitabwalah_account_flow_inventory,Official page shows Start Selling and Buy Books and Login plus live used book listings with condition price city and verified seller rails,current_official_surface,strict_fit_high_low_inventory_caveat
2026-04-26_runtime_gap_bridge_pass98_india_active_inventory_mechanics_hardening,India,Kitabwalah — city-based used-books marketplace,main universe,high,https://kitabwalah.com/used-books/,https://kitabwalah.com/product-category/used-books/,pass98_kitabwalah_product_category,Product category confirms used books browse surface and city filters,current_official_surface,strict_fit_high_low_inventory_caveat
2026-04-26_runtime_gap_bridge_pass98_india_active_inventory_mechanics_hardening,India,Graffitti Books — Kerala/India used-books classifieds marketplace,main universe,high,https://www.graffittibooks.com/,https://www.graffittibooks.com/,pass98_graffitti_current_listings,Official site shows recent active used book listings with location condition shipping and price,current_official_surface,strict_fit_high
2026-04-26_runtime_gap_bridge_pass98_india_active_inventory_mechanics_hardening,India,Graffitti Books — Kerala/India used-books classifieds marketplace,main universe,high,https://www.graffittibooks.com/,https://play.google.com/store/apps/details?id=com.graffittibooks.app,pass98_graffitti_app_listing,Play listing confirms free image based used book advertisements and used book marketplace framing,appstore_surface,strict_fit_high
2026-04-26_runtime_gap_bridge_pass98_india_active_inventory_mechanics_hardening,India,BookSwap Hub — location-based book-exchange and nearby discovery app,main universe,high,https://play.google.com/store/apps/details?id=com.dignizant.bookswaphub,https://play.google.com/store/apps/details?hl=en_US&id=com.dignizant.bookswaphub,pass98_bookswap_hub_exchange_mechanics,Play listing confirms location based discovery listing books profile browse catalog and messaging owners to arrange swaps,appstore_surface,strict_fit_high_exchange
2026-04-26_runtime_gap_bridge_pass98_india_active_inventory_mechanics_hardening,India,GovtJobsIndia – BookShare — local used-books/study-materials exchange app,main universe,medium-high,https://play.google.com/store/apps/details?hl=en&id=com.prepbooks,https://play.google.com/store/apps/details?hl=en&id=com.prepbooks,pass98_govtjobsindia_bookshare_low_download,Play listing confirms local buy sell exchange used books and study materials but only five plus downloads are visible,appstore_surface,strict_fit_medium_high_low_download
2026-04-26_runtime_gap_bridge_pass98_india_active_inventory_mechanics_hardening,India,Book Share / Wikta — local book share/sell/lend app,main universe,medium-high,https://play.google.com/store/apps/details?hl=en_US&id=com.wikta.share_buddy,https://play.google.com/store/apps/details?hl=en_US&id=com.wikta.share_buddy,pass98_wikta_gps_exchange_flow,Play listing confirms GPS radius add request share donate sell and lend book workflow,appstore_surface,strict_fit_medium_high_user_density_revisit
2026-04-26_runtime_gap_bridge_pass98_india_active_inventory_mechanics_hardening,India,ReSell Books — nearby used-books chat marketplace app,main universe,medium-high,https://play.google.com/store/apps/details?id=com.resellbooks.buybooks.donatebooks.usedbooks.onlinebooks.app,https://play.google.com/store/apps/details?hl=en_US&id=com.resellbooks.buybooks.donatebooks.usedbooks.onlinebooks.app,pass98_resell_books_dated_active_app,Play listing confirms nearby old used book marketplace direct chat distance search and India developer address but visible update is dated,appstore_surface,strict_fit_medium_high_dated_update
2026-04-26_runtime_gap_bridge_pass98_india_active_inventory_mechanics_hardening,India,Apnabook — locality second-hand-books marketplace,main universe,medium-high,https://apnabook.in/,https://apnabook.in/,pass98_apnabook_static_limited,Official root and search evidence continue to support buy sell second hand book marketplace framing but static capture lacks flow depth,static_limited_surface,strict_fit_medium_high_revisit
2026-04-26_runtime_gap_bridge_pass98_india_active_inventory_mechanics_hardening,India,BookBazaar by YourNotebook — free student used-books exchange,main universe,medium-high,https://www.yournotebook.in/bookbazaar,https://www.yournotebook.in/,pass98_yournotebook_dynamic_limited,Official root snippet supports buy sell donate second hand textbook exchange but static capture remains shell only,dynamic_shell_plus_snippet_surface,strict_fit_medium_high_revisit
2026-04-26_runtime_gap_bridge_pass98_india_active_inventory_mechanics_hardening,India,NearBook — hyper-local used-books app,main universe,high,https://play.google.com/store/apps/details?hl=en_US&id=com.show.mybook,https://play.google.com/store/apps/details?hl=en_IN&id=com.show.mybook,pass98_nearbook_positive_control,Positive control confirms current high confidence India hyperlocal used books appstore surface,appstore_surface,strict_fit_high_positive_control
2026-04-26_runtime_gap_bridge_pass98_india_active_inventory_mechanics_hardening,India,Clankart — student-to-student used-book marketplace,main universe,high,https://www.clankart.com/how-it-works,https://www.clankart.com/,pass98_clankart_positive_control,Positive control confirms current high confidence official used book marketplace surface,official_current_surface,strict_fit_high_positive_control
2026-04-26_runtime_gap_bridge_pass99_india_remaining_medium_high_conversion,India,BookBazaar by YourNotebook — free student used-books exchange,main universe,high,https://www.yournotebook.in/bookbazaar,https://www.yournotebook.in/blog/bookbazaar-student-book-exchange-how-it-works,pass99_yournotebook_bookbazaar_how_it_works,"Official March 2026 how-it-works page describes India free P2P used-book marketplace with location-based discovery, seller photo upload, login/interest flow, direct WhatsApp/phone contact, donate option, no fees/commission, trust badges, and safety/reporting controls.",accepted_current_official_mechanics,strict_candidate_high
2026-04-26_runtime_gap_bridge_pass99_india_remaining_medium_high_conversion,India,BookBazaar by YourNotebook — free student used-books exchange,main universe,high,https://www.yournotebook.in/bookbazaar,https://www.yournotebook.in/blog/what-to-do-with-old-textbooks-after-exams,pass99_yournotebook_old_textbooks_support,"Official old-textbook guidance says users can list books on BookBazaar, set price or donate, buyers contact directly, meetup/hand-over/get-paid. Supports high confidence while preserving dynamic page caveat.",accepted_current_official_support,strict_candidate_high
2026-04-26_runtime_gap_bridge_pass99_india_remaining_medium_high_conversion,India,BookBazaar by YourNotebook — free student used-books exchange,main universe,high,https://www.yournotebook.in/bookbazaar,https://www.bookbazaar.com/,pass99_bookbazaar_com_negative_control,Bookbazaar.com is a first-party school-book e-commerce/booklist service and must remain distinct from YourNotebook BookBazaar and BookBazar.store.,negative_control_not_merge,not_same_entity
2026-04-26_runtime_gap_bridge_pass99_india_remaining_medium_high_conversion,India,Book Share / Wikta — local book share/sell/lend app,main universe,high,https://play.google.com/store/apps/details?id=com.wikta.share_buddy,https://play.google.com/store/apps/details?id=com.wikta.share_buddy,pass99_wikta_play_10k_status,"Google Play shows current installable app with 10K+ downloads, reviews, India developer address, user interaction/location metadata, Android-14 support update, and book-specific share/donate/sell/lend plus add/request mechanics.",accepted_current_appstore,strict_candidate_high
2026-04-26_runtime_gap_bridge_pass99_india_remaining_medium_high_conversion,India,Book Share / Wikta — local book share/sell/lend app,main universe,high,https://play.google.com/store/apps/details?id=com.wikta.share_buddy,https://play.google.com/store/apps/details?id=com.wikta.share_buddy,pass99_wikta_student_radius_mechanics,"The app specifically supports local GPS-radius book availability for students who want to refer/return books, enough for high confidence with inventory-density revisit only.",accepted_current_appstore_mechanics,strict_candidate_high
2026-04-26_runtime_gap_bridge_pass99_india_remaining_medium_high_conversion,India,ReSell Books — nearby used-books chat marketplace app,main universe,medium-high,https://play.google.com/store/apps/details?id=com.resellbooks.buybooks.donatebooks.usedbooks.onlinebooks.app,https://play.google.com/store/apps/details?id=com.resellbooks.buybooks.donatebooks.usedbooks.onlinebooks.app,pass99_resell_play_mechanics_retained,"Google Play confirms nearby old/used book marketplace behavior, city/locality users, direct chat, no middleman, distance search, and India developer address.",accepted_mechanics_with_caveat,strict_candidate_medium_high
2026-04-26_runtime_gap_bridge_pass99_india_remaining_medium_high_conversion,India,ReSell Books — nearby used-books chat marketplace app,main universe,medium-high,https://play.google.com/store/apps/details?id=com.resellbooks.buybooks.donatebooks.usedbooks.onlinebooks.app,https://www.appbrain.com/app/resell-books-chat-sell-buy/com.resellbooks.buybooks.donatebooks.usedbooks.onlinebooks.app,pass99_resell_appbrain_low_scale,AppBrain shows low total/recent downloads and old last-update telemetry; retain medium-high rather than high.,accepted_low_scale_caveat,strict_candidate_medium_high
2026-04-26_runtime_gap_bridge_pass99_india_remaining_medium_high_conversion,India,GovtJobsIndia – BookShare — local used-books/study-materials exchange app,main universe,medium-high,https://play.google.com/store/apps/details?id=com.prepbooks,https://play.google.com/store/apps/details?id=com.prepbooks,pass99_govtjobsindia_bookshare_current_mechanics,"Play listing supports nearby buy/sell/exchange used books and study materials, search/filter, upload listing with images/descriptions, direct communication, no platform payments/delivery.",accepted_current_mechanics,strict_candidate_medium_high
2026-04-26_runtime_gap_bridge_pass99_india_remaining_medium_high_conversion,India,GovtJobsIndia – BookShare — local used-books/study-materials exchange app,main universe,medium-high,https://play.google.com/store/apps/details?id=com.prepbooks,https://play.google.com/store/apps/details?id=com.prepbooks,pass99_govtjobsindia_bookshare_5plus_caveat,Visible 5+ download signal remains too thin for high-confidence operational treatment despite strong mechanics and current availability.,accepted_low_download_caveat,strict_candidate_medium_high
2026-04-26_runtime_gap_bridge_pass99_india_remaining_medium_high_conversion,India,Apnabook — locality second-hand-books marketplace,main universe,medium-high,https://apnabook.in/,https://apnabook.in/,pass99_apnabook_static_blank_caveat,"Search-visible official surface frames Apnabook as buy/sell second-hand books platform, but static capture exposes no account flow or active listing depth; retain medium-high.",accepted_revisit_needed,strict_candidate_medium_high
2026-04-26_runtime_gap_bridge_pass99_india_remaining_medium_high_conversion,India,BookMandee — local buy/sell/donate old-books marketplace,main universe,high,https://bookmandee.com/,https://bookmandee.com/,pass99_bookmandee_control_current_depth,"Control comparator: official site exposes categories, state/location filters, ad counts, free unlimited book-ad posting, seller-set pricing, platform chat and direct buyer contact.",accepted_control_high,strict_candidate_high
2026-04-26_runtime_gap_bridge_pass99_india_remaining_medium_high_conversion,India,BookFlow — direct buy/sell used-books marketplace,main universe,high,https://bookflow.in/,https://bookflow.in/,pass99_bookflow_control_direct_marketplace,Control comparator retained as high direct buyer-seller used-book marketplace; no mutation in pass99.,accepted_control_high,strict_candidate_high
2026-04-26_runtime_gap_bridge_pass100_india_hybrid_boundary_consolidation,India,BooksPie — bookstore/used-books marketplace app,main universe,high,https://play.google.com/store/apps/details?hl=en_US&id=com.sant.bookspie,https://www.bookspie.com/,turn222603view0_lines285_316,"Official root exposes Now Easily Sell And Buy Used Books / Old Section plus live-looking used-book listings with seller names, prices and phone/contact traces; supports conversion to high with hybrid caveat.",current_official_site_inventory,strict_candidate_book_specific_used_marketplace_hybrid
2026-04-26_runtime_gap_bridge_pass100_india_hybrid_boundary_consolidation,India,BooksPie — bookstore/used-books marketplace app,main universe,high,https://play.google.com/store/apps/details?hl=en_US&id=com.sant.bookspie,https://play.google.com/store/apps/details?hl=en_US&id=com.sant.bookspie,turn222603view1_lines105_119,Play listing confirms users can list second-hand used books to BooksPie marketplace and buy/sell used or second-hand books from nearby location.,current_official_app_store,strict_candidate_book_specific_used_marketplace_hybrid
2026-04-26_runtime_gap_bridge_pass100_india_hybrid_boundary_consolidation,India,BooksPie — bookstore/used-books marketplace app,main universe,high,https://play.google.com/store/apps/details?hl=en_US&id=com.sant.bookspie,https://play.google.com/store/apps/details?hl=en_US&id=com.sant.bookspie,turn171298view2_lines139_190,"Play listing shows Aug. 25 2025 update, support contact, and India developer address; reinforces current operational treatment.",current_official_app_store,strict_candidate_book_specific_used_marketplace_hybrid
2026-04-26_runtime_gap_bridge_pass100_india_hybrid_boundary_consolidation,India,ReSell Books — nearby used-books chat marketplace app,main universe,medium-high,https://play.google.com/store/apps/details?id=com.resellbooks.buybooks.donatebooks.usedbooks.onlinebooks.app,https://play.google.com/store/apps/details?hl=en_US&id=com.resellbooks.buybooks.donatebooks.usedbooks.onlinebooks.app,turn171298view1_lines108_149,"Play listing confirms nearby old/used-book marketplace, user chat, distance search, no-middleman language, and India developer metadata; retain strict-candidate medium-high.",current_official_app_store,strict_candidate_low_scale_dated_update
2026-04-26_runtime_gap_bridge_pass100_india_hybrid_boundary_consolidation,India,ReSell Books — nearby used-books chat marketplace app,main universe,medium-high,https://play.google.com/store/apps/details?id=com.resellbooks.buybooks.donatebooks.usedbooks.onlinebooks.app,https://www.appbrain.com/app/resell-books-chat-sell-buy/com.resellbooks.buybooks.donatebooks.usedbooks.onlinebooks.app,turn222603view3_lines51_82,"AppBrain shows 950 total downloads, 5 recent downloads, no ratings, and last update Aug. 19 2023; prevents high-confidence operational upgrade.",third_party_app_telemetry,strict_candidate_low_scale_dated_update
2026-04-26_runtime_gap_bridge_pass100_india_hybrid_boundary_consolidation,India,GovtJobsIndia – BookShare — local used-books/study-materials exchange app,main universe,medium-high,https://play.google.com/store/apps/details?hl=en&id=com.prepbooks,https://play.google.com/store/apps/details?hl=en&id=com.prepbooks,turn171298view0_lines71_106,"Play listing confirms local marketplace for buying/selling/exchanging used books and study materials, local discovery, listing upload, direct communication, and no platform payments/delivery.",current_official_app_store,strict_candidate_low_download_first_release
2026-04-26_runtime_gap_bridge_pass100_india_hybrid_boundary_consolidation,India,GovtJobsIndia – BookShare — local used-books/study-materials exchange app,main universe,medium-high,https://play.google.com/store/apps/details?hl=en&id=com.prepbooks,https://play.google.com/store/apps/details?hl=en&id=com.prepbooks,turn171298view0_lines36_43_and_141_195,Listing shows only 5+ downloads but Mar. 22 2026 update and India developer address; keep medium-high rather than high.,current_official_app_store,strict_candidate_low_download_first_release
2026-04-26_runtime_gap_bridge_pass100_india_hybrid_boundary_consolidation,India,Apnabook — locality second-hand-books marketplace,main universe,medium-high,https://apnabook.in/,https://apnabook.in/,turn447985search0,"Search-visible official page says ApnaBook lets sellers/readers buy and sell second-hand books online; static capture remains blank, so retain medium-high and revisit active flow.",search_visible_official_site,strict_candidate_static_blank_revisit
2026-04-26_runtime_gap_bridge_pass100_india_hybrid_boundary_consolidation,India,BookLal — buy/sell used-books app,main universe,medium-high,https://www.indusappstore.com/apps/shopping/booklal/com.booklal.booklal/,https://www.indusappstore.com/apps/shopping/booklal/com.booklal.booklal/?id=com.booklal.booklal&page=details,turn356145view0_lines38_40,"Indus Appstore decisive country-scope evidence: buy/sell used books in India, same-city buyer visibility, in-app chat, no mediator.",current_alt_app_store,strict_candidate_india_scope_confirmed
2026-04-26_runtime_gap_bridge_pass100_india_hybrid_boundary_consolidation,India,BookLal — buy/sell used-books app,main universe,medium-high,https://www.indusappstore.com/apps/shopping/booklal/com.booklal.booklal/,https://play.google.com/store/apps/details?hl=sw&id=com.booklal.booklal,turn132410view0_lines83_122,Google Play current copy uses U.S. wording but shows live used-book listing/search/chat/no-middleman mechanics and Apr. 18 2026 update; retain as localization caveat only.,current_official_app_store,strict_candidate_play_localization_caveat
2026-04-26_runtime_gap_bridge_pass100_india_hybrid_boundary_consolidation,India,BookLal — buy/sell used-books app,main universe,medium-high,https://www.indusappstore.com/apps/shopping/booklal/com.booklal.booklal/,https://play.google.com/store/apps/details?hl=si&id=com.booklal.booklal,turn132410view1_lines188_195,Google Play locale view shows developer identity and India metadata; supports India binding despite U.S. text in description.,current_official_app_store,strict_candidate_india_scope_confirmed
2026-04-26_runtime_gap_bridge_pass100_india_hybrid_boundary_consolidation,India,BookLal — buy/sell used-books app,main universe,medium-high,https://www.indusappstore.com/apps/shopping/booklal/com.booklal.booklal/,https://booklal-buysell-used-books.fr.softonic.com/android,turn132410view2_lines223_249,"Softonic shows direct chat/listing mechanics and current version/update context; context only, not country-scope authority.",third_party_app_index_context,strict_candidate_context_only
2026-04-27_runtime_gap_bridge_pass101_india_residue_closure_exit_readiness,India,ReSell Books — nearby used-books chat marketplace app,main universe,medium-high,https://play.google.com/store/apps/details?id=com.resellbooks.buybooks.donatebooks.usedbooks.onlinebooks.app,https://play.google.com/store/apps/details?hl=en_US&id=com.resellbooks.buybooks.donatebooks.usedbooks.onlinebooks.app,india_resell_books_pass101_play_mechanics,"Google Play confirms nearby old/used-book marketplace, buy/sell secondhand/new books, city/locality users, direct chat, distance search, no middleman, and India developer address; retain strict-candidate mechanics.",captured_pass101,strict_candidate_with_low_scale_caveat
2026-04-27_runtime_gap_bridge_pass101_india_residue_closure_exit_readiness,India,ReSell Books — nearby used-books chat marketplace app,main universe,medium-high,https://play.google.com/store/apps/details?id=com.resellbooks.buybooks.donatebooks.usedbooks.onlinebooks.app,https://www.appbrain.com/app/resell-books-chat-sell-buy/com.resellbooks.buybooks.donatebooks.usedbooks.onlinebooks.app,india_resell_books_pass101_appbrain_telemetry,"AppBrain shows about 1K total downloads, 81 recent downloads, no ratings, and not-recently-updated warning; prevents high-confidence upgrade.",captured_pass101,strict_candidate_low_scale_dormant_caveat
2026-04-27_runtime_gap_bridge_pass101_india_residue_closure_exit_readiness,India,ReSell Books — nearby used-books chat marketplace app,main universe,medium-high,https://play.google.com/store/apps/details?id=com.resellbooks.buybooks.donatebooks.usedbooks.onlinebooks.app,https://apkpure.com/tw/resell-books-chat-sell-buy/com.resellbooks.buybooks.donatebooks.usedbooks.onlinebooks.app,india_resell_books_pass101_apkpure_update,"APKPure shows version 0.2 / 2024 update and same buy/sell old/new books, nearby sharing, buyer-seller chat mechanics; supporting only, not enough for high.",captured_pass101,supporting_only
2026-04-27_runtime_gap_bridge_pass101_india_residue_closure_exit_readiness,India,GovtJobsIndia – BookShare — local used-books/study-materials exchange app,main universe,medium-high,https://play.google.com/store/apps/details?hl=en&id=com.prepbooks,https://play.google.com/store/apps/details?hl=en&id=com.prepbooks,india_govtjobs_bookshare_pass101_play,"Google Play current listing states local marketplace for buying, selling, and exchanging used books/study materials; includes local discovery, filters, image listings, direct communication, no platform payment/delivery, India developer; 5+ downloads keeps confidence medium-high.",captured_pass101,strict_candidate_low_download_hold
2026-04-27_runtime_gap_bridge_pass101_india_residue_closure_exit_readiness,India,Apnabook — locality second-hand-books marketplace,main universe,medium-high,https://apnabook.in/,https://apnabook.in/,india_apnabook_pass101_static_shell,"Official/search-visible copy states buy/sell second-hand books in locality/trusted platform, but direct root capture still exposes no usable lines and no listing/account-flow depth; retain static-shell active-proof revisit.",captured_pass101,strict_candidate_static_shell_revisit
2026-04-27_runtime_gap_bridge_pass101_india_residue_closure_exit_readiness,India,BookLal — buy/sell used-books app,main universe,medium-high,https://www.indusappstore.com/apps/shopping/booklal/com.booklal.booklal/,https://www.indusappstore.com/apps/shopping/booklal/com.booklal.booklal/?id=com.booklal.booklal&page=details,india_booklal_pass101_indus_india_scope,Indus Appstore explicitly frames BookLal as used-books buy/sell marketplace in India with same-city buyer visibility and in-app chat; decisive India-scope evidence.,captured_pass101,strict_candidate_country_scope_confirmed
2026-04-27_runtime_gap_bridge_pass101_india_residue_closure_exit_readiness,India,BookLal — buy/sell used-books app,main universe,medium-high,https://www.indusappstore.com/apps/shopping/booklal/com.booklal.booklal/,https://play.google.com/store/apps/details?id=com.booklal.booklal,india_booklal_pass101_play_localization,"Google Play now uses U.S./United States wording but confirms active used-book marketplace mechanics, 100K+ downloads, Apr. 18 2026 update, listing/search/chat/meet flow, and recent reviews; treat as localization/market-target caveat not demotion.",captured_pass101,strict_candidate_localization_caveat
2026-04-27_runtime_gap_bridge_pass101_india_residue_closure_exit_readiness,India,BookLal — buy/sell used-books app,main universe,medium-high,https://www.indusappstore.com/apps/shopping/booklal/com.booklal.booklal/,https://www.appbrain.com/app/booklal-buy-sell-used-books/com.booklal.booklal,india_booklal_pass101_appbrain_scale,"AppBrain shows 150K total downloads, 5.1K recent downloads, 3.2 rating on 370 ratings, Apr. 18 2026 update, but repeats USA wording and includes fraud/technical complaint reviews; keep medium-high with safety/localization caveats.",captured_pass101,strict_candidate_scale_plus_caveats
2026-04-27_runtime_gap_bridge_pass101_india_residue_closure_exit_readiness,India,BookLal — buy/sell used-books app,main universe,medium-high,https://www.indusappstore.com/apps/shopping/booklal/com.booklal.booklal/,https://tracxn.com/d/companies/booklal/__KWY3PMSU68ugHlILeWd6OyFTp_1a4SSQGiZMVMoI8cE,india_booklal_pass101_tracxn_context,Tracxn contextual profile describes BookLal as app-based marketplace allowing users to buy/sell books and sell books to people in their city; secondary context only.,captured_pass101,context_only_secondary
2026-04-27_runtime_gap_bridge_pass101_india_residue_closure_exit_readiness,India,BooksPie — bookstore/used-books marketplace app,main universe,high,https://play.google.com/store/apps/details?hl=en_US&id=com.sant.bookspie,https://play.google.com/store/apps/details?hl=en_US&id=com.sant.bookspie,india_bookspie_pass101_play_sanity,Google Play supports listing second-hand used books to marketplace and buying/selling used/second-hand books nearby; confirms pass100 high with hybrid/storefront caveat.,captured_pass101,strict_candidate_hybrid_retained
2026-04-27_runtime_gap_bridge_pass101_india_residue_closure_exit_readiness,India,BooksPie — bookstore/used-books marketplace app,main universe,high,https://www.bookspie.com/,https://www.bookspie.com/,india_bookspie_pass101_site_sanity,Official site remains current enough for sanity check; retain high with hybrid/storefront caveat and active Old Section evidence from pass100 lineage.,captured_pass101,strict_candidate_hybrid_retained
2026-04-27_runtime_gap_bridge_pass101_india_residue_closure_exit_readiness,India,India pass101 closure decision,control,high,local:rbm_pass101_india_residue_closure_exit_readiness_decisions_2026-04-27.csv,local:rbm_pass101_india_residue_closure_exit_readiness_decisions_2026-04-27.csv,india_pass101_exit_readiness_control,"Pass101 closes India for now: no row-count mutation, no strict-boundary loosening, no confidence upgrades; pivot out after named revisit holds.",captured_pass101,control
2026-04-28_rbm_pass110_pakistan_strict_core_hardening,Pakistan,Kitabain — online book marketplace,main universe,high,https://www.kitabain.com/,https://www.kitabain.com/faq,turn360541view0,"Official FAQ confirms account signup, buyer search/browse, copy-level price/condition/seller comments, add-to-cart checkout, payment options, and Pakistan courier dispatch; hardens marketplace transaction mechanics.",web_reverified_current_pass,strict_candidate
2026-04-28_rbm_pass110_pakistan_strict_core_hardening,Pakistan,Kitabain — online book marketplace,main universe,high,https://www.kitabain.com/,https://www.kitabain.com/books/all,turn360541view3,"Official all-books page shows active book inventory with prices/add-to-cart and pagination through roughly 1,400 pages; hardens active inventory depth, though used/secondhand specificity remains a caveat.",web_reverified_current_pass,strict_candidate
2026-04-28_rbm_pass110_pakistan_strict_core_hardening,Pakistan,Kitabain — online book marketplace,main universe,high,https://www.kitabain.com/,https://www.kitabain.com/contact,turn906405search4,Official contact page exposes buyer/seller contact tabs and current operational contact details; supports live seller-enabled platform status.,web_reverified_current_pass,strict_candidate
2026-04-28_rbm_pass110_pakistan_strict_core_hardening,Pakistan,Kitabain — online book marketplace,main universe,high,https://www.kitabain.com/,https://www.kitabain.com/books/fiction,turn906405search8,Category page repeats buy/sell marketplace positioning plus Sell Books/Login/Sign Up paths; supports book-specific marketplace spine.,web_reverified_current_pass,strict_candidate
2026-04-28_rbm_pass110_pakistan_strict_core_hardening,Pakistan,Booksecondstory — secondhand books buy/sell platform,main universe,high,https://booksecondstory.com/about-us/,https://booksecondstory.com/,turn906405search1,"Official home page says sellers can list books for sale and reach readers across Pakistan, with recently uploaded books; reaffirms live strict-main platform.",web_reverified_current_pass,strict_fit
2026-04-28_rbm_pass110_pakistan_strict_core_hardening,Pakistan,Booksecondstory — secondhand books buy/sell platform,main universe,high,https://booksecondstory.com/about-us/,https://booksecondstory.com/faq/,turn360541view1,"Official FAQ confirms direct book upload, honest condition/photos, free listing, commission only after successful sale, and seller-error return handling.",web_reverified_current_pass,strict_fit
2026-04-28_rbm_pass110_pakistan_strict_core_hardening,Pakistan,Booksecondstory — secondhand books buy/sell platform,main universe,high,https://booksecondstory.com/about-us/,https://booksecondstory.com/terms-and-conditions-for-book-submissions/,turn360541view2,"Official submission terms expose customer/vendor account choice, shop URL, second-hand book submission rules, eligibility, condition/photo/category/price requirements.",web_reverified_current_pass,strict_fit
2026-04-28_rbm_pass110_pakistan_strict_core_hardening,Pakistan,Booksecondstory — secondhand books buy/sell platform,main universe,high,https://booksecondstory.com/about-us/,https://booksecondstory.com/about-us/,turn906405search5,Official about page frames Booksecondstory as Pakistan trusted platform for buying and selling secondhand books; keeps high strict-main confidence.,web_reverified_current_pass,strict_fit
2026-04-28_rbm_pass110_pakistan_strict_core_hardening,Pakistan,Booksecondstory — secondhand books buy/sell platform,main universe,high,https://booksecondstory.com/about-us/,https://booksecondstory.com/product-category/encyclopedia/,turn906405search20,"Official category/footer evidence shows active product-category surface plus Pakistan address, email, and phone; supports current operation.",web_reverified_current_pass,strict_fit
2026-04-28_rbm_pass110_pakistan_strict_core_hardening,Pakistan,Kitab Rabta — sell old books in Pakistan,single-store used-bookseller,medium-high,https://kitabrabta.com/sell-old-books-in-pakistan,https://kitabrabta.com/sell-old-books-in-pakistan,turn360541view4,"Official page says users can sell old books in Pakistan by submitting details and condition, then Kitab Rabta contacts them to buy; confirms buyback/intake rather than open marketplace.",web_reverified_current_pass,not_strict_single_store_or_buyback
2026-04-28_rbm_pass110_pakistan_strict_core_hardening,Pakistan,Kitab Rabta — sell old books in Pakistan,single-store used-bookseller,medium-high,https://kitabrabta.com/sell-old-books-in-pakistan,https://kitabrabta.com/,turn360541view5,"Official home site sells old/new books and stationery with COD and nationwide home delivery; still ordinary retail/buyback layer, not third-party marketplace.",web_reverified_current_pass,not_strict_single_store_or_buyback
2026-04-28_rbm_pass110_pakistan_strict_core_hardening,Pakistan,KitabValue Publications,single-store used-bookseller,medium,https://www.instagram.com/kitab_value/,https://www.instagram.com/kitab_value/,turn310299search17,"Social trace describes a Pakistan bookstore selling new, old and rare books with delivery; logged as negative-control single-store/social texture, not added as strict main.",web_reverified_current_pass,not_strict_single_store_or_social
2026-04-28_rbm_pass111_bangladesh_strict_core_hardening,Bangladesh,BookCycle — buy/sell old books platform,main universe,medium-high,https://bookcyclebd.netlify.app/,https://bookcyclebd.netlify.app/,turn865454search0,"Search-visible official surface says BookCycle is Bangladesh's platform for buying and selling old books, academic textbooks and second-hand educational materials; retained strict-candidate but not raised because rendered page remains sparse.",web_reverified_current_pass,strict_candidate_needs_active_flow
2026-04-28_rbm_pass111_bangladesh_strict_core_hardening,Bangladesh,BookCycleBD — developer/founder profile,main universe,medium-high,https://bookcyclebd.netlify.app/,https://jahedulislamsimon.vercel.app/,turn865454search1,"Developer/founder profile corroborates BookCycleBD as an online platform helping readers in Bangladesh buy, sell and exchange used books easily.",web_reverified_current_pass,strict_candidate_corrob
2026-04-28_rbm_pass111_bangladesh_strict_core_hardening,Bangladesh,BookCycleBD — Scribd contact trace,main universe,medium,https://bookcyclebd.netlify.app/,https://www.scribd.com/document/937925728/Physics-Lab-Report-Precision-Measurement,turn865454search3,Third-party upload trace under contact.bookcyclebd gives weak operational/contact texture only; not used as primary strict-core proof.,web_reverified_current_pass,weak_operator_trace
2026-04-28_rbm_pass111_bangladesh_strict_core_hardening,Bangladesh,Booktionary — live homepage/catalogue,main universe,high,https://booktionary.com.bd/,https://booktionary.com.bd/,turn814726view2,"Official homepage shows live catalogue/cart and counters for ordered, donated, and exchanged books plus old-book and exchange-policy links; retained high strict-candidate.",web_reverified_current_pass,strict_candidate
2026-04-28_rbm_pass111_bangladesh_strict_core_hardening,Bangladesh,Booktionary — old-book purchase policy,main universe,high,https://booktionary.com.bd/old-book-purchase-policy,https://booktionary.com.bd/old-book-purchase-policy,turn470413view1,"Official old-book policy states old books are used by other users, old-book details should be reviewed before ordering, and exchangeable old books require website login/account/order history.",web_reverified_current_pass,strict_candidate_operator_mediated_caveat
2026-04-28_rbm_pass111_bangladesh_strict_core_hardening,Bangladesh,Booktionary — exchange policy,main universe,high,https://booktionary.com.bd/exchange-policy,https://booktionary.com.bd/exchange-policy,turn470413view3,"Official exchange policy confirms exchangeable books, website signup/login, order-history tracking, and a website-controlled exchange process; strong resale/exchange mechanics but operator-mediated caveat remains.",web_reverified_current_pass,strict_candidate_operator_mediated_caveat
2026-04-28_rbm_pass111_bangladesh_strict_core_hardening,Bangladesh,Daraz Bangladesh old-book tag,annex / classifieds,medium,https://www.daraz.com.bd/tag/old-book-sell/,https://www.daraz.com.bd/tag/old-book-sell/,turn595222view5,Daraz Bangladesh shows old-book tag and seller-center entry points but is horizontal e-commerce; retained annex/control only.,web_reverified_current_pass,not_strict_horizontal
2026-04-28_rbm_pass111_bangladesh_strict_core_hardening,Bangladesh,Bikroy Bangladesh,annex / classifieds,medium,https://bikroy.com/,https://en.wikipedia.org/wiki/Bikroy,turn313021search22,Bikroy is Bangladesh classified-ad/marketplace infrastructure; useful horizontal control but not book-specific strict core.,web_reverified_current_pass,not_strict_horizontal
2026-04-28_rbm_pass111_bangladesh_strict_core_hardening,Bangladesh,eBoighar,weak-fit core,medium,https://eboighar.com/,https://eboighar.com/,turn313021search3,"eBoighar is an ordinary online bookshop with academic/professional/personal books, payments and request service; no third-party used-book marketplace mechanics recovered.",web_reverified_current_pass,not_strict_bookstore
2026-04-28_rbm_pass111_bangladesh_strict_core_hardening,Bangladesh,BookSycle app,negative control,medium,https://play.google.com/store/apps/details?hl=en_IN&id=com.booksycle.app,https://play.google.com/store/apps/details?hl=en_IN&id=com.booksycle.app,turn595222view2,"BookSycle is a secondhand-book marketplace app, but Google Play developer/support metadata points to Spain; logged as name-collision control, not Bangladesh BookCycle evidence.",web_reverified_current_pass,negative_control_country_scope
2026-04-28_rbm_pass111_bangladesh_strict_core_hardening,Bangladesh,ReuseBooks / Buy & Sell Old Books app,negative control,medium,https://play.google.com/store/apps/details?hl=en_US&id=com.reusebooks,https://play.google.com/store/apps/details?hl=en_US&id=com.reusebooks,turn595222view3,"ReuseBooks has strong old-book listing/chat/exchange mechanics but India developer address and India app support; logged as country-scope negative control, not Bangladesh evidence.",web_reverified_current_pass,negative_control_country_scope
2026-04-28_rbm_pass111_bangladesh_strict_core_hardening,Bangladesh,Nilkhet / Dhaka used-book market seam,offline / used-book market,medium,https://en.wikipedia.org/wiki/Nilkhet,https://en.wikipedia.org/wiki/Nilkhet,turn296357search39,"Nilkhet is a Dhaka second-hand book trade center; hardened as offline context only, not online strict-main infrastructure.",web_reverified_current_pass,not_strict_offline_market
2026-04-29_runtime_gap_bridge_pass112_sri_lanka_strict_core_hardening,Sri Lanka,BookExchange.lk,main universe,high,https://bookexchange.lk/,https://bookexchange.lk/,official_home,"Current official site exposes sell/exchange/wanted ad journeys, smart matching, real-time chat, admin-approved listings, local-first exchange, and login/register; high strict-main retained.",verified,fits strict-main: book-specific used buy/sell/exchange platform
2026-04-29_runtime_gap_bridge_pass112_sri_lanka_strict_core_hardening,Sri Lanka,BookExchange.lk,main universe,high,https://bookexchange.lk/,https://bookexchange.lk/blog/launching-bookexchange-lk.html,official_launch_blog,"Launch blog says users can buy, sell, or exchange school/college/novel/past-paper books, post ads, connect directly, and use Smart Match; supports strict-main status.",verified,fits strict-main
2026-04-29_runtime_gap_bridge_pass112_sri_lanka_strict_core_hardening,Sri Lanka,BookSwap.lk,main universe,high,https://bookswap.lk/,https://bookswap.lk/,official_home,"Current official site says it is a free used-book exchange platform in Sri Lanka where users can exchange or sell books, register, add books, request books, and meet/post to complete exchange; high strict-main retained.",verified,fits strict-main: book-specific exchange/sell rail
2026-04-29_runtime_gap_bridge_pass112_sri_lanka_strict_core_hardening,Sri Lanka,BookSwap.lk latest listings,main universe,high,https://bookswap.lk/,https://bookswap.lk/,official_latest_listings,"Current homepage exposes category counts and latest dated listings from 2026-04-25/26 with prices/views, supporting live inventory/turnover.",verified,fits strict-main with inventory-turnover proof
2026-04-29_runtime_gap_bridge_pass112_sri_lanka_strict_core_hardening,Sri Lanka,2ndhandbooks.lk,main universe,high,https://2ndhandbooks.lk/,https://2ndhandbooks.lk/about,official_about,"About page calls it Sri Lanka's largest online marketplace for used books and says the platform connects book lovers to buy/sell used books, but physical-store/curated-inventory caveat remains.",verified,fits strict-candidate with operator-mediated caveat
2026-04-29_runtime_gap_bridge_pass112_sri_lanka_strict_core_hardening,Sri Lanka,2ndhandbooks.lk active inventory,main universe,high,https://2ndhandbooks.lk/,https://2ndhandbooks.lk/,official_inventory,"Current homepage exposes second-hand inventory, prices, account/cart, island-wide delivery, and COD; supports used-book rail but not independent seller onboarding.",verified,strict-candidate with seller-onboarding caveat
2026-04-29_runtime_gap_bridge_pass112_sri_lanka_strict_core_hardening,Sri Lanka,Ikman.lk — books and textbooks classifieds,annex / classifieds,high,https://ikman.lk/en/ads/i/sri-lanka/music-books-movies/book,https://ikman.lk/en/ads/i/sri-lanka/music-books-movies/book,classifieds_category,Current horizontal classifieds category shows active book listings across Sri Lanka; annex only because not book-specific specialist rail.,verified,non-strict: horizontal classifieds
2026-04-29_runtime_gap_bridge_pass112_sri_lanka_strict_core_hardening,Sri Lanka,Ikman.lk — textbooks classifieds,annex / classifieds,high,https://ikman.lk/en/ads/sri-lanka/textbooks,https://ikman.lk/en/ads/sri-lanka/textbooks,classifieds_textbook_category,Textbooks category shows new/used educational materials and category counts; useful resale texture but horizontal marketplace only.,verified,non-strict: horizontal classifieds
2026-04-29_runtime_gap_bridge_pass112_sri_lanka_strict_core_hardening,Sri Lanka,MO.lk — local new/pre-owned marketplace,annex / classifieds,medium-high,https://mo.lk/,https://mo.lk/,official_home,"Current official site supports Sri Lanka-local new/pre-owned listings, free listing flow, verified users, and meet-up/delivery/pickup; annex only because not book-specific.",verified,non-strict: horizontal marketplace
2026-04-29_runtime_gap_bridge_pass112_sri_lanka_strict_core_hardening,Sri Lanka,Booxworm — used books Sri Lanka,single-store used-bookseller,medium-high,https://booxworm.lk/blogs/books/used-books-sri-lanka,https://booxworm.lk/blogs/books/used-books-sri-lanka,official_blog,"Booxworm says it offers hundreds of used books in Sri Lanka, buys used books, and has physical stores; keep as curated/single-store used-bookseller, not strict main.",verified,non-strict: single-store/curated used-bookseller
2026-04-29_runtime_gap_bridge_pass112_sri_lanka_strict_core_hardening,Sri Lanka,Books.lk — second-hand books,single-store used-bookseller,medium-high,https://books.lk/product-category/second-hand-books/,https://books.lk/product-category/second-hand-books/,retail_category,"Books.lk exposes second-hand books category with account/cart/checkout; useful retail used-book signal, not marketplace core.",verified,non-strict: single-store retail category
2026-04-29_runtime_gap_bridge_pass112_sri_lanka_strict_core_hardening,Sri Lanka,BookLoop Google Play negative control,negative_control,medium,https://play.google.com/store/apps/details?hl=en_US&id=com.bookloop.mobile,https://play.google.com/store/apps/details?hl=en_US&id=com.bookloop.mobile,app_store_negative_control,BookLoop app has strong used-book marketplace mechanics but developer/address metadata points to Israel; do not merge into Sri Lanka BookSwap/BookExchange rows.,verified,negative control: not Sri Lanka evidence
2026-04-30_runtime_gap_bridge_pass113_sri_lanka_residual_classifieds_social_hardening,Sri Lanka,SaleMe.lk — Sri Lanka textbooks classifieds,annex / classifieds,high,https://www.saleme.lk/ads/sri-lanka/textbooks,https://www.saleme.lk/ads/sri-lanka/textbooks,classifieds_textbooks_category,Dedicated Textbooks category reports 418 results and shows dated item listings with locations and prices; annex only because SaleMe is horizontal classifieds.,verified,non-strict: horizontal classifieds
2026-04-30_runtime_gap_bridge_pass113_sri_lanka_residual_classifieds_social_hardening,Sri Lanka,SaleMe.lk dated textbook listings,annex / classifieds,high,https://www.saleme.lk/ads/sri-lanka/textbooks,https://www.saleme.lk/ads/sri-lanka/textbooks,classifieds_listing_index,"Listings include textbook titles, locations such as Trincomalee/Colombo/Digana, prices, and 2025 posting dates; supports active resale/classifieds texture only.",verified,non-strict: horizontal classifieds
2026-04-30_runtime_gap_bridge_pass113_sri_lanka_residual_classifieds_social_hardening,Sri Lanka,ItemAds.lk — education/books classifieds,annex / classifieds,high,https://itemads.lk/,https://itemads.lk/,education_category,Education category states users can buy and sell books and magazines and shows 419 category count; annex only because platform is horizontal.,verified,non-strict: horizontal classifieds
2026-04-30_runtime_gap_bridge_pass113_sri_lanka_residual_classifieds_social_hardening,Sri Lanka,ItemAds.lk all-island classifieds surface,annex / classifieds,medium-high,https://itemads.lk/,https://itemads.lk/,location_category_home,Homepage exposes Sri Lanka location browsing and broad classified categories; useful for context but not book-specific strict core.,verified,non-strict: horizontal classifieds
2026-04-30_runtime_gap_bridge_pass113_sri_lanka_residual_classifieds_social_hardening,Sri Lanka,Facebook Marketplace Colombo — books,annex / classifieds,high,https://www.facebook.com/marketplace/112660232078681/books/,https://www.facebook.com/marketplace/112660232078681/books/,social_marketplace_books_category,Facebook Marketplace exposes new and used Books for sale in Colombo; annex only because horizontal/social marketplace rather than book-specific core.,verified,non-strict: horizontal social marketplace
2026-04-30_runtime_gap_bridge_pass113_sri_lanka_residual_classifieds_social_hardening,Sri Lanka,Buy & Sell Used Books - Sri Lanka,annex / social resale,medium-high,https://www.facebook.com/groups/637115459990606/,https://www.facebook.com/groups/637115459990606/,facebook_group_about_snippet,"Book-specific Facebook group created for members to buy and sell books online; social resale annex, not standalone marketplace infrastructure.",verified,non-strict: social group
2026-04-30_runtime_gap_bridge_pass113_sri_lanka_residual_classifieds_social_hardening,Sri Lanka,BookSwap.lk add-book modal,main universe,high,https://bookswap.lk/,https://bookswap.lk/,official_add_book_flow,"Add-book modal exposes action choice for Exchange or Sell, fixed selling price, cover images, title/author/category/condition/language fields; reinforces open user listing mechanics.",verified,fits strict main
2026-04-30_runtime_gap_bridge_pass113_sri_lanka_residual_classifieds_social_hardening,Sri Lanka,BookSwap.lk April 2026 listing turnover,main universe,high,https://bookswap.lk/,https://bookswap.lk/,official_dated_listings,Latest sell listings include April 2026 school/fiction listings with prices/views; supports current activity and inventory turnover.,verified,fits strict main
2026-04-30_runtime_gap_bridge_pass113_sri_lanka_residual_classifieds_social_hardening,Sri Lanka,BookExchange.lk used textbook pricing guide,main universe,high,https://bookexchange.lk/,https://bookexchange.lk/blog/how-to-determine-textbook-value-sri-lanka.html,official_market_guide,"Official guide tells sellers to check current listings, lists Sri Lankan used-textbook demand/pricing ranges, and names direct communication/negotiation tools; supports active marketplace posture.",verified,fits strict main
2026-04-30_runtime_gap_bridge_pass113_sri_lanka_residual_classifieds_social_hardening,Sri Lanka,2ndhandbooks.lk sell/appraisal route,main universe,high,https://2ndhandbooks.lk/,https://2ndhandbooks.lk/,official_seller_faq,FAQ confirms users can sell old books but routes sellers to physical stores or online appraisal for collections; preserves operator-mediated/curated caveat rather than open third-party onboarding.,verified,strict-candidate with operator-mediated caveat
2026-04-30_runtime_gap_bridge_pass113_sri_lanka_residual_classifieds_social_hardening,Sri Lanka,2ndhandbooks.lk marketplace/about language,main universe,high,https://2ndhandbooks.lk/about,https://2ndhandbooks.lk/about,official_about,"About page calls it Sri Lanka’s largest online marketplace for used books and says it connects book lovers to buy and sell used books, but also emphasizes physical stores and curated inventory.",verified,strict-candidate with operator-mediated caveat
2026-04-30_runtime_gap_bridge_pass113_sri_lanka_residual_classifieds_social_hardening,Sri Lanka,Booxworm used-books market map,market_context,medium-high,https://booxworm.lk/blogs/books/the-complete-guide-to-buying-books-in-sri-lanka,https://booxworm.lk/blogs/books/the-complete-guide-to-buying-books-in-sri-lanka,market_context_blog,"Booxworm guide maps used-book channels to Facebook Marketplace, Ikman, university groups, Maradana street vendors, and Pettah shops; market texture only.",verified,"context only: market channels, not a registry row"
