territory,region_block,category,entry,entry_type,source_layer,confidence,note,category_role,canonical_entry_key
Albania,CEE/Balkans,weak-fit core,Adrion,site,frontier_note_shorthand,medium,Recovered from frontier shorthand 'Adrion/Albas/Bukinist spine'.,primary,albania::adrion
Albania,CEE/Balkans,weak-fit core,Albas,site,frontier_note_shorthand,medium,Recovered from frontier shorthand 'Adrion/Albas/Bukinist spine'.,primary,albania::albas
Albania,CEE/Balkans,weak-fit core,Bukinist,site,frontier_note_shorthand,medium,Recovered from frontier shorthand 'Adrion/Albas/Bukinist spine'.,primary,albania::bukinist
Algeria,North Africa / Maghreb,annex / classifieds,Ouedkniss Algeria — Books & Magazines,site,web_verified_pass_algeria_2026-04-20,high,"Large Algerian classifieds platform with a live Books & Magazines vertical and current listings, confirming broad horizontal circulation beyond specialist rails.",supporting,algeria::ouedkniss-books-magazines
Algeria,North Africa / Maghreb,offline / fair / literacy layer,SILA 2025 / Algiers International Book Fair,fair,web_verified_pass_algeria_2026-04-20,high,"Official Algiers International Book Fair platform confirms the 2025 edition, book search, exhibitor search, and large-scale annual national publishing infrastructure.",supporting,algeria::sila-2025-algiers-book-fair
Algeria,North Africa / Maghreb,single-store bookstore layer,Librairie Le Monde Médical,site,web_verified_pass_algeria_2026-04-20,high,"Algiers-based specialist bookstore with a physical address, home-delivery language, and a large medicine-book inventory that confirms concrete city-level bookstore depth.",supporting,algeria::librairie-le-monde-medical
Algeria,North Africa / Maghreb,single-store used booksellers,readSina,site,web_verified_pass_algeria_2026-04-20,high,"Dedicated Algerian marketplace for pre-loved books connecting readers across all 58 wilayas, with live Arabic, French, and English used-book listings.",primary,algeria::readsina
Algeria,North Africa / Maghreb,weak-fit core,DigiKitab Books,site,web_verified_pass_algeria_2026-04-20,medium,Algeria-facing ebook and digital-library rail adding a meaningful digital-book layer beyond physical-only commerce.,supporting,algeria::digikitab-books
Algeria,North Africa / Maghreb,weak-fit core,Librairie Ambulante,site,web_verified_pass_algeria_2026-04-20,high,Online Algerian bookstore with broad live categories in French and English and explicit nationwide delivery positioning to make books accessible across the country.,primary,algeria::librairie-ambulante
Algeria,North Africa / Maghreb,weak-fit core,Maktaba Shop,site,web_verified_pass_algeria_2026-04-20,high,"Alger-based online bookstore and school-supplies rail with substantial Arabic, French, and English book categories plus a live ecommerce storefront.",primary,algeria::maktaba-shop
Algeria,North Africa / Maghreb,weak-fit core,Vitamine.dz,site,web_verified_pass_algeria_2026-04-20,high,"Algeria-facing online bookstore dedicated to French and Arabic books, explicitly including new and used books, with secure purchasing and rapid delivery.",primary,algeria::vitamine-dz
Andorra,Iberia,annex / classifieds,Busco.ad,site,iberia_matrix_2026_04_15,high,Strong bookstore and library ecology without a clear native multi-seller marketplace.,primary,andorra::busco.ad
Andorra,Iberia,offline / fair / literacy layer,Sant Jordi programming,site,iberia_matrix_2026_04_15,high,Strong bookstore and library ecology without a clear native multi-seller marketplace.,primary,andorra::sant jordi programming
Andorra,Iberia,offline / fair / literacy layer,Xarxa de Biblioteques d'Andorra,site,iberia_matrix_2026_04_15,high,Strong bookstore and library ecology without a clear native multi-seller marketplace.,primary,andorra::xarxa de biblioteques d'andorra
Andorra,Iberia,offline / fair / literacy layer,eBiblio,site,iberia_matrix_2026_04_15,high,Strong bookstore and library ecology without a clear native multi-seller marketplace.,primary,andorra::ebiblio
Andorra,Iberia,single-store bookstore layer,La Puça,site,iberia_matrix_2026_04_15,high,Strong bookstore and library ecology without a clear native multi-seller marketplace.,primary,andorra::la puça
Andorra,Iberia,single-store bookstore layer,La Trenca,site,iberia_matrix_2026_04_15,high,Strong bookstore and library ecology without a clear native multi-seller marketplace.,primary,andorra::la trenca
Andorra,Iberia,single-store bookstore layer,Llibreria Francesa,site,iberia_matrix_2026_04_15,high,Strong bookstore and library ecology without a clear native multi-seller marketplace.,primary,andorra::llibreria francesa
Anguilla,Caribbean,offline / fair / literacy layer,Anguilla Lit Fest,site,consolidated_matrix_2026_04_15,medium,one notable bookstore + literary ecosystem,primary,anguilla::anguilla lit fest
Anguilla,Caribbean,offline / fair / literacy layer,library,site,consolidated_matrix_2026_04_15,medium,one notable bookstore + literary ecosystem,primary,anguilla::library
Anguilla,Caribbean,single-store used / bookstore signal,Coral Reef Bookstore,site,consolidated_matrix_2026_04_15,medium,one notable bookstore + literary ecosystem,primary,anguilla::coral reef bookstore
Antigua and Barbuda,Caribbean,annex / classifieds,BambaAd,site,consolidated_matrix_2026_04_15,medium,thin marketplace depth,primary,antigua and barbuda::bambaad
Antigua and Barbuda,Caribbean,annex / classifieds,Classi4U,site,consolidated_matrix_2026_04_15,medium,thin marketplace depth,primary,antigua and barbuda::classi4u
Antigua and Barbuda,Caribbean,offline / fair / literacy layer,Logos Hope,site,consolidated_matrix_2026_04_15,medium,thin marketplace depth,primary,antigua and barbuda::logos hope
Antigua and Barbuda,Caribbean,offline / fair / literacy layer,reading programs,site,consolidated_matrix_2026_04_15,medium,thin marketplace depth,primary,antigua and barbuda::reading programs
Antigua and Barbuda,Caribbean,single-store used / bookstore signal,Best of Books,site,consolidated_matrix_2026_04_15,medium,thin marketplace depth,primary,antigua and barbuda::best of books
Antigua and Barbuda,Caribbean,single-store used / bookstore signal,Cindy's,site,consolidated_matrix_2026_04_15,medium,thin marketplace depth,primary,antigua and barbuda::cindy's
Antigua and Barbuda,Caribbean,single-store used / bookstore signal,Ten Pages,site,consolidated_matrix_2026_04_15,medium,thin marketplace depth,primary,antigua and barbuda::ten pages
Argentina,South America,main universe,BiblioMarket,book_specific_c2c_used_book_marketplace,runtime_gap_bridge_web_2026_05_03_pass137_argentina_hardening,high,"Pass137 fresh check confirms BiblioMarket is a C2C marketplace specialized in buying/selling used books in Argentina, with free listings, MercadoPago payments, OCA shipping/tracking, seller withdrawal commission, support FAQ and city-specific used-book pages. Retained as high strict-main spine.",primary,argentina::bibliomarket
Argentina,South America,weak-fit core,Buscalibre Argentina,online_book_retailer_with_used_filter,runtime_gap_bridge_web_2026_05_03_pass137_argentina_hardening,medium-high,"Reclassified from main universe to weak-fit core. Current Argentina pages show a major online bookstore/import retail surface with Estado filters for Nuevos/Usados/Anticuarios, but the pass did not verify Argentina-native open seller onboarding/listing/payment mechanics for used-book sellers. Used inventory signal retained; strict used-marketplace promotion removed.",primary,argentina::buscalibre argentina
Argentina,South America,main universe,Tubuc,book_specific_used_book_marketplace_plus_indie_authors,runtime_gap_bridge_web_2026_05_03_pass137_argentina_hardening,high,"Pass137 fresh check confirms Tubuc as Argentine platform/marketplace for buying and selling used books between people, with user registration, book upload, MercadoPago settlement, OCA or allied cafe pickup, seller commission, current product pages and independent-author publication lane. Retained as high strict-main spine.",primary,argentina::tubuc
Argentina,South America,main universe,Pila de Libros,book_specific_used_book_exchange_matching_platform,runtime_gap_bridge_web_2026_05_03_pass137_argentina_hardening,high,"Promoted from weak-fit core to main universe as a book-specific used-book exchange/reuse rail. Direct site and current press describe a free Tinder-like platform where users upload books they offer, match with wanted books/users nearby, and arrange public exchanges; media reports describe large active Spanish-language user/interchange scale. It is exchange-first rather than cash marketplace, so mechanics caveat retained.",primary,argentina::pila de libros
Armenia,Caucasus,weak-fit core,Book Prize,site,frontier_note_shorthand,medium,Recovered from frontier shorthand 'Bookinist/Phoenix/Book Prize core'.,primary,armenia::book prize
Armenia,Caucasus,weak-fit core,Bookinist,site,frontier_note_shorthand,medium,Recovered from frontier shorthand 'Bookinist/Phoenix/Book Prize core'.,primary,armenia::bookinist
Armenia,Caucasus,weak-fit core,Phoenix,site,frontier_note_shorthand,medium,Recovered from frontier shorthand 'Bookinist/Phoenix/Book Prize core'.,primary,armenia::phoenix
Aruba,Caribbean,annex / classifieds,AruList,site,consolidated_matrix_2026_04_15,medium,store + library/event ecosystem,primary,aruba::arulist
Aruba,Caribbean,annex / classifieds,Kugli note,site,consolidated_matrix_2026_04_15,medium,store + library/event ecosystem,primary,aruba::kugli note
Aruba,Caribbean,offline / fair / literacy layer,children's festival,site,consolidated_matrix_2026_04_15,medium,store + library/event ecosystem,primary,aruba::children's festival
Aruba,Caribbean,offline / fair / literacy layer,library second-hand market,site,consolidated_matrix_2026_04_15,medium,store + library/event ecosystem,primary,aruba::library second-hand market
Aruba,Caribbean,single-store used / bookstore signal,Plaza Bookshop,site,consolidated_matrix_2026_04_15,medium,store + library/event ecosystem,primary,aruba::plaza bookshop
Aruba,Caribbean,single-store used / bookstore signal,university bookstore,site,consolidated_matrix_2026_04_15,medium,store + library/event ecosystem,primary,aruba::university bookstore
Austria,DACH,annex / classifieds,willhaben is economically major but methodologically annex,site,dach_matrix_2026_04_16,high,"Very deep hybrid territory: not as book-pure as Germany, but thick in recommerce, antiquarian trade, stores, and institutions.",primary,austria::willhaben is economically major but methodologically annex
Austria,DACH,offline / fair / literacy layer,Buch Wien,site,dach_matrix_2026_04_16,high,"Very deep hybrid territory: not as book-pure as Germany, but thick in recommerce, antiquarian trade, stores, and institutions.",primary,austria::buch wien
Austria,DACH,offline / fair / literacy layer,fixed-price support structures,site,dach_matrix_2026_04_16,high,"Very deep hybrid territory: not as book-pure as Germany, but thick in recommerce, antiquarian trade, stores, and institutions.",primary,austria::fixed-price support structures
Austria,DACH,offline / fair / literacy layer,Österreichische Nationalbibliothek,site,dach_matrix_2026_04_16,high,"Very deep hybrid territory: not as book-pure as Germany, but thick in recommerce, antiquarian trade, stores, and institutions.",primary,austria::österreichische nationalbibliothek
Austria,DACH,single-store bookstore layer,400+ bookshops in national trade ecology,site,dach_matrix_2026_04_16,high,"Very deep hybrid territory: not as book-pure as Germany, but thick in recommerce, antiquarian trade, stores, and institutions.",primary,austria::400+ bookshops in national trade ecology
Austria,DACH,single-store bookstore layer,Morawa,site,dach_matrix_2026_04_16,high,"Very deep hybrid territory: not as book-pure as Germany, but thick in recommerce, antiquarian trade, stores, and institutions.",primary,austria::morawa
Austria,DACH,single-store bookstore layer,Thalia Austria,site,dach_matrix_2026_04_16,high,"Very deep hybrid territory: not as book-pure as Germany, but thick in recommerce, antiquarian trade, stores, and institutions.",primary,austria::thalia austria
Austria,DACH,used-book signal (territory note),Very strong incl. organized antiquarian layer,territory_note,dach_matrix_2026_04_16,medium,"Very deep hybrid territory: not as book-pure as Germany, but thick in recommerce, antiquarian trade, stores, and institutions.",primary,austria::very strong incl. organized antiquarian layer
Austria,DACH,weak-fit core,Bookbot Austria,site,dach_matrix,high,Explicit weak-fit core in DACH matrix.,primary,austria::bookbot austria
Austria,DACH,weak-fit core,large books rail on willhaben,site,dach_matrix_2026_04_16,high,"Very deep hybrid territory: not as book-pure as Germany, but thick in recommerce, antiquarian trade, stores, and institutions.",primary,austria::large books rail on willhaben
Azerbaijan,Caucasus,weak-fit core,Ali & Nino,site,frontier_note_shorthand,medium,Recovered from frontier shorthand 'Ali & Nino / Baku Book Center core'.,primary,azerbaijan::ali & nino
Azerbaijan,Caucasus,weak-fit core,Baku Book Center,site,frontier_note_shorthand,medium,Recovered from frontier shorthand 'Ali & Nino / Baku Book Center core'.,primary,azerbaijan::baku book center
Bahrain,Gulf / Arabian Peninsula,annex / classifieds,OpenSooq Bahrain — books,site,gulf bahrain pass1,medium,Horizontal classifieds spillover with a live Bahrain books-for-sale category and current used-book listings; supports a real second-hand seam without proving a specialist used-book marketplace.,supporting,bahrain::opensooq books
Bahrain,Gulf / Arabian Peninsula,offline / fair / literacy layer,Bahrain International Book Fair,institution,gulf bahrain pass1,high,Official long-running national book-fair infrastructure under the Bahrain cultural authority with large publisher participation and high historical attendance; strong fair/literacy layer even though the current pass is mainly retail-facing.,supporting,bahrain::bahrain international book fair
Bahrain,Gulf / Arabian Peninsula,single-store bookstore layer,National Bookshop,site,gulf bahrain pass1,medium,Concrete multi-branch bookstore-layer anchor with Manama branch details and directory-confirmed Bahrain presence; retained in store layer because a live current ecommerce spine was not strongly verified in-pass.,supporting,bahrain::national bookshop
Bahrain,Gulf / Arabian Peninsula,single-store bookstore layer,That Al Salasil / WHSmith Bahrain,site,gulf bahrain pass1,medium,"Bookstore-layer chain anchor with Bahrain mall and airport presence, bilingual book categories, and explicit Bahrain branch details; useful confirmation of modern chain bookstore substrate without needing to count it as a primary native marketplace spine.",supporting,bahrain::that al salasil whsmith bahrain
Bahrain,Gulf / Arabian Peninsula,weak-fit core,Book Mart W.L.L,site,gulf bahrain pass1,medium,"Native Bahrain bookstore storefront with searchable books inventory, curriculum/education emphasis, and fixed Manama contact/order channels; useful local ecommerce corroboration even if more education-forward than mass-market.",secondary,bahrain::book mart wll
Bahrain,Gulf / Arabian Peninsula,weak-fit core,Jarir Bookstore Bahrain,site,gulf bahrain pass1,high,"Verified Bahrain-facing online book rail with dedicated English and Arabic book sections, Bahrain delivery preference, and broad subject/category depth; strongest current generalist book-commerce spine in the pass.",primary,bahrain::jarir bookstore bahrain
Bahrain,Gulf / Arabian Peninsula,weak-fit core,Virgin Megastore Bahrain — books,site,gulf bahrain pass1,high,"Verified Bahrain-facing online bookshop with fiction, non-fiction, kids & teens, Arabic, Islamic, and French book categories plus live priced inventory; meaningful broader retail-book rail rather than just a token books shelf.",secondary,bahrain::virgin megastore bahrain books
Bangladesh,South Asia,weak-fit core,Boisetu,site,frontier_note_shorthand,medium,Recovered from frontier note naming book-first marketplace candidate.,primary,bangladesh::boisetu
Bangladesh,South Asia,weak-fit core,Rokomari,site,frontier_note_shorthand,medium,Recovered from frontier shorthand 'Rokomari-led commerce'.,primary,bangladesh::rokomari
Barbados,Caribbean,annex / classifieds,Agogo,site,consolidated_matrix_2026_04_15,medium,"stores and fairs, not marketplace",primary,barbados::agogo
Barbados,Caribbean,annex / classifieds,BajanMarket,site,consolidated_matrix_2026_04_15,medium,"stores and fairs, not marketplace",primary,barbados::bajanmarket
Barbados,Caribbean,annex / classifieds,CityToo,site,consolidated_matrix_2026_04_15,medium,"stores and fairs, not marketplace",primary,barbados::citytoo
Barbados,Caribbean,offline / fair / literacy layer,Bim Lit Fest,site,consolidated_matrix_2026_04_15,medium,"stores and fairs, not marketplace",primary,barbados::bim lit fest
Barbados,Caribbean,offline / fair / literacy layer,NIFCA fair,site,consolidated_matrix_2026_04_15,medium,"stores and fairs, not marketplace",primary,barbados::nifca fair
Barbados,Caribbean,single-store used / bookstore signal,Book Den + bookstore/order-service layer,site,consolidated_matrix_2026_04_15,medium,"stores and fairs, not marketplace",primary,barbados::book den + bookstore/order-service layer
Belgium,Benelux,annex / classifieds,2ememain — Livres,site,live_web_resolution,high,"Large horizontal marketplace/books rail in Belgium; annex, not a book-first core.",primary,belgium::2ememain — livres
Belgium,Benelux,main universe,Books in Belgium,site,control ledger quick_read,high,Recovered from control ledger quick read; exact rationale text was not preserved in the prior artifact surface.,primary,belgium::books in belgium
Belgium,Benelux,offline / fair / literacy layer,Passa Porta Festival,site,live_web_resolution,high,International house of literature and festival/literary-programming layer in Brussels.,primary,belgium::passa porta festival
Belgium,Benelux,single-store bookstore layer,Passa Porta Bookshop,site,live_web_resolution,high,Independent multilingual Brussels bookshop; bookstore-layer anchor.,primary,belgium::passa porta bookshop
Belize,Central America,annex / classifieds,Belize.ai,site,consolidated_matrix_2026_04_15,medium,bookstore + event ecology,primary,belize::belize.ai
Belize,Central America,offline / fair / literacy layer,Book Week / festival layer,site,consolidated_matrix_2026_04_15,medium,bookstore + event ecology,primary,belize::book week / festival layer
Belize,Central America,single-store used / bookstore signal,Bakabush,site,consolidated_matrix_2026_04_15,medium,bookstore + event ecology,primary,belize::bakabush
Belize,Central America,single-store used / bookstore signal,Pages,site,consolidated_matrix_2026_04_15,medium,bookstore + event ecology,primary,belize::pages
Belize,Central America,single-store used / bookstore signal,bookstore layer,site,consolidated_matrix_2026_04_15,medium,bookstore + event ecology,primary,belize::bookstore layer
Bermuda,Caribbean,annex / classifieds,Bermuda Classifieds,site,consolidated_matrix_2026_04_15,medium,no strong native specialist marketplace; strong bookstore layer; active general-marketplace annex; very strong library / literary / educational infrastructure,primary,bermuda::bermuda classifieds
Bermuda,Caribbean,annex / classifieds,Facebook Marketplace,site,consolidated_matrix_2026_04_15,medium,no strong native specialist marketplace; strong bookstore layer; active general-marketplace annex; very strong library / literary / educational infrastructure,primary,bermuda::facebook marketplace
Bermuda,Caribbean,offline / fair / literacy layer,Bermuda National Library,site,consolidated_matrix_2026_04_15,medium,no strong native specialist marketplace; strong bookstore layer; active general-marketplace annex; very strong library / literary / educational infrastructure,primary,bermuda::bermuda national library
Bermuda,Caribbean,offline / fair / literacy layer,Logos Hope,site,consolidated_matrix_2026_04_15,medium,no strong native specialist marketplace; strong bookstore layer; active general-marketplace annex; very strong library / literary / educational infrastructure,primary,bermuda::logos hope
Bermuda,Caribbean,offline / fair / literacy layer,StoryWalk,site,consolidated_matrix_2026_04_15,medium,no strong native specialist marketplace; strong bookstore layer; active general-marketplace annex; very strong library / literary / educational infrastructure,primary,bermuda::storywalk
Bermuda,Caribbean,offline / fair / literacy layer,Writer-in-Residence,site,consolidated_matrix_2026_04_15,medium,no strong native specialist marketplace; strong bookstore layer; active general-marketplace annex; very strong library / literary / educational infrastructure,primary,bermuda::writer-in-residence
Bermuda,Caribbean,offline / fair / literacy layer,Youth Library,site,consolidated_matrix_2026_04_15,medium,no strong native specialist marketplace; strong bookstore layer; active general-marketplace annex; very strong library / literary / educational infrastructure,primary,bermuda::youth library
Bermuda,Caribbean,single-store used / bookstore signal,Adventist Book Centre,site,consolidated_matrix_2026_04_15,medium,no strong native specialist marketplace; strong bookstore layer; active general-marketplace annex; very strong library / literary / educational infrastructure,primary,bermuda::adventist book centre
Bermuda,Caribbean,single-store used / bookstore signal,Bermuda Bookstore,site,consolidated_matrix_2026_04_15,medium,no strong native specialist marketplace; strong bookstore layer; active general-marketplace annex; very strong library / literary / educational infrastructure,primary,bermuda::bermuda bookstore
Bermuda,Caribbean,single-store used / bookstore signal,Long Story Short,site,consolidated_matrix_2026_04_15,medium,no strong native specialist marketplace; strong bookstore layer; active general-marketplace annex; very strong library / literary / educational infrastructure,primary,bermuda::long story short
Bermuda,Caribbean,single-store used / bookstore signal,The Bookmart,site,consolidated_matrix_2026_04_15,medium,no strong native specialist marketplace; strong bookstore layer; active general-marketplace annex; very strong library / literary / educational infrastructure,primary,bermuda::the bookmart
Bhutan,South Asia,offline / fair / literacy layer,Bhutan Echoes / Drukyul’s Literature Festival,site,live_web_resolution,high,Bhutan literature-and-arts festival and year-round literary initiative.,primary,bhutan::bhutan echoes / drukyul’s literature festival
Bhutan,South Asia,offline / fair / literacy layer,CNR Online Library Catalog,site,live_web_resolution,medium,Visible university library/catalogue rail; included as supporting literacy infrastructure.,primary,bhutan::cnr online library catalog
Bhutan,South Asia,weak-fit core,Booknese,site,frontier_note_shorthand,medium,Recovered from frontier shorthand 'Booknese plus small real bookstore layer'.,primary,bhutan::booknese
Bonaire,Caribbean,annex / classifieds,generic/global classifieds only,site,consolidated_matrix_2026_04_15,medium,library-centered,primary,bonaire::generic/global classifieds only
Bonaire,Caribbean,offline / fair / literacy layer,strong public library and literacy programs,site,consolidated_matrix_2026_04_15,medium,library-centered,primary,bonaire::strong public library and literacy programs
Bonaire,Caribbean,single-store used / bookstore signal,Addo's,site,consolidated_matrix_2026_04_15,medium,library-centered,primary,bonaire::addo's
Bonaire,Caribbean,single-store used / bookstore signal,Boekhandel,site,consolidated_matrix_2026_04_15,medium,library-centered,primary,bonaire::boekhandel
Bonaire,Caribbean,single-store used / bookstore signal,Bruna,site,consolidated_matrix_2026_04_15,medium,library-centered,primary,bonaire::bruna
Botswana,Southern Africa,offline / fair / literacy layer,Gaborone Book Festival,event,web_verified_2026_04_21,high,Only existing book festival in Botswana with year-round literary platforms and annual September flagship.,supporting,botswana::gaborone_book_festival
Botswana,Southern Africa,single-store bookstore layer,Government Bookshops Botswana,public_service,web_verified_2026_04_21,high,"Government publication/bookshop network including Gaborone, Francistown, Maun, and Serowe.",supporting,botswana::government_bookshops
Botswana,Southern Africa,single-store used booksellers,Pages & Projects,site,web_verified_2026_04_21,high,Maun independent online bookstore selling new and preloved books across Botswana.,primary,botswana::pages_and_projects
Botswana,Southern Africa,weak-fit core,Macmillan Botswana Booksellers Network,directory,web_verified_2026_04_21,high,Named bookseller layer in Gaborone and beyond through Macmillan Botswana booksellers page.,supporting,botswana::macmillan_booksellers_network
Botswana,Southern Africa,weak-fit core,Textbooks Botswana,site,web_verified_2026_04_21,high,"Broad Botswana online rail for syllabus, Cambridge, revision, tertiary and reference books.",primary,botswana::textbooks_botswana
Brazil,South America,main universe,LeuVendeu,site,latest explicit Brazil cut in imported prior transcript; pass114_brazil_structured_web_check,high,Pass114 URL backfill/current evidence: LeuVendeu has public vendor pages and seller-facing navigation (Como Vender / Painel do Vendedor / Cadastro de Vendedor); retained as Brazil main-universe strict-candidate.,primary,brazil::leuvendeu
Brazil,South America,main universe,Portal dos Livreiros,site,latest explicit Brazil cut in imported prior transcript; pass114_brazil_structured_web_check,high,Pass114 URL backfill/current evidence: official portal says compre e venda; live livreiros list shows 13k+ livreiros with inventory counts. Retained as Brazil main universe.,primary,brazil::portal dos livreiros
Brazil,South America,main universe,Seboweb,site,latest explicit Brazil cut in imported prior transcript; pass114_brazil_structured_web_check,medium-high,Pass114 current evidence found active login/register surface only; retained as main-universe strict-candidate but needs public inventory/depth verification before high-confidence finalization.,primary,brazil::seboweb
Brazil,South America,weak-fit core,LeR,site,prior_transcript_explicit,high,Explicit weak-fit core in bundled prior transcript.,primary,brazil::ler
Brazil,South America,weak-fit core,Livro Livre,site,prior_transcript_explicit,high,Explicit weak-fit core in bundled prior transcript.,primary,brazil::livro livre
Brazil,South America,weak-fit core,MeLivro,site,prior_transcript_explicit,high,Explicit weak-fit core in bundled prior transcript.,primary,brazil::melivro
British Virgin Islands,Caribbean,offline / fair / literacy layer,strong library/bookmobile/lit-fest layer,site,consolidated_matrix_2026_04_15,medium,bookstores + literacy programs,primary,british virgin islands::strong library/bookmobile/lit-fest layer
British Virgin Islands,Caribbean,single-store used / bookstore signal,Heritage,site,consolidated_matrix_2026_04_15,medium,bookstores + literacy programs,primary,british virgin islands::heritage
British Virgin Islands,Caribbean,single-store used / bookstore signal,Nook,site,consolidated_matrix_2026_04_15,medium,bookstores + literacy programs,primary,british virgin islands::nook
British Virgin Islands,Caribbean,single-store used / bookstore signal,The Bookshelf,site,consolidated_matrix_2026_04_15,medium,bookstores + literacy programs,primary,british virgin islands::the bookshelf
Brunei,Southeast Asia,single-store bookstore layer,Nollybook,site,current_session_sea_2026_04_19,medium,Current-session controlled pass: also serves as weak-fit core.,secondary,brunei::nollybook
Brunei,Southeast Asia,weak-fit core,Nollybook,site,current_session_working_surface,medium,Current-session controlled pass classified Brunei as compact weak-fit.,primary,brunei::nollybook
Bulgaria,CEE/Balkans,main universe,Knizhen pazar,site,later Balkan deepening pass,high,Recovered from later Balkan deepening pass; exact rationale text was not preserved in the prior artifact surface.,primary,bulgaria::knizhen pazar
Cambodia,Southeast Asia,annex / classifieds,Khmer24 books,site,current_session_sea_2026_04_19,medium,Current-session controlled pass.,primary,cambodia::khmer24 books
Cambodia,Southeast Asia,single-store bookstore layer,International Book Center (IBC),site,current_session_sea_2026_04_19,medium,Current-session controlled pass.,secondary,cambodia::international book center (ibc)
Cambodia,Southeast Asia,single-store bookstore layer,Kinokuniya via AEON Mall Plus,site,current_session_sea_2026_04_19,medium,Current-session controlled pass.,primary,cambodia::kinokuniya via aeon mall plus
Cambodia,Southeast Asia,single-store bookstore layer,Peace Book Center,site,current_session_sea_2026_04_19,medium,Current-session controlled pass.,secondary,cambodia::peace book center
Cambodia,Southeast Asia,single-store used booksellers,Phnom Penh Used Books,site,current_session_sea_2026_04_19,medium,Current-session controlled pass.,primary,cambodia::phnom penh used books
Cambodia,Southeast Asia,weak-fit core,International Book Center (IBC),site,current_session_working_surface,medium,Current-session controlled pass classified Cambodia as compact weak-fit.,primary,cambodia::international book center (ibc)
Cambodia,Southeast Asia,weak-fit core,Peace Book Center,site,current_session_working_surface,medium,Current-session controlled pass classified Cambodia as compact weak-fit.,primary,cambodia::peace book center
Cayman Islands,Caribbean,annex / classifieds,ListCayman,site,consolidated_matrix_2026_04_15,medium,"strong overall book infrastructure, weak marketplace depth",primary,cayman islands::listcayman
Cayman Islands,Caribbean,annex / classifieds,eCayTrade,site,consolidated_matrix_2026_04_15,medium,"strong overall book infrastructure, weak marketplace depth",primary,cayman islands::ecaytrade
Cayman Islands,Caribbean,offline / fair / literacy layer,strong library/book-fair/literacy layer,site,consolidated_matrix_2026_04_15,medium,"strong overall book infrastructure, weak marketplace depth",primary,cayman islands::strong library/book-fair/literacy layer
Cayman Islands,Caribbean,single-store used / bookstore signal,Book Nook,site,consolidated_matrix_2026_04_15,medium,"strong overall book infrastructure, weak marketplace depth",primary,cayman islands::book nook
Cayman Islands,Caribbean,single-store used / bookstore signal,Next Chapter,site,consolidated_matrix_2026_04_15,medium,"strong overall book infrastructure, weak marketplace depth",primary,cayman islands::next chapter
Chile,South America,main universe,Buscalibre Chile,site,latest explicit Chile cut in imported prior transcript,high,Recovered from latest explicit Chile cut in imported prior transcript; exact rationale text was not preserved in the prior artifact surface.,primary,chile::buscalibre chile
Chile,South America,main universe,LibroLibre,site,latest explicit Chile cut in imported prior transcript,high,Recovered from latest explicit Chile cut in imported prior transcript; exact rationale text was not preserved in the prior artifact surface.,primary,chile::librolibre
Chile,South America,main universe,Matchbook,site,latest explicit Chile cut in imported prior transcript,high,Recovered from latest explicit Chile cut in imported prior transcript; exact rationale text was not preserved in the prior artifact surface.,primary,chile::matchbook
Chile,South America,main universe,Prolibro / Marketplace del Libro,site,latest explicit Chile cut in imported prior transcript,high,Recovered from latest explicit Chile cut in imported prior transcript; exact rationale text was not preserved in the prior artifact surface.,primary,chile::prolibro / marketplace del libro
Chile,South America,weak-fit core,WeBook,site,prior_transcript_explicit,high,Explicit weak-fit core in bundled prior transcript.,primary,chile::webook
China (mainland),East Asia,annex / classifieds,闲鱼,site,pass115_china_mainland_strict_recommerce_web_check,high,Pass115 reaffirmation. Major horizontal second-hand marketplace with book spillover; important annex texture but not book-first strict main universe.,primary,china (mainland)::闲鱼
China (mainland),East Asia,main universe,孔夫子旧书网,site,east asia china mainland pass1,high,"Exceptionally strong specialist used-book / antiquarian rail with explicit书店区、书摊区、新书、在线拍卖 surfaces and dense category depth. Important enough to treat as a top-tier mainland spine, not merely a side annex.",primary,china (mainland)::孔夫子旧书网
China (mainland),East Asia,weak-fit core,当当图书 / 当当网,site,pass115_china_mainland_strict_recommerce_web_check,medium,"Pass115 reclassification. Dedicated national online-book retail rail, but current public evidence supports ordinary new/retail book ecommerce rather than used-book marketplace/recommerce mechanics. Kept as book-market infrastructure shadow, not strict main universe.",primary,china (mainland)::当当图书-当当网
China (mainland),East Asia,weak-fit core,新华书店网上商城,site,pass115_china_mainland_strict_recommerce_web_check,medium,"Pass115 reclassification. National chain-linked online bookstore/ecommerce rail with正版/new-book positioning; retained as major book-market infrastructure shadow, not strict used-book/recommerce main universe unless resale mechanics surface.",primary,china (mainland)::新华书店网上商城
China (mainland),East Asia,offline / fair / literacy layer,北京国际图书博览会（BIBF）,site,east asia china mainland pass1,high,"Major national/international publishing and reading institution. Official Beijing-government event listing for the 32nd BIBF shows 1,600 exhibitors from 71 countries/regions, 220,000 books, and dedicated domestic/overseas/network-publishing exhibition zones.",primary,china (mainland)::北京国际图书博览会-bibf
China (mainland),East Asia,used-book signal (territory note),Very strong specialist used-book signal via Kongfz; broader horizontal resale spillover now confirmed via Xianyu but remains secondary to the specialist spine,territory_note,east asia china mainland pass1,high,"Pass 2 closure view: mainland China has a dominant specialist used-book spine through Kongfz, and the broader horizontal second-hand spillover beyond that spine is now concretely confirmed through Xianyu. That secondary spillover is real but still weaker and less book-specific than Kongfz.",primary,china (mainland)::used-book-signal
China (mainland),East Asia,weak-fit core,京东图书自营旗舰店,site,pass115_china_mainland_strict_recommerce_web_check,medium,Pass115 reaffirmation. JD self-run book storefront is a book retail shadow rail; not strict used-book/recommerce main universe absent seller-facing used-book marketplace evidence.,primary,china (mainland)::京东图书自营旗舰店
China (mainland),East Asia,weak-fit core,京东读书 / JDRead,site,east asia china mainland pass1,medium,"Meaningful digital reading rail with 京东读书VIP, 在线阅读, a dedicated书城 surface, and visible paid ebook merchandising. Kept below main universe because this pass only anchored the digital layer and did not yet map broader print-book spillover through JD.",primary,china (mainland)::京东读书-jdread
China (mainland),East Asia,weak-fit core,博库网,site,east asia china mainland pass1,medium,"Large book-forward online bookseller with 图书频道, publisher-direct sourcing, pickup, shop-opening, and distribution-service signals. Meaningful retail rail, but not yet promoted into the top tier on pass 1.",primary,china (mainland)::博库网
China (mainland),East Asia,weak-fit core,微信读书,site,east asia china mainland pass1,high,"Major digital reading platform with official purchase/reading/sharing functionality, large visible category counts, ranking surfaces, and formal content/cooperation infrastructure. Strong digital book rail, but still a digital-specialist lane rather than full territory-dominating marketplace proof by itself.",primary,china (mainland)::微信读书
China (mainland),East Asia,weak-fit core,掌阅 iReader,site,east asia china mainland pass1,medium,Large-scale mobile reading platform with broad format support and very large installed-user claims; useful as digital shadow depth. Kept in weak-fit core because pass 1 did not establish it as a decisive paper-book marketplace rail.,primary,china (mainland)::掌阅-ireader
China (mainland),East Asia,weak-fit core,豆瓣阅读,site,east asia china mainland pass1,medium,"Established digital-book rail with explicit ebook cataloging, category depth, purchase/download mechanics, and member-book infrastructure. Important reading-commerce layer, but not enough alone to define the mainland spine.",primary,china (mainland)::豆瓣阅读
Colombia,South America,main universe,Buscalibre Colombia,site,latest explicit Colombia cut in imported prior transcript,high,Recovered from latest explicit Colombia cut in imported prior transcript; exact rationale text was not preserved in the prior artifact surface.,primary,colombia::buscalibre colombia
Colombia,South America,main universe,DropBooks,site,latest explicit Colombia cut in imported prior transcript,high,Recovered from latest explicit Colombia cut in imported prior transcript; exact rationale text was not preserved in the prior artifact surface.,primary,colombia::dropbooks
Colombia,South America,main universe,MercadoLibro Colombia,site,latest explicit Colombia cut in imported prior transcript,high,Recovered from latest explicit Colombia cut in imported prior transcript; exact rationale text was not preserved in the prior artifact surface.,primary,colombia::mercadolibro colombia
Costa Rica,Central America,annex / classifieds,Mercado Libre CR,site,consolidated_matrix_2026_04_15,medium,"thin platform, stronger store/fair layer",primary,costa rica::mercado libre cr
Costa Rica,Central America,main universe,Buscalibre Costa Rica,site,latest explicit Costa Rica cut in imported prior transcript,high,Coverage matrix shorthand used Buscalibre CR.,primary,costa rica::buscalibre costa rica
Costa Rica,Central America,offline / fair / literacy layer,recurring used-book fairs,site,consolidated_matrix_2026_04_15,medium,"thin platform, stronger store/fair layer",primary,costa rica::recurring used-book fairs
Costa Rica,Central America,single-store used / bookstore signal,real used-book store layer,site,consolidated_matrix_2026_04_15,medium,"thin platform, stronger store/fair layer",primary,costa rica::real used-book store layer
Costa Rica,Central America,weak-fit core,Compartir Libros,site,country_coverage_matrix,high,Explicit weak-fit core in checkpoint matrix.,primary,costa rica::compartir libros
Costa Rica,Central America,weak-fit core,Libros en Costa Rica,site,country_coverage_matrix,high,Explicit weak-fit core in checkpoint matrix.,primary,costa rica::libros en costa rica
Croatia,CEE/Balkans,weak-fit core,Hoću knjigu,site,raw_continuation_transcript,high,Explicit weak-fit core in raw continuation transcript.,primary,croatia::hoću knjigu
Croatia,CEE/Balkans,weak-fit core,Znanje,site,raw_continuation_transcript,high,Explicit weak-fit core in raw continuation transcript.,primary,croatia::znanje
Cuba,Caribbean,annex / classifieds,Qubazar,site,consolidated_matrix_2026_04_15,medium,"high institutional infrastructure, low open-marketplace depth",primary,cuba::qubazar
Cuba,Caribbean,annex / classifieds,Revolico,site,consolidated_matrix_2026_04_15,medium,"high institutional infrastructure, low open-marketplace depth",primary,cuba::revolico
Cuba,Caribbean,offline / fair / literacy layer,Havana Book Fair,site,consolidated_matrix_2026_04_15,medium,"high institutional infrastructure, low open-marketplace depth",primary,cuba::havana book fair
Cuba,Caribbean,offline / fair / literacy layer,state network,site,consolidated_matrix_2026_04_15,medium,"high institutional infrastructure, low open-marketplace depth",primary,cuba::state network
Cuba,Caribbean,weak-fit core,ICL / DNL / Libro Cubano state system,site,country_coverage_matrix,medium,System-level weak-fit rail rather than a single commercial marketplace.,primary,cuba::icl / dnl / libro cubano state system
Curaçao,Caribbean,annex / classifieds,BambaAd,site,consolidated_matrix_2026_04_15,medium,bookstore / library / festival heavy,primary,curaçao::bambaad
Curaçao,Caribbean,annex / classifieds,Bon Merkado,site,consolidated_matrix_2026_04_15,medium,bookstore / library / festival heavy,primary,curaçao::bon merkado
Curaçao,Caribbean,offline / fair / literacy layer,library + Wintertuin + festivals,site,consolidated_matrix_2026_04_15,medium,bookstore / library / festival heavy,primary,curaçao::library + wintertuin + festivals
Curaçao,Caribbean,single-store used / bookstore signal,Bruna,site,consolidated_matrix_2026_04_15,medium,bookstore / library / festival heavy,primary,curaçao::bruna
Curaçao,Caribbean,single-store used / bookstore signal,Hirsch & Reich used books,site,consolidated_matrix_2026_04_15,medium,bookstore / library / festival heavy,primary,curaçao::hirsch & reich used books
Curaçao,Caribbean,weak-fit core,Bright World Park,site,country_coverage_matrix,medium,Lightly verified weak-fit entry in checkpoint matrix.,primary,curaçao::bright world park
Cyprus,Greece-Cyprus-Turkey,offline / fair / literacy layer,READ Digital Library,site,live_web_resolution,high,Cyprus digital library / digital-bookstore literacy infrastructure.,primary,cyprus::read digital library
Cyprus,Greece-Cyprus-Turkey,single-store bookstore layer,SREDA Books,site,live_web_resolution,high,Independent multilingual bookstore in Larnaca; bookstore-layer anchor.,primary,cyprus::sreda books
Cyprus,Greece-Cyprus-Turkey,weak-fit core,Moufflon Bookshop,site,web_resolved_2026_04_19,high,"Resolved from live web evidence: major Cyprus-focused bookshop with new, used, rare, out-of-print stock.",primary,cyprus::moufflon bookshop
Cyprus,Greece-Cyprus-Turkey,weak-fit core,Soloneion,site,web_resolved_2026_04_19,medium,Resolved from live web evidence: broad Cyprus online bookstore/catalogue rail.,primary,cyprus::soloneion
Czechia,Baltics/CEE,main universe,TrhKnih,site,later CEE deepening pass,high,Recovered from later CEE deepening pass; exact rationale text was not preserved in the prior artifact surface.,primary,czechia::trhknih
Czechia,Baltics/CEE,weak-fit core,Knihobot,site,raw_continuation_transcript,high,Explicit weak-fit core in raw continuation transcript.,primary,czechia::knihobot
Dominica,Caribbean,annex / classifieds,Dominica Classified,site,consolidated_matrix_2026_04_15,medium,library/festival heavy,primary,dominica::dominica classified
Dominica,Caribbean,offline / fair / literacy layer,Nature Island Literary Festival,site,consolidated_matrix_2026_04_15,medium,library/festival heavy,primary,dominica::nature island literary festival
Dominica,Caribbean,single-store used / bookstore signal,tiny bookstore layer,site,consolidated_matrix_2026_04_15,medium,library/festival heavy,primary,dominica::tiny bookstore layer
Dominican Republic,Caribbean,annex / classifieds,Corotos,site,consolidated_matrix_2026_04_15,medium,modest platform layer,primary,dominican republic::corotos
Dominican Republic,Caribbean,annex / classifieds,Mercado Libre RD,site,consolidated_matrix_2026_04_15,medium,modest platform layer,primary,dominican republic::mercado libre rd
Dominican Republic,Caribbean,main universe,Buscalibre DR,site,coverage matrix main-universe column,high,Exact site recovered from compact coverage matrix rather than fuller transcript cut.,primary,dominican republic::buscalibre dr
Dominican Republic,Caribbean,offline / fair / literacy layer,exchange events,site,consolidated_matrix_2026_04_15,medium,modest platform layer,primary,dominican republic::exchange events
Dominican Republic,Caribbean,offline / fair / literacy layer,rare-book fair,site,consolidated_matrix_2026_04_15,medium,modest platform layer,primary,dominican republic::rare-book fair
Dominican Republic,Caribbean,single-store used / bookstore signal,modest single-seller layer,site,consolidated_matrix_2026_04_15,medium,modest platform layer,primary,dominican republic::modest single-seller layer
Dominican Republic,Caribbean,weak-fit core,Intercambia Libros RD,site,country_coverage_matrix,high,Explicit weak-fit core in checkpoint matrix.,primary,dominican republic::intercambia libros rd
Dominican Republic,Caribbean,weak-fit core,SDQ Lee,site,country_coverage_matrix,high,Explicit weak-fit core in checkpoint matrix.,primary,dominican republic::sdq lee
Ecuador,South America,main universe,Buscalibre Ecuador,site,latest explicit Ecuador cut in imported prior transcript,high,Recovered from latest explicit Ecuador cut in imported prior transcript; exact rationale text was not preserved in the prior artifact surface.,primary,ecuador::buscalibre ecuador
Egypt,North Africa / Maghreb,annex / classifieds,OpenSooq Egypt — Books,marketplace,web_verified_2026_04_21,high,"Broad horizontal books-market spillover with new, used, and rare books listings.",supporting,egypt::opensooq_books
Egypt,North Africa / Maghreb,main universe,AUC Bookstores Egypt,site,web_verified_2026_04_21,high,Wide English-language bookstore rail with ecommerce/shipping and book-fair participation.,primary,egypt::auc_bookstores_egypt
Egypt,North Africa / Maghreb,main universe,Diwan,site,web_verified_2026_04_21,high,Leading Egyptian bookseller with Arabic and English books plus events.,primary,egypt::diwan
Egypt,North Africa / Maghreb,main universe,Shorouk Bookstores,site,web_verified_2026_04_21,high,"Large Egypt bookselling rail with Arabic, English, children, and events surfaces.",primary,egypt::shorouk_bookstores
Egypt,North Africa / Maghreb,offline / fair / literacy layer,Cairo International Book Fair 2026,event,web_verified_2026_04_21,high,Major current national literary-fair infrastructure.,supporting,egypt::cibf_2026
Egypt,North Africa / Maghreb,single-store used booksellers,Bookworm Egypt,site,web_verified_2026_04_21,high,Online bookstore for original new and used books with trade-in / old-book exchange seam.,primary,egypt::bookworm_egypt
Egypt,North Africa / Maghreb,single-store used booksellers,The BookSpot,site,web_verified_2026_04_21,high,Started as a used-book store; now sells new and used English books with delivery anywhere in Egypt.,primary,egypt::the_bookspot
Egypt,North Africa / Maghreb,weak-fit core,Nahdet Misr,site,web_verified_2026_04_21,high,Large Egyptian publishing/distribution-learning group; adds depth beyond bookstores alone.,supporting,egypt::nahdet_misr
El Salvador,Central America,annex / classifieds,Mercado Libre SV,site,consolidated_matrix_2026_04_15,medium,fair/shop ecology,primary,el salvador::mercado libre sv
El Salvador,Central America,offline / fair / literacy layer,FENAL and related fairs,site,consolidated_matrix_2026_04_15,medium,fair/shop ecology,primary,el salvador::fenal and related fairs
El Salvador,Central America,single-store used / bookstore signal,central San Salvador used-book sellers,site,consolidated_matrix_2026_04_15,medium,fair/shop ecology,primary,el salvador::central san salvador used-book sellers
El Salvador,Central America,weak-fit core,Buscalibre SV,site,country_coverage_matrix,high,Explicit weak-fit core in checkpoint matrix.,primary,el salvador::buscalibre sv
Estonia,Baltics/CEE,weak-fit core,Raamatukoi,site,raw_continuation_transcript,high,Explicit weak-fit core in raw continuation transcript.,primary,estonia::raamatukoi
Estonia,Baltics/CEE,weak-fit core,Raamatuvahetus / Bookswap,site,raw_continuation_transcript,medium,Explicit but described as dormant/thin.,primary,estonia::raamatuvahetus / bookswap
Eswatini,Southern Africa,offline / fair / literacy layer,Macmillan Education Eswatini World Book and Copyright Day,event,web_verified_2026_04_21,high,Current public literary-rights and book-culture event hosted by Macmillan Education Eswatini.,supporting,eswatini::world_book_day_macmillan
Eswatini,Southern Africa,single-store bookstore layer,Webster's Bookstore,bookstore,web_verified_2026_04_21,high,Named Mbabane bookstore in the current Macmillan bookseller directory.,supporting,eswatini::websters_bookstore
Eswatini,Southern Africa,weak-fit core,Macmillan Education Eswatini,site,web_verified_2026_04_21,high,"Live Eswatini educational publisher-bookseller rail with e-commerce, events, and school-facing activity.",primary,eswatini::macmillan_education_eswatini
Eswatini,Southern Africa,weak-fit core,Macmillan Eswatini Booksellers Network,directory,web_verified_2026_04_21,high,"Broad Eswatini bookseller directory spanning Mbabane, Manzini, Matsapha, Nhlangano, Big Bend and beyond.",supporting,eswatini::macmillan_eswatini_booksellers_network
Finland,Nordics,weak-fit core,Finlandia Kirja,site,raw_continuation_transcript,high,Explicit weak-fit core in raw continuation transcript.,primary,finland::finlandia kirja
Finland,Nordics,weak-fit core,Jamera,site,raw_continuation_transcript,high,Explicit weak-fit core in raw continuation transcript.,primary,finland::jamera
Finland,Nordics,weak-fit core,Suomalainen Kirjakauppa,site,raw_continuation_transcript,high,Explicit weak-fit core in raw continuation transcript.,primary,finland::suomalainen kirjakauppa
Georgia,Caucasus,weak-fit core,Biblusi,site,frontier_note_shorthand,medium,Recovered from frontier shorthand 'Biblusi-led bookstore depth'.,primary,georgia::biblusi
Germany,DACH,annex / classifieds,Broad general-resale rails (secondary to book-first platforms),site,dach_matrix_2026_04_16,high,"Marketplace-deep, full-stack book territory with multiple book-first anchors and major institutional depth.",primary,germany::broad general-resale rails (secondary to book-first platforms)
Germany,DACH,main universe,ZVAB,book_specific_antiquarian_professional_seller_marketplace,runtime_gap_bridge_web_2026_05_03_pass138_germany_hardening,high,"Reverified as strict-main: ZVAB is a German-language online marketplace for used/antiquarian/out-of-print books from independent antiquariats, with millions of used books and explicit professional seller/tariff mechanics.",primary,germany::zvab
Germany,DACH,main universe,booklooker,book_specific_c2c_and_dealer_used_book_marketplace,runtime_gap_bridge_web_2026_05_03_pass138_germany_hardening,high,"Reverified as high strict-main: booklooker is a Germany-based marketplace for used/antiquarian books; anyone can sell used/antiquarian items, buyer/seller transact directly, there are 4.1M registered users, seller ratings, free listings and sale commission.",primary,germany::booklooker
Germany,DACH,offline / fair / literacy layer,Deutsche Nationalbibliothek,site,dach_matrix_2026_04_16,high,"Marketplace-deep, full-stack book territory with multiple book-first anchors and major institutional depth.",primary,germany::deutsche nationalbibliothek
Germany,DACH,offline / fair / literacy layer,Frankfurt Book Fair,site,dach_matrix_2026_04_16,high,"Marketplace-deep, full-stack book territory with multiple book-first anchors and major institutional depth.",primary,germany::frankfurt book fair
Germany,DACH,offline / fair / literacy layer,Leipzig Book Fair,site,dach_matrix_2026_04_16,high,"Marketplace-deep, full-stack book territory with multiple book-first anchors and major institutional depth.",primary,germany::leipzig book fair
Germany,DACH,weak-fit core,Hugendubel / Zeercle BookCycling,national_book_retailer_used_book_buyback_partner,runtime_gap_bridge_web_2026_05_03_pass138_germany_hardening,medium-high,"Reclassified from bookstore layer to weak-fit used-book reuse rail: Hugendubel/Zeercle supports selling used books through app/site scanning and receiving a Zeercle/Hugendubel voucher, but this is partner/operator buyback rather than open marketplace infrastructure.",primary,germany::hugendubel
Germany,DACH,single-store bookstore layer,dense national bookselling network,site,dach_matrix_2026_04_16,high,"Marketplace-deep, full-stack book territory with multiple book-first anchors and major institutional depth.",primary,germany::dense national bookselling network
Germany,DACH,used-book signal (territory note),Very strong,territory_note,dach_matrix_2026_04_16,medium,"Marketplace-deep, full-stack book territory with multiple book-first anchors and major institutional depth.",primary,germany::very strong
Germany,DACH,weak-fit core,medimops,operator_managed_secondhand_book_storefront,runtime_gap_bridge_web_2026_05_03_pass138_germany_hardening,high,"Reverified as weak-fit core: medimops is a major operator-managed secondhand book storefront with hundreds of thousands of used English books and quality-checked stock, but not an open third-party marketplace.",primary,germany::medimops
Germany,DACH,weak-fit core,medimops (large specialist used-book reseller),site,dach_matrix_2026_04_16,high,"Marketplace-deep, full-stack book territory with multiple book-first anchors and major institutional depth.",primary,germany::medimops (large specialist used-book reseller)
Gibraltar,Iberia,annex / classifieds,GiBoard,site,iberia_matrix_2026_04_15,high,"Real book infrastructure, but not marketplace-deep.",primary,gibraltar::giboard
Gibraltar,Iberia,annex / classifieds,GibMarket,site,iberia_matrix_2026_04_15,high,"Real book infrastructure, but not marketplace-deep.",primary,gibraltar::gibmarket
Gibraltar,Iberia,offline / fair / literacy layer,Garrison Library,site,iberia_matrix_2026_04_15,high,"Real book infrastructure, but not marketplace-deep.",primary,gibraltar::garrison library
Gibraltar,Iberia,offline / fair / literacy layer,Gibraltar Literary Festival,site,iberia_matrix_2026_04_15,high,"Real book infrastructure, but not marketplace-deep.",primary,gibraltar::gibraltar literary festival
Gibraltar,Iberia,offline / fair / literacy layer,John Mackintosh Hall Library,site,iberia_matrix_2026_04_15,high,"Real book infrastructure, but not marketplace-deep.",primary,gibraltar::john mackintosh hall library
Gibraltar,Iberia,single-store bookstore layer,BOOKgem,site,iberia_matrix_2026_04_15,high,"Real book infrastructure, but not marketplace-deep.",primary,gibraltar::bookgem
Gibraltar,Iberia,single-store bookstore layer,Cornerstone Bookshop,site,iberia_matrix_2026_04_15,high,"Real book infrastructure, but not marketplace-deep.",primary,gibraltar::cornerstone bookshop
Greece,Greece-Cyprus-Turkey,main universe,metabook,site,frontier ledger notes,high,Also summarized in reconstructed transcript bundle.,primary,greece::metabook
Grenada,Caribbean,annex / classifieds,BambaAd,site,consolidated_matrix_2026_04_15,medium,store/event ecosystem,primary,grenada::bambaad
Grenada,Caribbean,annex / classifieds,SpiceClassifieds,site,consolidated_matrix_2026_04_15,medium,store/event ecosystem,primary,grenada::spiceclassifieds
Grenada,Caribbean,offline / fair / literacy layer,Logos Hope,site,consolidated_matrix_2026_04_15,medium,store/event ecosystem,primary,grenada::logos hope
Grenada,Caribbean,offline / fair / literacy layer,book festival,site,consolidated_matrix_2026_04_15,medium,store/event ecosystem,primary,grenada::book festival
Grenada,Caribbean,single-store used / bookstore signal,small bookstore / SGU layer,site,consolidated_matrix_2026_04_15,medium,store/event ecosystem,primary,grenada::small bookstore / sgu layer
Guadeloupe,Caribbean,annex / classifieds,BambaAd,site,consolidated_matrix_2026_04_15,medium,"high book infrastructure, weak marketplace depth",primary,guadeloupe::bambaad
Guadeloupe,Caribbean,offline / fair / literacy layer,strong departmental library and festival layer,site,consolidated_matrix_2026_04_15,medium,"high book infrastructure, weak marketplace depth",primary,guadeloupe::strong departmental library and festival layer
Guadeloupe,Caribbean,single-store used / bookstore signal,thin used layer,site,consolidated_matrix_2026_04_15,medium,"high book infrastructure, weak marketplace depth",primary,guadeloupe::thin used layer
Guatemala,Central America,annex / classifieds,Mercado Libre GT,site,consolidated_matrix_2026_04_15,medium,stronger shops/fairs than platforms,primary,guatemala::mercado libre gt
Guatemala,Central America,offline / fair / literacy layer,strong fair layer,site,consolidated_matrix_2026_04_15,medium,stronger shops/fairs than platforms,primary,guatemala::strong fair layer
Guatemala,Central America,single-store used / bookstore signal,strong Zona 1 / Centro Histórico layer,site,consolidated_matrix_2026_04_15,medium,stronger shops/fairs than platforms,primary,guatemala::strong zona 1 / centro histórico layer
Haiti,Caribbean,annex / classifieds,CityToo Haïti,site,consolidated_matrix_2026_04_15,medium,bookstore + online retail + fair/public-reading system,primary,haiti::citytoo haïti
Haiti,Caribbean,offline / fair / literacy layer,BNH,site,consolidated_matrix_2026_04_15,medium,bookstore + online retail + fair/public-reading system,primary,haiti::bnh
Haiti,Caribbean,offline / fair / literacy layer,DNL,site,consolidated_matrix_2026_04_15,medium,bookstore + online retail + fair/public-reading system,primary,haiti::dnl
Haiti,Caribbean,offline / fair / literacy layer,Livres en Folie,site,consolidated_matrix_2026_04_15,medium,bookstore + online retail + fair/public-reading system,primary,haiti::livres en folie
Haiti,Caribbean,weak-fit core,HT Livres,site,country_coverage_matrix,high,Explicit weak-fit core in checkpoint matrix.,primary,haiti::ht livres
Haiti,Caribbean,weak-fit core,Librairie Numérilab,site,country_coverage_matrix,high,Explicit weak-fit core in checkpoint matrix.,primary,haiti::librairie numérilab
Honduras,Central America,annex / classifieds,Mercado Libre HN,site,consolidated_matrix_2026_04_15,medium,"stalls/fairs, weak platforms",primary,honduras::mercado libre hn
Honduras,Central America,offline / fair / literacy layer,Feria del Libro en el Redondel,site,consolidated_matrix_2026_04_15,medium,"stalls/fairs, weak platforms",primary,honduras::feria del libro en el redondel
Honduras,Central America,single-store used / bookstore signal,stalls + indie booksellers,site,consolidated_matrix_2026_04_15,medium,"stalls/fairs, weak platforms",primary,honduras::stalls + indie booksellers
Hong Kong,East Asia,annex / classifieds,Carousell Hong Kong — 書本 & 文具,horizontal_classifieds_book_category,runtime_gap_bridge_web_2026_05_03_pass139_hong_kong_hardening,high,"Reverified as high annex/classifieds. Carousell Hong Kong has active book/children-book listing surfaces and direct seller-chat mechanics, but it is horizontal resale/classifieds, not a book-specific strict-main platform.",primary,hong kong::carousell hong kong 書本 & 文具
Hong Kong,East Asia,main universe,一本 MyBookOne,dominant_local_online_bookstore_platform,runtime_gap_bridge_web_2026_05_03_pass139_hong_kong_hardening,high,"Reverified as the dominant Hong Kong online-book spine. Official/search-visible copy calls MyBookOne Hong Kong’s largest online bookstore, with Chinese/English titles, membership discounts, shop pickup and courier delivery; kept as main-universe book rail but not used/recommerce-specific.",primary,hong kong::一本 mybookone
Hong Kong,East Asia,offline / fair / literacy layer,HKTDC Hong Kong Book Fair,major_book_fair_cultural_infrastructure,runtime_gap_bridge_web_2026_05_03_pass139_hong_kong_hardening,high,"Retained as high offline/fair/literacy layer. It is a major annual Hong Kong book-market institution, but not online recommerce infrastructure.",primary,hong kong::hktdc hong kong book fair
Hong Kong,East Asia,single-store used booksellers,reBooked HK,operator_managed_preloved_childrens_bookshop_online_and_store,runtime_gap_bridge_web_2026_05_03_pass139_hong_kong_hardening,high,"Reverified as high single-store/operator-managed used-book signal. reBooked is Hong Kong’s largest/preferred secondhand English-language children’s bookshop with online shop, retail store, donation intake and store-credit mechanics; not an open multi-seller marketplace.",primary,hong kong::rebooked hk
Hong Kong,East Asia,weak-fit core,Bookazine,local_independent_bookshop_chain_online_store,runtime_gap_bridge_web_2026_05_03_pass139_hong_kong_hardening,high,"Reverified as strong weak-fit book-forward infrastructure: Hong Kong independent English-language bookstore chain, established 1985, with current online store, account/cart and city retail network; not used-book recommerce.",primary,hong kong::bookazine
Hong Kong,East Asia,weak-fit core,中華書局網上書店,publisher_chain_online_bookstore,runtime_gap_bridge_web_2026_05_03_pass139_hong_kong_hardening,high,Retained as high weak-fit publisher-chain online bookstore. It remains important Hong Kong book-forward infrastructure below the strict used/recommerce threshold.,primary,hong kong::中華書局網上書店
Hong Kong,East Asia,weak-fit core,香港三聯書店 / Joint Publishing HK,publisher_chain_online_bookstore,runtime_gap_bridge_web_2026_05_03_pass139_hong_kong_hardening,high,"Retained as high weak-fit publisher/bookseller online rail. Important Hong Kong book-commerce infrastructure, but not used-book marketplace or recommerce proof.",primary,hong kong::香港三聯書店 / joint publishing hk
Hungary,CEE/Balkans,weak-fit core,Bookline,site,raw_continuation_transcript,high,Explicit weak-fit core in raw continuation transcript.,primary,hungary::bookline
Hungary,CEE/Balkans,weak-fit core,Líra,site,raw_continuation_transcript,high,Explicit weak-fit core in raw continuation transcript.,primary,hungary::líra
India,South Asia,annex / classifieds,Amazon.in,site,India refinement summary; runtime_gap_bridge_web_2026_04_25_india_pass71_dedicated_sprint_governance_correction,high,"Pass71 governance correction: inherited pass70 Amazon.in row retained as horizontal marketplace/used-book category evidence, but not counted as strict India main universe under the South America-style boundary.",supporting,india::amazon.in
Indonesia,Southeast Asia,weak-fit core,Bukukita,site,frontier_note_shorthand,medium,Recovered from frontier shorthand 'Gramedia/Bukukita core'.,primary,indonesia::bukukita
Indonesia,Southeast Asia,weak-fit core,Gramedia,site,frontier_note_shorthand,medium,Recovered from frontier shorthand 'Gramedia/Bukukita core'.,primary,indonesia::gramedia
Iraq,Levant / Mashriq,annex / classifieds,OpenSooq Iraq — books,site,classifieds_marketplace_remote_verified,high,"Live Iraq books listings visible across Baghdad, Basra, Duhok, Karbala, and other cities, confirming broad horizontal second-hand spillover beyond dedicated bookstore rails.",supporting,iraq::opensooq_iraq_books
Iraq,Levant / Mashriq,main universe,Dar al-Kutub al-Ilmiyya — Baghdad,site,official_site_remote_verified,high,"Baghdad Mutanabbi Street publishing, printing, distribution, and retail house with broad subject taxonomy, agency links, and explicit books-distribution services.",primary,iraq::dar_al_kutub_al_ilmiyya_baghdad
Iraq,Levant / Mashriq,main universe,Kitabi Iraq,site,official_site_remote_verified,medium,"Live Iraq-facing online bookstore branded for Iraqi, Arabic, and global books with active storefront pages.",secondary,iraq::kitabi_iraq
Iraq,Levant / Mashriq,main universe,Mutanabi Shop / متجر شارع المتنبي,site,official_site_remote_verified,high,"Mutanabbi Street online commerce layer with broad book categories, rare-book request flow, publisher/distributor ties, and explicit Iraq-wide ordering/delivery language.",primary,iraq::mutanabi_shop
Iraq,Levant / Mashriq,offline / fair / literacy layer,Baghdad International Book Fair,fair,official_news_remote_verified,high,2025 Baghdad International Book Fair ran September 10–21 at the Baghdad International Fairgrounds with strong official/university participation and broad local/international publisher presence.,supporting,iraq::baghdad_international_book_fair
Iraq,Levant / Mashriq,offline / fair / literacy layer,Erbil International Book Fair,fair,official_event_remote_verified,high,"Major annual Erbil fair with 2025 and 2026 editions clearly documented, reinforcing Iraq’s multi-node literary infrastructure beyond Baghdad.",supporting,iraq::erbil_international_book_fair
Iraq,Levant / Mashriq,weak-fit core,LIRE Bookstore,site,official_site_remote_verified,high,"English/university-books rail with fast delivery across Iraq, cash on delivery, and strong linguistics/academic/import specialization.",secondary,iraq::lire_bookstore
Iraq,Levant / Mashriq,weak-fit core,Royal Store IQ,site,official_site_remote_verified,high,Iraq-wide imported English-books ecommerce rail with fast delivery and cash-on-delivery language.,secondary,iraq::royal_store_iq
Israel,Levant / Mashriq,main universe,Findabook.co.il,site,specialist_used_marketplace_remote_verified,high,"Israel-wide used-books marketplace with nearly 200,000 books listed, 13,000+ wanted-book requests, and hundreds of active sellers. | Pass57 hardening: Promoted: site says users buy/sell used and rare books online, has over 100k books, seller flows and charging over the 101st listed book.",supporting,israel::findabook
Israel,Levant / Mashriq,main universe,Steimatzky,site,official_company_page_remote_verified,high,"National books-and-culture chain founded in 1925 with a live online bookstore, countrywide branches, annual Hebrew Book Week fairs, and digital-reading infrastructure.",primary,israel::steimatzky
Israel,Levant / Mashriq,main universe,Tzomet Sfarim / Booknet,site,ecommerce_site_remote_verified,high,Major nationwide online books rail with thousands of English-book listings and dedicated Book Month / Hebrew Book Week activity across branches and fairs.,primary,israel::tzomet_sfarim_booknet
Israel,Levant / Mashriq,main universe,עברית / e-vrit,site,digital_book_platform_remote_verified,high,"Large Hebrew digital-books platform with ebooks, BitBooks audio, digital public-library functionality, gift vouchers, and active 2026 merchandising.",primary,israel::e_vrit
Israel,Levant / Mashriq,offline / fair / literacy layer,Hebrew Book Week / Book Month 2026,fair,bookseller_event_page_remote_verified,medium,"2026 Book Month / Hebrew Book Week programming across Tzomet Sfarim branches and fairs shows active nationwide literary-event infrastructure, albeit security-contingent.",supporting,israel::hebrew_book_week_2026
Israel,Levant / Mashriq,offline / fair / literacy layer,Jerusalem International Book Forum,fair,official_event_remote_verified,high,"Long-running Jerusalem publishing-professional forum/book-fair structure with a scheduled 2025 program, even after the larger 2025 fair format was curtailed.",supporting,israel::jerusalem_international_book_forum
Israel,Levant / Mashriq,single-store bookstore layer,Pomeranz Bookseller,site,official_site_remote_verified,high,"Jerusalem specialist English/Judaica bookstore with secure payments, home delivery, gift registry, and a strong expatriate/religious-books niche.",supporting,israel::pomeranz_bookseller
Israel,Levant / Mashriq,single-store used / bookstore signal,Sefer ve Sefel,site,official_site_remote_verified,high,"Landmark Jerusalem English bookstore explicitly centered on new and used books, with roughly 26,000 books and an active trade/buy/sell culture.",supporting,israel::sefer_ve_sefel
Israel,Levant / Mashriq,single-store used booksellers,The Book Gallery,site,official_site_remote_verified,high,"Jerusalem second-hand and antiquarian specialist with an online catalogue of roughly 40,000 titles and tens of thousands more in-store.",primary,israel::the_book_gallery
Italy,Central Mediterranean,main universe,Maremagnum,site,control ledger quick_read,high,Also visible in Central Mediterranean synthesis workbook.,primary,italy::maremagnum
Jamaica,Caribbean,annex / classifieds,YaadSale,site,consolidated_matrix_2026_04_15,medium,"retail-heavy, weak marketplace depth",primary,jamaica::yaadsale
Jamaica,Caribbean,annex / classifieds,Yaadari,site,consolidated_matrix_2026_04_15,medium,"retail-heavy, weak marketplace depth",primary,jamaica::yaadari
Jamaica,Caribbean,offline / fair / literacy layer,Kingston Book Festival and informal textbook trade,site,consolidated_matrix_2026_04_15,medium,"retail-heavy, weak marketplace depth",primary,jamaica::kingston book festival and informal textbook trade
Jamaica,Caribbean,single-store used / bookstore signal,Jus Books,site,consolidated_matrix_2026_04_15,medium,"retail-heavy, weak marketplace depth",primary,jamaica::jus books
Jamaica,Caribbean,single-store used / bookstore signal,Readers' Book Shop,site,consolidated_matrix_2026_04_15,medium,"retail-heavy, weak marketplace depth",primary,jamaica::readers' book shop
Jamaica,Caribbean,single-store used / bookstore signal,strong retail layer,site,consolidated_matrix_2026_04_15,medium,"retail-heavy, weak marketplace depth",primary,jamaica::strong retail layer
Japan,East Asia,annex / classifieds,メルカリ 本・雑誌・漫画,site,east asia japan pass3 closure,high,Important books-category spillover within a giant horizontal marketplace; retained as annex rather than core.,primary,japan::メルカリ 本・雑誌・漫画
Japan,East Asia,main universe,BOOKOFF公式オンラインストア,site,east asia japan pass3 closure,high,Major used-book/media recommerce rail with constant 400万点+ assortment and store pickup; remains a main-universe anchor.,primary,japan::bookoff公式オンラインストア
Japan,East Asia,main universe,e-hon,site,east asia japan pass3 closure,high,"ToHan-operated online bookstore with pickup through about 3,000 affiliated bookstores nationwide; clear top-tier platform rail.",primary,japan::e-hon
Japan,East Asia,main universe,日本の古本屋,site,east asia japan pass3 closure,high,"National antiquarian marketplace operated under the old-booksellers federation; official site says about 1,000 stores and roughly 7 million books.",primary,japan::日本の古本屋
Japan,East Asia,main universe,楽天ブックス,site,east asia japan pass3 closure,high,Major national online bookstore rail with broad print-book depth and mainstream reach; remains core main-universe anchor.,primary,japan::楽天ブックス
Japan,East Asia,offline / fair / literacy layer,上野の森親子ブックフェスタ,site,east asia japan pass3 closure,high,Large annual reading-promotion and book-sales event organized within the Japanese publishing-promotion ecosystem; literacy/fair layer rather than commerce core.,primary,japan::上野の森親子ブックフェスタ
Japan,East Asia,offline / fair / literacy layer,国立国会図書館,site,east asia japan pass3 closure,high,National legal-deposit and digital-library infrastructure anchor for Japan; core literacy/preservation institution rather than marketplace rail.,primary,japan::国立国会図書館
Japan,East Asia,weak-fit core,honto,site,east asia japan pass3 closure,high,"Still significant as an ebook and linkage layer, but its own print通販 ended in 2024 and now links outward for paper-book fulfillment.",primary,japan::honto
Japan,East Asia,weak-fit core,まんだらけ,site,east asia japan pass3 closure,high,"Specialist pre-owned manga/anime/doujin chain and mail-order marketplace; strongly book-relevant in its niche, but not a general mainstream national spine.",primary,japan::まんだらけ
Japan,East Asia,weak-fit core,ネットオフ,site,east asia japan pass3 closure,high,Large used-book/media buy-sell rail with explicit 古本・中古本 sales and 本＆ゲーム買取 service.,primary,japan::ネットオフ
Japan,East Asia,weak-fit core,バリューブックス,site,east asia japan pass3 closure,high,"Online used-book buy/sell specialist with national scale; official materials describe it as an online bookstore centered on secondhand and new books, receiving tens of thousands of books daily.",primary,japan::バリューブックス
Japan,East Asia,weak-fit core,丸善ジュンク堂書店ネットストア,site,east asia japan pass3 closure,high,Strong chain-linked network store with nationwide store inventory search and pickup/hold service.,primary,japan::丸善ジュンク堂書店ネットストア
Japan,East Asia,weak-fit core,紀伊國屋書店ウェブストア,site,east asia japan pass3 closure,high,"Large book-forward chain/storefront rail integrating print, ecommerce, and ebooks under one account; strong core rail below top-tier platform dominance.",primary,japan::紀伊國屋書店ウェブストア
Japan,East Asia,weak-fit core,駿河屋,site,east asia japan pass3 closure,high,Specialist used/new commerce rail with deep books/comics/doujin coverage; clearly book-relevant but subculture-heavy rather than territory-dominating mainstream core.,primary,japan::駿河屋
Jordan,Levant / Mashriq,annex / classifieds,OpenSooq Jordan — books,site,marketplace_site_remote_verified,high,Horizontal classifieds/marketplace surface with live Jordan books listings.,supporting,jordan::opensooq_jordan_books
Jordan,Levant / Mashriq,offline / fair / literacy layer,Amman International Book Fair,fair,international_publishers_association_event_listing,high,"2026 Amman fair listing under royal patronage, organized by the Jordanian Publishers Union with Ministry of Culture and Greater Amman Municipality cooperation.",supporting,jordan::amman_international_book_fair
Jordan,Levant / Mashriq,single-store bookstore layer,Resheh Bookstore,site,official_site_remote_verified,high,Boutique Amman bookstore with online ordering and 24–48 hour shipping across Jordan.,supporting,jordan::resheh_bookstore
Jordan,Levant / Mashriq,weak-fit core,ABC Books LLC,site,official_site_remote_verified,high,Amman-based online bookstore specializing in medical/professional books with broad catalog depth and explicit shipping/delivery language including Jordan and the region.,primary,jordan::abc_books_llc
Jordan,Levant / Mashriq,weak-fit core,BookZone Jordan,site,official_site_remote_verified,high,Jordan-facing online bookstore searchable by title/ISBN with broad educational and trade-book merchandising.,secondary,jordan::bookzone_jordan
Jordan,Levant / Mashriq,main universe,Nebras Books,site,official_site_remote_verified,high,"Jordanian marketplace for exchanging, buying, and selling books with points-based used/new book flows. | Pass57 hardening: Promoted: Jordanian marketplace for exchanging and buying books, with submit/earn-points and shop-with-points circulation mechanics.",secondary,jordan::nebras_books
Jordan,Levant / Mashriq,weak-fit core,Readers.jo / Readers Bookshop,site,official_site_remote_verified,high,Jordan-leading online bookstore and flagship bookshop brand with Arabic/English books and nationwide delivery language.,primary,jordan::readers_jo
Kazakhstan,Central Asia,weak-fit core,Flip,site,frontier_note_shorthand,medium,Recovered from frontier shorthand 'Meloman/Flip core'.,primary,kazakhstan::flip
Kazakhstan,Central Asia,weak-fit core,Meloman,site,frontier_note_shorthand,medium,Recovered from frontier shorthand 'Meloman/Flip core'.,primary,kazakhstan::meloman
Kosovo,CEE/Balkans,weak-fit core,Dukagjini,site,frontier_note_shorthand,medium,Recovered from frontier shorthand 'Dukagjini/Educational Centre core'.,primary,kosovo::dukagjini
Kosovo,CEE/Balkans,weak-fit core,Educational Centre,site,frontier_note_shorthand,medium,Recovered from frontier shorthand 'Dukagjini/Educational Centre core'.,primary,kosovo::educational centre
Kuwait,Gulf / Arabian Peninsula,annex / classifieds,OpenSooq Kuwait — books & magazines,horizontal_classifieds_book_category,runtime_gap_bridge_web_2026_05_03_pass140_kuwait_hardening,high,"Reverified as high annex/classifieds. OpenSooq Kuwait has a live books-and-magazines category with new, used and rare books language plus buy/sell framing and city-level surfaces; remains horizontal classifieds, not book-specific strict main.",primary,kuwait::opensooq books magazines
Kuwait,Gulf / Arabian Peninsula,offline / fair / literacy layer,Kuwait International Book Fair,major_book_fair_cultural_infrastructure,runtime_gap_bridge_web_2026_05_03_pass140_kuwait_hardening,high,"Reverified as high offline/fair/literacy layer. KUNA/QNA coverage says the 48th Kuwait International Book Fair opened in November 2025, with 611 publishers from 33 countries reported ahead of the fair; not online recommerce infrastructure.",primary,kuwait::kuwait international book fair
Kuwait,Gulf / Arabian Peninsula,single-store used booksellers,Better Books Kuwait,single_store_secondhand_bookshop,runtime_gap_bridge_web_2026_05_03_pass140_kuwait_hardening,high,"Upgraded from medium to high single-store used-book signal. The direct site says Better Books has over 12,000 books and that its books are mostly pre-owned; 2025 local coverage says the popular used bookshop reopened after a prior closure. Still single-store/operator layer, not marketplace infrastructure.",primary,kuwait::better books kuwait
Kuwait,Gulf / Arabian Peninsula,single-store used booksellers,Page Turner Kuwait,family_run_online_new_and_used_bookstore,runtime_gap_bridge_web_2026_05_03_pass140_kuwait_hardening,high,"Reverified as high single-store/operator-managed used-book signal. Public Instagram copy says Page Turner gives used books a second chance, adds new books, and is run by siblings who upload/wrap/hand-deliver books; not an open third-party marketplace.",primary,kuwait::page turner kuwait
Kuwait,Gulf / Arabian Peninsula,weak-fit core,Al Noori Bookstore,local_online_or_physical_bookstore,runtime_gap_bridge_web_2026_05_03_pass140_kuwait_hardening,medium,Retained as medium weak-fit local bookstore/bookshop anchor. Useful Kuwait book-forward infrastructure but no used/recommerce or third-party seller mechanics verified in this pass.,primary,kuwait::al noori bookstore
Kuwait,Gulf / Arabian Peninsula,weak-fit core,Dar Salma Publishing and Distribution,publisher_distributor_online_bookstore,runtime_gap_bridge_web_2026_05_03_pass140_kuwait_hardening,medium,"Retained as medium weak-fit publisher/distribution/bookstore-style rail. Evidence supports publishing/distribution and cultural/book-fair presence, not used-book recommerce.",primary,kuwait::dar salma publishing and distribution
Kuwait,Gulf / Arabian Peninsula,weak-fit core,Jarir Bookstore Kuwait,kuwait_facing_chain_online_bookstore,runtime_gap_bridge_web_2026_05_03_pass140_kuwait_hardening,high,"Reverified as high weak-fit book retail. Jarir Kuwait exposes a Kuwait-facing online retail surface and delivery across Kuwait, but no used-book recommerce or open seller mechanics.",primary,kuwait::jarir bookstore kuwait
Kuwait,Gulf / Arabian Peninsula,weak-fit core,Takween Bookstore & Publishing House,independent_bookstore_publisher_cultural_platform,runtime_gap_bridge_web_2026_05_03_pass140_kuwait_hardening,high,"Reverified as high weak-fit cultural/bookstore/publishing spine. Official/search-visible copy describes Takween as a Kuwait-based bookstore, publishing house, creative-writing workshop and cultural platform; not used-book recommerce.",primary,kuwait::takween bookstore publishing house
Kyrgyzstan,Central Asia,weak-fit core,Foliant,site,frontier_note_shorthand,medium,Recovered from frontier shorthand 'Foliant/Raritet core'.,primary,kyrgyzstan::foliant
Kyrgyzstan,Central Asia,weak-fit core,Raritet,site,frontier_note_shorthand,medium,Recovered from frontier shorthand 'Foliant/Raritet core'.,primary,kyrgyzstan::raritet
Laos,Southeast Asia,single-store bookstore layer,Book Delivery,site,current_session_sea_2026_04_19,medium,Current-session controlled pass: also serves as weak-fit core.,secondary,laos::book delivery
Laos,Southeast Asia,weak-fit core,Book Delivery,site,current_session_working_surface,medium,Current-session controlled pass classified Laos as compact weak-fit.,primary,laos::book delivery
Latvia,Baltics/CEE,main universe,myBook.lv,site,later Baltic/CEE deepening pass,high,Recovered from later Baltic/CEE deepening pass; exact rationale text was not preserved in the prior artifact surface.,primary,latvia::mybook.lv
Latvia,Baltics/CEE,weak-fit core,Book.id.LV,site,raw_continuation_transcript,high,Explicit weak-fit core in raw continuation transcript.,primary,latvia::book.id.lv
Lebanon,Levant / Mashriq,annex / classifieds,dubizzle Lebanon — Used Books,site,classifieds_marketplace_remote_verified,medium,"Large live Lebanon used-books classifieds surface with thousands of listings across Beirut, Metn, Keserouan, Aley, and beyond.",supporting,lebanon::dubizzle_used_books
Lebanon,Levant / Mashriq,main universe,ALMAKTABAH.COM,site,official_site_remote_verified,medium,"Beirut-based Arabic internet bookstore since 1997 serving private customers, companies, and universities worldwide from Lebanon.",secondary,lebanon::almaktabah
Lebanon,Levant / Mashriq,main universe,Antoine Online / Librairie Antoine,site,official_site_remote_verified,high,"Official Antoine company page says the Beirut-founded chain operates about a dozen branches across Beirut, its suburbs, Keserwan, Matn, and Tripoli and provides the country’s largest selection of Arabic, French, and English books through branches and ecommerce.",primary,lebanon::antoine_online
Lebanon,Levant / Mashriq,main universe,Maliks,site,official_site_remote_verified,high,"Official Maliks pages describe it as Lebanon’s #1 academic and general bookshop with 100,000 titles, 30+ / 40+ branches, a books category online, and nationwide delivery.",primary,lebanon::maliks
Lebanon,Levant / Mashriq,main universe,URBAN BOOKS,site,official_site_remote_verified,high,"Live ecommerce bookstore explicitly branding itself as an online book store in Lebanon with fast shipping across Lebanon, cash on delivery, and thousands of listed books.",secondary,lebanon::urban_books
Lebanon,Levant / Mashriq,offline / fair / literacy layer,Beirut International Arab Book Fair,event,official_news_remote_verified,medium,National News Agency reported in 2026 that the Arab Cultural Club and Lebanese Publishers Association agreed to jointly organize the next Beirut International Arab Book Fair starting in 2026.,supporting,lebanon::beirut_international_arab_book_fair
Lebanon,Levant / Mashriq,offline / fair / literacy layer,Lebanese Book Fair (Antelias),event,official_event_remote_verified,high,"NDU and the Antelias Cultural Movement list the 2026 Lebanese Book Fair in Antelias as a major annual books-and-publishing event running March 5–15, 2026.",supporting,lebanon::lebanese_book_fair_antelias
Lebanon,Levant / Mashriq,single-store bookstore layer,Chapter One Book Store,site,official_site_remote_verified,medium,"Locally owned Lebanese online bookstore with English and Arabic stock, live ecommerce, and shipping all over Lebanon.",supporting,lebanon::chapter_one_book_store
Lebanon,Levant / Mashriq,single-store used booksellers,Halabi Bookshop,site,official_site_remote_verified,high,"Independent Beirut bookshop explicitly offering used, old, vintage, out-of-print, rare, and new books with online catalog and WhatsApp ordering.",primary,lebanon::halabi_bookshop
Lebanon,Levant / Mashriq,weak-fit core,LEVR,site,official_site_remote_verified,medium,"Lebanese online bookstore with curated law, children’s, educational, philosophy, religion, and English sections plus fast delivery across Lebanon and worldwide DHL shipping.",secondary,lebanon::levr
Lesotho,Southern Africa,offline / fair / literacy layer,Books for Lesotho,literacy_distribution,web_verified_2026_04_21,high,Ongoing school and community library distribution pipeline with 2024-2025 shipments documented.,supporting,lesotho::books_for_lesotho
Lesotho,Southern Africa,single-store bookstore layer,Leisure Book Store,directory,web_verified_2026_04_21,medium,Current Maseru Mall bookstore listing adding another physical retail node.,supporting,lesotho::leisure_book_store
Lesotho,Southern Africa,single-store bookstore layer,Lesotho Book Depot,directory,web_verified_2026_04_21,medium,Named Maseru bookstore listing providing a physical bookstore anchor.,supporting,lesotho::lesotho_book_depot
Lesotho,Southern Africa,weak-fit core,Lesotho online Bookshop,social_storefront,web_verified_2026_04_21,medium,Current Maseru-facing online bookshop offering new high school and primary textbooks with local delivery.,primary,lesotho::lesotho_online_bookshop
Libya,North Africa / Maghreb,annex / classifieds,OpenSooq Libya — Books,marketplace,web_verified_2026_04_21,high,"Broad books and magazines marketplace with new, used, and rare-book circulation.",supporting,libya::opensooq_books
Libya,North Africa / Maghreb,offline / fair / literacy layer,Public Prosecutor's International Book Fair 2025,event,web_verified_2026_04_21,high,"Tripoli fair infrastructure with 425 exhibitors and 170,000+ titles in 2025.",supporting,libya::public_prosecutor_book_fair_2025
Libya,North Africa / Maghreb,weak-fit core,Alresalah Bookshop,site,web_verified_2026_04_21,high,Tripoli supplier and distributor of books and international publications.,primary,libya::alresalah_bookshop
Libya,North Africa / Maghreb,weak-fit core,Mobd3oon,site,web_verified_2026_04_21,high,"Tripoli-based ecommerce rail with children’s books, novels, and educational inventory.",primary,libya::mobd3oon
Libya,North Africa / Maghreb,weak-fit core,Tripoli International Library,site,web_verified_2026_04_21,high,Exclusive in-Libya distributor for Dar Al Thaqafa publications under 2025 partnership.,primary,libya::tripoli_international_library
Liechtenstein,DACH,offline / fair / literacy layer,Liechtensteinische Landesbibliothek,site,live_web_resolution,high,National/library infrastructure anchor.,primary,liechtenstein::liechtensteinische landesbibliothek
Liechtenstein,DACH,offline / fair / literacy layer,eLiechtensteinensia,site,live_web_resolution,medium,Digital heritage/publication access layer for Liechtenstein.,primary,liechtenstein::eliechtensteinensia
Liechtenstein,DACH,single-store bookstore layer,Bücherwurm Vaduz,site,live_web_resolution,high,Confirmed bookstore-layer anchor with Liechtenstein delivery/pickup rail.,primary,liechtenstein::bücherwurm vaduz
Liechtenstein,DACH,used-book signal (territory note),Thin / unverified as a standing native market,territory_note,dach_matrix_2026_04_16,medium,Commercially narrow but culturally and bibliographically much deeper than its size suggests.,primary,liechtenstein::thin / unverified as a standing native market
Lithuania,Baltics/CEE,weak-fit core,Knygos.lt,site,raw_continuation_transcript,high,Explicit weak-fit core in raw continuation transcript.,primary,lithuania::knygos.lt
Luxembourg,Benelux,offline / fair / literacy layer,Lëtzebuerg City Bibliothèque,site,live_web_resolution,high,Public city library and cultural-reading layer.,primary,luxembourg::lëtzebuerg city bibliothèque
Luxembourg,Benelux,offline / fair / literacy layer,eluxemburgensia,site,live_web_resolution,high,BnL digital books and heritage portal; literacy / preservation layer.,primary,luxembourg::eluxemburgensia
Luxembourg,Benelux,single-store bookstore layer,Ernster,site,live_web_resolution,high,Flagship Luxembourg bookseller and online ordering rail; bookstore-layer anchor beside Letzshop.,primary,luxembourg::ernster
Luxembourg,Benelux,weak-fit core,Letzshop,site,benelux_control_ledger,medium,Ledger quick-read calls this the local-commerce weak-fit marketplace rail.,primary,luxembourg::letzshop
Macau,East Asia,annex / classifieds,Macau Second Hand,site,east asia macau pass1,medium,"Horizontal second-hand marketplace/app for Macau people across many categories. Relevant as used-book spillover, but clearly not a book-first specialist rail.",primary,macau::macau-second-hand
Macau,East Asia,single-store bookstore layer,Livraria Portuguesa,site,east asia macau pass1,medium,"Concrete bookstore-layer anchor with a dedicated Macau web/app presence and direct ordering contact. Important bookstore rail, but still a store-led node rather than a broad marketplace.",primary,macau::livraria-portuguesa
Macau,East Asia,single-store bookstore layer,Livraria Wan Tat,site,east asia macau pass1,medium,"Officially registered Macau bookseller in the consumer-protection directory; useful store-layer anchor, but not evidence of a wider multi-seller marketplace spine.",primary,macau::livraria-wan-tat
Macau,East Asia,used-book signal (territory note),"Present, but only as horizontal classifieds spillover",territory_note,east asia macau pass1,medium,"Pass 1 closure view: a real second-hand/classifieds spillover exists, but no book-first used-books specialist or antiquarian spine was verified strongly enough to promote into core.",primary,macau::used-book-signal
Macau,East Asia,weak-fit core,A&P Book Centre (Macau) / Bookshop4U,site,east asia macau pass1,medium,"Macau-focused online textbook / tertiary-book rail with explicit online ordering, free delivery language, Macau publications, and links out to individual bookshops. Narrower than a full general-marketplace spine, but a real local online book rail.",primary,macau::a-and-p-book-centre-bookshop4u
Macau,East Asia,weak-fit core,Cultural Affairs Bureau Online Book Shop,site,east asia macau pass1,high,"Government-run online bookshop for Cultural Affairs Bureau publications. Not a full general-marketplace spine, but it is a real multilang Macao online book rail with catalog depth, local pickup through public libraries, EMS shipping, and recurrent 2025–2026 operating notices.",primary,macau::cultural-affairs-bureau-online-book-shop
Malawi,Southern Africa,annex / classifieds,MalondaPlace Books,marketplace,web_verified_2026_04_21,high,"Local Malawi marketplace with books listings across Blantyre, Lilongwe, Mzuzu and Zomba.",supporting,malawi::malondaplace_books
Malawi,Southern Africa,offline / fair / literacy layer,Malawi Writers Union national book fair / indaba,event,web_verified_2026_04_21,high,2025 national book fair and writers’ indaba infrastructure documented in Malawi arts reporting.,supporting,malawi::mawu_national_book_fair_indaba
Malawi,Southern Africa,single-store bookstore layer,Central Bookshop Malawi,bookstore,web_verified_2026_04_21,medium,Current city bookstore signal explicitly positioning itself around reading culture in Malawi.,supporting,malawi::central_bookshop_malawi
Malawi,Southern Africa,weak-fit core,CLAIM Mabuku,publisher_bookseller,web_verified_2026_04_21,medium,"Long-running Malawian publisher-bookseller focused on Christian and academic literature, with active current social storefront signals.",supporting,malawi::claim_mabuku
Malawi,Southern Africa,weak-fit core,MABUKU Online,site,web_verified_2026_04_21,high,Malawi digital bookstore focused on locally authored ebooks and audiobooks.,primary,malawi::mabuku_online
Malaysia,Southeast Asia,annex / classifieds,Mudah.my — books/textbooks,site,runtime_gap_bridge_web_2026_05_03_pass143_malaysia_secondhand_bookshop_social_classifieds_hardening,high,Large Malaysian horizontal marketplace with music/movies/books/magazines and textbook listings; annex/classifieds only.,primary,malaysia::mudah.my — books/textbooks
Malaysia,Southeast Asia,single-store bookstore layer,MPHOnline / MPH Bookstores,site,runtime_gap_bridge_web_2026_05_03_pass143_malaysia_secondhand_bookshop_social_classifieds_hardening,high,Leading Malaysian bookstore chain and online bookstore; ordinary bookstore-layer anchor.,primary,malaysia::mphonline / mph bookstores
Malaysia,Southeast Asia,weak-fit core,BookSwap,site,web_resolved_2026_04_19,medium-high,"Legacy Malaysia-focused buy/sell/donate/exchange row retained as current-status hold; pass143 could not recover fresh direct URL proof, so no strict-main promotion.",primary,malaysia::bookswap
Malaysia,Southeast Asia,weak-fit core,BookXcess,site,runtime_gap_bridge_web_2026_05_03_pass143_malaysia_secondhand_bookshop_social_classifieds_hardening,medium,"Major Malaysian remainder/new-book retailer and Big Bad Wolf sibling rail; book commerce spine, not used-book recommerce.",primary,malaysia::bookxcess
Malaysia,Southeast Asia,weak-fit core,Bookurve,site,runtime_gap_bridge_web_2026_05_03_pass143_malaysia_secondhand_bookshop_social_classifieds_hardening,high,"Bookurve direct site and used/trade-in pages source-backed in pass143; buy/rent/trade-in pre-loved rail, operator-managed/retail not open third-party marketplace.",primary,malaysia::bookurve
Maldives,South Asia,offline / fair / literacy layer,IQRA Online Book Fair,site,live_web_resolution,high,Educational book-fair / book-culture infrastructure in Maldives.,primary,maldives::iqra online book fair
Maldives,South Asia,single-store bookstore layer,The Garden of Knowledge & Wonder,site,live_web_resolution,medium,Online bookstore in Maldives; bookstore-layer support beneath weak-fit core.,primary,maldives::the garden of knowledge & wonder
Maldives,South Asia,weak-fit core,Zyga Books,site,web_resolved_2026_04_19,high,Resolved from live web evidence: online bookstore with new and used books in Maldives.,primary,maldives::zyga books
Maldives,South Asia,weak-fit core,iCanRead Bookstore,site,web_resolved_2026_04_19,high,Resolved from live web evidence: leading online children’s bookstore with delivery to all islands.,primary,maldives::icanread bookstore
Malta,Central Mediterranean,offline / fair / literacy layer,Malta Book Festival / National Book Council,site,live_web_resolution,high,National Book Council and Malta Book Festival as the territory’s main literacy/festival layer.,primary,malta::malta book festival / national book council
Malta,Central Mediterranean,single-store bookstore layer,Merlin Library,site,live_web_resolution,high,Major Maltese children’s/textbook bookseller with online ordering and physical outlets.,primary,malta::merlin library
Malta,Central Mediterranean,weak-fit core,Agenda,site,web_resolved_2026_04_19,high,Resolved from live web evidence: leading Maltese bookseller with online service.,primary,malta::agenda
Malta,Central Mediterranean,weak-fit core,Malta Online Bookshop,site,web_resolved_2026_04_19,high,Resolved from live web evidence: specialist online-first Maltese rare/bookshop rail.,primary,malta::malta online bookshop
Martinique,Caribbean,annex / classifieds,BambaAd,site,consolidated_matrix_2026_04_15,medium,"high book infrastructure, weak marketplace depth",primary,martinique::bambaad
Martinique,Caribbean,annex / classifieds,CLLAJ,site,consolidated_matrix_2026_04_15,medium,"high book infrastructure, weak marketplace depth",primary,martinique::cllaj
Martinique,Caribbean,annex / classifieds,CityToo,site,consolidated_matrix_2026_04_15,medium,"high book infrastructure, weak marketplace depth",primary,martinique::citytoo
Martinique,Caribbean,offline / fair / literacy layer,strong public-reading/festival layer,site,consolidated_matrix_2026_04_15,medium,"high book infrastructure, weak marketplace depth",primary,martinique::strong public-reading/festival layer
Martinique,Caribbean,single-store used / bookstore signal,Bouquinerie RSP used,site,consolidated_matrix_2026_04_15,medium,"high book infrastructure, weak marketplace depth",primary,martinique::bouquinerie rsp used
Mexico,North America,annex / classifieds,generic classifieds and community resale rails,site,consolidated_matrix_2026_04_15,medium,"clear main-universe marketplace anchor via Mercado Libre; very strong bookstore, used-book, library, and fair infrastructure",primary,mexico::generic classifieds and community resale rails
Mexico,North America,main universe,Mercado Libre Libros,site,explicit Mexico cut carried into Mexico control ledgers,high,Control ledger shorthand says Mercado Libre; raw continuation names Mercado Libre Libros.,primary,mexico::mercado libre libros
Mexico,North America,offline / fair / literacy layer,FIL Guadalajara,site,consolidated_matrix_2026_04_15,medium,"clear main-universe marketplace anchor via Mercado Libre; very strong bookstore, used-book, library, and fair infrastructure",primary,mexico::fil guadalajara
Mexico,North America,offline / fair / literacy layer,Librobús,site,consolidated_matrix_2026_04_15,medium,"clear main-universe marketplace anchor via Mercado Libre; very strong bookstore, used-book, library, and fair infrastructure",primary,mexico::librobús
Mexico,North America,offline / fair / literacy layer,Red Nacional de Bibliotecas Públicas,site,consolidated_matrix_2026_04_15,medium,"clear main-universe marketplace anchor via Mercado Libre; very strong bookstore, used-book, library, and fair infrastructure",primary,mexico::red nacional de bibliotecas públicas
Mexico,North America,single-store used / bookstore signal,Donceles / Hermanos de la Hoja / Librerías de Ocasión,site,consolidated_matrix_2026_04_15,medium,"clear main-universe marketplace anchor via Mercado Libre; very strong bookstore, used-book, library, and fair infrastructure",primary,mexico::donceles / hermanos de la hoja / librerías de ocasión
Mexico,North America,single-store used / bookstore signal,Educal,site,consolidated_matrix_2026_04_15,medium,"clear main-universe marketplace anchor via Mercado Libre; very strong bookstore, used-book, library, and fair infrastructure",primary,mexico::educal
Mexico,North America,single-store used / bookstore signal,El Sótano,site,consolidated_matrix_2026_04_15,medium,"clear main-universe marketplace anchor via Mercado Libre; very strong bookstore, used-book, library, and fair infrastructure",primary,mexico::el sótano
Mexico,North America,single-store used / bookstore signal,FCE,site,consolidated_matrix_2026_04_15,medium,"clear main-universe marketplace anchor via Mercado Libre; very strong bookstore, used-book, library, and fair infrastructure",primary,mexico::fce
Mexico,North America,single-store used / bookstore signal,Gandhi,site,consolidated_matrix_2026_04_15,medium,"clear main-universe marketplace anchor via Mercado Libre; very strong bookstore, used-book, library, and fair infrastructure",primary,mexico::gandhi
Mexico,North America,single-store used / bookstore signal,Porrúa,site,consolidated_matrix_2026_04_15,medium,"clear main-universe marketplace anchor via Mercado Libre; very strong bookstore, used-book, library, and fair infrastructure",primary,mexico::porrúa
Moldova,CEE/Balkans,weak-fit core,Alexandria,site,frontier_note_shorthand,medium,Recovered from frontier note naming native second-hand marketplace candidate.,primary,moldova::alexandria
Mongolia,East Asia,annex / classifieds,Unegui.mn — books section,site,east asia mongolia pass1,medium,"Horizontal classifieds spillover. Unegui's books section shows live listings for books, magazines, and educational materials, which supports a real second-hand / peer-to-peer seam, but clearly as a general classifieds rail rather than a book-first specialist marketplace.",primary,mongolia::unegui-books
Mongolia,East Asia,offline / fair / literacy layer,National Book Festival (Ulaanbaatar / Mongolia),site,east asia mongolia pass1,high,"National-scale literacy and publishing institution. MONTSAME coverage describes the National Book Festival as a major recurring spring/autumn event organized by Nomiin Soyolt Yurtunts NGO, drawing over 200 publishers and about 300 authors; held in the literacy/fair layer rather than marketplace layers.",primary,mongolia::national-book-festival
Mongolia,East Asia,single-store bookstore layer,Majestic Book Store,site,east asia mongolia pass1,medium,"Concrete bookstore-layer anchor. Nomin's official retail page presents Majestic Book Store as a physical bookstore with Mongolian and foreign-language books, textbooks, and stationery; important bookstore node rather than a wider multi-seller marketplace.",primary,mongolia::majestic-book-store
Mongolia,East Asia,used-book signal (territory note),Present through horizontal classifieds spillover; no national book-first used-book specialist verified in pass 1,territory_note,east asia mongolia pass1,medium,"Pass 1 closure view: used-book activity is visible through Unegui and likely small store-level pockets, but a national specialist used-book or antiquarian spine was not verified strongly enough to promote into core.",primary,mongolia::used-book-signal
Mongolia,East Asia,weak-fit core,Az Khur / Book.mn,site,east asia mongolia pass1,high,"Major bookstore / online-book rail. Book.mn's official About Us page positions Az Khur as a large book department store with Mongolian and foreign books, children's departments, stationery, and packaging; third-party business listings align it with a substantial bookstore operation in Ulaanbaatar.",primary,mongolia::az-khur-book-mn
Mongolia,East Asia,weak-fit core,Internom,site,east asia mongolia pass1,high,"Largest bookstore chain and a real online retail rail: official materials describe Internom as Mongolia's largest bookstore, with 30,000+ item lines and 10 branches, and its online store terms confirm official e-commerce operations. The partner page also shows direct product placement and amarnom ebook/audiobook integration.",primary,mongolia::internom
Mongolia,East Asia,weak-fit core,Mbook,site,east asia mongolia pass1,medium,"Book-forward digital shadow layer. Mbook presents itself as a combined ebook / audiobook / podcast platform with subscription access and direct purchases; important digital reading rail, but not the same thing as a dominant paper-book marketplace.",primary,mongolia::mbook
Mongolia,East Asia,weak-fit core,Monsudar,site,east asia mongolia pass1,medium,"Direct-to-reader publisher-commerce rail. Monsudar's own product pages support direct purchase, and the site describes Monsudar as a leading Mongolian publisher with 50–60 new titles annually. Important publisher-store depth, but not evidence of a dominant general marketplace spine by itself.",primary,mongolia::monsudar
Montenegro,CEE/Balkans,offline / fair / literacy layer,National Library of Montenegro,site,live_web_resolution,high,National library and book-culture institution.,primary,montenegro::national library of montenegro
Montenegro,CEE/Balkans,offline / fair / literacy layer,Square of the Book,site,live_web_resolution,medium,Montenegrin literary festival/fair layer.,primary,montenegro::square of the book
Montenegro,CEE/Balkans,weak-fit core,Platforma knjiga,site,web_resolved_2026_04_19,high,Resolved from live web evidence: first specialized online bookstore in Montenegro.,primary,montenegro::platforma knjiga
Montenegro,CEE/Balkans,weak-fit core,Tabernakl,site,web_resolved_2026_04_19,medium,Resolved from live web evidence: active Montenegrin online bookstore/publisher rail.,primary,montenegro::tabernakl
Montserrat,Caribbean,offline / fair / literacy layer,library + Alliouagana festival,site,consolidated_matrix_2026_04_15,medium,"extremely thin commerce, real literary infrastructure",primary,montserrat::library + alliouagana festival
Montserrat,Caribbean,single-store used / bookstore signal,very thin retail layer,site,consolidated_matrix_2026_04_15,medium,"extremely thin commerce, real literary infrastructure",primary,montserrat::very thin retail layer
Morocco,North Africa / Maghreb,annex / classifieds,OpenSooq Morocco — Books,site,web_verified_pass_morocco_2026-04-20,high,Morocco-wide classifieds/books listings surface with used-book circulation across multiple cities.,supporting,morocco::opensooq-books
Morocco,North Africa / Maghreb,offline / fair / literacy layer,SIEL 2026 / Rabat International Book Fair,fair,web_verified_pass_morocco_2026-04-20,high,31st International Book and Publishing Fair in Rabat aligned with Rabat’s 2026 UNESCO World Book Capital year.,supporting,morocco::siel-2026-rabat-book-fair
Morocco,North Africa / Maghreb,single-store bookstore layer,ALC-ALIF Bookstore,site,web_verified_pass_morocco_2026-04-20,high,"Fes bookstore with 6,000+ titles and strong academic/English-language specialization.",supporting,morocco::alc-alif-bookstore
Morocco,North Africa / Maghreb,single-store used booksellers,BookOnDesk,site,web_verified_pass_morocco_2026-04-20,high,Online bookstore explicitly selling new and used books with national and international delivery.,primary,morocco::bookondesk
Morocco,North Africa / Maghreb,weak-fit core,ALMOUGGAR.com / Librairie Al Mouggar Livres,site,web_verified_pass_morocco_2026-04-20,medium,Agadir-rooted Moroccan online shopping site with books in multiple languages and 48-hour delivery across Morocco; built on a long-running bookstore base.,primary,morocco::almouggar
Morocco,North Africa / Maghreb,weak-fit core,Mabooko,site,web_verified_pass_morocco_2026-04-20,high,"Large Morocco-facing online bookstore with multilingual catalogue, 200,000+ titles claim, cash on delivery, and nationwide delivery.",primary,morocco::mabooko
Morocco,North Africa / Maghreb,weak-fit core,Mexique Bookshop,site,web_verified_pass_morocco_2026-04-20,high,Tangier-based English/French/Arabic online bookstore with thousands of English books and fast delivery across Morocco.,primary,morocco::mexique-bookshop
Myanmar,Southeast Asia,annex / classifieds,Myanmarkt books,site,current_session_sea_2026_04_19,medium,Current-session controlled pass.,primary,myanmar::myanmarkt books
Myanmar,Southeast Asia,single-store bookstore layer,Parami Bookshop,site,current_session_sea_2026_04_19,medium,Current-session controlled pass.,primary,myanmar::parami bookshop
Myanmar,Southeast Asia,weak-fit core,Myanmar Bookshop,site,current_session_working_surface,medium,Current-session controlled pass classified Myanmar as upper weak-fit.,primary,myanmar::myanmar bookshop
Myanmar,Southeast Asia,weak-fit core,Myanmar Online Sales,site,current_session_working_surface,medium,Current-session controlled pass classified Myanmar as upper weak-fit.,primary,myanmar::myanmar online sales
Namibia,Southern Africa,offline / fair / literacy layer,Doek Literary Festival,event,web_verified_2026_04_21,high,Biennial literary festival in Namibia; 2026 planning surface live.,supporting,namibia::doek_literary_festival
Namibia,Southern Africa,single-store bookstore layer,Van Schaik Namibia / campus-store seam,site,web_verified_2026_04_21,medium,Regional academic/school-books rail with Namibia-facing campus/book supply seam.,supporting,namibia::van_schaik_namibia
Namibia,Southern Africa,weak-fit core,My Book Owl,site,web_verified_2026_04_21,high,Current Namibia online bookstore/ecommerce rail.,supporting,namibia::my_book_owl
Namibia,Southern Africa,weak-fit core,Namibia Book Market,site,web_verified_2026_04_21,high,Online shop is only a small selection of physical Macadam Street stock; strong current bookstore rail.,primary,namibia::namibia_book_market
Nepal,South Asia,main universe,Sajha Kitab,site,live_web_resolution; runtime_gap_bridge_web_2026_05_03_pass136_nepal_hardening,high,"Fresh direct pass136 check confirms Sajha Kitab is an online platform to buy and sell old books, with 2,683+ ads, post-free-ad flow, dated 2026 listings, prices, locations and view counts. Promoted from annex/classifieds to strict-main book-specific old-book listing platform.",primary,nepal::sajha kitab
Nepal,South Asia,single-store bookstore layer,Pilgrims Book House,site,live_web_resolution,high,Large Kathmandu bookstore with online ordering and national delivery.,primary,nepal::pilgrims book house
Nepal,South Asia,main universe,Sasto Kitab,site,web_resolved_2026_04_19; runtime_gap_bridge_web_2026_04_25_south_asia_compact_sprint; runtime_gap_bridge_web_2026_05_03_pass136_nepal_hardening,high,"Fresh pass136 check confirms active Sasto Kitab category counts and official framing as Nepal platform for buying, selling, exchanging and donating books locally. Retained high strict main.",primary,nepal::sasto kitab
Nepal,South Asia,weak-fit core,StudyShelf,site,web_resolved_2026_04_19; runtime_gap_bridge_web_2026_05_03_pass136_nepal_hardening,medium,Current pass136 search did not recover decisive fresh direct StudyShelf platform evidence; retained as legacy Nepal student-to-student academic book resale lead but downgraded to medium current-status hold pending direct render.,primary,nepal::studyshelf
Netherlands,Benelux,main universe,Boekwinkeltjes,site,control ledger quick_read,high,Recovered from control ledger quick read; exact rationale text was not preserved in the prior artifact surface.,primary,netherlands::boekwinkeltjes
Netherlands,Benelux,weak-fit core,bol,site,benelux_control_ledger,medium,Ledger quick-read says strong weak-fit marketplace layer via bol.,primary,netherlands::bol
Nicaragua,Central America,annex / classifieds,Mercado Libre NI,site,consolidated_matrix_2026_04_15,medium,market/exchange ecosystem,primary,nicaragua::mercado libre ni
Nicaragua,Central America,annex / classifieds,Mercanica,site,consolidated_matrix_2026_04_15,medium,market/exchange ecosystem,primary,nicaragua::mercanica
Nicaragua,Central America,offline / fair / literacy layer,Roberto Huembes and fairs,site,consolidated_matrix_2026_04_15,medium,market/exchange ecosystem,primary,nicaragua::roberto huembes and fairs
Nicaragua,Central America,single-store used / bookstore signal,Managua market/textbook sellers,site,consolidated_matrix_2026_04_15,medium,market/exchange ecosystem,primary,nicaragua::managua market/textbook sellers
North Macedonia,CEE/Balkans,annex / classifieds,Pazar5.mk,site,web_resolved_2026_04_19,medium,Resolved from live web evidence; general classifieds rail.,primary,north macedonia::pazar5.mk
North Macedonia,CEE/Balkans,single-store bookstore layer,Antolog,site,web_resolved_2026_04_19,high,Resolved from live web evidence.,primary,north macedonia::antolog
North Macedonia,CEE/Balkans,single-store bookstore layer,kniga.mk / TRI,site,web_resolved_2026_04_19,medium,Resolved from live web evidence.,primary,north macedonia::kniga.mk / tri
North Macedonia,CEE/Balkans,weak-fit core,kupikniga.mk,site,web_resolved_2026_04_19,high,Resolved from live web evidence: long-running online bookstore bringing together many Macedonian publishers.,primary,north macedonia::kupikniga.mk
North Macedonia,CEE/Balkans,weak-fit core,literatura.mk,site,web_resolved_2026_04_19,high,Resolved from live web evidence: virtual bookstore / major bookstore rail.,primary,north macedonia::literatura.mk
Norway,Nordics,main universe,Bookis,site,later Nordic deepening pass,high,Recovered from later Nordic deepening pass; exact rationale text was not preserved in the prior artifact surface.,primary,norway::bookis
Norway,Nordics,weak-fit core,Antikvariat.net,site,raw_continuation_transcript,high,Explicit weak-fit core in raw continuation transcript.,primary,norway::antikvariat.net
Oman,Gulf / Arabian Peninsula,annex / classifieds,dubizzle Oman — books in Muscat,site,gulf oman pass1,medium,Horizontal classifieds spillover with a live Muscat books category and dozens of active used-book listings; supports a real second-hand seam without proving a specialist used-book marketplace.,supporting,oman::dubizzle_books
Oman,Gulf / Arabian Peninsula,offline / fair / literacy layer,Muscat International Book Fair,institution,gulf oman pass1,high,"National-scale fair/literacy institution with official search/map/app infrastructure; 2026 edition was postponed rather than canceled outright, which still confirms major book-fair infrastructure in Oman.",supporting,oman::muscat_international_book_fair
Oman,Gulf / Arabian Peninsula,single-store bookstore layer,Al Batra Bookshop,site,gulf oman pass1,medium,Concrete Muscat bookstore-layer anchor with fixed location and phone listing in Al Qurum; useful confirmation that Oman has a real bookstore substrate beyond the online rails.,supporting,oman::al_batra_bookshop
Oman,Gulf / Arabian Peninsula,single-store bookstore layer,Family Bookshop,site,gulf oman pass1,medium,"Concrete bookstore-layer anchor with multiple Oman locations and explicit stock of English, Omani, bestseller, and academic titles; retained in store layer because a current ecommerce spine was not strongly verified.",supporting,oman::family_bookshop
Oman,Gulf / Arabian Peninsula,weak-fit core,Al Manahil Books Muscat,site,gulf oman pass1,medium,"Book-forward academic/import rail: wholesale distributor importing academic, medical, and ELT books to order with weekly shipment from the UK; meaningful corroborating Oman-facing book-supply spine even if less retail-polished than Al Manarah.",secondary,oman::al_manahil_books
Oman,Gulf / Arabian Peninsula,weak-fit core,Al Manarah Bookshop,site,gulf oman pass1,high,"Native Muscat-based online bookstore/storefront with add-to-cart commerce, a dedicated book category, and explicit educational/cultural-books positioning; strongest current verified ecommerce-style rail in the pass.",primary,oman::al_manarah_bookshop
Pakistan,South Asia,weak-fit core,Liberty,site,frontier_note_shorthand,medium,Recovered from frontier shorthand 'Liberty/Readings/NBF core'.,primary,pakistan::liberty
Pakistan,South Asia,weak-fit core,NBF,site,frontier_note_shorthand,medium,Recovered from frontier shorthand 'Liberty/Readings/NBF core'.,primary,pakistan::nbf
Pakistan,South Asia,weak-fit core,Readings,site,frontier_note_shorthand,medium,Recovered from frontier shorthand 'Liberty/Readings/NBF core'.,primary,pakistan::readings
Palestine,Levant / Mashriq,annex / classifieds,OpenSooq Palestine,site,web_verified_2026-04-20,high,"Cross-territory classifieds rail with books-and-hobbies and books listings across Jerusalem, Ramallah and al-Bireh, Gaza, Nablus, Hebron, and other Palestinian cities. | Pass119 Palestine patch: Arabic and English OpenSooq Palestine pages still support new/used/rare book listing language and buy/sell framing, but remain horizontal classifieds. Pass119 did not promote OpenSooq to strict main.",supporting,palestine::opensooq palestine
Palestine,Levant / Mashriq,offline / fair / literacy layer,Palestine International Book Fair,event,web_verified_2026-04-20,high,Ministry of Culture reporting confirms the Palestine International Book Fair closed in 2026 with programming at the National Library and explicit references to Gaza authors blocked by permit restrictions.,primary,palestine::palestine international book fair
Palestine,Levant / Mashriq,offline / fair / literacy layer,Ramallah Public Library,institution,web_verified_2026-04-20,high,"Official municipal library founded in 1957 with about 60,000 items and remote catalogue access, reinforcing the literacy and public-library layer in Ramallah.",supporting,palestine::ramallah public library
Palestine,Levant / Mashriq,single-store bookstore layer,Palestinian Museum Gift Shop,site,web_verified_2026-04-20,high,"Birzeit institutional store with live books/publications catalogue spanning Palestine-focused history, art, literature, and children’s titles.",supporting,palestine::palestinian museum gift shop
Palestine,Levant / Mashriq,used-book signal (territory note),OpenSooq Palestine,site,web_verified_2026-04-20,high,"Live listings show both new and used books circulating across multiple Palestinian cities, giving a real but horizontal second-hand signal without a clearly anchored specialist used-book spine. | Pass119 Palestine patch: Arabic and English OpenSooq Palestine pages still support new/used/rare book listing language and buy/sell framing, but remain horizontal classifieds. Pass119 did not promote OpenSooq to strict main.",primary,palestine::opensooq palestine
Palestine,Levant / Mashriq,weak-fit core,Dandis Book Shop,site,web_verified_2026-04-20,high,"Hebron-based bookshop presenting itself as a leading publishing-and-distribution rail in Palestine, with longstanding branch presence and live ecommerce structure.",primary,palestine::dandis book shop
Palestine,Levant / Mashriq,weak-fit core,Educational Bookshop,site,web_verified_2026-04-20,high,"East Jerusalem Palestinian bookshop with live ecommerce, rapid delivery service, and ongoing cultural programming. | Pass119 Palestine patch: Live Shopify storefront confirms Jerusalem address, online product catalogue, Palestine/Israel categories, NIS pricing, payment/shipping policy; retained as first-party bookstore/ecommerce, not resale marketplace.",primary,palestine::educational bookshop
Palestine,Levant / Mashriq,weak-fit core,Sharbain's Bookshop,site,web_verified_2026-04-20,high,"Family-operated Palestine bookshop founded in 1959 with Jerusalem and Ramallah branches and supply reach across the vast majority of the Palestinian territories and East Jerusalem. | Pass119 Palestine patch: Official page confirms family-operated Palestine bookshop founded in 1959, Jerusalem/Ramallah branches, institutional/school/university supply reach across Palestinian territories and East Jerusalem. Retained as weak-fit/bookstore distribution, not used/recommerce marketplace.",primary,palestine::sharbain's bookshop
Panama,Central America,annex / classifieds,Mercado Libre PA,site,consolidated_matrix_2026_04_15,medium,informal/event-driven,primary,panama::mercado libre pa
Panama,Central America,annex / classifieds,Okdatos,site,consolidated_matrix_2026_04_15,medium,informal/event-driven,primary,panama::okdatos
Panama,Central America,main universe,CompartirLibros,site,latest explicit Panama cut in imported prior transcript,high,Coverage matrix had Panama in weak-fit; later imported transcript explicitly promoted CompartirLibros to main universe.,primary,panama::compartirlibros
Panama,Central America,offline / fair / literacy layer,FIL Panamá,site,consolidated_matrix_2026_04_15,medium,informal/event-driven,primary,panama::fil panamá
Panama,Central America,offline / fair / literacy layer,Salsipuedes,site,consolidated_matrix_2026_04_15,medium,informal/event-driven,primary,panama::salsipuedes
Panama,Central America,offline / fair / literacy layer,swaps,site,consolidated_matrix_2026_04_15,medium,informal/event-driven,primary,panama::swaps
Panama,Central America,single-store used / bookstore signal,weak web-visible used-store layer,site,consolidated_matrix_2026_04_15,medium,informal/event-driven,primary,panama::weak web-visible used-store layer
Panama,Central America,weak-fit core,CompartirLibros,site,country_coverage_matrix,high,Explicit weak-fit core in checkpoint matrix.,secondary,panama::compartirlibros
Peru,South America,main universe,Buscalibre Perú,site,latest explicit Peru cut in imported prior transcript,high,Recovered from latest explicit Peru cut in imported prior transcript; exact rationale text was not preserved in the prior artifact surface.,primary,peru::buscalibre perú
Peru,South America,weak-fit core,BookClass,site,prior_transcript_explicit,high,Explicit weak-fit core in bundled prior transcript.,primary,peru::bookclass
Philippines,Southeast Asia,annex / classifieds,Carousell Philippines,site,current_session_sea_2026_04_19,medium,Current-session controlled pass.,primary,philippines::carousell philippines
Philippines,Southeast Asia,single-store used booksellers,Biblio,site,current_session_sea_2026_04_19,medium,Current-session controlled pass.,primary,philippines::biblio
Philippines,Southeast Asia,single-store used booksellers,Bookchigo,site,current_session_sea_2026_04_19,medium,Current-session controlled pass.,primary,philippines::bookchigo
Philippines,Southeast Asia,single-store used booksellers,Books for Less,site,current_session_sea_2026_04_19,medium,Current-session controlled pass.,primary,philippines::books for less
Philippines,Southeast Asia,single-store used booksellers,Booksale,site,current_session_sea_2026_04_19,medium,Current-session controlled pass.,primary,philippines::booksale
Philippines,Southeast Asia,weak-fit core,Bookshelf PH,site,current_session_working_surface,medium,Current-session controlled pass classified Philippines as upper weak-fit.,primary,philippines::bookshelf ph
Philippines,Southeast Asia,weak-fit core,Chapters,site,current_session_working_surface,medium,Current-session controlled pass classified Philippines as upper weak-fit.,primary,philippines::chapters
Poland,Baltics/CEE,weak-fit core,Empik Marketplace,site,raw_continuation_transcript,high,Explicit weak-fit core in raw continuation transcript.,primary,poland::empik marketplace
Poland,Baltics/CEE,weak-fit core,Tezeusz,site,raw_continuation_transcript,high,Explicit weak-fit core in raw continuation transcript.,primary,poland::tezeusz
Portugal,Iberia,annex / classifieds,OLX Portugal,site,iberia_matrix_2026_04_15,high,Book-first marketplace depth plus retailer-hosted marketplace-adjacent scale.,primary,portugal::olx portugal
Portugal,Iberia,main universe,Trade Stories,site,"Iberia Matrix sheet, Main Universe column",high,"Recovered from Iberia Matrix sheet, Main Universe column; exact rationale text was not preserved in the prior artifact surface.",primary,portugal::trade stories
Portugal,Iberia,offline / fair / literacy layer,445 municipal libraries in RNBP,site,iberia_matrix_2026_04_15,high,Book-first marketplace depth plus retailer-hosted marketplace-adjacent scale.,primary,portugal::445 municipal libraries in rnbp
Portugal,Iberia,offline / fair / literacy layer,Feira do Livro de Lisboa,site,iberia_matrix_2026_04_15,high,Book-first marketplace depth plus retailer-hosted marketplace-adjacent scale.,primary,portugal::feira do livro de lisboa
Portugal,Iberia,offline / fair / literacy layer,PNL2027,site,iberia_matrix_2026_04_15,high,Book-first marketplace depth plus retailer-hosted marketplace-adjacent scale.,primary,portugal::pnl2027
Portugal,Iberia,single-store bookstore layer,Almedina,site,iberia_matrix_2026_04_15,high,Book-first marketplace depth plus retailer-hosted marketplace-adjacent scale.,primary,portugal::almedina
Portugal,Iberia,single-store bookstore layer,Bertrand,site,iberia_matrix_2026_04_15,high,Book-first marketplace depth plus retailer-hosted marketplace-adjacent scale.,primary,portugal::bertrand
Portugal,Iberia,single-store bookstore layer,Ler Devagar,site,iberia_matrix_2026_04_15,high,Book-first marketplace depth plus retailer-hosted marketplace-adjacent scale.,primary,portugal::ler devagar
Portugal,Iberia,weak-fit core,FNAC Marketplace,site,iberia_matrix,high,Explicit weak-fit core in Iberia matrix.,primary,portugal::fnac marketplace
Portugal,Iberia,weak-fit core,WOOK,site,iberia_matrix,high,Explicit weak-fit core in Iberia matrix.,primary,portugal::wook
Puerto Rico,Caribbean,annex / classifieds,ClasificadosOnline,site,consolidated_matrix_2026_04_15,medium,"high overall book infrastructure, low specialist-platform depth",primary,puerto rico::clasificadosonline
Puerto Rico,Caribbean,annex / classifieds,others,site,consolidated_matrix_2026_04_15,medium,"high overall book infrastructure, low specialist-platform depth",primary,puerto rico::others
Puerto Rico,Caribbean,offline / fair / literacy layer,Biblioteca Nacional,site,consolidated_matrix_2026_04_15,medium,"high overall book infrastructure, low specialist-platform depth",primary,puerto rico::biblioteca nacional
Puerto Rico,Caribbean,offline / fair / literacy layer,multiple fairs,site,consolidated_matrix_2026_04_15,medium,"high overall book infrastructure, low specialist-platform depth",primary,puerto rico::multiple fairs
Puerto Rico,Caribbean,single-store used / bookstore signal,Casa Norberto,site,consolidated_matrix_2026_04_15,medium,"high overall book infrastructure, low specialist-platform depth",primary,puerto rico::casa norberto
Puerto Rico,Caribbean,single-store used / bookstore signal,Laberinto,site,consolidated_matrix_2026_04_15,medium,"high overall book infrastructure, low specialist-platform depth",primary,puerto rico::laberinto
Puerto Rico,Caribbean,single-store used / bookstore signal,real used-book shops,site,consolidated_matrix_2026_04_15,medium,"high overall book infrastructure, low specialist-platform depth",primary,puerto rico::real used-book shops
Qatar,Gulf / Arabian Peninsula,annex / classifieds,Mzad Qatar — books & stationery,site,gulf qatar pass1,medium,Horizontal classifieds spillover with a live national books & stationery category and current used-book listings across Doha and Al Wakra; supports a real second-hand seam without proving a specialist book-first marketplace.,supporting,qatar::mzad qatar books
Qatar,Gulf / Arabian Peninsula,offline / fair / literacy layer,Doha International Book Fair,institution,gulf qatar pass1,high,"Official long-running national book-fair infrastructure under Qatar's Ministry of Culture; the 35th edition is scheduled for May 14–23, 2026, reinforcing Qatar's strong fair/literacy layer.",supporting,qatar::doha international book fair
Qatar,Gulf / Arabian Peninsula,single-store bookstore layer,Edumart Bookshop,site,gulf qatar pass1,medium,Concrete Doha bookstore-layer anchor with fixed location and broad books/stationery/educational stock; useful confirmation of a real neighborhood bookstore substrate beyond the larger rails.,supporting,qatar::edumart bookshop
Qatar,Gulf / Arabian Peninsula,single-store bookstore layer,Ibn AlQayyim Bookstore,site,gulf qatar pass1,medium,"Concrete Doha bookstore-layer anchor with long-running local presence, bookstore/stationery identity, and directory-confirmed ecommerce/delivery language; retained in store layer because books are only part of a broader retail mix.",supporting,qatar::ibn alqayyim bookstore
Qatar,Gulf / Arabian Peninsula,weak-fit core,Alif Stores,site,gulf qatar pass1,high,"Qatar-based knowledge hub and ecommerce bookstore/lifestyle retailer that explicitly describes itself as housing the biggest bookstore in the State of Qatar and offering online shopping with books among 25,000+ products; strong local core rail even if not book-only.",primary,qatar::alif stores
Qatar,Gulf / Arabian Peninsula,weak-fit core,Crescent Bookshop,site,gulf qatar pass1,high,"Native Qatar bookstore/distributor with its own ecommerce storefront, category depth, and explicit positioning as a leading distributor of books from the UK, USA, Malaysia, and India; strong local corroborating rail.",secondary,qatar::crescent bookshop
Qatar,Gulf / Arabian Peninsula,weak-fit core,Jarir Bookstore Qatar,site,gulf qatar pass1,high,"Verified Qatar-facing online book rail with dedicated English and Arabic book sections, live priced inventory, and Qatar delivery/support language; strongest current chain-style generalist book-commerce spine in the pass.",primary,qatar::jarir bookstore qatar
Qatar,Gulf / Arabian Peninsula,weak-fit core,Virgin Megastore Qatar — books,site,gulf qatar pass1,high,"Verified Qatar-facing online bookshop with fiction, non-fiction, kids & teens, Arabic, Islamic, French, and comics/manga lanes plus live priced inventory; meaningful broader retail-book rail rather than a token books shelf.",secondary,qatar::virgin megastore qatar books
Romania,CEE/Balkans,weak-fit core,Cărturești,site,raw_continuation_transcript,high,Explicit weak-fit core in raw continuation transcript.,primary,romania::cărturești
Romania,CEE/Balkans,weak-fit core,Elefant,site,raw_continuation_transcript,high,Explicit weak-fit core in raw continuation transcript.,primary,romania::elefant
Romania,CEE/Balkans,weak-fit core,Libris,site,raw_continuation_transcript,high,Explicit weak-fit core in raw continuation transcript.,primary,romania::libris
Saba,Caribbean,annex / classifieds,Saba News Classifieds,site,consolidated_matrix_2026_04_15,medium,very thin marketplace depth,primary,saba::saba news classifieds
Saba,Caribbean,offline / fair / literacy layer,Book Week,site,consolidated_matrix_2026_04_15,medium,very thin marketplace depth,primary,saba::book week
Saba,Caribbean,offline / fair / literacy layer,Queen Wilhelmina Library,site,consolidated_matrix_2026_04_15,medium,very thin marketplace depth,primary,saba::queen wilhelmina library
Saba,Caribbean,single-store used / bookstore signal,extremely thin retail/resale layer,site,consolidated_matrix_2026_04_15,medium,very thin marketplace depth,primary,saba::extremely thin retail/resale layer
Saint-Barthélemy,Caribbean,annex / classifieds,Cyphoma,site,consolidated_matrix_2026_04_15,medium,very weak specialist marketplace depth; meaningful bookstore + library + festival + exchange infrastructure,primary,saint-barthélemy::cyphoma
Saint-Barthélemy,Caribbean,annex / classifieds,local buy/sell channels,site,consolidated_matrix_2026_04_15,medium,very weak specialist marketplace depth; meaningful bookstore + library + festival + exchange infrastructure,primary,saint-barthélemy::local buy/sell channels
Saint-Barthélemy,Caribbean,offline / fair / literacy layer,Bibliothèque Territoriale,site,consolidated_matrix_2026_04_15,medium,very weak specialist marketplace depth; meaningful bookstore + library + festival + exchange infrastructure,primary,saint-barthélemy::bibliothèque territoriale
Saint-Barthélemy,Caribbean,offline / fair / literacy layer,Bourse aux Livres,site,consolidated_matrix_2026_04_15,medium,very weak specialist marketplace depth; meaningful bookstore + library + festival + exchange infrastructure,primary,saint-barthélemy::bourse aux livres
Saint-Barthélemy,Caribbean,offline / fair / literacy layer,Saint-B'Art festival layer,site,consolidated_matrix_2026_04_15,medium,very weak specialist marketplace depth; meaningful bookstore + library + festival + exchange infrastructure,primary,saint-barthélemy::saint-b'art festival layer
Saint-Barthélemy,Caribbean,single-store used / bookstore signal,Barnes,site,consolidated_matrix_2026_04_15,medium,very weak specialist marketplace depth; meaningful bookstore + library + festival + exchange infrastructure,primary,saint-barthélemy::barnes
Saint-Barthélemy,Caribbean,single-store used / bookstore signal,La Case aux Livres,site,consolidated_matrix_2026_04_15,medium,very weak specialist marketplace depth; meaningful bookstore + library + festival + exchange infrastructure,primary,saint-barthélemy::la case aux livres
Saint-Barthélemy,Caribbean,single-store used / bookstore signal,used-book signal mostly event/exchange rather than shop-based,site,consolidated_matrix_2026_04_15,medium,very weak specialist marketplace depth; meaningful bookstore + library + festival + exchange infrastructure,primary,saint-barthélemy::used-book signal mostly event/exchange rather than shop-based
Saint-Martin (French side),Caribbean,annex / classifieds,Cyphoma Saint-Martin,site,consolidated_matrix_2026_04_15,medium,no strong specialist marketplace depth; real bookstore layer; real classifieds annex; strong literary / fair / educational infrastructure,primary,saint-martin (french side)::cyphoma saint-martin
Saint-Martin (French side),Caribbean,offline / fair / literacy layer,Les Fruits de Mer distribution/education ecology,site,consolidated_matrix_2026_04_15,medium,no strong specialist marketplace depth; real bookstore layer; real classifieds annex; strong literary / fair / educational infrastructure,primary,saint-martin (french side)::les fruits de mer distribution/education ecology
Saint-Martin (French side),Caribbean,offline / fair / literacy layer,St. Martin Book Fair,site,consolidated_matrix_2026_04_15,medium,no strong specialist marketplace depth; real bookstore layer; real classifieds annex; strong literary / fair / educational infrastructure,primary,saint-martin (french side)::st. martin book fair
Saint-Martin (French side),Caribbean,single-store used / bookstore signal,Librairie des Isles,site,consolidated_matrix_2026_04_15,medium,no strong specialist marketplace depth; real bookstore layer; real classifieds annex; strong literary / fair / educational infrastructure,primary,saint-martin (french side)::librairie des isles
Saint-Martin (French side),Caribbean,single-store used / bookstore signal,Librairie du Bord de Mer,site,consolidated_matrix_2026_04_15,medium,no strong specialist marketplace depth; real bookstore layer; real classifieds annex; strong literary / fair / educational infrastructure,primary,saint-martin (french side)::librairie du bord de mer
Saint-Martin (French side),Caribbean,single-store used / bookstore signal,no clean used-book specialist verified,site,consolidated_matrix_2026_04_15,medium,no strong specialist marketplace depth; real bookstore layer; real classifieds annex; strong literary / fair / educational infrastructure,primary,saint-martin (french side)::no clean used-book specialist verified
San Marino,Central Mediterranean,offline / fair / literacy layer,Biblioteca di Stato e Beni Librari,site,live_web_resolution,high,National/state library and cultural-reading infrastructure for San Marino.,primary,san marino::biblioteca di stato e beni librari
San Marino,Central Mediterranean,single-store bookstore layer,Libreria Cosmo,site,live_web_resolution,high,"Online bookstore and physical bookshop in Borgo Maggiore, San Marino; exact bookstore-layer anchor.",primary,san marino::libreria cosmo
San Marino,Central Mediterranean,single-store used / bookstore signal,Libreria Cosmo — libri usati e in scambio,site,live_web_resolution,high,Cosmo explicitly offers used books and exchange service; retained below weak-fit as store-owned used-book signal.,primary,san marino::libreria cosmo — libri usati e in scambio
Saudi Arabia,Gulf / Arabian Peninsula,annex / classifieds,dubizzle Saudi Arabia — Used Books in Riyadh,site,gulf saudi arabia pass1,medium,Horizontal classifieds spillover with live used-books listings in Riyadh; confirms broader secondary-market circulation beyond specialist used-book shops.,supporting,saudi arabia::dubizzle saudi arabia used books in riyadh
Saudi Arabia,Gulf / Arabian Peninsula,weak-fit core,Darussalam KSA,site,gulf saudi arabia pass1,high,Riyadh-rooted multilingual Islamic publishing-and-book retail spine with large catalog depth and global distribution footprint; strong Saudi-based publishing-commerce rail rather than a marginal niche outlet. | Pass117 boundary patch: publisher-commerce / religious-book retail rail; meaningful book ecosystem infrastructure but not used/recommerce marketplace mechanics.,primary,saudi arabia::darussalam ksa
Saudi Arabia,Gulf / Arabian Peninsula,weak-fit core,Jarir Bookstore Saudi Arabia,site,gulf saudi arabia pass1,high,"National-scale Saudi retail-and-online spine: founded in Riyadh as a bookshop, now runs Saudi retail plus online sales, explicit Arabic Books / English Books / Audio & eBooks categories, and nationwide Saudi delivery. | Pass117 boundary patch: national Saudi new-book retail/ecommerce spine, but no used/recommerce marketplace or third-party used-book seller mechanics found; not strict main under South America-style recommerce boundary.",primary,saudi arabia::jarir bookstore saudi arabia
Saudi Arabia,Gulf / Arabian Peninsula,weak-fit core,WBCO / Elmia Bookstore lineage,site,gulf saudi arabia pass1,medium,"Long-running Saudi educational-distribution rail originating as Elmia Bookstore in Saudi Arabia and now serving Riyadh, Khobar, and Jeddah; meaningful national educational-book distribution infrastructure. | Pass117 boundary patch: educational-distribution / institutional book rail; not used-book marketplace or recommerce infrastructure.",primary,saudi arabia::wbco-elmia bookstore lineage
Saudi Arabia,Gulf / Arabian Peninsula,offline / fair / literacy layer,Almadinah Book Fair,institution,gulf saudi arabia pass1,high,"Official Almadinah fair platform under the Commission, showing a fourth major fair node in the national book-fair network.",supporting,saudi arabia::almadinah book fair
Saudi Arabia,Gulf / Arabian Peninsula,offline / fair / literacy layer,Eastern Region Book Fair,institution,gulf saudi arabia pass1,high,Official eastern-region fair platform under the Commission; adds another region-scale node to the Saudi fair/literacy infrastructure.,supporting,saudi arabia::eastern region book fair
Saudi Arabia,Gulf / Arabian Peninsula,offline / fair / literacy layer,Jazan Book Fair 2025,institution,gulf saudi arabia pass1,high,"SPA reports the 2025 Jazan Book Fair drew over 300 publishing houses/agencies, showing further regional fair depth beyond the Commission’s standing four-node fair program.",supporting,saudi arabia::jazan book fair 2025
Saudi Arabia,Gulf / Arabian Peninsula,offline / fair / literacy layer,Jeddah Book Fair,institution,gulf saudi arabia pass1,high,Official western-region fair platform under the Commission; strong evidence that the Saudi fair/literacy layer is regionally distributed rather than Riyadh-only.,supporting,saudi arabia::jeddah book fair
Saudi Arabia,Gulf / Arabian Peninsula,offline / fair / literacy layer,Riyadh International Book Fair,institution,gulf saudi arabia pass1,high,"Major annual official national book-fair platform organized under the Literature, Publishing and Translation Commission; one of the leading Arab book fairs.",supporting,saudi arabia::riyadh international book fair
Saudi Arabia,Gulf / Arabian Peninsula,single-store used booksellers,Almawsoah For Used Books,site,gulf saudi arabia pass1,medium,Riyadh used-books specialist with current directory evidence and a referenced site; meaningful corroborating specialist used-book seam.,supporting,saudi arabia::almawsoah for used books
Saudi Arabia,Gulf / Arabian Peninsula,single-store used booksellers,Tawg Alhamamah For Used Books,site,gulf saudi arabia pass1,medium,Riyadh used-books specialist with current directory evidence identifying it as both a second-hand store and a bookstore/newsstand; strong specialist used-book signal.,supporting,saudi arabia::tawg alhamamah for used books
Saudi Arabia,Gulf / Arabian Peninsula,weak-fit core,Khaleej Al-Kitab / Book Bay KSA,site,gulf saudi arabia pass1,medium,Riyadh-based medical and professional bookstore serving health disciplines; meaningful specialized professional-book rail below the top national spine.,secondary,saudi arabia::khaleej al-kitab-book bay ksa
Saudi Arabia,Gulf / Arabian Peninsula,weak-fit core,Little Book Arabia,site,gulf saudi arabia pass1,high,"Jeddah children’s specialty bookstore with ecommerce storefront, multilingual children’s stock, secure online payments, and shipping checkout; strengthens the specialty children’s-book rail.",primary,saudi arabia::little book arabia
Saudi Arabia,Gulf / Arabian Peninsula,weak-fit core,Night Owl Bookstore,site,gulf saudi arabia pass1,high,"Riyadh online bookseller with hard-to-find English titles and Arabic translations, shipping across Saudi Arabia and GCC, plus same-day Riyadh delivery options; meaningful contemporary specialty rail.",primary,saudi arabia::night owl bookstore
Saudi Arabia,Gulf / Arabian Peninsula,weak-fit core,Zomar Land,site,gulf saudi arabia pass1,medium,"Saudi distributor of foreign-language books to universities, schools, and libraries nationwide; useful corroborating national educational/distribution rail.",secondary,saudi arabia::zomar land
Singapore,Southeast Asia,weak-fit core,Bookshop.sg,site,frontier_note_shorthand,medium,Recovered from frontier shorthand 'Bookshop.sg + Thryft + huge Carousell overflow'.,primary,singapore::bookshop.sg
Singapore,Southeast Asia,weak-fit core,Thryft,site,frontier_note_shorthand,medium,Recovered from frontier shorthand 'Bookshop.sg + Thryft + huge Carousell overflow'.,primary,singapore::thryft
Sint Eustatius,Caribbean,offline / fair / literacy layer,public library + school materials support,site,consolidated_matrix_2026_04_15,medium,extremely thin marketplace depth,primary,sint eustatius::public library + school materials support
Sint Eustatius,Caribbean,single-store used / bookstore signal,Paper Corner + tiny outlet ring,site,consolidated_matrix_2026_04_15,medium,extremely thin marketplace depth,primary,sint eustatius::paper corner + tiny outlet ring
Sint Maarten,Caribbean,annex / classifieds,Marketplace SXM,site,consolidated_matrix_2026_04_15,medium,bookstore + general-marketplace + literacy/fair,primary,sint maarten::marketplace sxm
Sint Maarten,Caribbean,annex / classifieds,SxmMarket,site,consolidated_matrix_2026_04_15,medium,bookstore + general-marketplace + literacy/fair,primary,sint maarten::sxmmarket
Sint Maarten,Caribbean,offline / fair / literacy layer,library + St. Martin Book Fair,site,consolidated_matrix_2026_04_15,medium,bookstore + general-marketplace + literacy/fair,primary,sint maarten::library + st. martin book fair
Sint Maarten,Caribbean,single-store used / bookstore signal,broad bookstore layer,site,consolidated_matrix_2026_04_15,medium,bookstore + general-marketplace + literacy/fair,primary,sint maarten::broad bookstore layer
Slovenia,CEE/Balkans,annex / classifieds,Bolha,site,frontier_shorthand_2026_04_18,medium,Explicit in frontier note as large annex rail.,primary,slovenia::bolha
Slovenia,CEE/Balkans,single-store used booksellers,Antikvariat Glavan,site,web_resolved_2026_04_19,medium,Resolved from live web evidence: antiquarian/used bookshop.,primary,slovenia::antikvariat glavan
Slovenia,CEE/Balkans,single-store used booksellers,Bukvarna.net,site,web_resolved_2026_04_19,medium,Resolved from live web evidence: online second-hand / antiquarian rail.,primary,slovenia::bukvarna.net
Slovenia,CEE/Balkans,weak-fit core,Emka.si,site,web_resolved_2026_04_19,high,Resolved from live web evidence: largest Slovenian online bookshop.,primary,slovenia::emka.si
South Africa,Southern Africa,annex / classifieds,Amber,marketplace,web_verified_2026_04_22_active_open_continuation,high,Student-to-student second-hand university textbook marketplace spanning major campuses nationwide; deepens academic recommerce seam.,supporting,south africa::amber
South Africa,Southern Africa,annex / classifieds,Bakgat Books,site,web_verified_2026_04_22_active_open_continuation_2,high,"South African online second-hand marketplace that lets individuals create storefronts and also carries rare, antique, and collectible books; adds marketplace-plus-multi-store texture.",primary,south africa::bakgat books
South Africa,Southern Africa,annex / classifieds,BookTrade Campus,site,web_verified_2026_04_22_active_open_continuation_2,high,"Student marketplace for buying, selling, and swapping textbooks and collectibles with university-network verification; deepens campus recommerce beyond earlier textbook platforms.",primary,south africa::booktrade campus
South Africa,Southern Africa,main universe,Bookle,marketplace,web_verified_2026_04_22_active_open_continuation; runtime_gap_bridge_web_2026_04_25_sa_hardening,high,"PROMOTED in pass43: dedicated South African marketplace for buying and selling secondhand books; current site shows seller list, how-to-buy/how-to-sell paths, local sellers, secure checkout, buyer protection, condition guidelines, and seller communication.",promoted strict-main hardening,south africa::bookle
South Africa,Southern Africa,annex / classifieds,Buka,marketplace,web_verified_2026_04_22_active_open_continuation,medium,South African peer-to-peer marketplace for used books focused on affordable access and verified sellers; adds p2p used-book texture.,supporting,south africa::buka
South Africa,Southern Africa,annex / classifieds,Campus Trade,marketplace,sa_pass5_unapplied_package_applied_2026_04_22,high,"Student platform connecting buyers and sellers of textbooks, calculators, and study items across South Africa.",supporting,south africa::campus trade
South Africa,Southern Africa,annex / classifieds,Dog Eared Books,marketplace,web_verified_2026_04_22_active_open_continuation,high,Used school-books marketplace with verification and PAXI delivery; deepens school-textbook recommerce seam.,supporting,south africa::dog eared books
South Africa,Southern Africa,annex / classifieds,Easy Textbooks,marketplace,sa_pass5_unapplied_package_applied_2026_04_22,high,South African online platform for buying and selling secondhand textbooks with buyer-protection language.,supporting,south africa::easy textbooks
South Africa,Southern Africa,main universe,Bargain Books,site,web_verified_2026_04_22,high,Large South African discount-books chain with a live store-locator across multiple provinces.,primary,south africa::bargain books
South Africa,Southern Africa,main universe,Exclusive Books,site,web_verified_2026_04_22,high,National chain-linked online books rail with free delivery to stores nationwide and broad category depth.,primary,south africa::exclusive books
South Africa,Southern Africa,main universe,Loot Books,site,web_verified_2026_04_22,high,"Very large national online books rail with millions of titles spanning fiction, lifestyle, academic, Christianity, and children’s books.",primary,south africa::loot books
South Africa,Southern Africa,main universe,Readers Warehouse,site,web_verified_2026_04_22,medium,Current national discount-books ecommerce rail adding further scale beyond the biggest chains and marketplaces.,secondary,south africa::readers warehouse
South Africa,Southern Africa,main universe,Takealot Books,site,web_verified_2026_04_22,high,"Large national online books marketplace with broad children, fiction, nonfiction, and academic surfaces plus nationwide delivery and collection.",primary,south africa::takealot books
South Africa,Southern Africa,main universe,Van Schaik,site,web_verified_2026_04_22,high,Century-old academic retailer with more than 60 stores across Southern Africa and a strong South Africa-facing campus/bookselling seam.,secondary,south africa::van schaik
South Africa,Southern Africa,offline / fair / literacy layer,Biblionef South Africa,literacy_distribution,sa_pass6_unapplied_package_applied_2026_04_22,high,Book-donation infrastructure supplying children’s books in all eleven official languages to underserved communities.,supporting,south africa::biblionef south africa
South Africa,Southern Africa,offline / fair / literacy layer,BookBedonnerd / Book Town Richmond,event,sa_pass6_unapplied_package_applied_2026_04_22,medium,Richmond Book Town / BookBedonnerd festival adds a distinctive regional book-town festival seam beyond Cape Town and Johannesburg events.,supporting,south africa::bookbedonnerd / book town richmond
South Africa,Southern Africa,offline / fair / literacy layer,Cape Flats Book Festival 2026,event,sa_pass5_unapplied_package_applied_2026_04_22,medium,Live 2026 community-festival signal broadening South Africa’s civic literary-event infrastructure.,supporting,south africa::cape flats book festival 2026
South Africa,Southern Africa,offline / fair / literacy layer,Kingsmead Book Fair 2026,event,web_verified_2026_04_22,high,Live 2026 Johannesburg book-fair infrastructure with current ticketing and bookseller partnership signals.,supporting,south africa::kingsmead book fair 2026
South Africa,Southern Africa,offline / fair / literacy layer,Little Zebra Books,literacy_distribution,web_verified_2026_04_22_active_open_continuation,high,Cape Town nonprofit distributing children's books in African languages through local partners; deepens literacy-distribution seam.,supporting,south africa::little zebra books
South Africa,Southern Africa,offline / fair / literacy layer,Open Book Festival,event,web_verified_2026_04_22,high,Established Cape Town literary festival with an ongoing annual/multi-event model focused on South African literature in international context.,supporting,south africa::open book festival
South Africa,Southern Africa,offline / fair / literacy layer,READ to RISE,literacy_distribution,sa_pass6_unapplied_package_applied_2026_04_22,high,Book-ownership and literacy-promotion NGO distributing books to young learners across South Africa.,supporting,south africa::read to rise
South Africa,Southern Africa,offline / fair / literacy layer,The Bookery,literacy_distribution,sa_pass6_unapplied_package_applied_2026_04_22,high,School-library building and literacy-distribution NGO creating learner-centred libraries with stocked books.,supporting,south africa::the bookery
South Africa,Southern Africa,single-store bookstore layer,Book Capital,bookstore,sa_pass6_unapplied_package_applied_2026_04_22,high,"Independent Melville, Johannesburg bookshop focusing on African literature; strengthens Johannesburg indie and African-lit specialist seam.",secondary,south africa::book capital
South Africa,Southern Africa,single-store bookstore layer,Bridge Books,site,web_verified_2026_04_22_active_open_continuation_2,high,"Downtown Johannesburg independent bookstore with Marshalltown and Linden presence, selling new and second-hand books with an emphasis on African writers and local-language publishing; also linked to African Book Trust distribution.",primary,south africa::bridge books
South Africa,Southern Africa,single-store bookstore layer,Dynamic Books,bookstore,web_verified_2026_04_22_active_open_continuation,high,"Independent Durban online bookstore focused on school and university textbooks, study guides, and stationery; deepens KZN education/bookselling seam.",secondary,south africa::dynamic books
South Africa,Southern Africa,single-store bookstore layer,Faebel Bookstore,bookstore,web_verified_2026_04_22_active_open_continuation,medium,Durban online bookstore that evolved from second-hand Instagram selling into a dedicated online bookseller; adds KZN independent online-store texture.,secondary,south africa::faebel bookstore
South Africa,Southern Africa,single-store bookstore layer,IH Pentz Campus Bookshop,bookstore,web_verified_2026_04_22_active_open_continuation,high,"Wits East Campus academic/general bookshop with more than 30,000 titles and online nationwide delivery; strengthens Gauteng campus rail.",secondary,south africa::ih pentz campus bookshop
South Africa,Southern Africa,single-store bookstore layer,Red Owl Books,bookstore,web_verified_2026_04_22_active_open_continuation,medium,Randburg independent online bookstore focused on literary fiction/non-fiction and both new and used stock; adds Gauteng indie-online layer.,secondary,south africa::red owl books
South Africa,Southern Africa,single-store bookstore layer,Spine and Page,bookstore,sa_pass5_unapplied_package_applied_2026_04_22,medium,"Cape Town bookstore surface with local ecommerce and ebook information, adding regional indie depth.",secondary,south africa::spine and page
South Africa,Southern Africa,single-store used / bookstore signal,Christison Rare Books,bookstore,web_verified_2026_04_22_active_open_continuation,high,Gqeberha-based online rare-books dealership specialising in Southern African material; extends Eastern Cape antiquarian seam.,secondary,south africa::christison rare books
South Africa,Southern Africa,single-store used / bookstore signal,Clarke's Africana & Rare Books,bookstore,web_verified_2026_04_22_active_open_continuation,high,Long-running antiquarian Africana dealer in Cape Town; strengthens Western Cape antiquarian depth.,secondary,south africa::clarke's africana & rare books
South Africa,Southern Africa,single-store used / bookstore signal,Ike's Books,site,web_verified_2026_04_22_active_open_continuation_2,high,"Durban independent second-hand, out-of-print, and antiquarian bookshop with strong Africana/politics texture; deepens KwaZulu-Natal used-and-collectible rail.",primary,south africa::ike's books
South Africa,Southern Africa,single-store used / bookstore signal,REEA Charity Bookshop,site,web_verified_2026_04_22_active_open_continuation_2,high,"Craighall Park second-hand charity bookshop fed by donors and volunteers, supporting the REEA Foundation; adds nonprofit charity-bookshop texture to Gauteng's used-book layer.",primary,south africa::reea charity bookshop
South Africa,Southern Africa,single-store used / bookstore signal,Rare Collections,site,sa_pass6_unapplied_package_applied_2026_04_22,medium,"Rare-books dealer covering fine press, modern first editions, speculative fiction, prints, and ephemera; strengthens specialist rare/collectibles seam.",secondary,south africa::rare collections
South Africa,Southern Africa,single-store used / bookstore signal,Select Books,bookstore,web_verified_2026_04_22_active_open_continuation,high,Cape Town out-of-print / Africana / sport specialist that buys and sells rare and new books; strengthens antiquarian seam.,secondary,south africa::select books
South Africa,Southern Africa,single-store used booksellers,ReadMatter,site,web_verified_2026_04_22,high,Nationwide online secondhand-book rail with broad preloved inventory and delivery throughout South Africa.,secondary,south africa::readmatter
South Africa,Southern Africa,single-store used booksellers,The Crazy Book Inn,site,sa_pass5_unapplied_package_applied_2026_04_22,high,Online South African bookstore focused on secondhand / pre-loved books with nationwide-delivery language.,secondary,south africa::the crazy book inn
South Africa,Southern Africa,weak-fit core,CUB Books,bookstore,web_verified_2026_04_22_active_open_continuation,high,"Durban-based bookseller/distributor for school, tertiary, and leisure books with bulk-order capacity; strengthens KwaZulu-Natal education rail.",secondary,south africa::cub books
South Africa,Southern Africa,weak-fit core,CUM Books,site,web_verified_2026_04_22,high,Faith-book chain and publisher-retailer seam with more than 80 years of operation and 33 store locations in South Africa.,secondary,south africa::cum books
South Africa,Southern Africa,weak-fit core,Comic Warehouse,bookstore,web_verified_2026_04_22_active_open_continuation,medium,Johannesburg specialist comics / graphic novels / collectibles superstore; strengthens Gauteng specialist comics and pop-culture book retail seam.,secondary,south africa::comic warehouse
South Africa,Southern Africa,weak-fit core,Create-a-Book,publisher_bookseller,sa_pass5_unapplied_package_applied_2026_04_22,medium,Long-running personalised-storybook business adding a children/family book-commerce seam.,secondary,south africa::create-a-book
South Africa,Southern Africa,weak-fit core,Ethnikids,site,web_verified_2026_04_22,high,Online children’s bookstore specialising in diverse South African-language representation and multilingual children’s books.,secondary,south africa::ethnikids
South Africa,Southern Africa,weak-fit core,Ferndale Textbooks,bookstore,sa_pass6_unapplied_package_applied_2026_04_22,high,Established school-textbook specialist with current 2026 school-list commerce; strengthens specialist textbook retail beyond general chains.,secondary,south africa::ferndale textbooks
South Africa,Southern Africa,weak-fit core,Protea Boekhuis,site,web_verified_2026_04_22_active_open_continuation_2,high,Pretoria-rooted Afrikaans and academic bookselling/publishing rail that grew from a small second-hand shop into 15 academic bookstores nationwide; strong Hatfield academic and Afrikaans seam.,primary,south africa::protea boekhuis
South Africa,Southern Africa,weak-fit core,Qualibooks South Africa,site,web_verified_2026_04_22,high,Educational-books and library-solutions rail with resources in all eleven South African languages and school/library support.,secondary,south africa::qualibooks south africa
South Africa,Southern Africa,weak-fit core,Readers Den Comic Shop,bookstore,web_verified_2026_04_22_active_open_continuation,high,Cape Town specialist comics / graphic novels / manga rail with two branches and online sales; strengthens Western Cape specialist comics seam.,secondary,south africa::readers den comic shop
South Korea,East Asia,annex / classifieds,당근,site,east asia south korea pass2,high,"Large horizontal used-goods platform. Official service materials frame 당근 as neighborhood-based 중고거래, and official marketplace pages show live book listings; important annex spillover rather than a book-first core rail.",primary,south korea::당근
South Korea,East Asia,main universe,YES24,site,east asia south korea pass1; east asia south korea pass2,high,"Pass 1/2 anchor: YES24 combines new books with an explicit 중고샵, 바이백(중고팔기), and a smaller used-store network; important integrated recommerce rail inside the main spine.",primary,south korea::yes24
South Korea,East Asia,main universe,교보문고,site,east asia south korea pass1,high,"Pass 1 anchor: Kyobo is one of South Korea's three dominant online-book rails and combines online retail, ebook, store network, and pickup services.",primary,south korea::교보문고
South Korea,East Asia,main universe,알라딘,site,east asia south korea pass1; east asia south korea pass2,high,"Pass 1/2 anchor: Aladin combines online used books, direct used fulfillment, and a large national used-store network; the clearest integrated used-book/recommerce rail inside South Korea's core.",primary,south korea::알라딘
South Korea,East Asia,offline / fair / literacy layer,서울국제도서전,site,east asia south korea pass1,high,National-scale fair and reading/publishing institution; held in the literacy/fair layer rather than the marketplace layers.,primary,south korea::서울국제도서전
South Korea,East Asia,used-book signal (territory note),"Strong, but mostly internalized inside Aladin + YES24",territory_note,east asia south korea pass2,high,"Pass 2 closure view: South Korea's used-book/recommerce seam is structurally important, but most of the verified depth is absorbed inside Aladin and YES24 rather than appearing as a clearly separate national specialist spine.",primary,south korea::used-book-signal
South Korea,East Asia,weak-fit core,RIDI,site,east asia south korea pass1,medium,"Book-forward digital shadow layer: RIDI still includes ebook/books and Select subscription, but now sits inside a broader webtoon/webnovel-heavy platform frame.",primary,south korea::ridi
South Korea,East Asia,weak-fit core,밀리의서재,site,east asia south korea pass1,medium,"Book-forward subscription rail with very large ebook catalog and reading-platform identity, but not a dominant paper-book marketplace spine in the same sense as the top three.",primary,south korea::밀리의서재
Spain,Iberia,annex / classifieds,Wallapop,site,iberia_matrix_2026_04_15,high,Full-stack book-market territory with multiple marketplace anchors.,primary,spain::wallapop
Spain,Iberia,main universe,IberLibro,site,"Iberia Matrix sheet, Main Universe column",high,"Recovered from Iberia Matrix sheet, Main Universe column; exact rationale text was not preserved in the prior artifact surface.",primary,spain::iberlibro
Spain,Iberia,main universe,Uniliber,site,"Iberia Matrix sheet, Main Universe column",high,"Recovered from Iberia Matrix sheet, Main Universe column; exact rationale text was not preserved in the prior artifact surface.",primary,spain::uniliber
Spain,Iberia,offline / fair / literacy layer,Feria del Libro de Madrid,site,iberia_matrix_2026_04_15,high,Full-stack book-market territory with multiple marketplace anchors.,primary,spain::feria del libro de madrid
Spain,Iberia,offline / fair / literacy layer,Liber,site,iberia_matrix_2026_04_15,high,Full-stack book-market territory with multiple marketplace anchors.,primary,spain::liber
Spain,Iberia,offline / fair / literacy layer,State/public library infrastructure,site,iberia_matrix_2026_04_15,high,Full-stack book-market territory with multiple marketplace anchors.,primary,spain::state/public library infrastructure
Spain,Iberia,single-store bookstore layer,CEGAL independents,site,iberia_matrix_2026_04_15,high,Full-stack book-market territory with multiple marketplace anchors.,primary,spain::cegal independents
Spain,Iberia,single-store bookstore layer,Casa del Libro,site,iberia_matrix_2026_04_15,high,Full-stack book-market territory with multiple marketplace anchors.,primary,spain::casa del libro
Spain,Iberia,weak-fit core,Fnac Marketplace,site,iberia_matrix,high,Explicit weak-fit core in Iberia matrix.,primary,spain::fnac marketplace
Spain,Iberia,weak-fit core,TodosTusLibros,site,iberia_matrix,high,Explicit weak-fit core in Iberia matrix.,primary,spain::todostuslibros
Spain,Iberia,weak-fit core,todocoleccion,site,iberia_matrix,high,Explicit weak-fit core in Iberia matrix.,primary,spain::todocoleccion
Sri Lanka,South Asia,main universe,BookExchange.lk,site,web_resolved_2026_04_19; runtime_gap_bridge_web_2026_04_25_south_asia_compact_sprint,high,Resolved from live web evidence: buy/sell/exchange used books platform. || Promoted/hardened in pass70 South Asia compact sprint based on current web evidence.,primary,sri lanka::bookexchange.lk
Sri Lanka,South Asia,weak-fit core,Jumpbooks.lk,site,web_resolved_2026_04_19,high,Resolved from live web evidence: strong online retail rail.,primary,sri lanka::jumpbooks.lk
St. Kitts and Nevis,Caribbean,annex / classifieds,classifieds rail,site,consolidated_matrix_2026_04_15,medium,small retail + literacy,primary,st. kitts and nevis::classifieds rail
St. Kitts and Nevis,Caribbean,offline / fair / literacy layer,Logos Hope,site,consolidated_matrix_2026_04_15,medium,small retail + literacy,primary,st. kitts and nevis::logos hope
St. Kitts and Nevis,Caribbean,offline / fair / literacy layer,library programming,site,consolidated_matrix_2026_04_15,medium,small retail + literacy,primary,st. kitts and nevis::library programming
St. Kitts and Nevis,Caribbean,single-store used / bookstore signal,Chapter 1,site,consolidated_matrix_2026_04_15,medium,small retail + literacy,primary,st. kitts and nevis::chapter 1
St. Kitts and Nevis,Caribbean,single-store used / bookstore signal,RJ Laws,site,consolidated_matrix_2026_04_15,medium,small retail + literacy,primary,st. kitts and nevis::rj laws
St. Lucia,Caribbean,annex / classifieds,classifieds rails,site,consolidated_matrix_2026_04_15,medium,literary-event heavy,primary,st. lucia::classifieds rails
St. Lucia,Caribbean,offline / fair / literacy layer,Saint Lucian Book Fair,site,consolidated_matrix_2026_04_15,medium,literary-event heavy,primary,st. lucia::saint lucian book fair
St. Lucia,Caribbean,single-store used / bookstore signal,small bookstore layer,site,consolidated_matrix_2026_04_15,medium,literary-event heavy,primary,st. lucia::small bookstore layer
St. Vincent and the Grenadines,Caribbean,annex / classifieds,BambaAd SVG,site,consolidated_matrix_2026_04_15,medium,bookstore + literacy layer,primary,st. vincent and the grenadines::bambaad svg
St. Vincent and the Grenadines,Caribbean,offline / fair / literacy layer,Logos Hope,site,consolidated_matrix_2026_04_15,medium,bookstore + literacy layer,primary,st. vincent and the grenadines::logos hope
St. Vincent and the Grenadines,Caribbean,offline / fair / literacy layer,literacy programs,site,consolidated_matrix_2026_04_15,medium,bookstore + literacy layer,primary,st. vincent and the grenadines::literacy programs
St. Vincent and the Grenadines,Caribbean,single-store used / bookstore signal,Gaymes,site,consolidated_matrix_2026_04_15,medium,bookstore + literacy layer,primary,st. vincent and the grenadines::gaymes
St. Vincent and the Grenadines,Caribbean,single-store used / bookstore signal,Highway,site,consolidated_matrix_2026_04_15,medium,bookstore + literacy layer,primary,st. vincent and the grenadines::highway
St. Vincent and the Grenadines,Caribbean,single-store used / bookstore signal,Jujube,site,consolidated_matrix_2026_04_15,medium,bookstore + literacy layer,primary,st. vincent and the grenadines::jujube
Sweden,Nordics,main universe,Bokbörsen,site,later Nordic deepening pass,high,Recovered from later Nordic deepening pass; exact rationale text was not preserved in the prior artifact surface.,primary,sweden::bokbörsen
Switzerland,DACH,annex / classifieds,Ricardo is a huge general-marketplace books rail,site,dach_matrix_2026_04_16,high,"Deep, hybrid, exchange-rich book territory: less book-pure than Germany, but richer and more layered than a simple store-led market.",primary,switzerland::ricardo is a huge general-marketplace books rail
Switzerland,DACH,offline / fair / literacy layer,BuchBasel,site,dach_matrix_2026_04_16,high,"Deep, hybrid, exchange-rich book territory: less book-pure than Germany, but richer and more layered than a simple store-led market.",primary,switzerland::buchbasel
Switzerland,DACH,offline / fair / literacy layer,Swiss National Library / e-Helvetica,site,dach_matrix_2026_04_16,high,"Deep, hybrid, exchange-rich book territory: less book-pure than Germany, but richer and more layered than a simple store-led market.",primary,switzerland::swiss national library / e-helvetica
Switzerland,DACH,single-store bookstore layer,Orell Füssli,site,dach_matrix_2026_04_16,high,"Deep, hybrid, exchange-rich book territory: less book-pure than Germany, but richer and more layered than a simple store-led market.",primary,switzerland::orell füssli
Switzerland,DACH,single-store bookstore layer,SBVV member shops,site,dach_matrix_2026_04_16,high,"Deep, hybrid, exchange-rich book territory: less book-pure than Germany, but richer and more layered than a simple store-led market.",primary,switzerland::sbvv member shops
Switzerland,DACH,single-store bookstore layer,Schweizer Buchzentrum backbone,site,dach_matrix_2026_04_16,high,"Deep, hybrid, exchange-rich book territory: less book-pure than Germany, but richer and more layered than a simple store-led market.",primary,switzerland::schweizer buchzentrum backbone
Switzerland,DACH,used-book signal (territory note),Strong and structurally important,territory_note,dach_matrix_2026_04_16,medium,"Deep, hybrid, exchange-rich book territory: less book-pure than Germany, but richer and more layered than a simple store-led market.",primary,switzerland::strong and structurally important
Switzerland,DACH,weak-fit core,Exsila,site,dach_matrix,high,Explicit weak-fit core in DACH matrix.,primary,switzerland::exsila
Switzerland,DACH,weak-fit core,Ricardo,site,dach_matrix_2026_04_16,high,"Deep, hybrid, exchange-rich book territory: less book-pure than Germany, but richer and more layered than a simple store-led market.",primary,switzerland::ricardo
Syria,Levant / Mashriq,annex / classifieds,e-Sadaf — books/magazines + used,site,levant syria pass1,medium,General Syrian ecommerce rail showing books and magazines inside a broader marketplace and also exposing a used-goods layer; treated as horizontal spillover rather than a book-first core spine.,supporting,syria::e-sadaf-books-used
Syria,Levant / Mashriq,offline / fair / literacy layer,Damascus International Book Fair,event,levant syria pass1,high,"The 2026 Damascus International Book Fair reopened at major scale after Assad, with around 500 publishers from about 35 countries and very high attendance; this strongly confirms national literary infrastructure even in a fluid transition. | Pass120 Syria patch: 2026 post-Assad fair evidence reconfirmed major reopening signal: AP/SANA/Al Jazeera report roughly 500 publishers from around 35 countries and very high attendance/title scale. This is cultural-infrastructure evidence, not recommerce platform evidence.",primary,syria::damascus-international-book-fair
Syria,Levant / Mashriq,single-store bookstore layer,Dar Beiruti Library,site,levant syria pass1,medium,"Concrete Damascus bookstore-layer anchor in Al Halbouni with current hours, phone number, and map listing.",supporting,syria::dar-beiruti-library
Syria,Levant / Mashriq,single-store bookstore layer,Maktabat Dar al-Fikr / مكتبة دار الفكر,site,levant syria pass1,medium,"Concrete Damascus publisher-bookstore anchor with current directory listing, opening hours, phone number, and fikr.com website connection.",supporting,syria::dar-al-fikr-bookstore
Syria,Levant / Mashriq,used-book signal (territory note),Visible Damascus second-hand and street-books seam around Jisr al-Hurriya / Halbouni,territory_note,levant syria pass1,medium-high,"2025 reporting confirms active sidewalk/street book stalls in Damascus and the return/relocation of used-book stands after the regime change, which gives Syria a real but still informal second-hand seam even without a strongly verified national specialist used-book marketplace. | Pass120 Syria patch: 2019/2024 and 2024 reporting independently support Damascus used-book street/vendor geography around Jisr al-Raees, Halbouni, takiyya/museum sidewalks, and Souq al-Hamidiyah/al-Miskiyah; remains offline used-book texture only.",primary,syria::used-book-signal
Syria,Levant / Mashriq,weak-fit core,Chamona / متجر شامنا,site,levant syria pass1,high,"Live Syria-based online bookstore presenting itself as the first online bookstore in Syria, with active catalogue, pricing in Syrian pounds, checkout/contact flows, and delivery language for all Syrian governorates plus shipping outside Syria. | Pass120 Syria patch: Official current site/about pages confirm first/online bookstore positioning, active categories, Syria-wide delivery, outside-Syria shipping, payment/service language, and 2019-2025 footer. Retained as high weak-fit first-party book ecommerce, not used-book marketplace.",primary,syria::chamona
Syria,Levant / Mashriq,weak-fit core,Warkabnkra / Alasdekaa,site,levant syria pass1,medium-high,"Book-forward Aleppo rail with explicit categories for new books, novels, used books, religion, and college materials plus a Syria address in Al Furqan, Aleppo. | Pass120 Syria patch: Direct Alasdekaa.online surface now gives Aleppo bookstore identity/current hours/contact; retained as Aleppo bookshop/weak-fit book-commerce rail, not strict used/recommerce platform. Older Warkabnkra used-book category evidence remains contextual only.",secondary,syria::warkabnkra-alasdekaa
Taiwan,East Asia,annex / classifieds,露天市集（書籍動漫）,site,east asia taiwan live control pass,high,"Large horizontal shopping / auction rail with a visible books-and-comics category; important annex spillover, not core.",primary,taiwan::露天市集（書籍動漫）
Taiwan,East Asia,main universe,TAAZE 讀冊生活,site,east asia taiwan live control pass,high,"TAAZE combines new books, ebooks, a dense used-book market, and explicit seller onboarding; core main-universe rail.",primary,taiwan::taaze 讀冊生活
Taiwan,East Asia,main universe,博客來,site,east asia taiwan live control pass,high,Books.com.tw / 博客來 is an early dedicated online bookstore and still a dominant Taiwan book-sales rail; kept in main universe.,primary,taiwan::博客來
Taiwan,East Asia,main universe,金石堂,site,east asia taiwan live control pass,high,KingStone remains a strongly book-forward online/bookseller rail with deep print and ebook presence; promoted to main universe.,primary,taiwan::金石堂
Taiwan,East Asia,offline / fair / literacy layer,TiBE 台北國際書展,site,east asia taiwan live control pass,high,Major book-fair / publishing-exchange institution in Taiwan; retained in literacy/fair layer rather than marketplace layers.,primary,taiwan::tibe 台北國際書展
Taiwan,East Asia,single-store used booksellers,茉莉二手書店,site,east asia taiwan live control pass,high,"Clear used-book specialist with multiple branches, online lookup, and explicit buyback / sell-book rails.",primary,taiwan::茉莉二手書店
Taiwan,East Asia,weak-fit core,Readmoo 讀墨電子書,site,east asia taiwan live control pass,high,"Readmoo is book-forward and category-dense on ebooks, but ebook-specialist rather than a broader territory-dominating marketplace spine.",primary,taiwan::readmoo 讀墨電子書
Taiwan,East Asia,weak-fit core,誠品線上,site,east asia taiwan live control pass,medium,"Eslite Online is still heavily book-anchored, but it sits inside a broader lifestyle retail frame, so it stays below main universe here.",primary,taiwan::誠品線上
Tajikistan,Central Asia,annex / classifieds,Somon.tj — books section,site,central asia tajikistan pass1,medium,Horizontal classifieds/books category with active listings volume in Dushanbe; retained as annex spillover rather than book-first core.,supporting,tajikistan::somon_books
Tajikistan,Central Asia,offline / fair / literacy layer,Dushanbe International Book Fair,institution,central asia tajikistan pass1,high,National-scale publishing/literacy fair centered on the National Library of Tajikistan with multinational publisher participation.,supporting,tajikistan::dushanbe_international_book_fair
Tajikistan,Central Asia,single-store bookstore layer,Donish,site,central asia tajikistan pass1,medium,"Concrete Dushanbe bookstore-layer anchor with fixed address, hours, and social/contact links.",supporting,tajikistan::donish
Tajikistan,Central Asia,single-store bookstore layer,Книжный мир / Knyzhny Mir,site,central asia tajikistan pass1,medium,Concrete Dushanbe bookstore-layer anchor with fixed address and daily hours.,supporting,tajikistan::knyzhny_mir
Tajikistan,Central Asia,weak-fit core,KITOBTJ,site,central asia tajikistan pass1,medium,Directory-backed online platform for Tajik and world literature with free delivery in Dushanbe; retained as a lighter corroborating online-book rail.,secondary,tajikistan::kitobtj
Tajikistan,Central Asia,weak-fit core,KITOBZ,site,central asia tajikistan pass1,high,"Official online bookstore with broad category depth, live product merchandising, and integrated букинистика / sell-back signals inside the same rail.",primary,tajikistan::kitobz
Thailand,Southeast Asia,annex / classifieds,Kaidee — books,site,live_web_resolution,high,Large horizontal classifieds rail with active used-book listings; annex.,primary,thailand::kaidee — books
Thailand,Southeast Asia,offline / fair / literacy layer,Baan Books,site,live_web_resolution,high,"Community-library / literacy initiative in Thailand; literacy layer, not marketplace.",primary,thailand::baan books
Thailand,Southeast Asia,single-store used booksellers,Dasa Books,site,web_resolved_2026_04_19,high,Resolved from live web evidence: specialist secondhand bookstore.,primary,thailand::dasa books
Thailand,Southeast Asia,weak-fit core,Naiin,site,web_resolved_2026_04_19,high,Resolved from live web evidence: major online bookstore/e-book rail in Thailand.,primary,thailand::naiin
Thailand,Southeast Asia,weak-fit core,SE-ED,site,web_resolved_2026_04_19,medium,Resolved from live web evidence: major national bookstore chain rail in Thailand.,primary,thailand::se-ed
The Bahamas,Caribbean,annex / classifieds,242Ads,site,consolidated_matrix_2026_04_15,medium,"curated hubs, not open marketplace",primary,the bahamas::242ads
The Bahamas,Caribbean,annex / classifieds,Bahama Buy & Sell,site,consolidated_matrix_2026_04_15,medium,"curated hubs, not open marketplace",primary,the bahamas::bahama buy & sell
The Bahamas,Caribbean,offline / fair / literacy layer,Christmas Book Fair,site,consolidated_matrix_2026_04_15,medium,"curated hubs, not open marketplace",primary,the bahamas::christmas book fair
The Bahamas,Caribbean,weak-fit core,BooksByBethel,site,country_coverage_matrix,high,Explicit weak-fit core in checkpoint matrix.,primary,the bahamas::booksbybethel
The Bahamas,Caribbean,weak-fit core,World Caribbean Books,site,country_coverage_matrix,high,Explicit weak-fit core in checkpoint matrix.,primary,the bahamas::world caribbean books
Timor-Leste,Southeast Asia,single-store bookstore layer,Great Bookshop,site,current_session_sea_2026_04_19,medium,Current-session controlled pass.,primary,timor-leste::great bookshop
Timor-Leste,Southeast Asia,single-store bookstore layer,I Learn Bookstore,site,current_session_sea_2026_04_19,medium,Current-session controlled pass.,primary,timor-leste::i learn bookstore
Trinidad and Tobago,Caribbean,annex / classifieds,Pin.tt,site,consolidated_matrix_2026_04_15,medium,strongest Caribbean specialist-platform case in this run,primary,trinidad and tobago::pin.tt
Trinidad and Tobago,Caribbean,main universe,ScholarlyTT,site,coverage matrix main-universe column,high,Recovered from coverage matrix main-universe column; exact rationale text was not preserved in the prior artifact surface.,primary,trinidad and tobago::scholarlytt
Trinidad and Tobago,Caribbean,offline / fair / literacy layer,NALIS exchange,site,consolidated_matrix_2026_04_15,medium,strongest Caribbean specialist-platform case in this run,primary,trinidad and tobago::nalis exchange
Trinidad and Tobago,Caribbean,offline / fair / literacy layer,fairs,site,consolidated_matrix_2026_04_15,medium,strongest Caribbean specialist-platform case in this run,primary,trinidad and tobago::fairs
Trinidad and Tobago,Caribbean,single-store used / bookstore signal,used-specialist layer thin,site,consolidated_matrix_2026_04_15,medium,strongest Caribbean specialist-platform case in this run,primary,trinidad and tobago::used-specialist layer thin
Tunisia,North Africa / Maghreb,offline / fair / literacy layer,FILT 2026 / Tunis International Book Fair,event,northafrica tunisia pass1,high,"Official platform for the 40th Tunis International Book Fair confirms the 2026 edition and active exhibitor registration, strongly validating national-scale book and publishing infrastructure.",primary,tunisia::tunis-international-book-fair
Tunisia,North Africa / Maghreb,single-store used booksellers,Ktebi Ktebek,site,northafrica tunisia pass1,high,"Dedicated Tunisian second-hand book marketplace explicitly built for buying, selling, and giving books a second life, with live inventory and seller onboarding.",primary,tunisia::ktebi-ktebek
Tunisia,North Africa / Maghreb,weak-fit core,Ceresbookshop,site,northafrica tunisia pass1,high,"Large Tunisia-facing online bookstore offering Tunisian, French, and Arabic publishing catalogues with nationwide delivery, secure payment, cash-on-delivery, and title-import service.",secondary,tunisia::ceresbookshop
Tunisia,North Africa / Maghreb,weak-fit core,Culturel,site,northafrica tunisia pass1,high,"Multi-branch Tunisian books-and-cultural-goods chain with 7-day opening hours, home delivery in 3–4 working days, and one-hour in-store pickup across several locations.",secondary,tunisia::culturel
Tunisia,North Africa / Maghreb,weak-fit core,Livre Plus,site,northafrica tunisia pass1,high,"Large Tunisian online bookstore proposing more than 25,000 books in Arabic, English, and French, with explicit used-books collection and a built-in form to sell a used book back into the platform.",primary,tunisia::livre-plus
Tunisia,North Africa / Maghreb,weak-fit core,Maison du Livre,site,northafrica tunisia pass1,high,"Book-forward Tunisian ecommerce rail with fast delivery anywhere in Tunisia, active cart flow, and broad live catalogue across fiction, law, science, school, and trade titles.",secondary,tunisia::maison-du-livre
Turkey,Greece-Cyprus-Turkey,main universe,Nadir Kitap,site,frontier ledger notes,high,Also summarized in reconstructed transcript bundle. | Pass57 hardening: Hardening only: current sources show 11M+ new/second-hand books plus thousands of sahaf/book sellers in one online platform.,primary,turkey::nadir kitap
Turkmenistan,Central Asia,annex / classifieds,TMCARS — books & magazines listings,site,central asia turkmenistan pass1,medium,"Horizontal classifieds spillover. TMCARS carries live book and magazine listings in Ashgabat and neighborhoods, which supports a real second-hand/peer-to-peer seam without proving a specialist book-first marketplace.",supporting,turkmenistan::tmcars-books
Turkmenistan,Central Asia,offline / fair / literacy layer,Christmas Book Fair (Ashgabat / EU Delegation),institution,central asia turkmenistan pass1,medium,Current literacy/fair signal. Official government coverage says the 2025 Christmas book fair in Ashgabat brought together most major bookstores of the capital and included a bookcrossing zone.,supporting,turkmenistan::christmas-book-fair-ashgabat
Turkmenistan,Central Asia,single-store bookstore layer,Magic Book,site,central asia turkmenistan pass1,medium,"Concrete Ashgabat bookstore-layer anchor with fixed address, phone, and daily hours in Yakyn.",supporting,turkmenistan::magic-book
Turkmenistan,Central Asia,single-store bookstore layer,Книжный магазин №3 / Bookstore No. 3,site,central asia turkmenistan pass1,medium,Concrete fixed-location bookstore in Ashgabat with daily hours and phone listing; useful store-layer anchor rather than a wider multi-seller marketplace.,supporting,turkmenistan::bookstore-no-3
Turkmenistan,Central Asia,weak-fit core,"GNBookstore / ""Gujurly""",site,central asia turkmenistan pass1,high,Book-forward online-order rail tied to Gujurly Nesil. Turkmenportal and Yakyn both show online ordering / bookshop identity and delivery claims across Turkmenistan.,primary,turkmenistan::gnbookstore-gujurly
Turkmenistan,Central Asia,weak-fit core,Kitap Market,site,central asia turkmenistan pass1,high,"Native online bookstore/stationery rail with broad books taxonomy, live product merchandising and pricing, and delivery language for Ashgabat and the velayats; strongest verified ecommerce spine in the current pass.",primary,turkmenistan::kitap-market
Turkmenistan,Central Asia,weak-fit core,READIT Store,site,central asia turkmenistan pass1,medium,Meaningful online-plus-store rail. Current directory pages show multiple Ashgabat locations and 3–7 day express delivery language; earlier Turkmenportal coverage also anchors it as an online store with broad multilingual stock.,secondary,turkmenistan::readit-store
Turks and Caicos,Caribbean,annex / classifieds,BambaAd,site,consolidated_matrix_2026_04_15,medium,small bookstore + classifieds + library,primary,turks and caicos::bambaad
Turks and Caicos,Caribbean,annex / classifieds,BuySellTCI,site,consolidated_matrix_2026_04_15,medium,small bookstore + classifieds + library,primary,turks and caicos::buyselltci
Turks and Caicos,Caribbean,offline / fair / literacy layer,library read-a-thon,site,consolidated_matrix_2026_04_15,medium,small bookstore + classifieds + library,primary,turks and caicos::library read-a-thon
Turks and Caicos,Caribbean,single-store used / bookstore signal,New Age,site,consolidated_matrix_2026_04_15,medium,small bookstore + classifieds + library,primary,turks and caicos::new age
Turks and Caicos,Caribbean,single-store used / bookstore signal,Unicorn,site,consolidated_matrix_2026_04_15,medium,small bookstore + classifieds + library,primary,turks and caicos::unicorn
U.S. Virgin Islands,Caribbean,annex / classifieds,Facebook Marketplace,site,consolidated_matrix_2026_04_15,medium,no strong native specialist marketplace; strong bookstore layer; active generic-resale annex; very strong literary / library / exchange infrastructure,primary,u.s. virgin islands::facebook marketplace
U.S. Virgin Islands,Caribbean,annex / classifieds,Local V.I. Stuff,site,consolidated_matrix_2026_04_15,medium,no strong native specialist marketplace; strong bookstore layer; active generic-resale annex; very strong literary / library / exchange infrastructure,primary,u.s. virgin islands::local v.i. stuff
U.S. Virgin Islands,Caribbean,offline / fair / literacy layer,Little Free Libraries,site,consolidated_matrix_2026_04_15,medium,no strong native specialist marketplace; strong bookstore layer; active generic-resale annex; very strong literary / library / exchange infrastructure,primary,u.s. virgin islands::little free libraries
U.S. Virgin Islands,Caribbean,offline / fair / literacy layer,Virgin Islands Literary Festival and Book Fair,site,consolidated_matrix_2026_04_15,medium,no strong native specialist marketplace; strong bookstore layer; active generic-resale annex; very strong literary / library / exchange infrastructure,primary,u.s. virgin islands::virgin islands literary festival and book fair
U.S. Virgin Islands,Caribbean,offline / fair / literacy layer,public-library network with mixed operating status,site,consolidated_matrix_2026_04_15,medium,no strong native specialist marketplace; strong bookstore layer; active generic-resale annex; very strong literary / library / exchange infrastructure,primary,u.s. virgin islands::public-library network with mixed operating status
U.S. Virgin Islands,Caribbean,single-store used / bookstore signal,Island Booksellers,site,consolidated_matrix_2026_04_15,medium,no strong native specialist marketplace; strong bookstore layer; active generic-resale annex; very strong literary / library / exchange infrastructure,primary,u.s. virgin islands::island booksellers
U.S. Virgin Islands,Caribbean,single-store used / bookstore signal,The Reading Room,site,consolidated_matrix_2026_04_15,medium,no strong native specialist marketplace; strong bookstore layer; active generic-resale annex; very strong literary / library / exchange infrastructure,primary,u.s. virgin islands::the reading room
U.S. Virgin Islands,Caribbean,single-store used / bookstore signal,UVI bookstores,site,consolidated_matrix_2026_04_15,medium,no strong native specialist marketplace; strong bookstore layer; active generic-resale annex; very strong literary / library / exchange infrastructure,primary,u.s. virgin islands::uvi bookstores
U.S. Virgin Islands,Caribbean,single-store used / bookstore signal,Undercover Books & Gifts,site,consolidated_matrix_2026_04_15,medium,no strong native specialist marketplace; strong bookstore layer; active generic-resale annex; very strong literary / library / exchange infrastructure,primary,u.s. virgin islands::undercover books & gifts
United Arab Emirates,Gulf / Arabian Peninsula,annex / classifieds,dubizzle UAE,site,gulf uae pass1,medium,Horizontal classifieds spillover across all seven Emirates; confirms broader pre-loved secondary-market depth without proving a specialist national book-first marketplace.,supporting,united arab emirates::dubizzle uae
United Arab Emirates,Gulf / Arabian Peninsula,offline / fair / literacy layer,Abu Dhabi International Book Fair,institution,gulf uae pass1,high,Major official national-scale fair infrastructure; the 35th edition is scheduled for 25 April to 4 May 2026 at ADNEC Centre Abu Dhabi.,supporting,united arab emirates::abu dhabi international book fair
United Arab Emirates,Gulf / Arabian Peninsula,offline / fair / literacy layer,Sharjah International Book Fair,institution,gulf uae pass1,high,Major official Sharjah fair infrastructure with the 44th edition staged 5–16 November 2025; strengthens the UAE's unusually strong fair/literacy layer.,supporting,united arab emirates::sharjah international book fair
United Arab Emirates,Gulf / Arabian Peninsula,single-store used booksellers,BookHero,site,gulf uae pass1,high,Dubai-based specialist secondhand bookseller with online inventory and multiple physical locations; strongest currently verified used-book specialist seam in the UAE pass.,supporting,united arab emirates::bookhero
United Arab Emirates,Gulf / Arabian Peninsula,weak-fit core,Bookspoint,site,gulf uae pass1,medium,"Local UAE online bookstore claim with delivery across the Emirates and fixed contact channels; useful corroborating native ecommerce rail even though it is smaller and less institutionally weighty than Magrudy's, Jarir, or Virgin.",secondary,united arab emirates::bookspoint
United Arab Emirates,Gulf / Arabian Peninsula,weak-fit core,Jarir Bookstore UAE,site,gulf uae pass1,high,Verified UAE-facing online book rail with explicit Arabic Books and English Books categories under the UAE storefront; strong chain-style generalist book-commerce spine in the pass.,primary,united arab emirates::jarir bookstore uae
United Arab Emirates,Gulf / Arabian Peninsula,weak-fit core,Magrudy's,site,gulf uae pass1,high,"Long-running Dubai-rooted books-and-education retail chain with live ecommerce inventory, reserve-and-collect across the UAE, and a strong reading/community identity; strongest current native UAE core rail in the pass.",primary,united arab emirates::magrudys
United Arab Emirates,Gulf / Arabian Peninsula,weak-fit core,Virgin Megastore UAE — books,site,gulf uae pass1,high,"Verified UAE-facing online books storefront with fiction, non-fiction, kids & teens, comics/manga, and Arabic/Islamic lanes plus live priced inventory; meaningful broader retail-book rail rather than a token books shelf.",secondary,united arab emirates::virgin megastore uae books
Uruguay,South America,main universe,Buscalibre Uruguay,site,latest explicit Uruguay cut in imported prior transcript,high,Recovered from latest explicit Uruguay cut in imported prior transcript; exact rationale text was not preserved in the prior artifact surface.,primary,uruguay::buscalibre uruguay
Uruguay,South America,main universe,P2P Bookstore,site,latest explicit Uruguay cut in imported prior transcript,high,Recovered from latest explicit Uruguay cut in imported prior transcript; exact rationale text was not preserved in the prior artifact surface.,primary,uruguay::p2p bookstore
Uzbekistan,Central Asia,weak-fit core,Asaxiy,site,frontier_note_shorthand,medium,Recovered from frontier shorthand 'Asaxiy-led book commerce'.,primary,uzbekistan::asaxiy
Vatican City,Central Mediterranean,offline / fair / literacy layer,Vatican Apostolic Library,site,live_web_resolution,high,Major library and printed-books infrastructure; retained in literacy/institution layer.,primary,vatican city::vatican apostolic library
Vatican City,Central Mediterranean,single-store bookstore layer,Libreria Editrice Vaticana,site,live_web_resolution,high,Official Vatican publishing and bookstore rail; bookstore-layer anchor rather than marketplace.,primary,vatican city::libreria editrice vaticana
Vietnam,Southeast Asia,annex / classifieds,Oreka,site,current_session_sea_2026_04_19,medium,Current-session controlled pass.,primary,vietnam::oreka
Vietnam,Southeast Asia,single-store used / bookstore signal,Bookworm Hanoi,site,current_session_sea_2026_04_19,medium,Current-session controlled pass.,primary,vietnam::bookworm hanoi
Vietnam,Southeast Asia,single-store used / bookstore signal,Gác Xép,site,current_session_sea_2026_04_19,medium,Current-session controlled pass.,primary,vietnam::gác xép
Vietnam,Southeast Asia,weak-fit core,FAHASA,site,current_session_working_surface,medium,Current-session controlled pass classified Vietnam as upper weak-fit.,primary,vietnam::fahasa
Vietnam,Southeast Asia,weak-fit core,Tiki,site,current_session_working_surface,medium,Current-session controlled pass classified Vietnam as upper weak-fit.,primary,vietnam::tiki
Yemen,Gulf / Arabian Peninsula,annex / classifieds,Hubloh,site,marketplace_site_remote_verified,medium,General Yemeni online marketplace with a Books & Stationery department and separate books/stationery category pages.,supporting,yemen::hubloh
Yemen,Gulf / Arabian Peninsula,annex / classifieds,Yemen Market,site,marketplace_site_remote_verified,medium,"General Yemeni marketplace with vendor/store infrastructure, a featured Books category, and stated shipping inside Yemen only.",supporting,yemen::yemen-market
Yemen,Gulf / Arabian Peninsula,offline / fair / literacy layer,IBBY Yemen,institution,international_org_profile,high,"IBBY Yemen lists Sana’a contact information and describes ongoing reading, publishing, and children’s literature programming in Yemen.",supporting,yemen::ibby-yemen
Yemen,Gulf / Arabian Peninsula,offline / fair / literacy layer,Taiz Second Book Fair,institution,news_report,medium,"Taiz governorate book fair inaugurated in February 2026 with publishing houses, libraries, university presence, and student-authored works.",supporting,yemen::taiz-second-book-fair
Yemen,Gulf / Arabian Peninsula,offline / fair / literacy layer,Yemen Books,site,educational_platform,medium,"Digital curriculum/books platform aimed at Yemeni students and teachers with textbooks, summaries, and exams.",supporting,yemen::yemen-books
Yemen,Gulf / Arabian Peninsula,single-store bookstore layer,Al Zahra Library,site,business_directory_listing,medium,"Named Sana’a books/library listing in current YemenYP books directory, used as bookstore-layer corroboration rather than as a stronger ecommerce rail.",supporting,yemen::al-zahra-library
Yemen,Gulf / Arabian Peninsula,single-store bookstore layer,Al-Gazera Library,site,business_directory_listing,medium,"Named Aden books/library listing in current YemenYP books directory, used as bookstore-layer corroboration rather than as a stronger ecommerce rail.",supporting,yemen::al-gazera-library
Yemen,Gulf / Arabian Peninsula,weak-fit core,Book For You,site,official_site_remote_verified,high,"Live Yemen-based online bookstore with thousands of titles, checkout/accounts, inside-Yemen shipping language, and Yemen contact details.",primary,yemen::book-for-you
Yemen,Gulf / Arabian Peninsula,weak-fit core,Dar al-Kutub al-Yamaniyya / Yemeni Bookstore,site,official_site_remote_verified,medium,"Yemen-facing online bookstore/catalog with dense subject taxonomy, WhatsApp ordering, and named branches in Sana’a, Aden, and Ma’rib plus Cairo.",primary,yemen::dar-al-kutub-al-yamaniyya-yemeni-bookstore
Zambia,Southern Africa,annex / classifieds,Facebook Marketplace Zambia Books,marketplace,web_verified_2026_04_21,medium,Visible new and used books marketplace activity around Lusaka and Ndola.,supporting,zambia::facebook_marketplace_books
Zambia,Southern Africa,offline / fair / literacy layer,FITABO International Book Fair,event,web_verified_2026_04_21,high,"Live 2026 Lusaka book fair positioned as Zambia’s premier book fair with trade, culture and public-literacy aims.",supporting,zambia::fitabo_international_book_fair
Zambia,Southern Africa,weak-fit core,Bookworld Zambia,site,web_verified_2026_04_21,high,Household Zambian bookseller with about twenty stores nationwide across major towns and cities plus online catalogues.,primary,zambia::bookworld_zambia
Zambia,Southern Africa,weak-fit core,FITABO / Zambian Book Archive,site,web_verified_2026_04_21,high,"Official Zambian Book Archive with bookstore, author-direct submission, retail sales, and literary ecosystem support.",supporting,zambia::fitabo_zambian_book_archive
Zimbabwe,Southern Africa,annex / classifieds,Classifieds Zimbabwe Books,marketplace,web_verified_2026_04_21,medium,"Active Zimbabwe books classifieds with education and fiction listings, giving broader market spillover beyond dedicated bookstores.",supporting,zimbabwe::classifieds_zimbabwe_books
Zimbabwe,Southern Africa,offline / fair / literacy layer,Zimbabwe International Book Fair,event,web_verified_2026_04_21,high,Country-scale literary fair with live 2026 dates at Harare Exhibition Park.,supporting,zimbabwe::zimbabwe_international_book_fair
Zimbabwe,Southern Africa,weak-fit core,College Press Booksellers Network,directory,web_verified_2026_04_21,high,"Large educational/publishing supply network with booksellers listed across Harare, Bulawayo, Chinhoyi, Rusape and other towns.",supporting,zimbabwe::college_press_booksellers_network
Zimbabwe,Southern Africa,weak-fit core,House of Books Zimbabwe,site,web_verified_2026_04_21,high,"Established Harare bookseller with online shop, free Harare delivery, and a background in trade, Zimbabwean, and antique books.",primary,zimbabwe::house_of_books_zimbabwe
South Africa,Southern Africa,single-store bookstore layer,The Book Lounge,bookstore,web_verified_2026_04_22_active_open_continuation_3,high,Cape Town independent bookstore with current events programming and an active online catalogue; fills a major indie omission in the Western Cape retail spine.,indie bookstore,south africa::the book lounge
South Africa,Southern Africa,single-store bookstore layer,Fogarty's Bookshop,bookstore,web_verified_2026_04_22_active_open_continuation_3,high,Long-running independent Port Elizabeth / Gqeberha bookshop with online shop and sourcing services; materially improves Eastern Cape bookstore coverage.,indie bookstore,south africa::fogarty's bookshop
South Africa,Southern Africa,weak-fit core,Coign Books,publisher_bookseller,web_verified_2026_04_22_active_open_continuation_3,high,Polokwane-based Christian publisher and distributor with direct ecommerce; adds Limpopo-specific religious / distributor infrastructure.,publisher-bookseller,south africa::coign books
South Africa,Southern Africa,main universe,BooksOnApp,marketplace,web_verified_2026_04_22_active_open_continuation_3; runtime_gap_bridge_web_2026_04_25_sa_hardening,high,"PROMOTED in pass43: dedicated South African app for buying and selling second-hand books; current site exposes seller login, seller subscription tiers, app download, and explicit buy/sell second-hand language.",promoted strict-main hardening,south africa::booksonapp
South Africa,Southern Africa,single-store used booksellers,The Little Bookstore,site,web_verified_2026_04_22_active_open_continuation_3,medium,Online South African secondhand-book shop also carrying some old-stock and collectible titles; extends the small-scale used-bookseller seam.,used-bookseller,south africa::the little bookstore
South Africa,Southern Africa,offline / fair / literacy layer,Book Dash,literacy_distribution,web_verified_2026_04_22_active_open_continuation_3,high,South African early-literacy organisation creating openly licensed African storybooks and distributing them through partner channels; adds major national book-creation/distribution infrastructure.,literacy distribution,south africa::book dash
South Africa,Southern Africa,offline / fair / literacy layer,Libraries for Literacy,literacy_distribution,web_verified_2026_04_22_active_open_continuation_3,high,South Africa-focused organisation partnering with under-resourced schools to create libraries with age-appropriate English and African-language books.,library-building literacy infrastructure,south africa::libraries for literacy
South Africa,Southern Africa,offline / fair / literacy layer,Literacy4life,literacy_distribution,web_verified_2026_04_22_active_open_continuation_3,high,Nonprofit founded in 2019 distributing books to underserved communities and schools nationwide through campaign-based literacy initiatives.,literacy distribution,south africa::literacy4life
South Africa,Southern Africa,offline / fair / literacy layer,Masixhasane,literacy_distribution,web_verified_2026_04_22_active_open_continuation_3,high,"South African mobile-library and classroom-book infrastructure provider supplying stocked book boxes, shelves, and library trolleys to underserved communities.",mobile-library infrastructure,south africa::masixhasane
South Africa,Southern Africa,single-store used / bookstore signal,Fact and Fiction,bookstore,web_verified_2026_04_22_active_open_continuation_4,high,"Pietermaritzburg independent online bookstore stocking out-of-print, rare, pre-loved, and new books, with a visible African-author / scholarship emphasis; adds KZN secondhand-specialist depth.",south africa continuation / kzn used-specialist depth,south africa::fact and fiction
South Africa,Southern Africa,single-store bookstore layer,Our Books Direct,site,web_verified_2026_04_22_active_open_continuation_4,high,Gauteng online bookstore with direct ecommerce across broad genres; adds another non-chain national-delivery rail.,south africa continuation / online bookstore rail,south africa::our books direct
South Africa,Southern Africa,annex / classifieds,Independent Books,marketplace,web_verified_2026_04_22_active_open_continuation_4,medium,Author-direct South African platform/forum for independently published books sold by authors or agents without a central retail middleman; adds self-publishing direct-sale infrastructure.,south africa continuation / author-direct marketplace,south africa::independent books
South Africa,Southern Africa,weak-fit core,IGO Books,publisher_bookseller,web_verified_2026_04_22_active_open_continuation_4,medium,"Online bookstore plus print/distribution platform operated via Pinetown Printers, explicitly serving authors, publishers, bookstores, and resellers; deepens KZN book-distribution infrastructure.",south africa continuation / print-distribution-bookseller hybrid,south africa::igo books
South Africa,Southern Africa,weak-fit core,Shofar Books,publisher_bookseller,web_verified_2026_04_22_active_open_continuation_4,medium,"Independent publishing house with bookstore surface and offices in Cape Town and Gqeberha, explicitly focused on self-publishing and author distribution; adds Western/Eastern Cape hybrid indie infrastructure.",south africa continuation / self-publishing hybrid,south africa::shofar books
South Africa,Southern Africa,offline / fair / literacy layer,Garden Route Festival of Books 2026,event,web_verified_2026_04_22_active_open_continuation_4,high,"Live 2026 book-festival infrastructure on Thesen Island, Knysna; adds Garden Route / Southern Cape literary-event depth beyond Cape Town and Johannesburg.",south africa continuation / regional literary festival,south africa::garden route festival of books 2026
South Africa,Southern Africa,offline / fair / literacy layer,SAPESI,literacy_distribution,web_verified_2026_04_22_active_open_continuation_4,high,South African Primary Education Support Initiative uses mobile library buses and provincial partnerships to bring books to rural schools; materially strengthens library-access infrastructure.,south africa continuation / mobile library infrastructure,south africa::sapesi
South Africa,Southern Africa,offline / fair / literacy layer,South African Library for the Blind (SALB),literacy_distribution,web_verified_2026_04_22_active_open_continuation_4,high,"Accessible-reading institution in Makhanda providing braille and audio materials, mini-libraries, catalogue services, and postal delivery; adds disability-access reading infrastructure.",south africa continuation / accessible reading infrastructure,south africa::south african library for the blind (salb)
South Africa,Southern Africa,offline / fair / literacy layer,Nal'ibali,literacy_distribution,web_verified_2026_04_22_active_open_continuation_4,high,National reading-for-enjoyment campaign promoting multilingual stories and distributing reading materials across South Africa; deepens mother-tongue and campaign-based book access.,south africa continuation / reading campaign infrastructure,south africa::nal'ibali
South Africa,Southern Africa,weak-fit core,Christian Literature Fund (CLF) Bookshops,site,web_verified_2026_04_22_active_open_continuation_4,high,Christian Literature Fund online shop with bookshops explicitly listed in Bloemfontein and Kimberley; usefully improves Free State and Northern Cape physical bookseller coverage.,south africa continuation / religious bookseller network,south africa::christian literature fund (clf) bookshops
South Africa,Southern Africa,weak-fit core,Bookmark,site,web_verified_2026_04_22_active_open_continuation_5,high,"University of Pretoria campus bookstore partner with Hatfield and Prinshof locations; prescribed-textbook, stationery, device, and online-ordering rail that adds formal Pretoria campus coverage.",supporting,south africa::bookmark
South Africa,Southern Africa,single-store used / bookstore signal,Collector's Treasury,bookstore,web_verified_2026_04_22_active_open_continuation_5,high,Downtown Johannesburg rare/used/collectables giant describing itself as the largest used and rare bookstore in the Southern Hemisphere; major collector and browse-depth omission now filled.,primary,south africa::collector's treasury
South Africa,Southern Africa,single-store used booksellers,Bookdealers,site,web_verified_2026_04_22_active_open_continuation_5,high,"Johannesburg used-and-collectable books group grown to five shops plus web sales, with remaindered stock and branch collection options; strengthens Gauteng used-book depth beyond single-shop nodes.",supporting,south africa::bookdealers
South Africa,Southern Africa,single-store used booksellers,BookFish,site,web_verified_2026_04_22_active_open_continuation_5,high,"Johannesburg online-only independent used-bookseller selling second-hand books and publisher remainders, especially collectables and Africana; adds another direct used-book rail with nationwide shipping.",supporting,south africa::bookfish
South Africa,Southern Africa,single-store used / bookstore signal,Booklovers Paradise,bookstore,web_verified_2026_04_22_active_open_continuation_5,high,"Northcliff Shopping Centre bookseller specializing in out-of-print and collectable second-hand books, with over fifteen thousand books listed; deepens collector-oriented Johannesburg physical-bookshop infrastructure.",supporting,south africa::booklovers paradise
South Africa,Southern Africa,single-store used / bookstore signal,Huddy's Books,bookstore,web_verified_2026_04_22_active_open_continuation_5,high,Midlands Meander books-and-collectibles specialist that closed its physical shop but continues as an online timed-auction book rail focused on second-hand and collectible stock; adds KwaZulu-Natal auction depth.,supporting,south africa::huddy's books
South Africa,Southern Africa,annex / classifieds,Auction Chamber / The Library Collection,marketplace,web_verified_2026_04_22_active_open_continuation_5,high,Current online timed-auction rail running recurring 'Library Collection' auctions for books and related library material; adds South African auction-marketplace texture beyond fixed-price secondhand rails.,supporting,south africa::auction chamber / the library collection
South Africa,Southern Africa,offline / fair / literacy layer,Friends of the Library Killarney Book Sale 2026,event,web_verified_2026_04_22_active_open_continuation_5,medium,Current March 2026 second-hand library fundraiser in Johannesburg showing live friends-of-library resale infrastructure and community-library revitalisation via book sales.,supporting,south africa::friends of the library killarney book sale 2026
South Africa,Southern Africa,offline / fair / literacy layer,Pioneer School Library,literacy_distribution,web_verified_2026_04_22_active_open_continuation_5,high,"Worcester-based blind and partially sighted library service offering braille, audio, large-print, and standard books, with free service to blind and partially sighted people in South Africa and neighboring countries.",supporting,south africa::pioneer school library
South Africa,Southern Africa,offline / fair / literacy layer,SANABP Braille Production,literacy_distribution,web_verified_2026_04_22_active_open_continuation_5,high,Current national blind-and-partially-sighted organisation maintaining braille-production infrastructure as a paid accessibility service; adds another present-day accessible-reading support rail.,supporting,south africa::sanabp braille production
South Africa,Southern Africa,offline / fair / literacy layer,Friends of Olivedale Library (FOOLS),literacy_distribution,web_verified_2026_04_22_active_open_continuation_6,high,"Volunteer friends-of-library group at Olivedale Library with an on-site bookshop, repeated R10 sales, and current 2026 activity; raises funds for new books and supports nearby libraries, schools, and charities.",primary,south africa::friends of olivedale library (fools)
South Africa,Southern Africa,single-store used booksellers,Thandeka's Bookshop at the Boksburg SPCA,bookstore,web_verified_2026_04_22_active_open_continuation_6,high,"Volunteer-run second-hand SPCA bookshop in Boksburg with weekday hours, pensioner pricing, and proceeds directed to animal welfare; adds a durable charity-bookshop rail in Gauteng.",supporting,south africa::thandeka's bookshop at the boksburg spca
South Africa,Southern Africa,offline / fair / literacy layer,Rotary Club of Bedfordview Humanitarian Book Centre,literacy_distribution,web_verified_2026_04_22_active_open_continuation_6,high,"Volunteer-run humanitarian book centre that sources and distributes donated educational and general books to under-resourced schools and libraries, especially in rural areas.",primary,south africa::rotary club of bedfordview humanitarian book centre
South Africa,Southern Africa,offline / fair / literacy layer,Southbroom Library,library,web_verified_2026_04_22_active_open_continuation_6,medium,"Volunteer-run village library on the KwaZulu-Natal South Coast, open multiple mornings weekly and funded in part through donations and sales of duplicate books; adds a non-metro volunteer library rail.",supporting,south africa::southbroom library
South Africa,Southern Africa,annex / classifieds,Old Johannesburg Warehouse Auctioneers,marketplace,web_verified_2026_04_22_active_open_continuation_6,high,Multi-branch South African auction house with current 2026 auctions and explicit rare-books and maps specialization within its books-and-collectables offering; adds broader auction-market texture beyond single book dealers.,supporting,south africa::old johannesburg warehouse auctioneers
South Africa,Southern Africa,offline / fair / literacy layer,Friends of Sandton Library,literacy_distribution,web_verified_2026_04_22_active_open_continuation_7,high,"Current 2026 profile says the group raises funds for Sandton Library through monthly book sales, run entirely by volunteers, with proceeds going to the library.",primary,south africa::friends of sandton library
South Africa,Southern Africa,offline / fair / literacy layer,Friends of the Benoni Library Book Bash,event,web_verified_2026_04_22_active_open_continuation_7,high,The Benoni Library Friends group has for years run volunteer-led Book Bash sales of pre-loved books to fund new library purchases; 2023 coverage confirms the revived sale and volunteer structure.,primary,south africa::friends of the benoni library book bash
South Africa,Southern Africa,offline / fair / literacy layer,Friends of Bracken Library,event,web_verified_2026_04_22_active_open_continuation_7,medium,"2025 local coverage shows the group still hosting its recurring Bracken Library book sale, adding another library-fundraiser resale seam in Johannesburg South.",supporting,south africa::friends of bracken library
South Africa,Southern Africa,offline / fair / literacy layer,Friends of the Kempton Park Libraries,literacy_distribution,web_verified_2026_04_22_active_open_continuation_7,high,"The group was established to collect funds to purchase books for Kempton Park libraries and still contributes through memberships, book access, and activity-led fundraising in 2025 coverage.",supporting,south africa::friends of the kempton park libraries
South Africa,Southern Africa,offline / fair / literacy layer,KwaDukuza Public Libraries donation rail,literacy_distribution,web_verified_2026_04_22_active_open_continuation_7,high,2025 reporting shows KwaDukuza's six public libraries actively soliciting donations of gently used and new books and rotating stock between branches; this adds a current North Coast public-library replenishment rail.,supporting,south africa::kwadukuza public libraries donation rail
South Africa,Southern Africa,offline / fair / literacy layer,AVBOB Road to Literacy campaign,literacy_distribution,web_verified_2026_04_22_active_open_continuation_8,high,"Nationwide trolley-library campaign run with Oxford University Press South Africa; 2025 expansion covered 1,000 schools and NGOs with 500,000+ books in all 11 official written languages, and the 2026 campaign scales to 2,000 trolley libraries.",primary,south africa::avbob road to literacy campaign
South Africa,Southern Africa,offline / fair / literacy layer,After Skool Is Lit Organisation,literacy_distribution,web_verified_2026_04_22_active_open_continuation_8,high,Randburg-based literacy organisation that used an AVBOB trolley library to donate 500 books to Stephenson Primary School in Cosmo City and also runs spelling-bee style youth literacy activity.,supporting,south africa::after skool is lit organisation
South Africa,Southern Africa,offline / fair / literacy layer,Communities Assisting Schools (CAS),literacy_distribution,web_verified_2026_04_22_active_open_continuation_8,high,"Johannesburg education nonprofit supporting government-funded schools; 2025 reporting shows CAS as H.A. Jack Primary School's long-time partner, running a literacy programme and helping deliver a renovated library stocked with storybooks.",primary,south africa::communities assisting schools (cas)
South Africa,Southern Africa,offline / fair / literacy layer,HP Mokoka Library donation rail,literacy_distribution,web_verified_2026_04_22_active_open_continuation_8,medium,"Rotary Club of Benoni Aurora and the Daveyton Rotary Community Corp donated hundreds of books to HP Mokoka Library in Etwatwa, adding another local public-library replenishment and Rotary-linked donation channel.",supporting,south africa::hp mokoka library donation rail
South Africa,Southern Africa,offline / fair / literacy layer,Kgadi Moshukutswane Foundation + Vahluri Reading Club / Maune library campaign,literacy_distribution,web_verified_2026_04_22_active_open_continuation_8,high,"Limpopo campaign to stock Maune Primary School's newly built library with books and furniture, led by the Kgadi Moshukutswane Foundation and Vahluri Reading Club under the 'Help Us Fill Our New Library' drive.",primary,south africa::kgadi moshukutswane foundation + vahluri reading club / maune library campaign
South Africa,Southern Africa,single-store used booksellers,Books & Stuff,bookstore,web_verified_2026_04_22_active_open_continuation_9,high,Online South African shop selling new and second-hand books; a supporting foundation page says it donates 20% of gross sales to the Sonneblom Foundation from July 2025.,supporting,south africa::books & stuff
South Africa,Southern Africa,single-store used booksellers,Help the Rural Child Charity Bookshops,bookstore,web_verified_2026_04_22_active_open_continuation_9,high,"Goedgedacht Trust charity-shop chain with two dedicated South African bookshops and an online book shop, selling donated second-hand goods and books to support rural children and communities.",primary,south africa::help the rural child charity bookshops
South Africa,Southern Africa,single-store used booksellers,CAFDA Bookshops,bookstore,web_verified_2026_04_22_active_open_continuation_9,high,"CAFDA operates two donation-based bookshops in Cape Town, run by volunteers and selling affordable donated books, including rare and out-of-print titles, as income-generating charity infrastructure.",primary,south africa::cafda bookshops
South Africa,Southern Africa,single-store used booksellers,Hillcrest AIDS Centre Trust Secondhand Bookshop,bookstore,web_verified_2026_04_22_active_open_continuation_9,high,"KwaZulu-Natal secondhand bookshop listed through the APCC thrift-shop collective, taking book donations and selling used books, CDs and DVDs to support the centre's work.",supporting,south africa::hillcrest aids centre trust secondhand bookshop
South Africa,Southern Africa,main universe,Wize Books Secondhand,marketplace,web_verified_2026_04_22_active_open_continuation_9; runtime_gap_bridge_web_2026_04_25_sa_hardening,high,"PROMOTED in pass43: Wize Used Books exposes buy/sell flows, student-listed used textbooks across South Africa, courier collection, bank payouts, cart/account flows, and pre-owned academic/story books marketplace language.",promoted strict-main hardening,south africa::wize books secondhand
South Africa,Southern Africa,annex / classifieds,Rotary Ann Charity Shop,charity_shop,web_verified_2026_04_22_active_open_continuation_10,medium,Three Rivers charity shop run by Rotary Ann team with a visible second-hand book rail inside a broader resale shop; adds Vaal/Triangles charity-resale texture beyond dedicated bookstores.,supporting,south africa::rotary ann charity shop
South Africa,Southern Africa,offline / fair / literacy layer,Society for Animals in Distress World Book Day book sale,event,web_verified_2026_04_22_active_open_continuation_10,medium,"Midrand pre-loved-book fundraiser for veterinary care, explicitly built around shelves of affordable second-hand books across genres; adds animal-charity book-sale event infrastructure.",supporting,south africa::society for animals in distress world book day book sale
South Africa,Southern Africa,offline / fair / literacy layer,BookHive,literacy_distribution,web_verified_2026_04_22_active_open_continuation_10,high,Mpumalanga reading-promotion organisation partnering with Siyafunda Donate a Book and visiting schools to read to pupils and donate books; adds province-specific book-distribution and literary-advocacy infrastructure.,primary,south africa::bookhive
South Africa,Southern Africa,offline / fair / literacy layer,Ingcayizivele Book Festival,festival,web_verified_2026_04_22_active_open_continuation_10,high,"Mpumalanga indigenous-language literary festival whose 2025 edition began with a school book tour donating books across Matsulu, KaBokweni, and Barberton; adds festival-plus-donation infrastructure.",primary,south africa::ingcayizivele book festival
South Africa,Southern Africa,annex / classifieds,Empangeni SPCA PAWS charity shop,charity_shop,web_verified_2026_04_22_active_open_continuation_10,high,Empangeni SPCA PAWS charity shop selling pre-loved items including books and puzzles while supporting animal care; adds northern KwaZulu-Natal charity-resale infrastructure with book signal.,supporting,south africa::empangeni spca paws charity shop
South Africa,Southern Africa,offline / fair / literacy layer,Focus-Team JHB book distribution,literacy_distribution,web_verified_2026_04_22_active_open_continuation_11,high,"Community-driven Johannesburg South NPO that organised a 2025 book distribution of more than 600 books to schools and daycare centres, adding another urban donation-and-literacy rail.",primary,south africa::focus-team jhb book distribution
South Africa,Southern Africa,offline / fair / literacy layer,Novalo Learning Sector library upgrade rail,literacy_distribution,web_verified_2026_04_22_active_open_continuation_11,high,"Local learning provider that cleaned Boitumelong Secondary School's library in Thembisa and donated books as part of its Mandela Day contribution, adding another school-library upgrade rail.",supporting,south africa::novalo learning sector library upgrade rail
South Africa,Southern Africa,offline / fair / literacy layer,Kwasukela Storytelling Festival,festival,web_verified_2026_04_22_active_open_continuation_11,high,"Standerton literacy festival where children received books donated by Standerton Public Library, Nal'ibali, and One Hope; adds festival-plus-book-giveaway infrastructure in Mpumalanga.",primary,south africa::kwasukela storytelling festival
South Africa,Southern Africa,offline / fair / literacy layer,Masivuke Primary School Beyond Words library,library,web_verified_2026_04_22_active_open_continuation_11,high,"Philippi school library launched in March 2026 under the Beyond Words collaboration of the Bookery, Cotton On Foundation, and Nomzamo Lighthouse Foundation, with a major curated book installation.",primary,south africa::masivuke primary school beyond words library
South Africa,Southern Africa,offline / fair / literacy layer,Pretoria Central High School World Book Day donation rail,literacy_distribution,web_verified_2026_04_22_active_open_continuation_11,medium,"World Book Day 2025 book-and-voucher donation rail at Pretoria Central High School, where the EU donated over 200 books and a book voucher to stock the school library.",supporting,south africa::pretoria central high school world book day donation rail
South Africa,Southern Africa,offline / fair / literacy layer,Rhulani Mabasa Children’s Foundation Kasi to Kasi mobile library,mobile_library,web_verified_2026_04_22_active_open_continuation_12,high,"Soweto mobile-library rail launched in 2026 by the Rhulani Mabasa Children’s Foundation, using the Kasi to Kasi mobile library to bring books and reading resources into local communities.",primary,south africa::rhulani mabasa children’s foundation kasi to kasi mobile library
South Africa,Southern Africa,offline / fair / literacy layer,Project Literacy Big Blue Book Bus,mobile_library,web_verified_2026_04_22_active_open_continuation_12,high,"Project Literacy's mobile library bus visits primary schools with multilingual books during recurring school visits, adding a structured periodic mobile-library access rail.",primary,south africa::project literacy big blue book bus
South Africa,Southern Africa,offline / fair / literacy layer,Mpumalanga province mobile libraries Gert Sibande,mobile_library,web_verified_2026_04_22_active_open_continuation_12,high,"Provincial handover of two mobile libraries in the Gert Sibande Region in 2025, adding state-backed mobile-library infrastructure beyond NGO and private rails.",primary,south africa::mpumalanga province mobile libraries gert sibande
South Africa,Southern Africa,offline / fair / literacy layer,Aquafresh Confidence Library at Bonamelo Primary,mobile_library,web_verified_2026_04_22_active_open_continuation_12,high,"Bonamelo Primary received a fully equipped mobile library in 2026 through the Aquafresh Confidence Library initiative, adding a branded-but-real school-library access rail in Soweto.",supporting,south africa::aquafresh confidence library at bonamelo primary
South Africa,Southern Africa,offline / fair / literacy layer,Alberton Lions Club back-to-school book covering drive,learner_support,web_verified_2026_04_22_active_open_continuation_12,medium,"Volunteer-run January 2026 learner-support rail where schoolbooks are covered for a donation, sitting adjacent to the book-access ecosystem and helping preserve schoolbook stock while raising community-service funds.",supporting,south africa::alberton lions club back-to-school book covering drive
South Africa,Southern Africa,offline / fair / literacy layer,Daily Dispatch Donate-a-Book campaign,literacy_distribution,web_verified_2026_04_22_active_open_continuation_13,high,"East London community book-drive rail run from November 2025 to January 2026; books were handed over in February 2026 to schools, community organisations, old age homes and youth centres, with school libraries among the beneficiaries.",primary,south africa::daily dispatch donate-a-book campaign
South Africa,Southern Africa,offline / fair / literacy layer,African Book Trust / Johannesburg Literary District,literacy_distribution,web_verified_2026_04_22_active_open_continuation_13,high,"Johannesburg literary-infrastructure organisation improving access to books and book spaces, developing free street libraries and supporting small booksellers around the city’s main library precinct.",primary,south africa::african book trust / johannesburg literary district
South Africa,Southern Africa,offline / fair / literacy layer,YOUPSA Mobile Village Libraries & Reading Clubs,mobile_library,web_verified_2026_04_22_active_open_continuation_13,high,"Youth Potential South Africa’s rural-village mobile-library and reading-club rail using book bags that circulate from village to village and home to home, with book exchanges and mentoring around library care.",primary,south africa::youpsa mobile village libraries & reading clubs
South Africa,Southern Africa,offline / fair / literacy layer,Rally to Read / Ford South Africa Eastern Cape 2026,literacy_distribution,web_verified_2026_04_22_active_open_continuation_13,high,"Long-running rural-school literacy rail in the Eastern Cape delivering books, classroom libraries, teacher aids, and teacher training to under-resourced schools through the Ford South Africa and READ Educational Trust partnership.",primary,south africa::rally to read / ford south africa eastern cape 2026
South Africa,Southern Africa,offline / fair / literacy layer,Touch Africa Book Drive,literacy_distribution,web_verified_2026_04_22_active_open_continuation_13,high,"Countrywide book-drive rail collecting donated books from anywhere in South Africa, sorting and dispatching them from a Johannesburg library warehouse to schools and early-childhood programmes.",primary,south africa::touch africa book drive
South Africa,Southern Africa,offline / fair / literacy layer,Louwville High School Mobile Digital Library,mobile_library,web_verified_2026_04_22_active_open_continuation_14,high,"March 2026 handover of a Mobile Digital Library at Louwville High School in Vredenburg, providing offline curriculum-aligned digital learning content and expanding school-library-type access on the West Coast.",primary,south africa::louwville high school mobile digital library
South Africa,Southern Africa,offline / fair / literacy layer,Western Cape School Library Competition 2025 winners rail,library_support_programme,web_verified_2026_04_22_active_open_continuation_14,high,"Western Cape Education Department school-library-resourcing rail that awarded ten schools R35,000 each for library resources during South African Library Week 2026.",primary,south africa::western cape school library competition 2025 winners rail
South Africa,Southern Africa,offline / fair / literacy layer,YearBeyond 1 000 Stories library reading champions,literacy_distribution,web_verified_2026_04_22_active_open_continuation_14,high,"Western Cape 2026/27 library-literacy rail placing young people directly into libraries as reading champions through the YearBeyond programme, backed by R3 million provincial funding.",primary,south africa::yearbeyond 1 000 stories library reading champions
South Africa,Southern Africa,single-store used booksellers,Oasis Association bookshop,bookstore,web_verified_2026_04_22_active_open_continuation_14,high,"Claremont charity bookshop and art/furniture/book rail taking book donations and selling books, maps, textbooks, plays, antiques and prints as part of Oasis Association’s funding model.",supporting,south africa::oasis association bookshop
South Africa,Southern Africa,offline / fair / literacy layer,Literacy Association of South Africa,literacy_organisation,web_verified_2026_04_22_active_open_continuation_14,medium,"Volunteer-run national literacy member body connecting practitioners through workshops, outreach, scholarly publishing, and branch-level activity; adds literacy-sector coordination infrastructure rather than direct retail.",supporting,south africa::literacy association of south africa
South Africa,Southern Africa,offline / fair / literacy layer,School Aid South Africa,literacy_distribution,web_verified_2026_04_22_active_open_continuation_15,high,"National organisation supporting schools in disadvantaged communities with fully functional libraries, trained library assistants, and ongoing book and literacy-programme support.",primary,south africa::school aid south africa
South Africa,Southern Africa,offline / fair / literacy layer,READ Educational Trust,literacy_distribution,web_verified_2026_04_22_active_open_continuation_15,high,"Long-running literacy organisation focused on learners and teachers in under-resourced schools, with large national reach and continuing literacy interventions.",primary,south africa::read educational trust
South Africa,Southern Africa,offline / fair / literacy layer,The Web Foundation / Siyafunda Donate a Book,literacy_distribution,web_verified_2026_04_22_active_open_continuation_15,high,"South African literacy foundation foregrounding donated-book and trolley-library style projects, including Siyafunda Donate a Book and related access programmes.",primary,south africa::the web foundation / siyafunda donate a book
South Africa,Southern Africa,offline / fair / literacy layer,The Book Tree donate-books routing platform,literacy_distribution,web_verified_2026_04_22_active_open_continuation_15,medium,"Children's-book literacy platform with an explicit donate-books page directing good-condition children's books toward organisations that need them, adding a routing and coordination rail.",supporting,south africa::the book tree donate-books routing platform
South Africa,Southern Africa,offline / fair / literacy layer,Wits Libraries legacy book donation rail,library,web_verified_2026_04_22_active_open_continuation_15,high,University-library donation rail evidenced by a 2025 official handover of a significant book collection from the Santu Mofokeng Foundation to Wits Libraries.,supporting,south africa::wits libraries legacy book donation rail
South Africa,Southern Africa,offline / fair / literacy layer,Children's Book Network,literacy_distribution,web_verified_2026_04_22_active_open_continuation_16,high,"Nonprofit network focused on reading-vulnerable children aged roughly 10 to 12, using reading toolboxes, workshops, book clubs, and community-based distribution of carefully curated books.",primary,south africa::children's book network
South Africa,Southern Africa,offline / fair / literacy layer,Grow Your Life Libraries,literacy_distribution,web_verified_2026_04_22_active_open_continuation_16,high,"South African nonprofit explicitly focused on improving literacy by providing libraries and books to youth, framing its mission as addressing illiteracy one library and one book at a time.",primary,south africa::grow your life libraries
South Africa,Southern Africa,single-store used booksellers,The Reading Rooster,bookstore,web_verified_2026_04_22_active_open_continuation_16,high,"Kloof & Highway SPCA second-hand bookstore inside The Mushroom Farm, explicitly reliant on donations and purchases as a valuable fundraising income stream.",supporting,south africa::the reading rooster
South Africa,Southern Africa,offline / fair / literacy layer,Ekufundzeni Mobile Library,mobile_library,web_verified_2026_04_22_active_open_continuation_16,high,"Long-running mobile library model serving disadvantaged schools in Daveyton and Etwatwa, with the bus visiting participating schools twice a term and maintaining a stock of nearly 20,000 donated books.",primary,south africa::ekufundzeni mobile library
South Africa,Southern Africa,offline / fair / literacy layer,FunDza Literacy Trust,literacy_distribution,web_verified_2026_04_22_active_open_continuation_16,high,"National youth literacy organisation promoting reading for pleasure, writing for meaning, and learning for life through a large digital reading-and-writing platform for South African youth.",primary,south africa::fundza literacy trust
South Africa,Southern Africa,single-store used booksellers,SPCA Roodepoort Krugersdorp Book Shop,bookstore,web_verified_2026_04_22_active_open_continuation_17,high,"Volunteer-run SPCA second-hand book shop that accepts donations of used books and sells them to raise funds for animal welfare, adding another Gauteng charity-bookshop rail.",supporting,south africa::spca roodepoort krugersdorp book shop
South Africa,Southern Africa,single-store used booksellers,Sandton SPCA Bookshop and Book Nook,bookstore,web_verified_2026_04_22_active_open_continuation_17,high,"Sandton SPCA charity retail operation that explicitly includes a bookshop and Book Nook, funded by donated goods and books and run as part of the SPCA's fundraising activity.",supporting,south africa::sandton spca bookshop and book nook
South Africa,Southern Africa,single-store used booksellers,Midrand SPCA Book Shop,bookstore,web_verified_2026_04_22_active_open_continuation_17,high,"Midrand SPCA used-book shop with dedicated book section and low-cost used books, operating alongside the jumble shop and explicitly positioned as a destination for used and out-of-print titles.",supporting,south africa::midrand spca book shop
South Africa,Southern Africa,offline / fair / literacy layer,wRite associates Reading & Book Clubs / Tsebe Community Library,library,web_verified_2026_04_22_active_open_continuation_17,medium,"Community programme described on the South African Literary Awards site as establishing reading and book clubs and the Tsebe Community Library, adding community-library and book-club infrastructure to the literacy map.",supporting,south africa::write associates reading & book clubs / tsebe community library
South Africa,Southern Africa,offline / fair / literacy layer,The LEARN Project,literacy_distribution,web_verified_2026_04_22_active_open_continuation_18,high,South African nonprofit trust that equips schools and children in need with reading books and creates sustainable libraries and classroom book corners.,primary,south africa::the learn project
South Africa,Southern Africa,single-store used booksellers,SPCA Durban & Coast Charity Shops,bookstore,web_verified_2026_04_22_active_open_continuation_18,high,"Durban & Coast SPCA operates three charity shops carrying second-hand books and other donated goods, with proceeds exceeding R3 million annually for animal care according to the current charity-shops page.",primary,south africa::spca durban & coast charity shops
South Africa,Southern Africa,single-store used booksellers,SPCA Randburg Charity Shop and Book Shop,bookstore,web_verified_2026_04_22_active_open_continuation_18,high,"Randburg SPCA fundraising rail with dedicated charity shops and a separate book shop, all run as part of the organisation's current revenue model.",supporting,south africa::spca randburg charity shop and book shop
South Africa,Southern Africa,offline / fair / literacy layer,Wordworks,literacy_distribution,web_verified_2026_04_22_active_open_continuation_18,high,"South African non-profit focused on early language and literacy development, sharing programmes, resources, and courses through partners including schools, libraries, community organisations, and government departments.",primary,south africa::wordworks
South Africa,Southern Africa,offline / fair / literacy layer,Shine Literacy Programme (SHINE),literacy_distribution,web_verified_2026_04_22_active_open_continuation_18,medium,"Current Shine chapter page describing a literacy intervention at Goedehoop Primary in Reiger Park with trained volunteers, individualised reading support, and classroom storybooks to build a culture of reading.",supporting,south africa::shine literacy programme (shine)
South Africa,Southern Africa,offline / fair / literacy layer,help2read,literacy_distribution,web_verified_2026_04_22_active_open_continuation_19,high,"National literacy NGO providing one-to-one reading support in South African primary schools and youth literacy development, with programmes in Gauteng and the Western Cape.",primary,south africa::help2read
South Africa,Southern Africa,offline / fair / literacy layer,help2read Book Boxes,literacy_distribution,web_verified_2026_04_22_active_open_continuation_19,high,"help2read resource rail providing carefully designed Book Boxes with reading materials, games, worksheets, and writing materials for participating primary schools.",supporting,south africa::help2read book boxes
South Africa,Southern Africa,offline / fair / literacy layer,Room to Read South Africa,literacy_distribution,web_verified_2026_04_22_active_open_continuation_19,high,Room to Read's South Africa literacy programme combining classroom instruction with child-friendly libraries and partnerships with the Department of Basic Education and provincial departments.,primary,south africa::room to read south africa
South Africa,Southern Africa,offline / fair / literacy layer,NECT and Room to Read MEC Book Club Launch 2025,event,web_verified_2026_04_22_active_open_continuation_19,high,"Mpumalanga province-scale book-distribution rail where NECT and Room to Read donated 40,000 storybooks for 61 schools at the MEC Book Club launch in Barberton.",supporting,south africa::nect and room to read mec book club launch 2025
South Africa,Southern Africa,offline / fair / literacy layer,One Day. One Book.,literacy_distribution,web_verified_2026_04_22_active_open_continuation_19,medium,Volunteer creative initiative organised by Room to Read and sponsored by the REACH Trust to create South African-language children's books for free online distribution and mass print runs.,supporting,south africa::one day. one book.
South Africa,Southern Africa,offline / fair / literacy layer,Puku Children's Literature Foundation,literacy_distribution,web_verified_2026_04_22_active_open_continuation_20,high,"South African book-development and reading-promotion organisation working to increase access to children's literature in all South African languages through catalogues, digital platforms, reviews, and ecosystem support.",primary,south africa::puku children's literature foundation
South Africa,Southern Africa,offline / fair / literacy layer,Living Through Learning,literacy_distribution,web_verified_2026_04_22_active_open_continuation_20,high,"Cape Town literacy NPO/PBO focused on foundation-phase literacy, educator training, and interventions for disadvantaged educators and learners in South Africa.",primary,south africa::living through learning
South Africa,Southern Africa,offline / fair / literacy layer,Mikhulu Trust,literacy_distribution,web_verified_2026_04_22_active_open_continuation_20,high,"South African child-development and literacy organisation whose work includes capacity building and book-sharing with young children, centered on local wordless picture books.",primary,south africa::mikhulu trust
South Africa,Southern Africa,offline / fair / literacy layer,Mikhulu Trust wordless picture books,literacy_distribution,web_verified_2026_04_22_active_open_continuation_20,high,"Distinct program-level rail producing and distributing affordable South African-context wordless picture books for parents, caregivers, partners, and the public.",supporting,south africa::mikhulu trust wordless picture books
South Africa,Southern Africa,offline / fair / literacy layer,LIASA,library_infrastructure,web_verified_2026_04_22_active_open_continuation_20,high,"Library and Information Association of South Africa, a national library-sector professional body with active national office, events, and sector-facing infrastructure for South African libraries and information services.",supporting,south africa::liasa
South Africa,Southern Africa,offline / fair / literacy layer,South Africa Reads,digital_library,web_verified_2026_04_22_active_open_continuation_21,high,"Free open educational resource for homes, schools, and communities, offering text-and-audio stories in English and some other official South African languages through the Global Storybooks project.",primary,south africa::south africa reads
South Africa,Southern Africa,offline / fair / literacy layer,Nwala Foundation,literacy_distribution,web_verified_2026_04_22_active_open_continuation_21,high,"South African literacy nonprofit dedicated to advancing reading and writing culture across communities, with multiple active programmes including fairs, games, and rural literacy initiatives.",primary,south africa::nwala foundation
South Africa,Southern Africa,offline / fair / literacy layer,"Nwala Foundation A Village, A Story",literacy_distribution,web_verified_2026_04_22_active_open_continuation_21,high,"Flagship rural literacy initiative using storytelling, donated book collections, and mobile or community libraries to bring books into underserved South African villages.",supporting,"south africa::nwala foundation a village, a story"
South Africa,Southern Africa,offline / fair / literacy layer,TAQA,digital_library,web_verified_2026_04_22_active_open_continuation_21,high,South African children’s-books platform designed to improve access to books in all 11 official South African spoken languages through videobook-style formats.,primary,south africa::taqa
South Africa,Southern Africa,offline / fair / literacy layer,kibooks.online,digital_library,web_verified_2026_04_22_active_open_continuation_21,high,"Qualibooks digital library platform offering learners, parents, and educators access to thousands of eLibrary resources across all eleven South African languages.",supporting,south africa::kibooks.online
Nigeria,West Africa,main universe,PreownedBooks.ng,site,runtime_gap_bridge_web_2026_04_25,high,"Book-specific curated online marketplace for buying and selling preloved books across Nigeria; strong strict main-universe fit. Pass130 reconfirmed strict-core seller/account/listing/commission/payout mechanics and 1,000+ pre-loved inventory.",primary,nigeria::preownedbooks_ng
Nigeria,West Africa,weak-fit core,BuyBooks NG,site,runtime_gap_bridge_web_2026_04_25,high,"Book-forward online marketplace with vendor agreement for Nigerian businesses to sell books, audiobooks and e-books; third-party rail but not primarily used/resale.",primary,nigeria::buybooks_ng
Nigeria,West Africa,weak-fit core,Booki / TheMainBooki,site,runtime_gap_bridge_web_2026_04_25,medium,"Author-direct self-publishing and digital book marketplace; book marketplace signal but not used/resale. Pass130 reaffirmed digital author/self-publishing boundary, not used-book resale.",primary,nigeria::booki_themainbooki
Nigeria,West Africa,single-store used booksellers,The Thrift Reader Bookstore,site,runtime_gap_bridge_web_2026_04_25,medium,Online thrift/discount bookshop with bookstacks and used/thrift positioning; useful used-book signal but not clearly multi-seller.,supporting,nigeria::the_thrift_reader_bookstore
Nigeria,West Africa,annex / classifieds,Facebook Marketplace Nigeria — Books,platform_category,runtime_gap_bridge_web_2026_04_25,medium,General classifieds/social-marketplace book category; supports resale discovery but not book-dominant.,supporting,nigeria::facebook_marketplace_nigeria_books
Ghana,West Africa,annex / classifieds,Jiji Ghana — Books & Table Games,platform_category,runtime_gap_bridge_web_2026_04_25,high,"General classifieds marketplace with a large books/games category and used-condition examples; strong annex rail, not book-dominant.",supporting,ghana::jiji_ghana_books_table_games
Ghana,West Africa,annex / classifieds,Facebook Marketplace Accra — Books,platform_category,runtime_gap_bridge_web_2026_04_25,medium,General social-marketplace books category in Accra showing new and used books.,supporting,ghana::facebook_marketplace_accra_books
Ghana,West Africa,single-store used booksellers,Sankofa Books: Flea Market for Used Books,site,runtime_gap_bridge_web_2026_04_25,medium,Used/pre-owned books flea-market page in Accra; clear used-book signal but social-page based.,supporting,ghana::sankofa_books_flea_market_for_used_books
Ghana,West Africa,single-store used booksellers,Thrift Bookcave,site,runtime_gap_bridge_web_2026_04_25,medium,Accra online used bookstore / thrift bookshop with nationwide delivery claim; social-platform surface.,supporting,ghana::thrift_bookcave
Ghana,West Africa,single-store bookstore layer,City Reads Books & Stationery,site,runtime_gap_bridge_web_2026_04_25,high,"Affordable online bookstore in Accra with nationwide delivery; book culture layer, not used/multi-seller main universe.",supporting,ghana::city_reads_books_stationery
Senegal,West Africa,main universe,La Bouquinerie,site,runtime_gap_bridge_web_2026_04_25,high,Online purchase/sale bookstore for used books in Senegal; strong strict main-universe used-book rail.,primary,senegal::la_bouquinerie
Senegal,West Africa,main universe,Bëgg Lire,site,runtime_gap_bridge_web_2026_04_25,high,Senegal book marketplace for buying and selling used and new books; sellers set prices and nationwide connection is claimed.,primary,senegal::b_gg_lire
Senegal,West Africa,annex / classifieds,Jiji Senegal — Livres & Jeux,platform_category,runtime_gap_bridge_web_2026_04_25,high,General classifieds marketplace with books/games category and live book listings; annex resale/discovery rail.,supporting,senegal::jiji_senegal_livres_jeux
Senegal,West Africa,annex / classifieds,"CoinAfrique Senegal — DVDs, CDs & Livres",platform_category,runtime_gap_bridge_web_2026_04_25,high,General Francophone classifieds rail with Senegal books/DVD/CD category; annex not book-dominant.,supporting,senegal::coinafrique_senegal_dvds_cds_livres
Senegal,West Africa,single-store bookstore layer,Livres AU Sénégal,site,runtime_gap_bridge_web_2026_04_25,medium,Physical/digital African bookstore signal in Senegal; useful culture/bookstore layer but not strict resale marketplace.,supporting,senegal::livres_au_s_n_gal
Côte d'Ivoire,West Africa,weak-fit core,LaPanaf / Librairie Panafricaine,site,runtime_gap_bridge_web_2026_04_25,medium,"Book-forward online marketplace dedicated to African booksellers and authors; strong book marketplace signal, not clearly used/resale.",primary,c_te_divoire::lapanaf_librairie_panafricaine
Côte d'Ivoire,West Africa,single-store used / bookstore signal,Lis-Moi — Livres d'occasion,site,runtime_gap_bridge_web_2026_04_25,medium,"Ivorian online bookstore surface with explicit used-books category, though observed category currently shows no items.",supporting,c_te_divoire::lis_moi_livres_doccasion
Côte d'Ivoire,West Africa,single-store used booksellers,La Bouquinerie d'Abidjan,site,runtime_gap_bridge_web_2026_04_25,medium,"Social-surface used-book seller in Abidjan with delivery claims; useful used-book signal, not validated as platform.",supporting,c_te_divoire::la_bouquinerie_dabidjan
Côte d'Ivoire,West Africa,single-store used booksellers,Livres d'Occasion Abidjan,site,runtime_gap_bridge_web_2026_04_25,medium,Abidjan social-surface used-book seller for used books/magazines/novels; weak but relevant used-book signal.,supporting,c_te_divoire::livres_doccasion_abidjan
Côte d'Ivoire,West Africa,annex / classifieds,"CoinAfrique Côte d'Ivoire — DVDs, CDs & Livres",platform_category,runtime_gap_bridge_web_2026_04_25,high,General classifieds rail with Ivorian books/DVD/CD category and live book listing examples; annex not book-dominant.,supporting,c_te_divoire::coinafrique_c_te_divoire_dvds_cds_livres
Benin,West Africa,main universe,La Friperie du Livre,site,runtime_gap_bridge_web_2026_04_25,medium,"Self-described first marketplace dedicated to used books in Cotonou; social-page evidence only, but strict-fit if active.",primary,benin::la_friperie_du_livre
Benin,West Africa,weak-fit core,BeninMarketPlace — Livres,platform_category,runtime_gap_bridge_web_2026_04_25,high,CCI Bénin marketplace with books category; product marketplace but not primarily used/resale.,primary,benin::beninmarketplace_livres
Benin,West Africa,weak-fit core,Bookconekt,site,runtime_gap_bridge_web_2026_04_25,medium,Digital bookstore for Beninese and non-Beninese books; useful book-forward rail but not used/multi-seller main universe.,primary,benin::bookconekt
Benin,West Africa,annex / classifieds,"CoinAfrique Benin — DVDs, CDs & Livres",platform_category,runtime_gap_bridge_web_2026_04_25,high,CoinAfrique Benin books/DVD/CD category; general classifieds annex.,supporting,benin::coinafrique_benin_dvds_cds_livres
Benin,West Africa,single-store used / bookstore signal,Vente & Troc de livres à Cotonou,site,runtime_gap_bridge_web_2026_04_25,low,Social-surface page for book exchange/sale among readers in Cotonou; weak used/troc signal.,supporting,benin::vente_troc_de_livres_cotonou
Togo,West Africa,annex / classifieds,"CoinAfrique Togo — DVDs, CDs & Livres",platform_category,runtime_gap_bridge_web_2026_04_25,high,General classifieds rail with Togo books/DVD/CD category and live book listing examples; annex not book-dominant.,supporting,togo::coinafrique_togo_dvds_cds_livres
Togo,West Africa,single-store bookstore layer,Librairie BonPasteur,site,runtime_gap_bridge_web_2026_04_25,medium,Lomé/Togo online bookstore surface; bookstore layer rather than used/multi-seller.,supporting,togo::librairie_bonpasteur
Togo,West Africa,single-store used booksellers,A Vendre Lomé Livres,site,runtime_gap_bridge_web_2026_04_25,low,Social-surface used-book sales page in Lomé; weak but relevant used-book signal.,supporting,togo::a_vendre_lom_livres
Togo,West Africa,single-store used / bookstore signal,Star Librairie / Librairie Star,historical_site,runtime_gap_bridge_web_2026_04_25,medium,"Historically important Lomé bookstore with used-book stock; evidence indicates closure at end-2023, so retained as historical/revisit signal rather than active rail.",supporting,togo::star_librairie_librairie_star
Burkina Faso,West Africa,annex / classifieds,"CoinAfrique Burkina Faso — DVDs, CDs & Livres",platform_category,runtime_gap_bridge_web_2026_04_25,high,"General classifieds rail with Burkina Faso books/DVD/CD category and examples from Ouagadougou, Kaya, Bobo-Dioulasso, etc.",supporting,burkina_faso::coinafrique_burkina_faso_dvds_cds_livres
Burkina Faso,West Africa,weak-fit core,Facebook / social book-listing spillover — Burkina Faso,platform_category,runtime_gap_bridge_web_2026_04_25,low,Sparse social/listing spillover for books; included as weak signal only pending a better native book-specific platform.,primary,burkina_faso::facebook_social_book_listing_spillover_burkina_faso
Mali,West Africa,main universe,Lamarlib,site,runtime_gap_bridge_web_2026_04_25,high,First online platform in Mali for sale and consignment/deposit-sale of new and used books/brochures; strong strict main-universe fit.,primary,mali::lamarlib
Mali,West Africa,annex / classifieds,"CoinAfrique Mali — DVDs, CDs & Livres",platform_category,runtime_gap_bridge_web_2026_04_25,high,General classifieds rail with Mali books/DVD/CD category and live book listing examples.,supporting,mali::coinafrique_mali_dvds_cds_livres
Mali,West Africa,single-store used booksellers,Autour Du Livre,site,runtime_gap_bridge_web_2026_04_25,medium,Bamako bookstore offering new and used books; single-store used-book signal.,supporting,mali::autour_du_livre
Mali,West Africa,weak-fit core,Ubuy Mali — Books,site,runtime_gap_bridge_web_2026_04_25,medium,International e-commerce book category localized to Mali; weak book-access rail rather than local resale marketplace.,primary,mali::ubuy_mali_books
Niger,West Africa,annex / classifieds,"CoinAfrique Niger — DVDs, CDs & Livres",platform_category,runtime_gap_bridge_web_2026_04_25,high,General classifieds rail with Niger books/DVD/CD category and book/PDF examples; annex not book-dominant.,supporting,niger::coinafrique_niger_dvds_cds_livres
Niger,West Africa,weak-fit core,Ubuy Niger — Books,site,runtime_gap_bridge_web_2026_04_25,medium,International e-commerce book category localized to Niger; weak book-access rail rather than local resale marketplace.,primary,niger::ubuy_niger_books
Guinea,West Africa,annex / classifieds,"CoinAfrique Guinea — DVDs, CDs & Livres",platform_category,runtime_gap_bridge_web_2026_04_25,high,General classifieds rail in Guinea with a DVDs/CDs/books category and live book/roman examples in Conakry/Kindia; annex not book-dominant.,supporting,guinea::coinafrique_guinea_dvds_cds_livres
Guinea,West Africa,annex / classifieds,"BazarAfrique Guinea — DVD, CD & Livres",platform_category,runtime_gap_bridge_web_2026_04_25,medium,General classifieds rail for Guinea with DVD/CD/books category; sparse current result count but useful annex signal.,supporting,guinea::bazarafrique_guinea_dvd_cd_livres
Guinea,West Africa,annex / classifieds,Facebook Marketplace Guinea — Books,platform_category,runtime_gap_bridge_web_2026_04_25,medium,"General social-marketplace book listings around Conakry/Guinea; resale discovery signal, not book-dominant.",supporting,guinea::facebook_marketplace_guinea_books
Guinea,West Africa,single-store bookstore layer,Carrefour de Guinée,site,runtime_gap_bridge_web_2026_04_25,medium,Conakry bookstore/papeterie with book arrivals and long-standing bookstore identity; bookstore layer.,supporting,guinea::carrefour_de_guin_e
Guinea,West Africa,single-store bookstore layer,Maison Du Livre,site,runtime_gap_bridge_web_2026_04_25,medium,Conakry bookstore surface; bookstore layer rather than marketplace/resale rail.,supporting,guinea::maison_du_livre
Sierra Leone,West Africa,annex / classifieds,Facebook Marketplace Freetown — Books,platform_category,runtime_gap_bridge_web_2026_04_25_sierra_leone_compact_pass1,medium,General social-marketplace category for new and used books in Freetown; resale discovery rail but not book-dominant.,supporting,sierra_leone::facebook_marketplace_freetown_books
Sierra Leone,West Africa,annex / classifieds,Salone Goo,classifieds_platform,runtime_gap_bridge_web_2026_04_25_sierra_leone_compact_pass1,medium,"Sierra Leone online classified site for free ads and buying/selling almost anything; relevant general resale rail, not book-specific.",supporting,sierra_leone::salone_goo
Sierra Leone,West Africa,annex / classifieds,Freead1 Sierra Leone — Textbooks,platform_category,runtime_gap_bridge_web_2026_04_25_sierra_leone_compact_pass1,medium,"Country-level books/textbooks classified-ad category; useful textbook resale/discovery signal, not book-dominant.",supporting,sierra_leone::freead1_textbooks
Sierra Leone,West Africa,annex / classifieds,Classi4U Sierra Leone — Books for Sale,platform_category,runtime_gap_bridge_web_2026_04_25_sierra_leone_compact_pass1,medium,General local classifieds surface with explicit Books for Sale category under Items for Sale; annex rail only.,supporting,sierra_leone::classi4u_books_for_sale
Sierra Leone,West Africa,weak-fit core,Ubuy Sierra Leone — Books,site,runtime_gap_bridge_web_2026_04_25_sierra_leone_compact_pass1,medium,"Localized international e-commerce book category covering fiction, non-fiction, educational and children’s books; book access rail, not local used/multi-seller resale.",primary,sierra_leone::ubuy_sierra_leone_books
Sierra Leone,West Africa,single-store bookstore layer,NextChapter Bookstore,social_page,runtime_gap_bridge_web_2026_04_25_sierra_leone_compact_pass1,low,Freetown social-surface online bookstore signal; useful book culture layer but not validated as used or marketplace rail.,supporting,sierra_leone::nextchapter_bookstore
Sierra Leone,West Africa,single-store bookstore layer,CLC Bookshop Sierra Leone,site,runtime_gap_bridge_web_2026_04_25_sierra_leone_compact_pass1,high,"CLC International country page reports three bookshops in Sierra Leone, with locations in Freetown and Bo; bookstore layer, not resale marketplace.",supporting,sierra_leone::clc_bookshop_sierra_leone
Sierra Leone,West Africa,single-store bookstore layer,Vickie Remoe Children’s Books shop,site,runtime_gap_bridge_web_2026_04_25_sierra_leone_compact_pass1,medium,"Direct retail/wholesale online shop for Sierra Leonean children’s books; local author/publisher sales layer, not used/resale.",supporting,sierra_leone::vickie_remoe_childrens_books_shop
Liberia,West Africa,main universe,Liberia Book Store,site,runtime_gap_bridge_web_2026_04_25_liberia_compact_pass1; runtime_gap_bridge_pass103_liberia_current_status_hardening,medium,"Pass103 partial hardening: live site confirms book-specific buy/sell wording, cart/checkout/product pages, Mobile Money payment framing, and 2025/2026 footer/product signals; seller onboarding/third-party consignment remains unverified, so strict-main candidate stays cautious.",primary,liberia::liberia_book_store
Liberia,West Africa,annex / classifieds,Facebook Marketplace Monrovia Books,social_marketplace_category,runtime_gap_bridge_web_2026_04_25_liberia_compact_pass1,high,General social marketplace category explicitly for new and used books in Monrovia; book-resale signal but not book-dominant platform.,supporting,liberia::facebook_marketplace_monrovia_books
Liberia,West Africa,annex / classifieds,"Facebook Marketplace Monrovia Books, Movies & Music",social_marketplace_category,runtime_gap_bridge_web_2026_04_25_liberia_compact_pass1,medium,"Broader Facebook Marketplace media category with new/used books, movies, and music near Monrovia; keep annex only.",supporting,liberia::facebook_marketplace_monrovia_books_movies_and_music
Liberia,West Africa,annex / classifieds,LIBSHOP,general_marketplace,runtime_gap_bridge_web_2026_04_25_liberia_compact_pass1,medium,"Liberia general buy/sell marketplace infrastructure across cities/counties; no book-specific category verified in pass, so annex/classifieds only.",supporting,liberia::libshop
Liberia,West Africa,annex / classifieds,Freead1 Liberia Books,classifieds_category,runtime_gap_bridge_web_2026_04_25_liberia_compact_pass1,medium,"Country-level Freead1 books classifieds category for Liberia; useful resale lead rail, not book-dominant marketplace.",supporting,liberia::freead1_liberia_books
Liberia,West Africa,annex / classifieds,Freead1 Monrovia Books,classifieds_category,runtime_gap_bridge_web_2026_04_25_liberia_compact_pass1,medium,Monrovia-level Freead1 category for books sale/buy advertisements; annex/classifieds only.,supporting,liberia::freead1_monrovia_books
Liberia,West Africa,annex / classifieds,Freead1 Liberia Textbooks,classifieds_category,runtime_gap_bridge_web_2026_04_25_liberia_compact_pass1,medium,"Country-level Freead1 textbooks category; student-textbook resale lead, not book-specific marketplace.",supporting,liberia::freead1_liberia_textbooks
Liberia,West Africa,annex / classifieds,Connecting Deals Monrovia Books,classifieds_category,runtime_gap_bridge_web_2026_04_25_liberia_compact_pass1,medium-low,"Search-visible local marketplace page for Books in Monrovia from private sellers; direct open was bot-gated, so keep as medium-low annex evidence.",supporting,liberia::connecting_deals_monrovia_books
Liberia,West Africa,annex / classifieds,AAAFreeAds Liberia Books & Magazines,classifieds_category_empty,runtime_gap_bridge_web_2026_04_25_liberia_compact_pass1,low,Category page exists for Liberia books/magazines classifieds but page reports nothing found in selected category/area; preserve as weak/negative classified-surface evidence.,supporting,liberia::aaafreeads_liberia_books_and_magazines
Liberia,West Africa,weak-fit core,Ubuy Liberia Books,retail_ecommerce_category,runtime_gap_bridge_web_2026_04_25_liberia_compact_pass1,medium,"Online book retail/import catalogue for Liberia with fiction, educational books, children’s books, and international titles; not used/resale or multi-seller book rail.",supporting,liberia::ubuy_liberia_books
Liberia,West Africa,single-store bookstore layer,La Bibliothèque Online Bookstore,social_storefront,runtime_gap_bridge_web_2026_04_25_liberia_compact_pass1; runtime_gap_bridge_pass103_liberia_current_status_hardening,medium,"Pass103 current-status hardening: 2025 launch/current social surfaces show Liberia/Monrovia online bookstore activity; remains first-party bookstore layer, not strict main.",supporting,liberia::la_biblioth_que_online_bookstore
Liberia,West Africa,single-store bookstore layer,Monrovia Book Store,social_storefront,runtime_gap_bridge_web_2026_04_25_liberia_compact_pass1; runtime_gap_bridge_pass103_liberia_current_status_hardening,medium,"Pass103 current-status hardening: current Facebook/search-visible surface gives order phone/WhatsApp and Monrovia location; remains single-store bookstore layer, not strict main.",supporting,liberia::monrovia_book_store
Liberia,West Africa,single-store bookstore layer,Monrovia READS NOOK BOOK Store,literary_space_bookstore,runtime_gap_bridge_web_2026_04_25_liberia_compact_pass1,medium,"Literacy NGO book store/literary space for Liberian literature where people can read, research, and purchase Liberian books; not resale marketplace.",supporting,liberia::monrovia_reads_nook_book_store
Liberia,West Africa,single-store bookstore layer,One Moore Bookstore / One Moore Book,historical_literacy_bookstore,runtime_gap_bridge_web_2026_04_25_liberia_compact_pass1,medium,"2016 evidence for one of Liberia’s few bookstores and local children’s-book publishing/literacy layer; current status not verified, not used/resale.",contextual,liberia::one_moore_bookstore_one_moore_book
Liberia,West Africa,single-store used/rare bookstore signal,The Book Shop of Liberia,bookstore_directory_page,runtime_gap_bridge_web_2026_04_25_liberia_compact_pass1,low,Travel/directory page describes a rare bookstore in Monrovia with local authors and international classics; useful rare-book signal but no marketplace/online resale rail verified.,supporting,liberia::the_book_shop_of_liberia
Liberia,West Africa,single-store bookstore layer,Bible Society of Liberia Bookshop,bookshop_listing,runtime_gap_bridge_web_2026_04_25_liberia_compact_pass1,medium,"Publisher/bookseller listing gives Bible Society of Liberia Bookshop address and contacts in Monrovia; single-store religious bookshop layer, not used/multi-seller.",supporting,liberia::bible_society_of_liberia_bookshop
The Gambia,West Africa,annex / classifieds,Facebook Marketplace Banjul — Books,social_marketplace_category,runtime_gap_bridge_web_2026_04_25_gambia_compact_pass1,medium,General Facebook Marketplace category for new and used books in Banjul; useful resale signal but not book-dominant or book-specific enough for strict main universe.,supporting,the_gambia::facebook_marketplace_banjul_books
The Gambia,West Africa,annex / classifieds,"Facebook Marketplace Bakau — Books, Movies & Music",social_marketplace_category,runtime_gap_bridge_web_2026_04_25_gambia_compact_pass1,medium,Broader Facebook Marketplace media category near Bakau exposing new/used books/media resale; annex-classifieds only.,supporting,the_gambia::facebook_marketplace_bakau_books_movies_music
The Gambia,West Africa,annex / classifieds,Freead1 Gambia — Books,classifieds_category,runtime_gap_bridge_web_2026_04_25_gambia_compact_pass1,medium,"Freead1 Gambia book classified category surfaced for sale/buy book ads; resale lead rail, but general classifieds rather than book marketplace.",supporting,the_gambia::freead1_gambia_books
The Gambia,West Africa,annex / classifieds,CityToo Gambia — Rare Books,classifieds_marketplace_category,runtime_gap_bridge_web_2026_04_25_gambia_compact_pass1,low,"CityToo has a Gambia rare-books / old-books category under a broader compare/buy/sell marketplace; useful weak signal, but not book-dominant and activity is unclear.",supporting,the_gambia::citytoo_gambia_rare_books
The Gambia,West Africa,annex / classifieds,Expat.com Gambia — Books,classifieds_category_empty,runtime_gap_bridge_web_2026_04_25_gambia_compact_pass1,low,"Country-level “buy, sell, exchange books in Gambia” classifieds category exists, but page reports no active ads; keep only as weak resale lead.",supporting,the_gambia::expatcom_gambia_books
The Gambia,West Africa,weak-fit core,Ubuy The Gambia — Books,retail_ecommerce_category,runtime_gap_bridge_web_2026_04_25_gambia_compact_pass1,medium,"Localized international online bookstore/catalogue for The Gambia with broad book categories; ordinary retail/import ecommerce, not used-book marketplace.",supporting,the_gambia::ubuy_the_gambia_books
The Gambia,West Africa,single-store bookstore layer,Timbooktoo Bookshop,bookstore,runtime_gap_bridge_web_2026_04_25_gambia_compact_pass1,high,"Prominent local bookstore founded in 1998; literary/book-culture anchor and school-book supplier, but no used-book marketplace mechanics found.",supporting,the_gambia::timbooktoo_bookshop
The Gambia,West Africa,single-store bookstore layer,CLM Bookshop Gambia Co. Ltd.,bookstore,runtime_gap_bridge_web_2026_04_25_gambia_compact_pass1,medium,"AccessGambia listing says CLM stocks school textbooks, newspapers, novels, fiction, nonfiction, paperbacks/hardbacks, educational books, and exam papers; ordinary bookstore layer only.",supporting,the_gambia::clm_bookshop_gambia
The Gambia,West Africa,annex / classifieds,Gambia Buy and Sell — book-listing posts,social_classifieds_group,runtime_gap_bridge_web_2026_04_25_gambia_compact_pass1,low,"Search-visible social buy/sell group posts show individual book listings and WhatsApp book-store links; too social/fragmentary for main universe, but worth preserving as annex lead.",supporting,the_gambia::gambia_buy_and_sell_book_posts
Guinea-Bissau,West Africa / Lusophone Atlantic,annex / classifieds,Facebook Marketplace — São Domingos comic-books category,social_classifieds_category,runtime_gap_bridge_web_2026_04_25_guinea_bissau_compact_pass1,medium-low,"Search-visible Facebook Marketplace category exposes new and used comic books for sale in São Domingos, Cacheu, Guinea-Bissau; useful local social-resale signal, but not book-dominant marketplace infrastructure.",supporting,guinea_bissau::facebook_marketplace_sao_domingos_comic_books
Guinea-Bissau,West Africa / Lusophone Atlantic,annex / classifieds,Facebook Marketplace — Bissau buy/sell surface,social_classifieds_marketplace,runtime_gap_bridge_web_2026_04_25_guinea_bissau_compact_pass1,low,"Facebook Marketplace has a Bissau buy/sell surface; preserved as general social resale rail, but no Bissau book-specific category or inventory depth was verified in this pass.",supporting,guinea_bissau::facebook_marketplace_bissau_buy_sell
Guinea-Bissau,West Africa / Lusophone Atlantic,annex / classifieds,Classi4U Guinea Bissau — Books for Sale,classifieds_category,runtime_gap_bridge_web_2026_04_25_guinea_bissau_compact_pass1,medium,"Classi4U exposes a Guinea Bissau classified-site surface with an Items for Sale hierarchy and a Books for Sale category, plus top locations including Bafata, Bissau, Bissora, Bolama, and Gabu; general classified rail only.",supporting,guinea_bissau::classi4u_books_for_sale
Guinea-Bissau,West Africa / Lusophone Atlantic,annex / classifieds,Kugli Guinea-Bissau Books Classified Ads,classifieds_category,runtime_gap_bridge_web_2026_04_25_guinea_bissau_compact_pass1,medium-low,"Kugli exposes a Guinea-Bissau Books classifieds category and identifies Bissau/Biombo as active GW cities, but visible inventory is thin/noisy and the rail is a broad international classified network.",supporting,guinea_bissau::kugli_books_classifieds
Guinea-Bissau,West Africa / Lusophone Atlantic,single-store bookstore layer,Livraria Speransa Guiné-Bissau,bookstore,runtime_gap_bridge_web_2026_04_25_guinea_bissau_compact_pass1,medium-low,Search-visible Facebook page identifies Livraria Speransa as a Bissau bookstore / 'casa dos livros' selling books at good prices; no used-book marketplace mechanics verified.,supporting,guinea_bissau::livraria_speransa
Guinea-Bissau,West Africa / Lusophone Atlantic,single-store bookstore layer,Livraria/Papelaria Tchoca,bookstore,runtime_gap_bridge_web_2026_04_25_guinea_bissau_compact_pass1,medium-low,Search-visible Facebook page describes Livraria/Papelaria Tchoca as a bookstore/stationery space in Bissau Velho beside Hotel Tamar; ordinary bookstore/paper shop layer only.,supporting,guinea_bissau::livraria_papelaria_tchoca
Guinea-Bissau,West Africa / Lusophone Atlantic,single-store bookstore layer,Livraria Coimbra / Coimbra Bookshop,bookstore,runtime_gap_bridge_web_2026_04_25_guinea_bissau_compact_pass1,medium-high,Evendo and Mapcarta identify Livraria Coimbra / Coimbra Bookshop as a bookstore in Bissau with literature selection and OSM shop=books metadata; no marketplace/resale mechanics found.,supporting,guinea_bissau::livraria_coimbra
Guinea-Bissau,West Africa / Lusophone Atlantic,single-store bookstore layer,Livraria CPAD — Guiné Bissau,bookstore,runtime_gap_bridge_web_2026_04_25_guinea_bissau_compact_pass1,medium-high,"CPAD News reports the inauguration/location of Livraria CPAD in Guinea-Bissau, and Evendo describes it as a Bissau Christian-literature bookstore; ordinary religious bookstore layer only.",supporting,guinea_bissau::livraria_cpad
Guinea-Bissau,West Africa / Lusophone Atlantic,offline fair/literacy layer,Clube Amor à Leitura,literacy_book_exchange_signal,runtime_gap_bridge_web_2026_04_25_guinea_bissau_compact_pass1,medium-low,"Search-visible social profiles describe Clube Amor à Leitura in Bissau as a literature-focused arts organization; Instagram snippet references 'Troca de livros' in Djumbai programming, so preserve as book-exchange/literacy texture rather than marketplace.",supporting,guinea_bissau::clube_amor_a_leitura
Guinea-Bissau,West Africa / Lusophone Atlantic,offline fair/literacy layer,IBAP Livraria,institutional_digital_bookshelf,runtime_gap_bridge_web_2026_04_25_guinea_bissau_compact_pass1,medium-low,"IBAP has a 'Livraria' page with repeated 'Livro' digital-flipbook placeholders and institutional contacts; useful as an institutional book/document access surface, not a commercial resale or marketplace rail.",supporting,guinea_bissau::ibap_livraria
Cape Verde / Cabo Verde,West Africa / Lusophone Atlantic,annex / classifieds,Facebook Marketplace Praia Books listing surface,social_marketplace_book_listing_signal,runtime_gap_bridge_web_2026_04_25_cabo_verde_compact_pass1,medium-low,"Search-visible Facebook Marketplace result shows a book listing in Praia, Cabo Verde. This is a social/classifieds resale signal only, not a book-dominant marketplace.",candidate_context,cabo_verde::facebook_marketplace_praia_books_listing_surface
Cape Verde / Cabo Verde,West Africa / Lusophone Atlantic,annex / classifieds,Facebook Marketplace Mindelo children's-books listing surface,social_marketplace_book_listing_signal,runtime_gap_bridge_web_2026_04_25_cabo_verde_compact_pass1,medium-low,Search-visible Facebook Marketplace result shows children's books listed in Mindelo/São Vicente. Preserve as social resale evidence only.,candidate_context,cabo_verde::facebook_marketplace_mindelo_children_s_books_listing_surface
Cape Verde / Cabo Verde,West Africa / Lusophone Atlantic,annex / classifieds,Compra e Venda Cabo Verde,general_buy_sell_group_with_book_posts,runtime_gap_bridge_web_2026_04_25_cabo_verde_compact_pass1,medium-low,"General Cabo Verde buy/sell/trade group; search-visible posts include literature and new/used law books. Classifieds/social rail only, not a book-specific used marketplace.",candidate_context,cabo_verde::compra_e_venda_cabo_verde
Cape Verde / Cabo Verde,West Africa / Lusophone Atlantic,annex / classifieds,Compra e Venda no Mindelo,general_buy_sell_group,runtime_gap_bridge_web_2026_04_25_cabo_verde_compact_pass1,medium-low,"Mindelo/São Vicente general buy/sell group open to all islands. Keep as possible local resale rail, not a book-dominant platform.",candidate_context,cabo_verde::compra_e_venda_no_mindelo
Cape Verde / Cabo Verde,West Africa / Lusophone Atlantic,annex / classifieds,Afribaba Cabo Verde Livros/Revistas Porto Novo,general_classifieds_books_category,runtime_gap_bridge_web_2026_04_25_cabo_verde_compact_pass1,medium-low,Afribaba exposes a Cabo Verde / Porto Novo Livros+Revistas classified category. Thin general-classifieds evidence only.,candidate_context,cabo_verde::afribaba_cabo_verde_livros_revistas_porto_novo
Cape Verde / Cabo Verde,West Africa / Lusophone Atlantic,weak-fit core,CV Buy,local_ecommerce_seller_rail_no_book_category_verified,runtime_gap_bridge_web_2026_04_25_cabo_verde_compact_pass1,medium-low,"Cabo Verde ecommerce platform with seller/how-to-sell surfaces and national delivery, but no book category or book inventory verified in this pass. Preserve as weak marketplace-infrastructure watchlist, outside book core.",candidate_context,cabo_verde::cv_buy
Cape Verde / Cabo Verde,West Africa / Lusophone Atlantic,single-store bookstore layer,Loja Online Biblioteca Nacional de Cabo Verde,institutional_online_bookstore,runtime_gap_bridge_web_2026_04_25_cabo_verde_compact_pass1,medium-high,"Biblioteca Nacional launched an online bookstore for book access in Cabo Verde, with Correios pickup/collection and no fees. First-party/institutional bookstore layer, not resale marketplace.",supporting,cabo_verde::loja_online_biblioteca_nacional_de_cabo_verde
Cape Verde / Cabo Verde,West Africa / Lusophone Atlantic,single-store bookstore layer,Livraria Lóthus,local_online_bookstore,runtime_gap_bridge_web_2026_04_25_cabo_verde_compact_pass1,medium-high,"Praia-based online bookstore with book catalogue, payment methods, and CCV shipping across islands. First-party retail/bookstore layer.",supporting,cabo_verde::livraria_l_thus
Cape Verde / Cabo Verde,West Africa / Lusophone Atlantic,single-store bookstore layer,Livraria Pedro Cardoso,publisher_bookstore_catalog,runtime_gap_bridge_web_2026_04_25_cabo_verde_compact_pass1,medium-high,"Local publisher/bookstore catalogue with Cabo Verde titles, ISBNs, prices, and Praia presence. First-party bookstore/publisher layer only.",supporting,cabo_verde::livraria_pedro_cardoso
Cape Verde / Cabo Verde,West Africa / Lusophone Atlantic,single-store bookstore layer,Livraria Semente,local_bookstore,runtime_gap_bridge_web_2026_04_25_cabo_verde_compact_pass1,medium-high,"Mindelo bookstore identified by BDPALOP points-of-sale and social profile; ordinary bookstore layer, not used marketplace.",supporting,cabo_verde::livraria_semente
Cape Verde / Cabo Verde,West Africa / Lusophone Atlantic,single-store bookstore layer,"Nho Eugénio – Livraria, Lda",local_bookstore,runtime_gap_bridge_web_2026_04_25_cabo_verde_compact_pass1,medium,"BDPALOP points-of-sale list identifies Nho Eugénio – Livraria, Lda in Achada Santo António, Praia. Preserve as bookstore layer.",supporting,cabo_verde::nho_eug_nio_livraria_lda
Cape Verde / Cabo Verde,West Africa / Lusophone Atlantic,single-store bookstore layer,Arnaldo França Livraria,local_bookstore,runtime_gap_bridge_web_2026_04_25_cabo_verde_compact_pass1,medium,"BDPALOP points-of-sale list identifies Arnaldo França Livraria in Achada de Santo António, Praia. Preserve as bookstore layer.",supporting,cabo_verde::arnaldo_fran_a_livraria
Cape Verde / Cabo Verde,West Africa / Lusophone Atlantic,single-store bookstore layer,Galeria Alternativa,book_culture_point_of_sale,runtime_gap_bridge_web_2026_04_25_cabo_verde_compact_pass1,medium,"BDPALOP Cabo Verde points-of-sale list includes Galeria Alternativa in Mindelo. Treat as cultural/book point-of-sale support, not used marketplace.",supporting,cabo_verde::galeria_alternativa
Cape Verde / Cabo Verde,West Africa / Lusophone Atlantic,single-store bookstore layer,Centro Cultural do Mindelo,book_culture_point_of_sale,runtime_gap_bridge_web_2026_04_25_cabo_verde_compact_pass1,medium,"BDPALOP Cabo Verde points-of-sale list includes Centro Cultural do Mindelo. Treat as cultural/book point-of-sale support, not marketplace.",supporting,cabo_verde::centro_cultural_do_mindelo
Cape Verde / Cabo Verde,West Africa / Lusophone Atlantic,offline fair/literacy layer,Banco Livros Cabo Verde,school_book_donation_bank,runtime_gap_bridge_web_2026_04_25_cabo_verde_compact_pass1,medium-low,"Search-visible social profile describes a Banco de Livros Escolares in Mindelo dedicated to donation, collection, and distribution of books. Reuse/literacy signal, not commercial marketplace.",supporting,cabo_verde::banco_livros_cabo_verde
Cape Verde / Cabo Verde,West Africa / Lusophone Atlantic,offline fair/literacy layer,FICASE textbook distribution network,institutional_textbook_distribution_network,runtime_gap_bridge_web_2026_04_25_cabo_verde_compact_pass1,medium-high,"FICASE funds edition/reprinting and sale of school manuals to bookshops/stationers and Correios, which resell them at social prices across all islands. Institutional textbook-distribution layer.",supporting,cabo_verde::ficase_textbook_distribution_network
Cape Verde / Cabo Verde,West Africa / Lusophone Atlantic,offline fair/literacy layer,Global Shapers Praia used-book collection campaign,used_book_collection_literacy_campaign,runtime_gap_bridge_web_2026_04_25_cabo_verde_compact_pass1,medium,"2014 Praia campaign collected used children's, youth, and school books for donation to local institutions. Preserve as used-book reuse/literacy evidence only.",supporting,cabo_verde::global_shapers_praia_used_book_collection_campaign
Cape Verde / Cabo Verde,West Africa / Lusophone Atlantic,offline fair/literacy layer,Sal / Santa Maria English book-exchange signals,tourist_expat_book_swap_signal,runtime_gap_bridge_web_2026_04_25_cabo_verde_compact_pass1,low,"Search-visible Sal/Santa Maria Facebook posts ask about swapping English novels or hotel book-exchange sections and offering free English books. Tourist/expat book-swap texture, not marketplace.",supporting,cabo_verde::sal_santa_maria_english_book_exchange_signals
São Tomé and Príncipe,Gulf of Guinea / Lusophone Atlantic,single-store bookstore layer,Livraria Nón,online_order_bookstore,runtime_gap_bridge_web_2026_04_25_sao_tome_principe_compact_pass1,medium-high,"Only/major São Tomé bookstore layer with online ordering/catalogue surface; capture as strong bookstore infrastructure, not used-book marketplace.",bookstore,s_o_tom_and_pr_ncipe_livraria_n_n
São Tomé and Príncipe,Gulf of Guinea / Lusophone Atlantic,single-store bookstore layer,Livraria Nón Facebook / social storefront,bookstore_social_storefront,runtime_gap_bridge_web_2026_04_25_sao_tome_principe_compact_pass1,medium,Facebook/mobile surface describes a platform for book sales in São Tomé with online orders; social storefront only.,supporting,s_o_tom_and_pr_ncipe_livraria_n_n_facebook_social_storefront
São Tomé and Príncipe,Gulf of Guinea / Lusophone Atlantic,annex / classifieds,"COMPRAS, VENDAS & TROCAS - São Tomé e Príncipe",general_buy_sell_trade_group,runtime_gap_bridge_web_2026_04_25_sao_tome_principe_compact_pass1,medium-low,General buy/sell/trade group; possible book-resale discovery rail but not book-dominant.,supporting,s_o_tom_and_pr_ncipe_compras_vendas_trocas_s_o_tom_e_pr_ncipe
São Tomé and Príncipe,Gulf of Guinea / Lusophone Atlantic,annex / classifieds,Facebook Marketplace São Tomé e Príncipe books category,social_marketplace_books_category,runtime_gap_bridge_web_2026_04_25_sao_tome_principe_compact_pass1,low,"Generic Facebook Marketplace new/used books category; local São Tomé specificity weak in retrieved evidence, so keep as low-confidence annex only.",supporting,s_o_tom_and_pr_ncipe_facebook_marketplace_s_o_tom_e_pr_ncipe_books_category
São Tomé and Príncipe,Gulf of Guinea / Lusophone Atlantic,annex / diaspora spillover,Livraria Ultramarina São Tomé e Príncipe category,diaspora_rare_bookseller_category,runtime_gap_bridge_web_2026_04_25_sao_tome_principe_compact_pass1,low,"Portugal-based rare/antiquarian seller category for São Tomé materials; preserve as diaspora spillover, not local marketplace.",supporting,s_o_tom_and_pr_ncipe_livraria_ultramarina_s_o_tom_e_pr_ncipe_category
São Tomé and Príncipe,Gulf of Guinea / Lusophone Atlantic,annex / diaspora spillover,AbeBooks São Tomé e Príncipe collections,global_rare_book_marketplace_category,runtime_gap_bridge_web_2026_04_25_sao_tome_principe_compact_pass1,low,Global rare-books marketplace category about São Tomé/Príncipe; useful atmospheric/lead surface only.,supporting,s_o_tom_and_pr_ncipe_abebooks_s_o_tom_e_pr_ncipe_collections
São Tomé and Príncipe,Gulf of Guinea / Lusophone Atlantic,offline fair/literacy layer,Biblioteca Nacional / China technical book room signal,institutional_book_access_signal,runtime_gap_bridge_web_2026_04_25_sao_tome_principe_compact_pass1,medium-low,Institutional book-access texture surfaced in STP press context; not marketplace mechanics.,supporting,s_o_tom_and_pr_ncipe_biblioteca_nacional_china_technical_book_room_signal
São Tomé and Príncipe,Gulf of Guinea / Lusophone Atlantic,offline fair/literacy layer,UNEAS / Centro Cultural Português literary event layer,literary_institution_event_layer,runtime_gap_bridge_web_2026_04_25_sao_tome_principe_compact_pass1,low,"Literary event/institutional layer only; helps book-culture atmosphere, not resale/marketplace.",supporting,s_o_tom_and_pr_ncipe_uneas_centro_cultural_portugu_s_literary_event_layer
Mauritania,West Africa / Sahel-Atlantic,single-store used-bookseller signal,Facebook-mediated book selling in Mauritania / Moulay Rachid signal,book_selling_social_surface,runtime_gap_bridge_web_2026_04_25_mauritania_compact_pass1,medium,"Al Jazeera documents Facebook as a book-selling interface in Mauritania; preserve as social bookseller/surface, not marketplace platform.",supporting,mauritania_facebook_mediated_book_selling_in_mauritania_moulay_rachid_signal
Mauritania,West Africa / Sahel-Atlantic,annex / classifieds,Facebook Marketplace Nouakchott Books,social_marketplace_books_item_surface,runtime_gap_bridge_web_2026_04_25_mauritania_compact_pass1,medium-low,"Facebook Marketplace book item in Nouakchott; evidence of social resale/classifieds, not book-specific marketplace.",supporting,mauritania_facebook_marketplace_nouakchott_books
Mauritania,West Africa / Sahel-Atlantic,annex / classifieds,All SouQ Mauritania Books and stories category,general_classifieds_books_category,runtime_gap_bridge_web_2026_04_25_mauritania_compact_pass1,medium-low,General classifieds category for Books and stories in Nouakchott Sud; not book-dominant.,supporting,mauritania_all_souq_mauritania_books_and_stories_category
Mauritania,West Africa / Sahel-Atlantic,weak-fit core,Ubuy Mauritania Books,ordinary_ecommerce_books_category,runtime_gap_bridge_web_2026_04_25_mauritania_compact_pass1,medium-high,"Ordinary import/ecommerce book category with fiction, educational and children’s books; weak-fit only.",supporting,mauritania_ubuy_mauritania_books
Mauritania,West Africa / Sahel-Atlantic,single-store bookstore layer,Librairie Vents du Sud,bookstore,runtime_gap_bridge_web_2026_04_25_mauritania_compact_pass1,high,"Established Nouakchott francophone bookstore; ALF profile says founded 1990, engaged in book diffusion/promotion.",bookstore,mauritania_librairie_vents_du_sud
Mauritania,West Africa / Sahel-Atlantic,single-store bookstore layer,Librairie 15/21,bookstore_publisher,runtime_gap_bridge_web_2026_04_25_mauritania_compact_pass1,medium,Nouakchott bookstore/publisher signal; external catalog records identify Éditions de la Librairie 15/21.,bookstore,mauritania_librairie_15_21
Mauritania,West Africa / Sahel-Atlantic,single-store bookstore layer,Librairie 15/21 Facebook / Arabic bookstore surface,bookstore_social_surface,runtime_gap_bridge_web_2026_04_25_mauritania_compact_pass1,medium-low,Social listing identifies مكتبة القرنين 15/21 as a Nouakchott bookstore.,supporting,mauritania_librairie_15_21_facebook_arabic_bookstore_surface
Mauritania,West Africa / Sahel-Atlantic,single-store bookstore layer,مكتبة قرطبة موريتانيا,bookstore_social_surface,runtime_gap_bridge_web_2026_04_25_mauritania_compact_pass1,medium-low,Arabic social bookstore surface; search snippet references school book provision and delivery/order service.,supporting,mauritania
Mauritania,West Africa / Sahel-Atlantic,single-store bookstore layer,مكتبة الإصلاح,bookstore_social_surface,runtime_gap_bridge_web_2026_04_25_mauritania_compact_pass1,medium-low,Arabic bookstore social surface for new books in multiple fields; Nouakchott/Nouadhibou context in snippet.,supporting,mauritania
Mauritania,West Africa / Sahel-Atlantic,single-store bookstore layer,MauritaniaYP Nouakchott books listings,directory_bookstore_cluster,runtime_gap_bridge_web_2026_04_25_mauritania_compact_pass1,medium,"Directory lists multiple Nouakchott book/bookshop entries; useful bookstore-cluster signal, not resale platform.",supporting,mauritania_mauritaniayp_nouakchott_books_listings
Mauritania,West Africa / Sahel-Atlantic,offline fair/literacy layer,National Library of Mauritania,national_library_institutional_layer,runtime_gap_bridge_web_2026_04_25_mauritania_compact_pass1,medium,Institutional book/document stock and national library infrastructure; supporting texture only.,supporting,mauritania_national_library_of_mauritania
Mauritania,West Africa / Sahel-Atlantic,offline fair/literacy layer,Chinguetti / private manuscript libraries,manuscript_library_heritage_layer,runtime_gap_bridge_web_2026_04_25_mauritania_compact_pass1,medium-low,"Heritage manuscript/library layer, not online resale; useful atmosphere for book culture only.",supporting,mauritania_chinguetti_private_manuscript_libraries
Mauritania,West Africa / Sahel-Atlantic,single-store bookstore layer,Near-place Mauritania book store cluster,directory_bookstore_cluster,runtime_gap_bridge_web_2026_04_25_mauritania_compact_pass1,low,Directory surface lists several Mauritania book stores; low-confidence supporting cluster row only.,supporting,mauritania_near_place_mauritania_book_store_cluster
Equatorial Guinea,Central Africa / Gulf of Guinea,annex / classifieds,Facebook Marketplace Malabo Books items,social_marketplace_book_items,runtime_gap_bridge_web_2026_04_25_equatorial_guinea_compact_pass1,medium-low,"Multiple Facebook Marketplace book/textbook items in Malabo; social resale/classifieds, not book-dominant marketplace.",supporting,equatorial_guinea_facebook_marketplace_malabo_books_items
Equatorial Guinea,Central Africa / Gulf of Guinea,annex / classifieds,Facebook Marketplace Bata textbook/book items,social_marketplace_book_items,runtime_gap_bridge_web_2026_04_25_equatorial_guinea_compact_pass1,medium-low,Facebook Marketplace textbook/book items in Bata; social resale/classifieds only.,supporting,equatorial_guinea_facebook_marketplace_bata_textbook_book_items
Equatorial Guinea,Central Africa / Gulf of Guinea,single-store bookstore layer,La Librería de Bata,bookstore,runtime_gap_bridge_web_2026_04_25_equatorial_guinea_compact_pass1,high,"Bata bookstore opened in 2012 at CCE Bata with over 4,000 titles; strong bookstore layer, no marketplace mechanics.",bookstore,equatorial_guinea_la_librer_a_de_bata
Equatorial Guinea,Central Africa / Gulf of Guinea,single-store bookstore layer,La Casa Tomada,bookstore_cultural_space,runtime_gap_bridge_web_2026_04_25_equatorial_guinea_compact_pass1,high,Malabo private bookstore/cultural space; government page says books can be bought and describes broad printed inventory.,bookstore,equatorial_guinea_la_casa_tomada
Equatorial Guinea,Central Africa / Gulf of Guinea,offline fair/literacy layer,Biblioteca de Guinea Ecuatorial digital archive,digital_library_archive,runtime_gap_bridge_web_2026_04_25_equatorial_guinea_compact_pass1,medium,Digital archive/memory project preserving Equatoguinean literature; explicitly not commercial per page language.,supporting,equatorial_guinea_biblioteca_de_guinea_ecuatorial_digital_archive
Equatorial Guinea,Central Africa / Gulf of Guinea,weak-fit core,Editorial Digital de Guinea Ecuatorial tienda,digital_publisher_shop,runtime_gap_bridge_web_2026_04_25_equatorial_guinea_compact_pass1,medium-low,Online shop offering books/audiobooks/courses tied to Equatoguinean literature; weak-fit because not used/resale marketplace.,supporting,equatorial_guinea_editorial_digital_de_guinea_ecuatorial_tienda
Equatorial Guinea,Central Africa / Gulf of Guinea,offline fair/literacy layer,National Library of Equatorial Guinea digital platform,national_library_digital_platform,runtime_gap_bridge_web_2026_04_25_equatorial_guinea_compact_pass1,medium,National Library digital platform provides academic/reference access via subscription; institutional/digital access layer only.,supporting,equatorial_guinea_national_library_of_equatorial_guinea_digital_platform
Equatorial Guinea,Central Africa / Gulf of Guinea,single-store bookstore layer,Ediciones Esangui,publisher_social_surface,runtime_gap_bridge_web_2026_04_25_equatorial_guinea_compact_pass1,medium-low,Bata small publisher/social surface promoting Guinean literature; publisher texture only.,supporting,equatorial_guinea_ediciones_esangui
Equatorial Guinea,Central Africa / Gulf of Guinea,offline fair/literacy layer,Centro Cultural de España en Bata book/literature programming,cultural_center_book_programming,runtime_gap_bridge_web_2026_04_25_equatorial_guinea_compact_pass1,medium-low,Cultural center provides book/literary programming and historical bookstore context; not market rail.,supporting,equatorial_guinea_centro_cultural_de_espa_a_en_bata_book_literature_programming
Equatorial Guinea,Central Africa / Gulf of Guinea,annex / classifieds,Amigos/as de Guinea Ecuatorial MALABO#BATA book-post spillover,general_social_group_book_posts,runtime_gap_bridge_web_2026_04_25_equatorial_guinea_compact_pass1,low,General social group with occasional book posts; weak discovery rail only.,supporting,equatorial_guinea_amigos_as_de_guinea_ecuatorial_malabo_bata_book_post_spillover
Cameroon,Central Africa / West-Central Africa,main universe,CamerBookshop Online,book_specific_marketplace_vendor_rail,runtime_gap_bridge_web_2026_04_25_central_africa_marketplace_sprint | runtime_gap_bridge_web_2026_04_26_pass93_cameroon_gabon_current_status_hardening | runtime_gap_bridge_web_2026_05_02_pass126_cameroon_current_status_hardening,medium-high,"Book-specific Cameroon online market with books-for-sale list, buyer/account surface, seller profile, subscription/payment management and book-request/vendor mechanics. Pass126 rechecked current root text and retained it as the Cameroon strict-main candidate/book-specific seller/request rail; no used-book specialization or fully proven third-party listing/payment workflow was added.",primary,cameroon_camerbookshop_online
Cameroon,Central Africa / West-Central Africa,annex / classifieds,"CoinAfrique Cameroun DVDs, CDs & Livres",general_classifieds_books_category,runtime_gap_bridge_web_2026_04_25_central_africa_marketplace_sprint | runtime_gap_bridge_web_2026_04_26_pass93_cameroon_gabon_current_status_hardening,medium,"Country-specific CoinAfrique category for DVDs/CDs/books, with buy/sell classifieds mechanics and individual book listings; general classifieds, not book-dominant. | Pass93 hardening: category remains live as DVDs/CDs/books classifieds with current/recent book listings; remains general classifieds, not book-dominant strict main.",supporting,cameroon_coinafrique_cameroun_dvds_cds_livres
Cameroon,Central Africa / West-Central Africa,annex / classifieds,CoinAfrique Cameroun book listings,general_classifieds_book_items,runtime_gap_bridge_web_2026_04_25_central_africa_marketplace_sprint | runtime_gap_bridge_web_2026_04_26_pass93_cameroon_gabon_current_status_hardening,medium,Individual Cameroon CoinAfrique book/e-book listings confirm book category activity and seller-contact mechanics. | Pass93 hardening: category shows multiple recent book listings in Douala; supports active resale/classifieds texture only.,supporting,cameroon_coinafrique_cameroun_book_listings
Cameroon,Central Africa / West-Central Africa,annex / classifieds,MiniCameroun Livres/Magazines,general_classifieds_books_category,runtime_gap_bridge_web_2026_04_25_central_africa_marketplace_sprint | runtime_gap_bridge_web_2026_04_26_pass93_cameroon_gabon_current_status_hardening,medium,Cameroon classifieds site with Livres/Magazines category and individual book listing; category is under general loisirs/divertissement classifieds. | Pass93 hardening: live category but only one visible book/magazine listing; keep as thin general-classifieds layer.,supporting,cameroon_minicameroun_livres_magazines
Cameroon,Central Africa / West-Central Africa,annex / classifieds,Facebook Marketplace Yaoundé / Douala Books,social_marketplace_books_category,runtime_gap_bridge_web_2026_04_25_central_africa_marketplace_sprint,medium-low,"Facebook Marketplace item-level book listings in Yaoundé/Douala, including used-like-new and current listings; social marketplace only.",supporting,cameroon_facebook_marketplace_yaounde_douala_books
Cameroon,Central Africa / West-Central Africa,annex / classifieds,Vente et achat de livres en occasion au Cameroun,social_group_used_book_resale,runtime_gap_bridge_web_2026_04_25_central_africa_marketplace_sprint,medium-low,"Named Facebook group for buying, selling, and exchanging used/new school books in Cameroon; useful resale signal but social-group, not governed marketplace.",supporting,cameroon_vente_et_achat_de_livres_en_occasion_au_cameroun
Cameroon,Central Africa / West-Central Africa,annex / classifieds,iConz Cameroon marketplace Books & Games category,general_marketplace_books_category,runtime_gap_bridge_web_2026_04_25_central_africa_marketplace_sprint | runtime_gap_bridge_web_2026_04_26_pass93_cameroon_gabon_current_status_hardening,medium,"General Cameroon buy/sell app supports new/used local sales and includes Books & Games under Sports/Arts/Outdoors; general marketplace, not book-dominant. | Pass93 hardening: current app-store text confirms a general Cameroon buy/sell marketplace for new/used items and includes Books & Games under Sports/Arts/Outdoors; still horizontal, not book-dominant.",supporting,cameroon_iconz_cameroon_marketplace_books_games_category
Cameroon,Central Africa / West-Central Africa,annex / classifieds,Fakobook Cameroon marketplace,general_marketplace_candidate,runtime_gap_bridge_web_2026_04_25_central_africa_marketplace_sprint,low,General Cameroon buy/sell marketplace mention; no book-specific inventory confirmed in this pass.,supporting,cameroon_fakobook_cameroon_marketplace
Cameroon,Central Africa / West-Central Africa,weak-fit core,Ubuy Cameroon Books,ordinary_ecommerce_import_retail_books,runtime_gap_bridge_web_2026_04_25_central_africa_marketplace_sprint,medium,Online book-shopping category for Cameroon; ordinary ecommerce/import retail rather than local used-book or third-party book marketplace evidence.,supporting,cameroon_ubuy_cameroon_books
Cameroon,Central Africa / West-Central Africa,single-store bookstore layer,Yaa Book Shop Cameroon,bookstore_sales_rentals,runtime_gap_bridge_web_2026_04_25_central_africa_marketplace_sprint,medium-low,"Buea social bookstore offering book sales and rentals; single-store/rental layer, not marketplace.",supporting,cameroon_yaa_book_shop_cameroon
Cameroon,Central Africa / West-Central Africa,single-store bookstore layer,Jolly Life Books Cameroon,online_social_bookstore,runtime_gap_bridge_web_2026_04_25_central_africa_marketplace_sprint,medium-low,Yaoundé / nationwide delivery social bookstore signal.,supporting,cameroon_jolly_life_books_cameroon
Cameroon,Central Africa / West-Central Africa,annex / classifieds,Facebook Marketplace Cameroon item-level book listings,social_marketplace_book_items,runtime_gap_bridge_web_2026_04_25_central_africa_marketplace_sprint,low,Additional item-level book posts show active social resale/listing surfaces but not platform specialization.,supporting,cameroon_facebook_marketplace_cameroon_item_level_book_listings
Gabon,Central Africa / West-Central Africa,main universe,Gabon Livre multi-vendor e-librairie,book_specific_marketplace_vendor_rail,runtime_gap_bridge_web_2026_04_25_central_africa_marketplace_sprint | runtime_gap_bridge_web_2026_04_26_pass93_cameroon_gabon_current_status_hardening | runtime_gap_bridge_web_2026_05_02_pass127_gabon_current_status_hardening,medium-high,"Pass127 reverified the mixed-live posture: root remains ""site en chantier""/maintenance, but home-clean, vendor directory, cart/payment, troc, seller-subscription/add-book and author-commercialization surfaces remain accessible. Retain as Gabon strict-main candidate/book-specific multi-vendor/troc rail; used/resale specificity and current independent seller-inventory depth remain unresolved.",primary,gabon_gabon_livre_multi_vendor_e_librairie
Gabon,Central Africa / West-Central Africa,main universe,Gabon Livre vendor directory,book_specific_vendor_directory,runtime_gap_bridge_web_2026_04_25_central_africa_marketplace_sprint | runtime_gap_bridge_web_2026_04_26_pass93_cameroon_gabon_current_status_hardening | runtime_gap_bridge_web_2026_05_02_pass127_gabon_current_status_hardening,medium-high,"Pass127 reverified vendor directory reporting six stores and contact/locality fields. Supports multi-vendor rail classification, but vendor-store inventory depth remains thin/partly unresolved.",primary_support,gabon_gabon_livre_vendor_directory
Gabon,Central Africa / West-Central Africa,annex / classifieds,"CoinAfrique Gabon DVDs, CDs & Livres",general_classifieds_books_category,runtime_gap_bridge_web_2026_04_25_central_africa_marketplace_sprint | runtime_gap_bridge_web_2026_04_26_pass93_cameroon_gabon_current_status_hardening,medium,Gabon CoinAfrique category explicitly exposes new/used DVD/CD/book classifieds and individual listings in Libreville and other cities. | Pass93 hardening: category remains live as new/used DVDs/CDs/books classifieds with Libreville book listings; annex/classifieds only.,supporting,gabon_coinafrique_gabon_dvds_cds_livres
Gabon,Central Africa / West-Central Africa,annex / classifieds,Facebook Marketplace Libreville book listings,social_marketplace_book_items,runtime_gap_bridge_web_2026_04_25_central_africa_marketplace_sprint,medium-low,Item-level Facebook Marketplace book listing in Libreville marked used/fair; social marketplace only.,supporting,gabon_facebook_marketplace_libreville_book_listings
Gabon,Central Africa / West-Central Africa,annex / classifieds,Gabon Marketplace social group,general_social_marketplace,runtime_gap_bridge_web_2026_04_25_central_africa_marketplace_sprint,low,General Gabon marketplace social group; weak book-market texture only unless book listings are re-found at depth.,supporting,gabon_gabon_marketplace_social_group
Gabon,Central Africa / West-Central Africa,weak-fit core,Gabon Livres digital/online book shop,digital_book_subscription_shop,runtime_gap_bridge_web_2026_04_25_central_africa_marketplace_sprint | runtime_gap_bridge_web_2026_04_26_pass93_cameroon_gabon_current_status_hardening | runtime_gap_bridge_web_2026_05_02_pass127_gabon_current_status_hardening,medium,"Pass127 reverified live GabonLivres/LAHA Editions catalogue with add-to-cart products, account/create-account surfaces, monthly subscription language, and 2026 footer. Remains digital/first-party or author-distribution/bookstore rail, not strict used/recommerce marketplace.",supporting,gabon_gabon_livres_digital_online_book_shop
Gabon,Central Africa / West-Central Africa,weak-fit core,Ubuy Gabon Books,ordinary_ecommerce_import_retail_books,runtime_gap_bridge_web_2026_04_25_central_africa_marketplace_sprint | runtime_gap_bridge_web_2026_04_26_pass93_cameroon_gabon_current_status_hardening,low,Imported/ordinary ecommerce book category inferred as a weak retail surface; no local used/marketplace mechanics verified in this pass. | Pass93 hardening: no local marketplace/resale signal added; keep weak ordinary ecommerce/import retail.,supporting,gabon_ubuy_gabon_books
Gabon,Central Africa / West-Central Africa,annex / classifieds,CoinAfrique Gabon recent book listings,general_classifieds_book_items,runtime_gap_bridge_web_2026_04_25_central_africa_marketplace_sprint | runtime_gap_bridge_web_2026_04_26_pass93_cameroon_gabon_current_status_hardening,medium,"Recent individual book listings include maintenance, self-help, legal encyclopedias, books and BD/manga/PDF; classifieds evidence only. | Pass93 hardening: current category page exposes older but visible book listings; supports classifieds texture, not strict-main.",supporting,gabon_coinafrique_gabon_recent_book_listings
Gabon,Central Africa / West-Central Africa,single-store bookstore layer,L’Harmattan-Gabon / Gabon book retail signal,publisher_bookstore_layer,runtime_gap_bridge_web_2026_04_25_central_africa_marketplace_sprint,low,"Publisher/bookstore trace useful as book infrastructure, but not a used-book marketplace rail.",supporting,gabon_lharmattan_gabon_gabon_book_retail_signal
Gabon,Central Africa / West-Central Africa,annex / classifieds,Facebook Marketplace Libreville non-book category spillover,social_marketplace_spillover,runtime_gap_bridge_web_2026_04_25_central_africa_marketplace_sprint,low,General Marketplace local activity confirms surface but not book dominance; retained as weak atmospheric rail only.,supporting,gabon_facebook_marketplace_libreville_non_book_category_spillover
Democratic Republic of the Congo,Central Africa / West-Central Africa,annex / classifieds,"CoinAfrique RDC DVDs, CDs & Livres",general_classifieds_books_category,runtime_gap_bridge_web_2026_04_25_central_africa_marketplace_sprint,medium,"RDC-specific CoinAfrique books/media classifieds category; general classifieds, not book-dominant.",supporting,democratic_republic_of_the_congo_coinafrique_rdc_dvds_cds_livres
Democratic Republic of the Congo,Central Africa / West-Central Africa,annex / classifieds,CoinAfrique RDC book listings,general_classifieds_book_items,runtime_gap_bridge_web_2026_04_25_central_africa_marketplace_sprint,medium,Individual Kinshasa book listing offers books for all levels/domains for children and adults; confirms category activity.,supporting,democratic_republic_of_the_congo_coinafrique_rdc_book_listings
Democratic Republic of the Congo,Central Africa / West-Central Africa,annex / classifieds,CoinAfrique RDC e-book/PDF listings,general_classifieds_digital_book_items,runtime_gap_bridge_web_2026_04_25_central_africa_marketplace_sprint,medium-low,RDC CoinAfrique e-book/PDF pack listings show book-like digital sales but not governed marketplace specialization.,supporting,democratic_republic_of_the_congo_coinafrique_rdc_e_book_pdf_listings
Democratic Republic of the Congo,Central Africa / West-Central Africa,weak-fit core,Alibooks.cd,online_bookstore_distribution,pass104_drc_current_status_hardening_web_2026_04_27,medium-high,Current alibookscd.com surface confirms a Congolese online book-distribution and publishing platform aiming to distribute books across the DRC; still weak-fit because third-party/used marketplace mechanics are not verified.,supporting,democratic_republic_of_the_congo_alibooks_cd
Democratic Republic of the Congo,Central Africa / West-Central Africa,weak-fit core,Kicherche marketplace / Alibooks integration signal,general_marketplace_bookstore_integration_candidate,runtime_gap_bridge_web_2026_04_25_central_africa_marketplace_sprint,medium-low,General marketplace page announced Alibooks.cd would be available on its marketplace; useful candidate but not live row-level book marketplace evidence.,supporting,democratic_republic_of_the_congo_kicherche_marketplace_alibooks_integration_signal
Democratic Republic of the Congo,Central Africa / West-Central Africa,single-store bookstore layer,Le Coin des Livres Kinshasa,online_social_bookstore,runtime_gap_bridge_web_2026_04_25_central_africa_marketplace_sprint,medium-low,"Kinshasa social online bookstore with province/Brazzaville delivery signal; bookstore layer, not marketplace.",supporting,democratic_republic_of_the_congo_le_coin_des_livres_kinshasa
Democratic Republic of the Congo,Central Africa / West-Central Africa,single-store bookstore layer,LAESH SAS / LAESH RDC,single_store_social_bookstore,pass104_drc_current_status_hardening_web_2026_04_27,medium,"Official LAESH social surface confirms Kinshasa book retail with visible book availability/price/shop-location signals; bookstore layer only, not marketplace.",supporting,democratic_republic_of_the_congo_laesh_sas_laesh_rdc
Democratic Republic of the Congo,Central Africa / West-Central Africa,annex / classifieds,Facebook Marketplace / Kinshasa social book spillover,social_marketplace_book_spillover,runtime_gap_bridge_web_2026_04_25_central_africa_marketplace_sprint,low,Social/marketplace book-trade traces but not enough to assert a book-specific platform.,supporting,democratic_republic_of_the_congo_facebook_marketplace_kinshasa_social_book_spillover
Democratic Republic of the Congo,Central Africa / West-Central Africa,weak-fit core,Ubuy DRC Books,ordinary_ecommerce_import_retail_books,runtime_gap_bridge_web_2026_04_25_central_africa_marketplace_sprint,low,Weak ordinary ecommerce/import retail placeholder; no local used/third-party book marketplace evidence verified.,supporting,democratic_republic_of_the_congo_ubuy_drc_books
Democratic Republic of the Congo,Central Africa / West-Central Africa,annex / classifieds,CoinAfrique RDC miscellaneous book/media listings,general_classifieds_book_items,runtime_gap_bridge_web_2026_04_25_central_africa_marketplace_sprint,medium-low,Additional CoinAfrique RDC books/media listings confirm ongoing category depth but remain general classifieds.,supporting,democratic_republic_of_the_congo_coinafrique_rdc_miscellaneous_book_media_listings
Republic of Congo,Central Africa / West-Central Africa,annex / classifieds,"CoinAfrique Congo DVDs, CDs & Livres",general_classifieds_books_category,runtime_gap_bridge_web_2026_04_25_central_africa_marketplace_sprint,medium,Congo-Brazzaville CoinAfrique category exposes DVDs/CDs/books classifieds with recent listings and city filters.,supporting,republic_of_congo_coinafrique_congo_dvds_cds_livres
Republic of Congo,Central Africa / West-Central Africa,single-store used bookseller,Librairie en ligne de Brazzaville,single_store_used_bookseller,runtime_gap_bridge_web_2026_04_25_central_africa_marketplace_sprint,medium-high,"Social-page online bookstore selling used law books with delivery in Brazzaville and shipment beyond; current about/catalog evidence confirms livres de droit d’occasion, home/work delivery from 1000 FCFA, WhatsApp catalogue additions, and shipment beyond Brazzaville; single-store used seller, not marketplace.",supporting,republic_of_congo_librairie_en_ligne_de_brazzaville
Republic of Congo,Central Africa / West-Central Africa,single-store used bookstore signal,Librairie BUKU Brazzaville,bookstore_brocante_signal,runtime_gap_bridge_web_2026_04_25_central_africa_marketplace_sprint,medium,Brazzaville librairie/papeterie/brocante/carterie with current page/directory evidence; used-book/brocante signal but not online marketplace.,supporting,republic_of_congo_librairie_buku_brazzaville
Republic of Congo,Central Africa / West-Central Africa,annex / classifieds,Facebook Marketplace Brazzaville,social_marketplace_local_surface,runtime_gap_bridge_web_2026_04_25_central_africa_marketplace_sprint,medium-low,Facebook Marketplace local buy/sell surface for Brazzaville with item-level book/media listings; social marketplace only.,supporting,republic_of_congo_facebook_marketplace_brazzaville
Republic of Congo,Central Africa / West-Central Africa,annex / classifieds,Facebook Marketplace Brazzaville book/e-book items,social_marketplace_book_items,runtime_gap_bridge_web_2026_04_25_central_africa_marketplace_sprint,low,Item-level book/e-book listings in Brazzaville; confirms resale/listing activity but no book-dominant rail.,supporting,republic_of_congo_facebook_marketplace_brazzaville_book_e_book_items
Republic of Congo,Central Africa / West-Central Africa,offline fair/literacy layer,Brazzaville librairies par terre / used-book street market,offline_used_book_market,runtime_gap_bridge_web_2026_04_25_central_africa_marketplace_sprint,medium-high,"Local reporting says Brazzaville used-book/street book market is more important than traditional bookstore sales; 2025 reporting confirms a continuing chain of used-book venues and reader preference for livres d’occasion; offline market signal, not online marketplace.",supporting,republic_of_congo_brazzaville_librairies_par_terre_used_book_street_market
Republic of Congo,Central Africa / West-Central Africa,offline fair/literacy layer,Congo librairies d’occasion / librairies par terre,offline_used_book_market,runtime_gap_bridge_web_2026_04_25_central_africa_marketplace_sprint,medium,Older CongoPage piece documents used-book sellers/librairies d’occasion in Congo; offline used-book ecosystem signal.,supporting,republic_of_congo_congo_librairies_doccasion_librairies_par_terre
Republic of Congo,Central Africa / West-Central Africa,single-store bookstore layer,Librairie Paillet / La Coupole / Dépêches bookstore cluster,bookstore_directory_cluster,runtime_gap_bridge_web_2026_04_25_central_africa_marketplace_sprint,medium,"Petit Futé lists major Congo-Brazzaville bookstores including Paillet, La Coupole, and Les Dépêches; bookstore layer only.",supporting,republic_of_congo_librairie_paillet_la_coupole_depeches_bookstore_cluster
Republic of Congo,Central Africa / West-Central Africa,single-store bookstore layer,Brazzaville Francophone bookstore cluster,bookstore_directory_cluster,runtime_gap_bridge_web_2026_04_25_central_africa_marketplace_sprint,medium,"Local guide lists Les Manguiers, L’Harmattan, BUKU, CNRA and other Brazzaville bookstore points.",supporting,republic_of_congo_brazzaville_francophone_bookstore_cluster
Republic of Congo,Central Africa / West-Central Africa,annex / classifieds,Marketplace Congo social group,general_social_marketplace,runtime_gap_bridge_web_2026_04_25_central_africa_marketplace_sprint,low,General Congo social marketplace group; no book-dominant evidence in this pass.,supporting,republic_of_congo_marketplace_congo_social_group
Central African Republic,Central Africa / West-Central Africa,annex / classifieds,Facebook Marketplace Bangui book listing,social_marketplace_book_item,runtime_gap_bridge_web_2026_04_25_central_africa_marketplace_sprint,medium-low,Item-level Bangui book listing; social marketplace signal only.,supporting,central_african_republic_facebook_marketplace_bangui_book_listing
Central African Republic,Central Africa / West-Central Africa,weak-fit core,Ubuy Central African Republic Books,ordinary_ecommerce_import_retail_books,runtime_gap_bridge_web_2026_04_25_central_africa_marketplace_sprint,medium-low,Ordinary international ecommerce surface for CAR; no local used/marketplace mechanics verified.,supporting,central_african_republic_ubuy_central_african_republic_books
Central African Republic,Central Africa / West-Central Africa,annex / classifieds,Bangui Petites Annonces,general_social_classifieds,runtime_gap_bridge_web_2026_04_25_central_africa_marketplace_sprint,low,General Bangui classified/social-seller page; book-specific evidence not verified.,supporting,central_african_republic_bangui_petites_annonces
Central African Republic,Central Africa / West-Central Africa,offline fair/literacy layer,Lire à Bangui,literary_literacy_blog_event_layer,runtime_gap_bridge_web_2026_04_25_central_africa_marketplace_sprint,medium-low,Literary/literacy blog and book-culture layer; not marketplace.,supporting,central_african_republic_lire_a_bangui
Central African Republic,Central Africa / West-Central Africa,single-store bookstore layer,ACOLITT / Communication Littérature Bangui book availability signal,book_promotion_sales_signal,runtime_gap_bridge_web_2026_04_25_central_africa_marketplace_sprint,low,Social-source book availability and literary-event posts in Bangui; bookstore/distribution trace only.,supporting,central_african_republic_acolitt_communication_litterature_bangui_book_availability_signal
Central African Republic,Central Africa / West-Central Africa,annex / classifieds,Groupe Expat Bangui classified/community surface,expat_classifieds_community_surface,runtime_gap_bridge_web_2026_04_25_central_africa_marketplace_sprint,low,General expatriate/community classified discussion surface; no book-specific rail verified.,supporting,central_african_republic_groupe_expat_bangui_classified_community_surface
Central African Republic,Central Africa / West-Central Africa,single-store bookstore layer,Historical Librairie Au Messager trace,historic_bookstore_trace,runtime_gap_bridge_web_2026_04_25_central_africa_marketplace_sprint,low,Historic postcard/listing trace for Librairie Au Messager in Bangui; not current online infrastructure but useful atmospheric bookstore-history note.,supporting,central_african_republic_historical_librairie_au_messager_trace
Chad,Central Africa / West-Central Africa,annex / classifieds,Nibiya.com Chad classifieds,general_classifieds_platform,runtime_gap_bridge_web_2026_04_25_central_africa_marketplace_sprint;runtime_gap_bridge_web_2026_04_28_pass108_chad_current_status_hardening,medium-high,"Current official site confirms Chad-wide classified marketplace with account, ad-posting, shop-creation, direct buy/sell/lend/order language, city filters, and a Livres & loisirs category; still horizontal classifieds, not strict book-specific main universe.",supporting,chad_nibiya_com_chad_classifieds
Chad,Central Africa / West-Central Africa,annex / classifieds,All Chad Market / Souq Al Kul Chad,general_classifieds_app,runtime_gap_bridge_web_2026_04_25_central_africa_marketplace_sprint;runtime_gap_bridge_web_2026_04_28_pass108_chad_current_status_hardening,medium-high,"Current Google Play evidence confirms Chad classified app for sellers/buyers, new and used goods, ad publishing, in-app messaging, 100+ downloads, and Jul. 2025 update; still horizontal and not book-specific.",supporting,chad_all_chad_market_souq_al_kul_chad
Chad,Central Africa / West-Central Africa,annex / classifieds,Facebook Marketplace N’Djamena book/e-book listing,social_marketplace_book_item,runtime_gap_bridge_web_2026_04_25_central_africa_marketplace_sprint,medium-low,N’Djamena item-level book/e-book listing with delivery possible; social marketplace only.,supporting,chad_facebook_marketplace_ndjamena_book_e_book_listing
Chad,Central Africa / West-Central Africa,single-store bookstore layer,Librairie La Source N’Djamena,single_store_bookstore,runtime_gap_bridge_web_2026_04_25_central_africa_marketplace_sprint;runtime_gap_bridge_web_2026_04_28_pass108_chad_current_status_hardening,medium-high,"Current social evidence and sector reporting confirm La Source as N’Djamena/Chad bookstore infrastructure; still single-store bookstore layer, not marketplace.",supporting,chad_librairie_la_source_ndjamena
Chad,Central Africa / West-Central Africa,single-store bookstore layer,Livres du TCHAD,social_book_promotion_sales_page,runtime_gap_bridge_web_2026_04_25_central_africa_marketplace_sprint;runtime_gap_bridge_web_2026_04_28_pass108_chad_current_status_hardening,medium,"Current social page confirms N’Djamena promotion of Chadian/African literature; bookstore/promotion layer only, not used-book marketplace.",supporting,chad_livres_du_tchad
Chad,Central Africa / West-Central Africa,single-store used bookstore signal,Banque des livres TCHAD,used_textbook_sales_signal,runtime_gap_bridge_web_2026_04_25_central_africa_marketplace_sprint;runtime_gap_bridge_web_2026_04_28_pass108_chad_current_status_hardening,medium,"Social-source used/schoolbook surface supports Chadian manuals and TD scolaires arranged by level, plus rentree/discount language; retained as single-store/program used-textbook signal, not a marketplace rail.",supporting,chad_banque_des_livres_tchad
Chad,Central Africa / West-Central Africa,weak-fit core,Le Carré culturel e-books,ebook_online_shop,runtime_gap_bridge_web_2026_04_25_central_africa_marketplace_sprint;runtime_gap_bridge_web_2026_04_28_pass108_chad_current_status_hardening,medium,"Official ebook shop now exposes boutique/categories, cart/account, secure payment, immediate download, independent bookshop/publisher/gallery/savoirs framing, and product listings; weak-fit digital/bookstore layer, not used/resale marketplace.",supporting,chad_le_carre_culturel_e_books
Chad,Central Africa / West-Central Africa,annex / classifieds,TCHAD ANNONCES social marketplace,general_social_classifieds,runtime_gap_bridge_web_2026_04_25_central_africa_marketplace_sprint,low,General Chad classified/social marketplace posts; book-specific activity not verified.,supporting,chad_tchad_annonces_social_marketplace
Chad,Central Africa / West-Central Africa,annex / classifieds,Expat.com Chad buying/selling classifieds,general_classifieds_empty_category,runtime_gap_bridge_web_2026_04_25_central_africa_marketplace_sprint,low,"Expat.com exposes a Chad buy/sell classified section, currently empty at capture; weak classified rail only.",supporting,chad_expat_com_chad_buying_selling_classifieds
Chad,Central Africa / West-Central Africa,weak-fit core,Ubuy Chad Books,ordinary_ecommerce_import_retail_books,runtime_gap_bridge_web_2026_04_25_central_africa_marketplace_sprint,low,Ordinary ecommerce/import retail placeholder; no local used/third-party book marketplace evidence verified.,supporting,chad_ubuy_chad_books
Angola,Southwest / Lusophone Africa,main universe,Sebo Talatona / Sebo - Livros usados,online_used_book_intermediation_platform,runtime_gap_bridge_web_2026_04_25_lusophone_indian_ocean_sprint; rbm_pass106_angola_strict_core_hardening,medium-high,"Current social/app-visible evidence continues to describe Sebo Talatona as an online intermediation platform for selling, buying, or trading used books, with WhatsApp contact and recent listing traces; remains strong strict-candidate, pending non-social domain/account-flow proof.",primary,angola_sebo_talatona_sebo_livros_usados
Angola,Southwest / Lusophone Africa,annex / classifieds,Bazar Literário de Angola,book_specific_social_buy_sell_trade_group,runtime_gap_bridge_web_2026_04_25_lusophone_indian_ocean_sprint,medium,"Book-specific national Facebook group for selling, buying, and trading new and used books; social rail, not standalone marketplace.",supporting,angola_bazar_literario_de_angola
Angola,Southwest / Lusophone Africa,annex / classifieds,Venda de livros usados e novos Angola,book_specific_social_resale_group,runtime_gap_bridge_web_2026_04_25_lusophone_indian_ocean_sprint,medium,Book-specific social group for sale/trade of used and new books in Angola; social category/rail only.,supporting,angola_venda_de_livros_usados_e_novos_angola
Angola,Southwest / Lusophone Africa,weak-fit core,Lello & Companhia / IShopIT Angola,online_bookstore_marketplace_like_retail,runtime_gap_bridge_web_2026_04_25_lusophone_indian_ocean_sprint,medium-high,Major Angolan online store with physical/digital book categories and IShopIT marketplace branding; not used-book or third-party book-specific evidence.,supporting,angola_lello_companhia_ishopit_angola
Angola,Southwest / Lusophone Africa,single-store bookstore layer,Livraria Mensagem via Allbiz Angola,online_storefront_book_seller,runtime_gap_bridge_web_2026_04_25_lusophone_indian_ocean_sprint,medium,Allbiz storefront shows Livraria Mensagem in Luanda with book products and seller contact; single-store row.,supporting,angola_livraria_mensagem_via_allbiz_angola
Angola,Southwest / Lusophone Africa,single-store bookstore layer,Livraria Barquinho online ordering,online_bookstore_social_retail,runtime_gap_bridge_web_2026_04_25_lusophone_indian_ocean_sprint,medium-low,"Social-source row points to livrariabarquinho.net ordering/reservation flow; bookstore layer, not marketplace.",supporting,angola_livraria_barquinho_online_ordering
Angola,Southwest / Lusophone Africa,single-store bookstore layer,Livraria Doce Livros,local_bookstore_social_retail,runtime_gap_bridge_web_2026_04_25_lusophone_indian_ocean_sprint,low-medium,"Luanda/Talatona social bookstore surface for evangelical, youth, personal-development, national-literature and academic books.",supporting,angola_livraria_doce_livros
Angola,Southwest / Lusophone Africa,annex / classifieds,OLX Angola / Luanda social book posts,general_social_classifieds_book_posts,runtime_gap_bridge_web_2026_04_25_lusophone_indian_ocean_sprint,low-medium,General social/classifieds book sale posts for physical books in Luanda; not book-dominant marketplace evidence.,supporting,angola_olx_angola_luanda_social_book_posts
Angola,Southwest / Lusophone Africa,weak-fit core,Ubuy Angola Books,ordinary_ecommerce_import_retail_books,runtime_gap_bridge_web_2026_04_25_lusophone_indian_ocean_sprint,low,Import/ecommerce book category for Angola; useful weak retail texture only.,supporting,angola_ubuy_angola_books
Angola,Southwest / Lusophone Africa,single-store bookstore layer,Mayamba Editora / book product pages on Lello,publisher_bookstore_trace,runtime_gap_bridge_web_2026_04_25_lusophone_indian_ocean_sprint,low-medium,Book product metadata exposes Angolan publisher/contact surface through Lello pages; supporting bookstore/publisher texture.,supporting,angola_mayamba_editora_book_product_pages_on_lello
Mozambique,Southeast / Lusophone Africa,annex / classifieds,Livros em Moçambique - Vendas e Trocas,book_specific_social_sell_exchange_group,runtime_gap_bridge_web_2026_04_25_lusophone_indian_ocean_sprint,medium,"Book-specific social group explicitly permits selling or exchanging used books; social rail, not standalone marketplace.",supporting,mozambique_livros_em_mocambique_vendas_e_trocas
Mozambique,Southeast / Lusophone Africa,single-store used bookseller,Venda de Livros Usados Moz,used_book_seller_social_surface,runtime_gap_bridge_web_2026_04_25_lusophone_indian_ocean_sprint,medium,Social seller states it sells second-hand books in English and Portuguese in good condition; single-seller used-book row.,supporting,mozambique_venda_de_livros_usados_moz
Mozambique,Southeast / Lusophone Africa,single-store bookstore layer,Mabuko,online_bookstore,runtime_gap_bridge_web_2026_04_25_lusophone_indian_ocean_sprint,medium-high,"Mozambican online bookstore with cart/account, featured books, delivery and payment/support claims.",supporting,mozambique_mabuko
Mozambique,Southeast / Lusophone Africa,single-store bookstore layer,Bookzone,online_bookstore,runtime_gap_bridge_web_2026_04_25_lusophone_indian_ocean_sprint,medium,Mozambique online bookstore presenting itself as an innovative bookshop experience.,supporting,mozambique_bookzone
Mozambique,Southeast / Lusophone Africa,weak-fit core,Bazara Livraria / CPAD Livraria store,marketplace_store_book_category,runtime_gap_bridge_web_2026_04_25_lusophone_indian_ocean_sprint,medium,Mozambican marketplace/storefront infrastructure with a livraria category and CPAD Livraria store; no used-book marketplace proof.,supporting,mozambique_bazara_livraria_cpad_livraria_store
Mozambique,Southeast / Lusophone Africa,annex / classifieds,MOYA Marketplace Mozambique,general_classifieds_app,runtime_gap_bridge_web_2026_04_25_lusophone_indian_ocean_sprint,medium-high,"Mozambican classifieds app/site with free ad posting, direct buyer-seller contact, location-based listings, and an explicit bookseller testimonial; horizontal rail, no book-dominance verified.",supporting,mozambique_moya_marketplace_mozambique
Mozambique,Southeast / Lusophone Africa,annex / classifieds,Mais Vendas Moçambique,general_classifieds_marketplace,runtime_gap_bridge_web_2026_04_25_lusophone_indian_ocean_sprint,medium,General Mozambican buy/sell classifieds with account/ad posting and M-Pesa/E-Mola top-up; no book-specific dominance verified.,supporting,mozambique_mais_vendas_mocambique
Mozambique,Southeast / Lusophone Africa,offline fair/literacy layer,Maputo sidewalk used-book exchange,offline_used_book_exchange_market,runtime_gap_bridge_web_2026_04_25_lusophone_indian_ocean_sprint,medium-high,Reporting describes Maputo sidewalk book sale/exchange practice with cheap used books and exchange pricing.,supporting,mozambique_maputo_sidewalk_used_book_exchange
Mozambique,Southeast / Lusophone Africa,annex / classifieds,Facebook Marketplace Maputo book listings,social_marketplace_book_items,runtime_gap_bridge_web_2026_04_25_lusophone_indian_ocean_sprint,low-medium,Item-level Facebook Marketplace listings in Maputo; social/classifieds texture only.,supporting,mozambique_facebook_marketplace_maputo_book_listings
Mozambique,Southeast / Lusophone Africa,weak-fit core,Ubuy Mozambique Books,ordinary_ecommerce_import_retail_books,runtime_gap_bridge_web_2026_04_25_lusophone_indian_ocean_sprint,low,Import/ecommerce bookstore category for Mozambique; not a local used-book or third-party book rail.,supporting,mozambique_ubuy_mozambique_books
Mozambique,Southeast / Lusophone Africa,single-store bookstore layer,Plural Editores Moçambique,publisher_bookshop_trace,runtime_gap_bridge_web_2026_04_25_lusophone_indian_ocean_sprint,medium,Mozambican publisher/book catalog surface; book-distribution texture only.,supporting,mozambique_plural_editores_mocambique
Madagascar,Indian Ocean / Madagascar,annex / classifieds,ZomaOkaz Madagascar Books,general_classifieds_book_category_new_used,runtime_gap_bridge_web_2026_04_25_lusophone_indian_ocean_sprint,medium-high,"Madagascar classifieds category for books to buy/sell, new or used; multi-seller resale rail but not book-dominant, so annex/weak rather than strict.",supporting,madagascar_zomaokaz_madagascar_books
Madagascar,Indian Ocean / Madagascar,weak-fit core,Zoma Marketplace librairie en ligne,marketplace_bookstore_channel,runtime_gap_bridge_web_2026_04_25_lusophone_indian_ocean_sprint,medium-high,"Zoma hosts an online bookstore channel tied to Il était une fois across Antananarivo and other cities; bookstore-on-marketplace, not used-book marketplace.",supporting,madagascar_zoma_marketplace_librairie_en_ligne
Madagascar,Indian Ocean / Madagascar,single-store used bookstore signal,La Bouquinerie de Linda,online_bouquinerie_ordering,runtime_gap_bridge_web_2026_04_25_lusophone_indian_ocean_sprint,medium-high,Online bouquinerie lets readers order across Madagascar via couriers/taxi-brousse and supports private/tourism/school demand; single-store used/bouquinerie signal.,supporting,madagascar_la_bouquinerie_de_linda
Madagascar,Indian Ocean / Madagascar,offline fair/literacy layer,Ambohijatovo / Antananarivo second-hand book market,offline_secondhand_book_market,runtime_gap_bridge_web_2026_04_25_lusophone_indian_ocean_sprint,medium-high,MadaCamp describes an everyday second-hand book market near Ambohijatovo Park with wooden stalls selling old books and magazines.,supporting,madagascar_ambohijatovo_antananarivo_second_hand_book_market
Madagascar,Indian Ocean / Madagascar,single-store used bookseller,BOOKlover Mada,new_and_used_book_seller_social,runtime_gap_bridge_web_2026_04_25_lusophone_indian_ocean_sprint,medium,Social bookstore/seller advertises new and used books in Antananarivo.,supporting,madagascar_booklover_mada
Madagascar,Indian Ocean / Madagascar,single-store used bookseller,Romans et Divers - Rayon des Livres,used_book_seller_social,runtime_gap_bridge_web_2026_04_25_lusophone_indian_ocean_sprint,medium,Social seller identifies as selling used books in Antananarivo.,supporting,madagascar_romans_et_divers_rayon_des_livres
Madagascar,Indian Ocean / Madagascar,single-store used bookseller,Athena Shop Madagascar,vide_grenier_books_social,runtime_gap_bridge_web_2026_04_25_lusophone_indian_ocean_sprint,low-medium,Social surface describes online garage-sale/vide-grenier selling second-hand clothes and books.,supporting,madagascar_athena_shop_madagascar
Madagascar,Indian Ocean / Madagascar,annex / classifieds,Loozap Madagascar Antananarivo Books,general_classifieds_book_category,runtime_gap_bridge_web_2026_04_25_lusophone_indian_ocean_sprint,medium,Loozap exposes book listings in Antananarivo; general classifieds/book category only.,supporting,madagascar_loozap_madagascar_antananarivo_books
Madagascar,Indian Ocean / Madagascar,annex / classifieds,Afribaba Madagascar CD/DVD/Livres,general_classifieds_books_media_category,runtime_gap_bridge_web_2026_04_25_lusophone_indian_ocean_sprint,low-medium,Afribaba exposes Madagascar book/media classified category; empty/weak in captured page.,supporting,madagascar_afribaba_madagascar_cd_dvd_livres
Madagascar,Indian Ocean / Madagascar,single-store bookstore layer,Librairie Il Etait Une Fois,bookstore_social_surface,runtime_gap_bridge_web_2026_04_25_lusophone_indian_ocean_sprint,medium,Madagascar bookstore social surface associated with book events/sales/expos.,supporting,madagascar_librairie_il_etait_une_fois
Madagascar,Indian Ocean / Madagascar,annex / classifieds,Facebook Marketplace Antananarivo book listings,social_marketplace_book_items,runtime_gap_bridge_web_2026_04_25_lusophone_indian_ocean_sprint,low-medium,Item-level Facebook Marketplace book listings in Antananarivo; social/classifieds evidence only.,supporting,madagascar_facebook_marketplace_antananarivo_book_listings
Mauritius,Indian Ocean / Mauritius,annex / classifieds,AsterVender second-hand Bookshop Mauritius,general_secondhand_marketplace_book_category,runtime_gap_bridge_web_2026_04_25_lusophone_indian_ocean_sprint; runtime_gap_bridge_web_2026_05_03_pass133_mauritius_deepening,high,"AsterVender directly exposes Mauritius second-hand Bookshop classifieds with seller registration/login/add-product flow, 187 second-hand bookshop offers, and live used-book subcategories including fiction, children’s books and schoolbooks; horizontal/general marketplace, not book-dominant strict main.",supporting,mauritius_astervender_second_hand_bookshop_mauritius
Mauritius,Indian Ocean / Mauritius,annex / classifieds,Mauritius Book Club buy/sell/exchange,book_specific_social_buy_sell_exchange_group,runtime_gap_bridge_web_2026_04_25_lusophone_indian_ocean_sprint,medium,"Book club group explicitly for exchange, buy, or sell books; social rail only.",supporting,mauritius_mauritius_book_club_buy_sell_exchange
Mauritius,Indian Ocean / Mauritius,annex / classifieds,"Buy, Sell & Exchange Books in Mauritius",book_specific_social_buy_sell_exchange_group,runtime_gap_bridge_web_2026_04_25_lusophone_indian_ocean_sprint,medium,Facebook group with used textbook and book sale posts; social resale rail only.,supporting,mauritius_buy_sell_exchange_books_in_mauritius
Mauritius,Indian Ocean / Mauritius,annex / classifieds,Books For Sale & Exchange - Mauritius,book_specific_social_exchange_group,runtime_gap_bridge_web_2026_04_25_lusophone_indian_ocean_sprint,medium,"Platform-style social group for exchange/selling school books, novels, fiction and nonfiction.",supporting,mauritius_books_for_sale_exchange_mauritius
Mauritius,Indian Ocean / Mauritius,single-store bookstore layer,Dream Books Mauritius,online_bookstore,runtime_gap_bridge_web_2026_04_25_lusophone_indian_ocean_sprint,medium,Mauritius online bookstore with catalog and pricing; first-party retail layer.,supporting,mauritius_dream_books_mauritius
Mauritius,Indian Ocean / Mauritius,single-store bookstore layer,Bookstore.mu,online_bookstore,runtime_gap_bridge_web_2026_04_25_lusophone_indian_ocean_sprint,medium,"Mauritius online bookstore for browsing, discovering, preordering and shopping books.",supporting,mauritius_bookstore_mu
Mauritius,Indian Ocean / Mauritius,single-store used bookstore signal,Librairie Bourbon Port Louis,secondhand_bookstore_reported,runtime_gap_bridge_web_2026_04_25_lusophone_indian_ocean_sprint; runtime_gap_bridge_web_2026_05_03_pass133_mauritius_deepening,medium-high,Librairie Bourbon re-hardened beyond Reddit: 2026 Frolic profile says it was the first in Mauritius to sell second-hand primary and secondary school textbooks and continues that practice; Yelo lists a long-running Port Louis bookstore. Single-store used-schoolbook signal only.,supporting,mauritius_librairie_bourbon_port_louis
Mauritius,Indian Ocean / Mauritius,weak-fit core,Ubuy Mauritius Books,ordinary_ecommerce_import_retail_books,runtime_gap_bridge_web_2026_04_25_lusophone_indian_ocean_sprint,low,Ordinary import/ecommerce book category; weak texture only.,supporting,mauritius_ubuy_mauritius_books
Seychelles,Indian Ocean / Seychelles,main universe,The Dusty Collection,online_secondhand_book_recommerce,runtime_gap_bridge_web_2026_04_25_lusophone_indian_ocean_sprint;pass124_seychelles_strict_candidate_recommerce_bookstore_depth_hardening,high,"Seychelles online secondhand/pre-loved bookshop with cart/account/wishlist, visible prices and add-to-basket inventory, Victoria/Providence delivery note, and Sell Your Books path; strict local recommerce candidate retained/high.",primary,seychelles_the_dusty_collection
Seychelles,Indian Ocean / Seychelles,single-store bookstore layer,Chanterelle Bookshop,local_bookshop,runtime_gap_bridge_web_2026_04_25_lusophone_indian_ocean_sprint,medium,"Seychelles business listing for Chanterelle Bookshop, active since 2011; bookstore layer.",supporting,seychelles_chanterelle_bookshop
Seychelles,Indian Ocean / Seychelles,annex / classifieds,Buy and Sell Seychelles official,general_social_classifieds,runtime_gap_bridge_web_2026_04_25_lusophone_indian_ocean_sprint,medium,"Large social buy/sell community for Seychelles; general classifieds rail, not book-specific.",supporting,seychelles_buy_and_sell_seychelles_official
Seychelles,Indian Ocean / Seychelles,annex / classifieds,Exchanging books; Seychelles,book_specific_social_exchange_group,runtime_gap_bridge_web_2026_04_25_lusophone_indian_ocean_sprint,low-medium,Book-exchange social group; social exchange texture only.,supporting,seychelles_exchanging_books_seychelles
Seychelles,Indian Ocean / Seychelles,annex / classifieds,Seychelles Buy & Sell Products & Services,general_social_classifieds,runtime_gap_bridge_web_2026_04_25_lusophone_indian_ocean_sprint,low-medium,General Seychelles buy/sell social platform; book listings observed only as item-level spillover.,supporting,seychelles_seychelles_buy_sell_products_services
Seychelles,Indian Ocean / Seychelles,annex / classifieds,Facebook item-level Seychelles book lots,social_marketplace_book_items,runtime_gap_bridge_web_2026_04_25_lusophone_indian_ocean_sprint,low,Item-level social listing for book lots/novels in Seychelles; not platform-level book rail.,supporting,seychelles_facebook_item_level_seychelles_book_lots
Comoros,Indian Ocean / Comoros,annex / classifieds,Facebook Marketplace Moroni / Comoros book listings,social_marketplace_book_items,runtime_gap_bridge_web_2026_04_25_lusophone_indian_ocean_sprint,low-medium,Item-level Facebook Marketplace book listing in Moroni/Comoros; social resale texture only.,supporting,comoros_facebook_marketplace_moroni_comoros_book_listings
Comoros,Indian Ocean / Comoros,weak-fit core,Ubuy Comoros Books,ordinary_ecommerce_import_retail_books,runtime_gap_bridge_web_2026_04_25_lusophone_indian_ocean_sprint,low,Import/ecommerce book category for Comoros; no local used-book marketplace evidence.,supporting,comoros_ubuy_comoros_books
Comoros,Indian Ocean / Comoros,external spillover / out-of-scope texture,Alibris Comoros subject books,international_marketplace_subject_query,runtime_gap_bridge_web_2026_04_25_lusophone_indian_ocean_sprint,low,"International marketplace subject search for Comoros books; useful only as spillover/out-of-territory contrast, not local rail.",supporting,comoros_alibris_comoros_subject_books
Comoros,Indian Ocean / Comoros,external spillover / out-of-scope texture,Amazon.fr Comores books,international_retail_subject_query,runtime_gap_bridge_web_2026_04_25_lusophone_indian_ocean_sprint,low,International retail search for books about Comoros; not a local Comoros marketplace.,supporting,comoros_amazon_fr_comores_books
Mayotte,Indian Ocean / Mayotte,weak-fit core,DoukaMay,local_general_marketplace_with_vendor_accounts,runtime_gap_bridge_web_2026_04_25_lusophone_indian_ocean_sprint,medium-high,Local Mayotte marketplace with seller/client account paths and “Vendez sur DoukaMay”; no book category verified in this pass.,supporting,mayotte_doukamay
Mayotte,Indian Ocean / Mayotte,annex / classifieds,Petites et grandes annonces Mayotte book listings,general_social_classifieds_book_items,runtime_gap_bridge_web_2026_04_25_lusophone_indian_ocean_sprint,medium,Social/classifieds group has used-book listings in Dzaoudzi and Mayotte; general rail only.,supporting,mayotte_petites_et_grandes_annonces_mayotte_book_listings
Mayotte,Indian Ocean / Mayotte,annex / classifieds,Mayotte vente d’occasion used-book posts,general_social_secondhand_books,runtime_gap_bridge_web_2026_04_25_lusophone_indian_ocean_sprint,low-medium,Mayotte secondhand-sale social surface with book lots; item-level evidence only.,supporting,mayotte_mayotte_vente_doccasion_used_book_posts
Mayotte,Indian Ocean / Mayotte,single-store bookstore layer,La Maison des livres Mayotte,local_bookstore_social_surface,runtime_gap_bridge_web_2026_04_25_lusophone_indian_ocean_sprint,medium,Mamoudzou/Mayotte bookstore social surface; bookstore/cultural event layer.,supporting,mayotte_la_maison_des_livres_mayotte
Mayotte,Indian Ocean / Mayotte,single-store bookstore layer,Mayotte librairies directory,bookstore_directory,runtime_gap_bridge_web_2026_04_25_lusophone_indian_ocean_sprint,low-medium,"PagesJaunes Mayotte librairies directory gives bookstore discovery texture, not used marketplace.",supporting,mayotte_mayotte_librairies_directory
Réunion,Indian Ocean / Réunion,weak-fit core,leboncoin Réunion livres d’occasion,large_general_marketplace_used_book_category,runtime_gap_bridge_web_2026_04_25_lusophone_indian_ocean_sprint; runtime_gap_bridge_web_2026_05_03_pass134_reunion_hardening,high,"Fresh direct leboncoin Réunion category check shows a very high-volume used-books vertical (23k+ listings) with local city/location fields, seller names, condition, price and delivery indicators. Major recommerce rail but general marketplace, so not strict book-specific core.",supporting,reunion_leboncoin_reunion_livres_doccasion
Réunion,Indian Ocean / Réunion,annex / classifieds,"Livres à échanger, partager ou à vendre 974",book_specific_social_exchange_sale_group,runtime_gap_bridge_web_2026_04_25_lusophone_indian_ocean_sprint,medium,"Book-specific Réunion social group for exchanging, sharing, or selling books.",supporting,reunion_livres_a_echanger_partager_ou_a_vendre_974
Réunion,Indian Ocean / Réunion,annex / classifieds,Vente de Livres 974,book_specific_social_sale_group,runtime_gap_bridge_web_2026_04_25_lusophone_indian_ocean_sprint,medium,Book-specific social sale group for Réunion; social rail only.,supporting,reunion_vente_de_livres_974
Réunion,Indian Ocean / Réunion,annex / classifieds,La foire aux livres 974,book_specific_social_resale_group,runtime_gap_bridge_web_2026_04_25_lusophone_indian_ocean_sprint,medium,Book-sale/search social group for Réunion; useful resale signal but not standalone marketplace.,supporting,reunion_la_foire_aux_livres_974
Réunion,Indian Ocean / Réunion,single-store used bookseller,Livres d’occasion 974,used_book_social_seller,runtime_gap_bridge_web_2026_04_25_lusophone_indian_ocean_sprint,medium,Social used-book seller states unsold books are later put on Facebook Marketplace profile; single-seller used-book row.,supporting,reunion_livres_doccasion_974
Réunion,Indian Ocean / Réunion,annex / classifieds,Facebook Marketplace Réunion book listings,social_marketplace_book_items,runtime_gap_bridge_web_2026_04_25_lusophone_indian_ocean_sprint,low-medium,Item-level Facebook Marketplace book listings in Réunion; social/classifieds rail only.,supporting,reunion_facebook_marketplace_reunion_book_listings
Réunion,Indian Ocean / Réunion,offline fair/literacy layer,La Réunion des Livres,book_trade_association_literary_infrastructure,runtime_gap_bridge_web_2026_04_25_lusophone_indian_ocean_sprint,medium,Interprofessional book-sector association for Réunion; ecosystem/institutional layer only.,supporting,reunion_la_reunion_des_livres
Western Sahara / Sahrawi market surface,North/West Africa edge,annex / classifieds,Facebook Marketplace Laâyoune,general_social_marketplace,runtime_gap_bridge_web_2026_04_25_lusophone_indian_ocean_sprint,low-medium,Facebook Marketplace exposes a Laâyoune buy/sell surface; book-specific evidence not verified.,supporting,western_sahara_sahrawi_market_surface_facebook_marketplace_laayoune
Western Sahara / Sahrawi market surface,North/West Africa edge,annex / classifieds,Quicherchequoi Laâyoune marketplace,general_classifieds_empty_surface,runtime_gap_bridge_web_2026_04_25_lusophone_indian_ocean_sprint,low,Laâyoune marketplace page exists but captured page reports no available listings; weak general surface only.,supporting,western_sahara_sahrawi_market_surface_quicherchequoi_laayoune_marketplace
Western Sahara / Sahrawi market surface,North/West Africa edge,external spillover / out-of-scope texture,Morocco/France book-market spillover for Western Sahara titles,external_retail_subject_spillover,runtime_gap_bridge_web_2026_04_25_lusophone_indian_ocean_sprint,low,Search results are dominated by Morocco/France retail and title-subject pages rather than Sahrawi-local book rails; kept as spillover caution.,supporting,western_sahara_sahrawi_market_surface_morocco_france_book_market_spillover_for_western_sahara_titles
Rwanda,Great Lakes / East Africa,single-store used bookseller,Patchwork Used Books Kigali,used_bookstore_buy_trade,runtime_gap_bridge_web_2026_04_25_east_africa_horn_sprint,medium-high,"Kigali secondhand bookshop signal with buy/trade framing; important used-book layer but single-store, not marketplace.",supporting,rwanda_patchwork_used_books_kigali
Rwanda,Great Lakes / East Africa,annex / classifieds,Affordable books for sale in Kigali,book_sale_social_group,runtime_gap_bridge_web_2026_04_25_east_africa_horn_sprint,medium,Rwanda-local social book sale posts; useful resale/discovery rail but not platform-level marketplace.,supporting,rwanda_affordable_books_for_sale_in_kigali
Rwanda,Great Lakes / East Africa,weak-fit core,KigaliLife classifieds,general_classifieds_marketplace,runtime_gap_bridge_web_2026_04_25_east_africa_horn_sprint,low-medium,General Kigali classifieds/buy-sell surface; book-specific evidence weak in this pass.,supporting,rwanda_kigalilife_classifieds
Rwanda,Great Lakes / East Africa,weak-fit core,Ubuy Rwanda Books,import_ecommerce_book_category,runtime_gap_bridge_web_2026_04_25_east_africa_horn_sprint,medium,"Country-localized import ecommerce book category; ordinary retail/import, not used/recommerce marketplace.",supporting,rwanda_ubuy_rwanda_books
Rwanda,Great Lakes / East Africa,single-store bookstore layer,Librairie Ikirezi Bookshop,local_bookstore_online_surface,runtime_gap_bridge_web_2026_04_25_east_africa_horn_sprint,high,Established Kigali bookstore with online/contact surface and broad Rwanda/Africa catalogue; bookstore layer only.,supporting,rwanda_librairie_ikirezi_bookshop
Rwanda,Great Lakes / East Africa,single-store bookstore layer,Kigali Book Shop,local_author_online_bookshop,runtime_gap_bridge_web_2026_04_25_east_africa_horn_sprint,medium,Rwanda-focused online bookstore for hard copies and ebooks by Rwandan authors; not used or marketplace rail.,supporting,rwanda_kigali_book_shop
Rwanda,Great Lakes / East Africa,single-store bookstore layer,Kigali Bookstore,local_online_bookstore,runtime_gap_bridge_web_2026_04_25_east_africa_horn_sprint,medium,Kigali online bookstore with product/order surface; ordinary retail layer.,supporting,rwanda_kigali_bookstore
Rwanda,Great Lakes / East Africa,single-store bookstore layer,Librairie Caritas online book request,local_bookstore_request_surface,runtime_gap_bridge_web_2026_04_25_east_africa_horn_sprint,medium,Kigali bookstore with online book-request system; bookstore/order layer only.,supporting,rwanda_librairie_caritas_online_book_request
Burundi,Great Lakes / Central-East Africa,weak-fit core,Ubuy Burundi Books,import_ecommerce_book_category,runtime_gap_bridge_web_2026_04_25_east_africa_horn_sprint,medium,Country-localized international ecommerce book category; not used/resale marketplace.,supporting,burundi_ubuy_burundi_books
Burundi,Great Lakes / Central-East Africa,annex / classifieds,Facebook Marketplace Bujumbura book listings,social_marketplace_book_items,runtime_gap_bridge_web_2026_04_25_east_africa_horn_sprint,low-medium,Item-level Bujumbura book listings exist on Facebook Marketplace; social/classifieds rail only.,supporting,burundi_facebook_marketplace_bujumbura_book_listings
Burundi,Great Lakes / Central-East Africa,single-store bookstore layer,Librairie Saint-Paul Bujumbura,local_bookstore,runtime_gap_bridge_web_2026_04_25_east_africa_horn_sprint,high,"Bujumbura bookstore offering local/imported books, manuals, dictionaries, local press and religious works; bookstore layer only.",supporting,burundi_librairie_saint_paul_bujumbura
Burundi,Great Lakes / Central-East Africa,single-store bookstore layer,Petit Futé Bujumbura bookshops directory,bookstore_directory,runtime_gap_bridge_web_2026_04_25_east_africa_horn_sprint,medium,Directory confirms Bujumbura bookstore cluster including Saint-Paul and other bookshop references; not resale/platform mechanics.,supporting,burundi_petit_fut_bujumbura_bookshops_directory
Burundi,Great Lakes / Central-East Africa,single-store bookstore layer,Bible Society of Burundi book/Bible sales,religious_book_distribution,runtime_gap_bridge_web_2026_04_25_east_africa_horn_sprint,medium,Religious book/scripture distribution and buy-a-Bible surface; not used or multi-seller.,supporting,burundi_bible_society_of_burundi_book_bible_sales
Burundi,Great Lakes / Central-East Africa,weak-fit core,Shopit Burundi general ecommerce,general_ecommerce_surface,runtime_gap_bridge_web_2026_04_25_east_africa_horn_sprint,low-medium,"Burundi online shopping surface; retained as weak ecommerce texture, book category not verified in this pass.",supporting,burundi_shopit_burundi_general_ecommerce
Tanzania,East Africa,single-store used bookseller,A Novel Idea pre-loved / used books,local_bookstore_pre_loved_books,runtime_gap_bridge_web_2026_04_25_east_africa_horn_sprint; runtime_gap_bridge_web_2026_05_03_pass135_tanzania_hardening,high,"Fresh direct check confirms A Novel Idea has a dedicated pre-loved/used-books page and stores in Dar es Salaam and Arusha plus online/pickup/shipment surfaces. Strong single-store/local used-book signal, not open marketplace infrastructure.",supporting,tanzania_a_novel_idea_pre_loved_used_books
Tanzania,East Africa,annex / classifieds,Buy and sell books Tanzania Facebook group,book_specific_social_sale_group,runtime_gap_bridge_web_2026_04_25_east_africa_horn_sprint; runtime_gap_bridge_web_2026_05_03_pass135_tanzania_hardening,medium-high,"Book-specific Facebook group remains direct social buy/sell/trade rail for readers selling and finding books. Useful social resale texture, not standalone marketplace infrastructure.",supporting,tanzania_buy_and_sell_books_tanzania_facebook_group
Tanzania,East Africa,single-store used bookseller,The Book Deal Dar es Salaam,used_book_social_seller_buy_sell_trade,runtime_gap_bridge_web_2026_04_25_east_africa_horn_sprint; runtime_gap_bridge_web_2026_05_03_pass135_tanzania_hardening,medium-high,"Fresh Instagram/search-visible profile supports Dar es Salaam pre-loved/new book seller with buy, sell and trade language and nationwide delivery. Single social seller, not marketplace infrastructure.",supporting,tanzania_the_book_deal_dar_es_salaam
Tanzania,East Africa,annex / classifieds,Jiji Tanzania Books & Table Games,general_classifieds_book_category,runtime_gap_bridge_web_2026_04_25_east_africa_horn_sprint; runtime_gap_bridge_web_2026_05_03_pass135_tanzania_hardening,high,"Fresh Jiji Dar es Salaam books/games category shows sell/listing rail, 130+ results, book type filters, price bands, and used/brand-new condition filters. Strong horizontal classifieds evidence, not book-specific strict main.",supporting,tanzania_jiji_tanzania_books_and_table_games
Tanzania,East Africa,single-store used bookseller,BayreBooks Tanzania,local_bookstore_online_surface,runtime_gap_bridge_web_2026_04_25_east_africa_horn_sprint; runtime_gap_bridge_web_2026_05_03_pass135_tanzania_hardening,medium-high,"Fresh direct BayreBooks site check upgrades from ordinary bookstore to new-and-pre-owned local bookstore: categories include used/preloved novels, Christian books and children’s books; Dar es Salaam free delivery and Tanzania regional delivery. Single-operator shop, not third-party marketplace.",supporting,tanzania_bayrebooks_tanzania
Tanzania,East Africa,single-store bookstore layer,Elite Bookstore Tanzania,local_online_bookstore,runtime_gap_bridge_web_2026_04_25_east_africa_horn_sprint,medium,Dar es Salaam online bookstore/books-and-stationery layer.,supporting,tanzania_elite_bookstore_tanzania
Tanzania,East Africa,single-store used bookseller,READ International Dar-es-Salaam Book Sales,secondhand_book_sale_program,runtime_gap_bridge_web_2026_04_25_east_africa_horn_sprint,medium,"Secondhand book sale program in Dar es Salaam; charity/book-sale layer, not marketplace.",supporting,tanzania_read_international_dar_es_salaam_book_sales
Tanzania,East Africa,single-store used bookseller,Lee Books Dar es Salaam,used_book_social_seller,runtime_gap_bridge_web_2026_04_25_east_africa_horn_sprint,medium,Dar es Salaam social seller offering pre-owned books; single-seller used-book row.,supporting,tanzania_lee_books_dar_es_salaam
Kenya,East Africa,main universe,PickaBook Used Books Marketplace,book_specific_used_books_marketplace,runtime_gap_bridge_web_2026_04_25_east_africa_horn_sprint,high,"Official Pick A Book site exposes Marketplace – Used Books! category, used-book product listings, buy/sell pre-owned framing, seller-connection language, login/register/account surface, pay-on-delivery/support; high strict-main candidate, but open self-service seller dashboard remains unverified.",core_candidate,kenya_pickabook_used_books_marketplace
Kenya,East Africa,single-store used bookseller,Attic Books Kenya,online_bookshop_pre_owned_buyback,runtime_gap_bridge_web_2026_04_25_east_africa_horn_sprint,high,Nairobi online bookshop offering new/pre-owned books and explicit used-book selling/buyback instructions.,supporting,kenya_attic_books_kenya
Kenya,East Africa,single-store used bookseller,Books Point Bookstore Ruaka,used_bookstore_pre_loved,runtime_gap_bridge_web_2026_04_25_east_africa_horn_sprint,high,Ruaka bookstore explicitly focused on high-quality pre-loved/used books.,supporting,kenya_books_point_bookstore_ruaka
Kenya,East Africa,single-store used bookseller,Half Priced Books Kenya,online_secondhand_bookstore,runtime_gap_bridge_web_2026_04_25_east_africa_horn_sprint,high,"Current official and mall/store evidence confirms Kenyan second-hand/pre-owned book retailer with multiple Nairobi branches and online shop; strong single-operator used-book layer, not strict main.",supporting,kenya_half_priced_books_kenya
Kenya,East Africa,single-store used bookseller,Books First Africa pre-loved books,regional_pre_loved_book_wholesaler_retailer,runtime_gap_bridge_web_2026_04_25_east_africa_horn_sprint,high,Kenya-based East Africa wholesaler/retailer offering new and pre-loved books with delivery across Kenya/Uganda/Tanzania/Rwanda.,supporting,kenya_books_first_africa_pre_loved_books
Kenya,East Africa,single-store used bookseller,Soma Nami Books used books,local_bookstore_used_book_inventory,runtime_gap_bridge_web_2026_04_25_east_africa_horn_sprint,high,"Current official product pages confirm used adult, used kids and second-hand children’s books within Soma Nami online bookstore; bookstore/retail inventory only, not marketplace.",supporting,kenya_soma_nami_books_used_books
Kenya,East Africa,annex / classifieds,Jiji Kenya Books & Table Games,general_classifieds_book_category,runtime_gap_bridge_web_2026_04_25_east_africa_horn_sprint,high,"Large general classifieds category for books/games in Kenya/Nairobi; annex rail, not book-specific.",supporting,kenya_jiji_kenya_books_and_table_games
Kenya,East Africa,annex / classifieds,Nairobi Second Hand Bookstore Facebook group,book_specific_social_resale_group,runtime_gap_bridge_web_2026_04_25_east_africa_horn_sprint,medium-high,"Nairobi social group for buying, selling, or swapping second-hand books; social rail only.",supporting,kenya_nairobi_second_hand_bookstore_facebook_group
Kenya,East Africa,annex / classifieds,Facebook Marketplace Nairobi Books,social_marketplace_book_category,runtime_gap_bridge_web_2026_04_25_east_africa_horn_sprint,high,Facebook Marketplace exposes new and used books for sale in Nairobi; general social marketplace category.,supporting,kenya_facebook_marketplace_nairobi_books
Kenya,East Africa,single-store bookstore layer,Nuria Store Kenya,local_online_bookstore,runtime_gap_bridge_web_2026_04_25_east_africa_horn_sprint,high,Major Kenya online bookstore; important retail layer but not used/recommerce.,supporting,kenya_nuria_store_kenya
Kenya,East Africa,single-store bookstore layer,Text Book Centre Kenya,large_bookstore_chain_online,runtime_gap_bridge_web_2026_04_25_east_africa_horn_sprint,high,Large Kenyan/East African bookstore and educational content distributor with online book sales; bookstore layer only.,supporting,kenya_text_book_centre_kenya
Kenya,East Africa,single-store bookstore layer,Magunga Bookstore / African literature online bookstore,author_bookstore_distribution_signal,runtime_gap_bridge_web_2026_04_25_east_africa_horn_sprint,medium,"Kenyan online bookstore and literary distribution signal; The New Yorker describes sale-or-return author/publisher stocking, but no used-book marketplace.",supporting,kenya_magunga_bookstore_african_literature_online_bookstore
Uganda,East Africa,annex / classifieds,Jiji Uganda Books & Table Games,general_classifieds_book_category,runtime_gap_bridge_web_2026_04_25_east_africa_horn_sprint,high,Large Uganda/Kampala general classifieds books category with many listings; annex rail only.,supporting,uganda_jiji_uganda_books_and_table_games
Uganda,East Africa,annex / classifieds,Facebook Marketplace Kampala Books,social_marketplace_book_category,runtime_gap_bridge_web_2026_04_25_east_africa_horn_sprint,high,Facebook Marketplace exposes new and used books in Kampala; general social marketplace category.,supporting,uganda_facebook_marketplace_kampala_books
Uganda,East Africa,single-store bookstore layer,CEMO Online Book Store Uganda,local_online_bookstore,runtime_gap_bridge_web_2026_04_25_east_africa_horn_sprint,high,"Uganda online bookstore covering nursery, primary, O/A Level, medical, technical, university, religious books, novels and readers.",supporting,uganda_cemo_online_book_store_uganda
Uganda,East Africa,single-store bookstore layer,Aristoc Booklex Uganda,large_local_bookstore,runtime_gap_bridge_web_2026_04_25_east_africa_horn_sprint,medium-high,"Longstanding Uganda bookstore/chain layer; ordinary bookstore, not resale marketplace.",supporting,uganda_aristoc_booklex_uganda
Uganda,East Africa,annex / classifieds,Loozap Uganda Books,general_classifieds_book_category,runtime_gap_bridge_web_2026_04_25_east_africa_horn_sprint,medium,Uganda Loozap book listings/category surface; general classifieds marketplace only.,supporting,uganda_loozap_uganda_books
Uganda,East Africa,weak-fit core,Yilick Uganda marketplace app,general_marketplace_business_platform,runtime_gap_bridge_web_2026_04_25_east_africa_horn_sprint,medium,"Uganda/Africa marketplace and shop-management platform; book category not verified, kept as weak-fit marketplace infrastructure.",supporting,uganda_yilick_uganda_marketplace_app
Uganda,East Africa,single-store used bookstore signal,Luwum Street / Kampala secondhand bookstore corridor,offline_used_bookstore_cluster,runtime_gap_bridge_web_2026_04_25_east_africa_horn_sprint,low-medium,Community signal for cheap secondhand books near Luwum Street; offline used-book cluster requiring verification.,supporting,uganda_luwum_street_kampala_secondhand_bookstore_corridor
Uganda,East Africa,annex / classifieds,Kampala city online market school-book posts,social_marketplace_schoolbook_posts,runtime_gap_bridge_web_2026_04_25_east_africa_horn_sprint,low-medium,Social market posts offering school books/back-to-school book needs; item/social rail only.,supporting,uganda_kampala_city_online_market_school_book_posts
Ethiopia,Horn of Africa,annex / classifieds,HuluMarket Ethiopia Books,general_classifieds_book_category,runtime_gap_bridge_web_2026_04_25_east_africa_horn_sprint,high,Ethiopia buy/sell marketplace with books category and local Addis listings; annex classified rail.,supporting,ethiopia_hulumarket_ethiopia_books
Ethiopia,Horn of Africa,annex / classifieds,BaleSuQ Ethiopia music/books/movies category,general_classifieds_book_category,runtime_gap_bridge_web_2026_04_25_east_africa_horn_sprint,medium-high,Free online classified marketplace in Ethiopia with books/media category; general marketplace not book-specific.,supporting,ethiopia_balesuq_ethiopia_music_books_movies_category
Ethiopia,Horn of Africa,weak-fit core,AddisBooks book store directory and submissions,book_directory_author_submission_platform,runtime_gap_bridge_web_2026_04_25_east_africa_horn_sprint,medium-high,AddisBooks lists Addis book stores and exposes book submission/community features; book ecosystem platform but not used/recommerce.,supporting,ethiopia_addisbooks_book_store_directory_and_submissions
Ethiopia,Horn of Africa,single-store bookstore layer,BookWorld Ethiopia,local_bookstore,runtime_gap_bridge_web_2026_04_25_east_africa_horn_sprint,medium,AddisBooks directory lists BookWorld as an Addis book store; bookstore layer requiring direct-site hardening.,supporting,ethiopia_bookworld_ethiopia
Ethiopia,Horn of Africa,single-store bookstore layer,HaHu Books Ethiopia,local_bookstore,runtime_gap_bridge_web_2026_04_25_east_africa_horn_sprint,medium,AddisBooks directory lists HaHu Books as a featured Addis book store; bookstore layer only.,supporting,ethiopia_hahu_books_ethiopia
Ethiopia,Horn of Africa,single-store bookstore layer,Yoftahie Bookstore,local_bookstore,runtime_gap_bridge_web_2026_04_25_east_africa_horn_sprint,medium,AddisBooks directory lists Yoftahie Bookstore as an Addis book store; bookstore layer only.,supporting,ethiopia_yoftahie_bookstore
Ethiopia,Horn of Africa,single-store bookstore layer,BookSite Ethiopia,local_bookshop,runtime_gap_bridge_web_2026_04_25_east_africa_horn_sprint,medium,AddisBooks directory lists BookSite Ethiopia as a bookshop; bookstore layer only.,supporting,ethiopia_booksite_ethiopia
Ethiopia,Horn of Africa,annex / classifieds,Expats in Addis book-request/listing posts,social_book_request_sale_posts,runtime_gap_bridge_web_2026_04_25_east_africa_horn_sprint,low-medium,Expats-in-Addis social posts reference local book acquisition and bookseller recommendations; social discovery only.,supporting,ethiopia_expats_in_addis_book_request_listing_posts
Somalia / Somaliland,Horn of Africa,single-store bookstore layer,Sahanbooks Hargeisa,local_online_bookstore,runtime_gap_bridge_web_2026_04_25_east_africa_horn_sprint,high,"Hargeisa online bookstore with school, university, children's, English, Af Somali and general categories.",supporting,somalia_somaliland_sahanbooks_hargeisa
Somalia / Somaliland,Horn of Africa,single-store bookstore layer,Book Shop Somalia Mogadishu,online_bookshop_social_surface,runtime_gap_bridge_web_2026_04_25_east_africa_horn_sprint,medium,Social surface describes itself as Somalia's first online hard-copy bookshop with delivery/orders in Mogadishu.,supporting,somalia_somaliland_book_shop_somalia_mogadishu
Somalia / Somaliland,Horn of Africa,single-store bookstore layer,Bookline Hargeisa,local_bookstore_social_surface,runtime_gap_bridge_web_2026_04_25_east_africa_horn_sprint,medium,Hargeisa bookstore social surface with Somali-language bookshop framing; bookstore layer only.,supporting,somalia_somaliland_bookline_hargeisa
Somalia / Somaliland,Horn of Africa,weak-fit core,Suuqa App Somalia Marketplace,general_local_marketplace_app,runtime_gap_bridge_web_2026_04_25_east_africa_horn_sprint,medium-high,"Somalia-local marketplace app covering Mogadishu, Hargeisa, Garowe, Kismayo and other cities; no book-specific category verified.",supporting,somalia_somaliland_suuqa_app_somalia_marketplace
Somalia / Somaliland,Horn of Africa,weak-fit core,SoBigDeal Horn of Africa marketplace,regional_general_marketplace,runtime_gap_bridge_web_2026_04_25_east_africa_horn_sprint,medium,"Regional marketplace serving Djibouti, Somaliland, Somalia and Ethiopia; book category not verified, retained as infrastructure watchlist.",supporting,somalia_somaliland_sobigdeal_horn_of_africa_marketplace
Somalia / Somaliland,Horn of Africa,annex / classifieds,Facebook Marketplace Hargeisa Books/Media,social_marketplace_book_media_category,runtime_gap_bridge_web_2026_04_25_east_africa_horn_sprint,medium,Facebook Marketplace exposes books/media category in Hargeisa; social marketplace only.,supporting,somalia_somaliland_facebook_marketplace_hargeisa_books_media
Somalia / Somaliland,Horn of Africa,annex / classifieds,Facebook Marketplace Hargeisa tablets/e-books,social_marketplace_ebooks_category,runtime_gap_bridge_web_2026_04_25_east_africa_horn_sprint,low-medium,Hargeisa tablets/e-books category is adjacent but not physical used-book marketplace; kept as weak social texture.,supporting,somalia_somaliland_facebook_marketplace_hargeisa_tablets_e_books
Somalia / Somaliland,Horn of Africa,single-store bookstore layer,Sahanbooks Facebook surface,local_bookstore_social_surface,runtime_gap_bridge_web_2026_04_25_east_africa_horn_sprint,medium,"Sahanbooks social surface says it stocks over 100,000 books for the Horn of Africa; supports main Sahanbooks bookstore row.",supporting,somalia_somaliland_sahanbooks_facebook_surface
Djibouti,Horn of Africa,annex / classifieds,Facebook Marketplace Djibouti Books/Media,social_marketplace_book_media_category,runtime_gap_bridge_web_2026_04_25_east_africa_horn_sprint,medium-high,"Facebook Marketplace exposes new/used books, movies and music near Djibouti; social marketplace category only.",supporting,djibouti_facebook_marketplace_djibouti_books_media
Djibouti,Horn of Africa,weak-fit core,Ubuy Djibouti Books,import_ecommerce_book_category,runtime_gap_bridge_web_2026_04_25_east_africa_horn_sprint,medium,"Country-localized import ecommerce bookstore category; ordinary retail/import, not used marketplace.",supporting,djibouti_ubuy_djibouti_books
Djibouti,Horn of Africa,single-store bookstore layer,Librairie Victor Hugo Djibouti,local_bookstore,runtime_gap_bridge_web_2026_04_25_east_africa_horn_sprint,high,"Central Djibouti bookstore with French/English/Arabic general and national literature, youth, manga, comics and textbooks; bookstore layer only.",supporting,djibouti_librairie_victor_hugo_djibouti
Djibouti,Horn of Africa,single-store bookstore layer,Librairie Discorama Djibouti,local_bookstore,runtime_gap_bridge_web_2026_04_25_east_africa_horn_sprint,medium,"Djibouti bookstore listed by Petit Futé and local directories; bookstore layer, not used/recommerce.",supporting,djibouti_librairie_discorama_djibouti
Djibouti,Horn of Africa,weak-fit core,SoBigDeal Djibouti/Somaliland regional marketplace,regional_general_marketplace,runtime_gap_bridge_web_2026_04_25_east_africa_horn_sprint,medium,Horn regional marketplace claiming Djibouti/Somaliland/Somalia/Ethiopia coverage; no book category verified.,supporting,djibouti_sobigdeal_djibouti_somaliland_regional_marketplace
Eritrea,Horn of Africa,weak-fit core,Kebhi online book store Eritrea,online_bookstore_donation_reading_platform,runtime_gap_bridge_web_2026_04_25_east_africa_horn_sprint,medium-high,Eritrean online bookstore/platform where authors decide whether to sell or donate books; book-distribution platform but not used marketplace.,supporting,eritrea_kebhi_online_book_store_eritrea
Eritrea,Horn of Africa,single-store bookstore layer,HdriMedia Eritrean literature online bookstore,diaspora_or_eritrean_literature_online_store,runtime_gap_bridge_web_2026_04_25_east_africa_horn_sprint,medium,Online bookstore for Eritrean literature/cultural books; likely diaspora-facing but Eritrean book-distribution layer.,supporting,eritrea_hdrimedia_eritrean_literature_online_bookstore
Eritrea,Horn of Africa,single-store bookstore layer,Bana Eritrean Book Store,eritrean_language_online_bookstore,runtime_gap_bridge_web_2026_04_25_east_africa_horn_sprint,medium,Eritrean/Tigrinya online bookstore with priced products; diaspora/local status needs hardening.,supporting,eritrea_bana_eritrean_book_store
Eritrea,Horn of Africa,single-store bookstore layer,Mediatech Asmara,local_bookstore,runtime_gap_bridge_web_2026_04_25_east_africa_horn_sprint,medium,"Asmara bookstore listed as carrying maps, postcards and bookshop inventory; local bookstore layer.",supporting,eritrea_mediatech_asmara
Eritrea,Horn of Africa,single-store bookstore layer,Awghet Bookshop Asmara,local_bookstore_signal,runtime_gap_bridge_web_2026_04_25_east_africa_horn_sprint,low-medium,"Asmara bookshop signal, but current source notes closure/nearby alternatives; retained as historical/local lead only.",supporting,eritrea_awghet_bookshop_asmara
Eritrea,Horn of Africa,offline fair/literacy layer,Rora Digital Library / Asmara tablet corner,digital_library_literacy_layer,runtime_gap_bridge_web_2026_04_25_east_africa_horn_sprint,low-medium,"Digital/library access infrastructure in Asmara; not a marketplace, retained as book-access texture.",supporting,eritrea_rora_digital_library_asmara_tablet_corner
Malawi,Southern Africa,annex / classifieds,Facebook Marketplace Lilongwe Books,social_marketplace_books_category,runtime_gap_bridge_web_2026_04_25_southern_africa_deepening_sprint,medium,"New and used books for sale in Lilongwe; general social marketplace category, not book-specific core.",supporting,malawi_facebook_marketplace_lilongwe_books
Malawi,Southern Africa,annex / classifieds,Facebook Marketplace Blantyre Books,social_marketplace_books_category,runtime_gap_bridge_web_2026_04_25_southern_africa_deepening_sprint,medium,New and used books for sale in Blantyre; useful local resale texture but social marketplace only.,supporting,malawi_facebook_marketplace_blantyre_books
Malawi,Southern Africa,single-store used booksellers,Chambo Market / Logos Open Culture,independent_bookshop_antiquarian_used_stock,runtime_gap_bridge_web_2026_04_25_southern_africa_deepening_sprint,high,Lilongwe bookshop layer with Malawian/African literature and explicitly antiquarian/old/out-of-print regional book stock.,supporting,malawi_chambo_market_logos_open_culture
Malawi,Southern Africa,single-store used booksellers,Chambo Market Old Town Mall antiquarian stock,independent_bookshop_antiquarian_used_stock,runtime_gap_bridge_web_2026_04_25_southern_africa_deepening_sprint,high,Chambo Market Old Town Mall article documents antiquarian books and special old regional items; single-store used/antiquarian signal.,supporting,malawi_chambo_market_old_town_mall_antiquarian_stock
Malawi,Southern Africa,single-store bookstore layer,Books and More 265 Lilongwe,independent_bookshop_social_surface,runtime_gap_bridge_web_2026_04_25_southern_africa_deepening_sprint,medium,Lilongwe independent bookshop social surface; bookstore layer only until used/resale mechanics verified.,supporting,malawi_books_and_more_265_lilongwe
Malawi,Southern Africa,annex / classifieds,MalondaPlace verified seller/listing infrastructure,general_marketplace_books_category,runtime_gap_bridge_web_2026_04_25_southern_africa_deepening_sprint,high,MalondaPlace exposes WhatsApp-verified seller infrastructure and a Books category; strengthens but does not promote existing classifieds row.,supporting,malawi_malondaplace_verified_seller_listing_infrastructure
Zambia,Southern Africa,weak-fit core,Books Online Zambia,online_bookstore_local_books,runtime_gap_bridge_web_2026_04_25_southern_africa_deepening_sprint,high,Reported as first online bookstore focused only on Zambian-authored books; book-forward ecommerce but not used/resale marketplace.,supporting,zambia_books_online_zambia
Zambia,Southern Africa,single-store bookstore layer,Grey Matter Zambia,bookstore_chain_social_surface,runtime_gap_bridge_web_2026_04_25_southern_africa_deepening_sprint,medium,"Bookstore social surface for diverse reads, book bundles and physical-store activity; bookstore layer only.",supporting,zambia_grey_matter_zambia
Zambia,Southern Africa,annex / classifieds,Facebook Marketplace Lusaka Children's Books,social_marketplace_books_category,runtime_gap_bridge_web_2026_04_25_southern_africa_deepening_sprint,medium,New and used children’s books for sale in Lusaka; social marketplace only.,supporting,zambia_facebook_marketplace_lusaka_children_s_books
Zambia,Southern Africa,annex / classifieds,Facebook Marketplace Lusaka Second hand book listings,social_marketplace_secondhand_book_items,runtime_gap_bridge_web_2026_04_25_southern_africa_deepening_sprint,medium,"Marketplace snippets show second-hand books for sale in Lusaka, confirming live resale texture but not a book-dominant rail.",supporting,zambia_facebook_marketplace_lusaka_second_hand_book_listings
Zambia,Southern Africa,annex / classifieds,"CityToo Zambia Music, Movies and Books",general_classifieds_books_media_category,runtime_gap_bridge_web_2026_04_25_southern_africa_deepening_sprint,medium,CityToo exposes Zambia music/movies/books classified category under a broad buy/sell classified service.,supporting,zambia_citytoo_zambia_music_movies_and_books
Zambia,Southern Africa,annex / classifieds,Zambia Book Club social sale threads,social_book_club_sale_surface,runtime_gap_bridge_web_2026_04_25_southern_africa_deepening_sprint,low-medium,Zambia Book Club posts reference buying books from each other and online bookstore launch; social/book-club texture only.,supporting,zambia_zambia_book_club_social_sale_threads
Zimbabwe,Southern Africa,annex / classifieds,Facebook Marketplace Harare Books,social_marketplace_books_category,runtime_gap_bridge_web_2026_04_25_southern_africa_deepening_sprint,medium-high,New and used books for sale in Harare; social marketplace category only.,supporting,zimbabwe_facebook_marketplace_harare_books
Zimbabwe,Southern Africa,annex / classifieds,Facebook Marketplace Bulawayo Books,social_marketplace_books_category,runtime_gap_bridge_web_2026_04_25_southern_africa_deepening_sprint,medium,New and used books for sale in Bulawayo; social marketplace category only.,supporting,zimbabwe_facebook_marketplace_bulawayo_books
Zimbabwe,Southern Africa,annex / classifieds,Buy And Sell Books In Zimbabwe,social_buy_sell_books_group,runtime_gap_bridge_web_2026_04_25_southern_africa_deepening_sprint,medium,"Group is explicitly for trading/exchanging and buying/selling first- and second-hand books; book-specific social rail, not platform-level marketplace.",supporting,zimbabwe_buy_and_sell_books_in_zimbabwe
Zimbabwe,Southern Africa,weak-fit core,Everything Zimbabwean Books & Stationery,general_marketplace_books_stationery_category,runtime_gap_bridge_web_2026_04_25_southern_africa_deepening_sprint,medium-high,"Zimbabwean online marketplace with large Books & Stationery category and many education subcategories; broad marketplace, not book-specific used core.",supporting,zimbabwe_everything_zimbabwean_books_stationery
Zimbabwe,Southern Africa,annex / classifieds,Everything Zimbabwean marketplace vendors / book category,general_marketplace_books_category,runtime_gap_bridge_web_2026_04_25_southern_africa_deepening_sprint,medium,Marketplace connects Zimbabwean buyers and sellers with Books & Stationery categories; retained as classifieds/general marketplace deepening row.,supporting,zimbabwe_everything_zimbabwean_marketplace_vendors_book_category
Zimbabwe,Southern Africa,offline fair/literacy layer,Harare street second-hand textbook market,offline_used_textbook_market,runtime_gap_bridge_web_2026_04_25_southern_africa_deepening_sprint,medium-high,Local reporting documents original second-hand textbooks being bought on streets during high textbook-price pressure; offline used market signal.,supporting,zimbabwe_harare_street_second_hand_textbook_market
Zimbabwe,Southern Africa,single-store bookstore layer,Book Café / Pamberi Trust bookshop history,book_cafe_cultural_bookshop_signal,runtime_gap_bridge_web_2026_04_25_southern_africa_deepening_sprint,medium,"Book Café is a cultural/literary space with historic bookshop component; context row, not current marketplace core.",supporting,zimbabwe_book_caf_pamberi_trust_bookshop_history
Botswana,Southern Africa,annex / classifieds,Botswana Used Books Market,social_used_books_market_group,runtime_gap_bridge_web_2026_04_25_southern_africa_deepening_sprint,medium,"Facebook group explicitly framed as a used-books market for educational books finding new homes; social-market row, not full platform core.",supporting,botswana_botswana_used_books_market
Botswana,Southern Africa,annex / classifieds,Facebook Marketplace Gaborone Books,social_marketplace_books_category,runtime_gap_bridge_web_2026_04_25_southern_africa_deepening_sprint,medium,New and used books for sale in Gaborone; social marketplace category only.,supporting,botswana_facebook_marketplace_gaborone_books
Botswana,Southern Africa,annex / classifieds,Facebook Marketplace Sebina Books,social_marketplace_books_category,runtime_gap_bridge_web_2026_04_25_southern_africa_deepening_sprint,low-medium,New and used books for sale in Sebina; adds non-Gaborone geographic texture but social marketplace only.,supporting,botswana_facebook_marketplace_sebina_books
Botswana,Southern Africa,weak-fit core,YourMart Botswana Books,general_ecommerce_books_category,runtime_gap_bridge_web_2026_04_25_southern_africa_deepening_sprint,medium,"Botswana ecommerce surface exposes a Books category with children’s, fiction and nonfiction categories; ordinary retail/marketplace watchlist.",supporting,botswana_yourmart_botswana_books
Botswana,Southern Africa,single-store bookstore layer,Exclusive Books Botswana,regional_bookstore_chain_store,runtime_gap_bridge_web_2026_04_25_southern_africa_deepening_sprint,medium,"South African chain has Botswana presence; bookstore layer only, not used/recommerce core.",supporting,botswana_exclusive_books_botswana
Namibia,Southern Africa,annex / classifieds,Kalahari Deals Namibia New & Pre-owned Books,general_classifieds_preowned_books_category,runtime_gap_bridge_web_2026_04_25_southern_africa_deepening_sprint,medium-high,"Kalahari Deals exposes new and pre-owned books from sellers across Namibia; strong classifieds/book category, not book-specific core.",supporting,namibia_kalahari_deals_namibia_new_pre_owned_books
Namibia,Southern Africa,annex / classifieds,Kalahari Deals Namibia classifieds platform,general_classifieds_marketplace,runtime_gap_bridge_web_2026_04_25_southern_africa_deepening_sprint,medium,Platform positions itself as Namibia buy/sell classifieds with free advertising; supports marketplace-infrastructure classification.,supporting,namibia_kalahari_deals_namibia_classifieds_platform
Namibia,Southern Africa,annex / classifieds,Facebook Marketplace Windhoek Books,social_marketplace_books_category,runtime_gap_bridge_web_2026_04_25_southern_africa_deepening_sprint,medium,New and used books for sale in Windhoek; social marketplace category only.,supporting,namibia_facebook_marketplace_windhoek_books
Namibia,Southern Africa,annex / classifieds,Books Exchange and Sale in Namibia,social_book_exchange_sale_group,runtime_gap_bridge_web_2026_04_25_southern_africa_deepening_sprint,medium,"Group is explicitly for exchange, sale and purchase of books within Namibia; book-specific social rail, not platform-level marketplace.",supporting,namibia_books_exchange_and_sale_in_namibia
Namibia,Southern Africa,single-store used booksellers,The Red Shelf Namibia,preloved_books_clothing_accessories_shop,runtime_gap_bridge_web_2026_04_25_southern_africa_deepening_sprint,medium-high,Swakopmund/Windhoek shop sells curated new and pre-loved books alongside clothing/accessories; single-store pre-loved signal.,supporting,namibia_the_red_shelf_namibia
Namibia,Southern Africa,single-store bookstore layer,Namibia Book Market online shop deepening,local_bookshop_online_shop,runtime_gap_bridge_web_2026_04_25_southern_africa_deepening_sprint,high,Homepage states online shop is a selection of stock from the physical Macadam Street bookshop; strengthens existing bookstore row.,supporting,namibia_namibia_book_market_online_shop_deepening
Lesotho,Southern Africa,annex / classifieds,Facebook Marketplace Maseru Books,social_marketplace_books_category,runtime_gap_bridge_web_2026_04_25_southern_africa_deepening_sprint,medium,New and used books for sale in Maseru; social marketplace category only.,supporting,lesotho_facebook_marketplace_maseru_books
Lesotho,Southern Africa,annex / classifieds,Facebook Marketplace Roma Books,social_marketplace_books_category,runtime_gap_bridge_web_2026_04_25_southern_africa_deepening_sprint,medium,New and used books for sale in Roma; social marketplace category only.,supporting,lesotho_facebook_marketplace_roma_books
Lesotho,Southern Africa,annex / classifieds,Facebook Marketplace Mazenod Books,social_marketplace_books_category,runtime_gap_bridge_web_2026_04_25_southern_africa_deepening_sprint,medium,New and used books for sale in Mazenod; social marketplace category only.,supporting,lesotho_facebook_marketplace_mazenod_books
Lesotho,Southern Africa,single-store bookstore layer,Lifestyle Books Lesotho,local_bookstore_social_surface,runtime_gap_bridge_web_2026_04_25_southern_africa_deepening_sprint,medium,Maseru/Pioneer Mall social bookstore surface; local bookstore layer only.,supporting,lesotho_lifestyle_books_lesotho
Lesotho,Southern Africa,single-store bookstore layer,Mazenod Book Centre,local_bookstore_secondhand_category_listing,runtime_gap_bridge_web_2026_04_25_southern_africa_deepening_sprint,medium,"LesothoYP lists Mazenod Book Centre under secondhand books in Maseru, but description is bookstore/educational resource hub; single-store lead.",supporting,lesotho_mazenod_book_centre
Lesotho,Southern Africa,weak-fit core,Ubuy Lesotho Books,import_ecommerce_book_category,runtime_gap_bridge_web_2026_04_25_southern_africa_deepening_sprint,medium,"Country-localized import ecommerce bookstore category; ordinary retail/import, not used marketplace.",supporting,lesotho_ubuy_lesotho_books
Lesotho,Southern Africa,offline fair/literacy layer,Books for Lesotho second-hand donation sales,book_donation_secondhand_sale_literacy_layer,runtime_gap_bridge_web_2026_04_25_southern_africa_deepening_sprint,medium,"Books for Lesotho news notes second-hand book sales in exchange for donations; literacy/donation layer, not marketplace.",supporting,lesotho_books_for_lesotho_second_hand_donation_sales
Eswatini,Southern Africa,single-store bookstore layer,Book Nerds Eswatini,online_bookstore_social_surface,runtime_gap_bridge_web_2026_04_25_southern_africa_deepening_sprint,medium,Social profile describes Eswatini online bookstore; bookstore layer only until resale mechanics verified.,supporting,eswatini_book_nerds_eswatini
Eswatini,Southern Africa,single-store bookstore layer,Proverbia Books Mbabane,local_online_order_bookstore,runtime_gap_bridge_web_2026_04_25_southern_africa_deepening_sprint,medium,Mbabane bookstore social surface references online ordering and delivery; bookstore layer only.,supporting,eswatini_proverbia_books_mbabane
Eswatini,Southern Africa,annex / classifieds,Facebook Marketplace Mbabane Books,social_marketplace_books_category,runtime_gap_bridge_web_2026_04_25_southern_africa_deepening_sprint,medium,New and used books for sale in Mbabane; social marketplace category only.,supporting,eswatini_facebook_marketplace_mbabane_books
Eswatini,Southern Africa,annex / classifieds,Facebook Marketplace Manzini / Skombeni Books,social_marketplace_books_category,runtime_gap_bridge_web_2026_04_25_southern_africa_deepening_sprint,medium,New and used books near Manzini/Skombeni; social marketplace category only.,supporting,eswatini_facebook_marketplace_manzini_skombeni_books
Eswatini,Southern Africa,annex / classifieds,Official Eswatini Marketplace buy/sell group,general_social_marketplace,runtime_gap_bridge_web_2026_04_25_southern_africa_deepening_sprint,low-medium,"General buy/sell group for Swaziland/Eswatini; retained as general social marketplace infrastructure, not book-dominant.",supporting,eswatini_official_eswatini_marketplace_buy_sell_group
Eswatini,Southern Africa,single-store bookstore layer,Websters Bookshop online surface,local_bookstore_online_surface,runtime_gap_bridge_web_2026_04_25_southern_africa_deepening_sprint,high,Websters maintains a bookshop/ecommerce-style surface; reinforces existing Mbabane bookstore row.,supporting,eswatini_websters_bookshop_online_surface
Eswatini,Southern Africa,single-store bookstore layer,Macmillan Eswatini booksellers directory hardening,bookseller_directory,runtime_gap_bridge_web_2026_04_25_southern_africa_deepening_sprint,high,"Macmillan bookseller directory lists multiple Eswatini booksellers across Mbabane, Ezulwini, Manzini and other towns.",supporting,eswatini_macmillan_eswatini_booksellers_directory_hardening
Sudan,Nile / Northeast Africa,annex / classifieds,OpenSooq Sudan — Books & Magazines,horizontal_marketplace_books_category,runtime_gap_bridge_web_2026_04_25_south_africa_hardening_nile_gap_sprint,high,"Sudan-facing OpenSooq books category claims thousands of new, used, and rare novels, textbooks, and children’s books; strong horizontal classifieds spillover but not book-dominant strict core.",supporting,sudan::opensooq sudan books magazines
Sudan,Nile / Northeast Africa,single-store bookstore layer,Sudanbooks,online_bookstore,runtime_gap_bridge_web_2026_04_25_south_africa_hardening_nile_gap_sprint,medium-high,Search-visible Facebook surface describes Sudanbooks as a Sudanese online bookstore where people can purchase books online and ship to customers.,supporting,sudan::sudanbooks
Sudan,Nile / Northeast Africa,single-store used booksellers,Al Khartoum used books,used_book_store_social_surface,runtime_gap_bridge_web_2026_04_25_south_africa_hardening_nile_gap_sprint,medium-high,"Khartoum used-book page explicitly describes itself as a used-book store / page for selling used books; preserved as single-store/social used-book signal, not platform core.",supporting,sudan::al khartoum used books
Sudan,Nile / Northeast Africa,annex / classifieds,Khartoum Books group,book_buying_social_group,runtime_gap_bridge_web_2026_04_25_south_africa_hardening_nile_gap_sprint,medium,Booklovers group aimed at informing buyers of the best bookstores in Khartoum and opening a chance for book discovery/purchase; social rail only.,supporting,sudan::khartoum books group
Sudan,Nile / Northeast Africa,offline / fair / literacy layer,Mafroosh used-book street market,offline_used_book_market,runtime_gap_bridge_web_2026_04_25_south_africa_hardening_nile_gap_sprint,medium,Historical/contextual used-book street-market seam in Khartoum; useful offline evidence but not an online marketplace surface and status appears politically fragile.,contextual,sudan::mafroosh used book market
Sudan,Nile / Northeast Africa,single-store bookstore layer,Marawi Bookshop,bookstore_social_surface,runtime_gap_bridge_web_2026_04_25_south_africa_hardening_nile_gap_sprint,medium,Khartoum/Barlaman Avenue bookshop signal with phone and web reference; bookstore layer only.,supporting,sudan::marawi bookshop
Sudan,Nile / Northeast Africa,offline / fair / literacy layer,Education Without Borders Sudan used-school-book redistribution,used_book_redistribution_literacy,runtime_gap_bridge_web_2026_04_25_south_africa_hardening_nile_gap_sprint,medium,"Campaign collected used school books from families/private schools and redistributed them to poorer students/schools; literacy/reuse infrastructure, not commerce.",contextual,sudan::education without borders used books
South Sudan,Nile / Northeast Africa,single-store bookstore layer,Kakule Bookstore,online_bookstore,runtime_gap_bridge_web_2026_04_25_south_africa_hardening_nile_gap_sprint,high,"Juba/Thongping online bookstore with cart/account/store flows, current categories, prices, and contact details; ordinary online bookstore, not resale marketplace.",supporting,south sudan::kakule bookstore
South Sudan,Nile / Northeast Africa,single-store used / bookstore signal,Ramciel Books Store,online_bookshop_buy_sell_signal,runtime_gap_bridge_web_2026_04_25_south_africa_hardening_nile_gap_sprint,medium,Search-visible post describes Ramciel as an online bookshop based in Juba City that sells and buys books; promising but still single-store/social evidence.,supporting,south sudan::ramciel books store
South Sudan,Nile / Northeast Africa,single-store used / bookstore signal,Yo’ Books Limited,new_bargain_gently_read_bookseller,runtime_gap_bridge_web_2026_04_25_south_africa_hardening_nile_gap_sprint,medium,"Juba bookseller surface describes affordable new, bargain, and gently read books in print/digital; used/pre-loved single-store signal.",supporting,south sudan::yo books limited
South Sudan,Nile / Northeast Africa,single-store used / bookstore signal,Leaves Bookshop,not_for_profit_used_new_bookshop,runtime_gap_bridge_web_2026_04_25_south_africa_hardening_nile_gap_sprint,medium,"Search-visible group describes Leaves as a not-for-profit Juba bookshop with hundreds of new and used books across history, politics, science, economics, and fiction.",supporting,south sudan::leaves bookshop
South Sudan,Nile / Northeast Africa,single-store bookstore layer,Juba Online Books,online_bookstore_buy_sell_signal,runtime_gap_bridge_web_2026_04_25_south_africa_hardening_nile_gap_sprint,medium,Search-visible post calls Juba Online Books the first official online bookstore in South Sudan and says it buys and sells interesting books; single-store/social signal pending hardening.,supporting,south sudan::juba online books
South Sudan,Nile / Northeast Africa,single-store bookstore layer,Africa World Books South Sudan order office,book_order_collection_office,runtime_gap_bridge_web_2026_04_25_south_africa_hardening_nile_gap_sprint,medium,Search-visible site text says Africa World Books has an office in South Sudan where it is possible to place and collect book orders; order/distribution layer only.,supporting,south sudan::africa world books office
South Sudan,Nile / Northeast Africa,single-store bookstore layer,South Sudan Online Bookshop,online_bookshop_social_surface,runtime_gap_bridge_web_2026_04_25_south_africa_hardening_nile_gap_sprint,medium,"Search-visible surface offers educational books, bestselling novels, stationery, and free delivery within Juba; ordinary online bookshop signal.",supporting,south sudan::south sudan online bookshop
Turkey,MENA / West Asia hardening,main universe,kitantik,site,mena_west_asia_hardening_web_pass57,high,"Online sahaf/book marketplace for second-hand books, antiques, ephemera and collections; app/source text says marketplace with millions of products and book-specific e-commerce mechanics.",primary,turkey::kitantik
Turkey,MENA / West Asia hardening,offline / fair / literacy layer,Sahaflar Çarşısı / Istanbul second-hand book bazaar,site,mena_west_asia_hardening_web_pass57,high,"Offline used/new second-hand book bazaar and sahaf ecology; important context layer, not online core.",supporting,turkey::sahaflar_ar_s_istanbul_second_hand_book_bazaar
Iran,MENA / West Asia hardening,main universe,CanSell,site,mena_west_asia_hardening_web_pass57,high,Iran-focused second-hand and new book marketplace with buy/sell framing; strict main-universe candidate pending seller-flow hardening after rebuild notice.,primary,iran::cansell
Iran,MENA / West Asia hardening,single-store used / bookstore signal,IraniBook,site,mena_west_asia_hardening_web_pass57,medium,"Persian online bookstore advertises new, old, rare and used titles; useful single-store used/rare signal, not marketplace proof.",supporting,iran::iranibook
Iran,MENA / West Asia hardening,annex / classifieds,Facebook Marketplace Tehran / Qarchak books,site,mena_west_asia_hardening_web_pass57,medium,Social-marketplace new/used books signal around Tehran/Qarchak; annex only.,supporting,iran::facebook_marketplace_tehran_qarchak_books
United Arab Emirates,MENA / West Asia hardening,main universe,Bookends,site,mena_west_asia_hardening_web_pass57,high,Online marketplace for buying and selling used/pre-loved books with UAE shipping; strict core fit.,primary,united_arab_emirates::bookends
United Arab Emirates,MENA / West Asia hardening,single-store used booksellers,Preloved Books UAE,site,mena_west_asia_hardening_web_pass57,high,UAE pre-loved/used book storefront; single-operator used-books layer.,supporting,united_arab_emirates::preloved_books_uae
United Arab Emirates,MENA / West Asia hardening,single-store used / bookstore signal,Bookhaven UAE — Sell With Us,site,mena_west_asia_hardening_web_pass57,medium,Pre-owned book intake / sell-with-us flow; good recommerce signal but not verified as open marketplace.,supporting,united_arab_emirates::bookhaven_uae_sell_with_us
Jordan,MENA / West Asia hardening,annex / classifieds,"SELL, BUY OR TRADE BOOKS IN JORDAN",site,mena_west_asia_hardening_web_pass57,medium,"Book-specific social group for individuals buying, selling and trading pre-loved books in Jordan; social annex, not platform core.",supporting,jordan::sell_buy_or_trade_books_in_jordan
Lebanon,MENA / West Asia hardening,annex / classifieds,OLX Lebanon — Used Books,site,mena_west_asia_hardening_web_pass57,high,OLX Lebanon used-books category with visible ad counts and local classified mechanics; annex/horizontal marketplace.,supporting,lebanon::olx_lebanon_used_books
Lebanon,MENA / West Asia hardening,annex / classifieds,Facebook Marketplace Beirut Books,site,mena_west_asia_hardening_web_pass57,medium,New and used books for sale in Beirut on Facebook Marketplace; social-classifieds spillover.,supporting,lebanon::facebook_marketplace_beirut_books
Lebanon,MENA / West Asia hardening,annex / classifieds,Lebanon Book Exchange,site,mena_west_asia_hardening_web_pass57,medium,Book-exchange social surface; annex only until activity/onboarding is hardened.,supporting,lebanon::lebanon_book_exchange
Lebanon,MENA / West Asia hardening,single-store used / bookstore signal,Stories_and_tales.lb resale signal,site,mena_west_asia_hardening_web_pass57,low,"Reddit user report of Instagram account listing second-hand books and paying after sale; retained as low-confidence lead, not promoted.",supporting,lebanon::stories_and_tales_lb_resale_signal
Iraq,MENA / West Asia hardening,annex / classifieds,OpenSooq Iraq — Books & Magazines,site,mena_west_asia_hardening_web_pass57,high,"Iraq books category advertises new, used and rare books for sale; horizontal classifieds/marketplace spillover.",supporting,iraq::opensooq_iraq_books_magazines
Iraq,MENA / West Asia hardening,weak-fit core,Elryan Iraq — Books,site,mena_west_asia_hardening_web_pass57,medium,Iraq online books retail/delivery category; book-forward but not used marketplace.,supporting,iraq::elryan_iraq_books
Kuwait,Gulf / Arabian Peninsula,single-store used booksellers,Kuwait Bazar Books,single_operator_used_book_storefront,runtime_gap_bridge_web_2026_05_03_pass140_kuwait_hardening,high,Reverified as high single-store used-book storefront. Its direct site brands itself as a home for used books and a variety of used books in good shape; no open third-party marketplace mechanics.,primary,kuwait::kuwait_bazar_books
Kuwait,Gulf / Arabian Peninsula,single-store used / bookstore signal,Bookish Corner Kuwait,single_store_new_and_preloved_bookshop,runtime_gap_bridge_web_2026_05_03_pass140_kuwait_hardening,high,"Upgraded from medium to high single-store used/bookstore signal. Direct site shows New Books and Used Books navigation; social copy says Kuwait cozy bookshop since 2019, new and pre-loved English books, fast delivery, and accepts used books.",primary,kuwait::bookish_corner_kuwait
Kuwait,Gulf / Arabian Peninsula,annex / classifieds,Books for sale and exchange in Kuwait,book_specific_social_resale_exchange_group,runtime_gap_bridge_web_2026_05_03_pass140_kuwait_hardening,medium,"Reverified as medium annex/social rail. The group explicitly frames itself for people inside Kuwait who want to sell, buy, or exchange books; remains social-hosted rather than independent marketplace infrastructure.",primary,kuwait::books_for_sale_and_exchange_in_kuwait
Qatar,MENA / West Asia hardening,annex / classifieds,The Biggest Market of Books in Qatar,site,mena_west_asia_hardening_web_pass57,medium,"Social group explicitly for buying, selling and exchanging used/second-hand books, CDs and DVDs in Qatar; annex only.",supporting,qatar::the_biggest_market_of_books_in_qatar
Qatar,MENA / West Asia hardening,annex / classifieds,"Doha Books Sell, Swap or Buy",site,mena_west_asia_hardening_web_pass57,medium,Book-specific Doha social exchange/sale group; annex social rail.,supporting,qatar::doha_books_sell_swap_or_buy
Qatar,MENA / West Asia hardening,annex / classifieds,dubizzle Qatar — Used Books,site,mena_west_asia_hardening_web_pass57,high,Used-books classified category on horizontal marketplace; annex only.,supporting,qatar::dubizzle_qatar_used_books
Qatar,MENA / West Asia hardening,weak-fit core,Ubuy Qatar — Pre-owned books,site,mena_west_asia_hardening_web_pass57,low,"Pre-owned books e-commerce category; weak/import layer, not local resale platform proof.",supporting,qatar::ubuy_qatar_pre_owned_books
Bahrain,MENA / West Asia hardening,annex / classifieds,dubizzle Bahrain — Used Books,site,mena_west_asia_hardening_web_pass57,high,Used-books category with visible Bahrain listings and sell/post mechanics; horizontal classified rail.,supporting,bahrain::dubizzle_bahrain_used_books
Bahrain,MENA / West Asia hardening,single-store used / bookstore signal,BooksPlanet Bahrain used-original-books signal,site,mena_west_asia_hardening_web_pass57,medium,Used original books social-sale signal; not enough for platform core.,supporting,bahrain::booksplanet_bahrain_used_original_books_signal
Bahrain,MENA / West Asia hardening,single-store used / bookstore signal,Bahrain thrift shop book selection,site,mena_west_asia_hardening_web_pass57,low,Thrift-shop book selection signal; low-confidence supporting used-book surface.,supporting,bahrain::bahrain_thrift_shop_book_selection
Oman,MENA / West Asia hardening,annex / classifieds,Buy and sell second hand books — Muscat/Oman,site,mena_west_asia_hardening_web_pass57,medium,"Book-specific social group to sell, buy or exchange second-hand books in Muscat/Oman; annex only.",supporting,oman::buy_and_sell_second_hand_books_muscat_oman
Oman,MENA / West Asia hardening,annex / classifieds,dubizzle Oman — Used Books,site,mena_west_asia_hardening_web_pass57,high,Used-books classified category on horizontal marketplace; annex only.,supporting,oman::dubizzle_oman_used_books
Saudi Arabia,MENA / West Asia hardening,annex / classifieds,Used Books in Riyadh,site,mena_west_asia_hardening_web_pass57,medium,City-level book-specific social group for selling/buying/trading/giving away used books in Riyadh; annex social rail.,supporting,saudi_arabia::used_books_in_riyadh
Saudi Arabia,MENA / West Asia hardening,annex / classifieds,dubizzle Saudi Arabia — Used Books,site,mena_west_asia_hardening_web_pass57,high,Saudi used-books listings inside horizontal classified marketplace; annex only.,supporting,saudi_arabia::dubizzle_saudi_arabia_used_books
Saudi Arabia,MENA / West Asia hardening,single-store used / bookstore signal,Al Jawhara / Riyadh used-bookstore lead,site,mena_west_asia_hardening_web_pass57,low,"Reddit lead naming Al Jawhara as a used-books option in Saudi; low-confidence revisit lead, not promoted.",supporting,saudi_arabia::al_jawhara_riyadh_used_bookstore_lead
Yemen,MENA / West Asia hardening,annex / classifieds,OpenSooq Yemen — Books & Magazines,site,mena_west_asia_hardening_web_pass57,high,"Yemen books category advertises new, used and rare books for sale; horizontal classified rail. | Pass118 Yemen patch: Arabic/English OpenSooq surfaces explicitly show books for sale in Yemen, buy/sell framing, new/used/rare book language, used-filter listings, and Sana’a book listings. Still horizontal classifieds annex, not strict book-specific marketplace.",supporting,yemen::opensooq_yemen_books_magazines
Israel,MENA / West Asia hardening,annex / classifieds,Yad2 — second-hand books and magazines,site,mena_west_asia_hardening_web_pass57,high,Horizontal second-hand marketplace category for books and magazines; annex beside stricter FindABook.,supporting,israel::yad2_second_hand_books_and_magazines
Israel,MENA / West Asia hardening,single-store used booksellers,Eva's Used Books,site,mena_west_asia_hardening_web_pass57,high,Online used bookstore in Israel with cheap/secondhand English books; single-store used-books layer.,supporting,israel::eva_s_used_books
Israel,MENA / West Asia hardening,annex / classifieds,Tel Aviv Book Exchange and Sale,site,mena_west_asia_hardening_web_pass57,medium,Local social group for exchanging or selling books in English in Tel Aviv area; annex social rail.,supporting,israel::tel_aviv_book_exchange_and_sale
Syria,MENA / West Asia hardening,annex / classifieds,Syria Market app,site,mena_west_asia_hardening_web_pass57,medium,"General Syria buy/sell app for new and used items; classified infrastructure only, no book-specific rail verified. | Pass120 Syria patch: Retained as general buy/sell app/classifieds rail for new and used goods; pass120 found stronger book-specific social/classified surfaces elsewhere, but no reason to promote this horizontal app.",supporting,syria::syria_market_app
Syria,MENA / West Asia hardening,annex / classifieds,Books for sale in Syria social group,site,mena_west_asia_hardening_web_pass57,low,Book-sale social group/post signal; low confidence and not platform core. | Pass120 Syria patch: Superseded in specificity by several more precise used-book buy/sell/exchange groups added in pass120; retained as low annex/social signal only.,supporting,syria::books_for_sale_in_syria_social_group
Armenia,Caucasus / Caspian + Central Asia,annex / classifieds,List.am — Books and Magazines,site,runtime_gap_bridge_web_2026_04_25_caucasus_central_asia_hardening_sprint,medium-high,"Armenia-wide horizontal classifieds/books category; search-visible book listings include used and new private ads. Kept annex/classifieds, not book-specific core.",supporting,armenia_list_am_books_and_magazines
Armenia,Caucasus / Caspian + Central Asia,single-store used booksellers,Gir.am — Bookinist category,site,runtime_gap_bridge_web_2026_04_25_caucasus_central_asia_hardening_sprint,medium,"Armenia online bookstore with a Bookinist/used-book category. Useful used-book/store layer, but no third-party seller marketplace mechanics verified.",used-bookseller,armenia_gir_am_bookinist_category
Armenia,Caucasus / Caspian + Central Asia,offline / fair / literacy layer,Yerevan Vernissage book/old-collection market,market,runtime_gap_bridge_web_2026_04_25_caucasus_central_asia_hardening_sprint,medium,"Open-air Yerevan market where books/old collections are part of the market ecology; retained as offline used/antiquarian context, not online platform core.",contextual,armenia_yerevan_vernissage_book_old_collection_market
Armenia,Caucasus / Caspian + Central Asia,weak-fit core,Buy Armenian — marketplace with books,site,runtime_gap_bridge_web_2026_04_25_caucasus_central_asia_hardening_sprint,medium-low,"Made-in-Armenia marketplace includes books among broader categories; book-forward enough to keep as weak-fit ecommerce, not used/recommerce core.",supporting,armenia_buy_armenian_marketplace_with_books
Georgia,Caucasus / Caspian + Central Asia,annex / classifieds,"MyMarket.ge — Books, Stationery, Art / Books",site,runtime_gap_bridge_web_2026_04_25_caucasus_central_asia_hardening_sprint,high,"Georgia-wide horizontal buy/sell platform with book listings, including used private-person book ads; annex/classifieds only.",supporting,georgia_mymarket_ge_books_stationery_art_books
Georgia,Caucasus / Caspian + Central Asia,single-store used booksellers,Old Book Story — Tbilisi,site/store,runtime_gap_bridge_web_2026_04_25_caucasus_central_asia_hardening_sprint,medium-high,"Tbilisi second-hand bookstore with rare Georgian/Russian/European-language stock; single-store used-book layer, not marketplace.",used-bookseller,georgia_old_book_story_tbilisi
Georgia,Caucasus / Caspian + Central Asia,single-store used booksellers,Second-hand Book House / Bukinisturi Book House — Tbilisi,site/store,runtime_gap_bridge_web_2026_04_25_caucasus_central_asia_hardening_sprint,medium-high,Emblematic Tbilisi second-hand bookstore with large multilingual inventory; single-store used-book layer.,used-bookseller,georgia_second_hand_book_house_bukinisturi_book_house_tbilisi
Georgia,Caucasus / Caspian + Central Asia,single-store used booksellers,Rare Books Tbilisi — trade-in used bookstore,site/store,runtime_gap_bridge_web_2026_04_25_caucasus_central_asia_hardening_sprint,medium,"Secondhand/rare-book store with a trade-in system; useful circular-book economy signal, but not platform marketplace core.",used-bookseller,georgia_rare_books_tbilisi_trade_in_used_bookstore
Georgia,Caucasus / Caspian + Central Asia,offline / fair / literacy layer,Rustaveli Avenue street book vendors,market,runtime_gap_bridge_web_2026_04_25_caucasus_central_asia_hardening_sprint,medium,Tbilisi street vendors with old-book stock along Rustaveli; offline used-book context rather than digital marketplace.,contextual,georgia_rustaveli_avenue_street_book_vendors
Azerbaijan,Caucasus / Caspian + Central Asia,annex / classifieds,Tap.az — Azerbaijan classifieds / books spillover,site/app,runtime_gap_bridge_web_2026_04_25_caucasus_central_asia_hardening_sprint,medium-high,"Azerbaijan-wide horizontal classifieds app/site for buying/selling; retained as classifieds spillover for book listings, not specialist core.",supporting,azerbaijan_tap_az_azerbaijan_classifieds_books_spillover
Azerbaijan,Caucasus / Caspian + Central Asia,single-store used booksellers,Bukinist.az,site,runtime_gap_bridge_web_2026_04_25_caucasus_central_asia_hardening_sprint,medium-high,"Azerbaijan/Baku online bukinist-style book catalogue with many categories; retained as single-store/used-book layer, not multi-seller marketplace.",used-bookseller,azerbaijan_bukinist_az
Azerbaijan,Caucasus / Caspian + Central Asia,annex / classifieds,Facebook Marketplace Baku — Books,social_marketplace,runtime_gap_bridge_web_2026_04_25_caucasus_central_asia_hardening_sprint,medium-low,Item-level Baku books resale signal on Facebook Marketplace; social classifieds layer only.,supporting,azerbaijan_facebook_marketplace_baku_books
Kazakhstan,Caucasus / Caspian + Central Asia,main universe,ObmenBook — Almaty book exchange/sale platform,site/social_platform,runtime_gap_bridge_web_2026_05_02_pass125_kazakhstan_direct_hardening,high,"Pass125 direct hardening: orgs.biz and Instagram surfaces confirm book-specific exchange/sale/contact flow and current social activity, while The Village describes user-listed exchange/purchase. Retain as strict-main candidate/book-specific social-platform rail; no full promotion to independent marketplace until account/listing/payment mechanics are directly proven.",primary,kazakhstan_obmenbook_almaty_book_exchange_sale_platform
Kazakhstan,Caucasus / Caspian + Central Asia,single-store used booksellers,OldBook.kz / OldBookKz,site,runtime_gap_bridge_web_2026_04_25_caucasus_central_asia_hardening_sprint,high,"Largest online bukinist in Kazakhstan; >10,000-book catalogue in Telegram, weekly additions, detailed condition photos. Single-operator online used-book rail, not open marketplace.",used-bookseller,kazakhstan_oldbook_kz_oldbookkz
Kazakhstan,Caucasus / Caspian + Central Asia,annex / classifieds,OLX.kz — Bukinistika / antique-books category,site,runtime_gap_bridge_web_2026_04_25_caucasus_central_asia_hardening_sprint,high,"Kazakhstan horizontal classifieds with dedicated buikinistika/old-antique-books category and private sellers. Annex/classifieds, not book-specific platform core.",supporting,kazakhstan_olx_kz_bukinistika_antique_books_category
Kazakhstan,Caucasus / Caspian + Central Asia,single-store used booksellers,Bukinist with Nikolsky / Almaty,store,runtime_gap_bridge_web_2026_04_25_caucasus_central_asia_hardening_sprint,medium-high,"Almaty bukinist store documented as selling, accepting, and exchanging books; strong used/consignment store layer, not online marketplace.",used-bookseller,kazakhstan_bukinist_with_nikolsky_almaty
Kazakhstan,Caucasus / Caspian + Central Asia,single-store used booksellers,Dudar Kitap / Almaty used-book consignment node,store,runtime_gap_bridge_web_2026_04_25_caucasus_central_asia_hardening_sprint,medium,Almaty used-book/consignment node mentioned in bukinistika guide; useful single-store/consignment signal.,used-bookseller,kazakhstan_dudar_kitap_almaty_used_book_consignment_node
Uzbekistan,Caucasus / Caspian + Central Asia,annex / classifieds,OLX.uz — Books / Kitoblar-jurnallar,site,runtime_gap_bridge_web_2026_04_25_caucasus_central_asia_hardening_sprint,high,"Uzbekistan horizontal classifieds with searchable books listings, including used English/self-study books and other private listings. Annex/classifieds only.",supporting,uzbekistan_olx_uz_books_kitoblar_jurnallar
Uzbekistan,Caucasus / Caspian + Central Asia,offline / fair / literacy layer,Tashkent Book Market — Buyuk Turon Street,market,runtime_gap_bridge_web_2026_04_25_caucasus_central_asia_hardening_sprint,medium-high,Fixed Tashkent book-market/bookstore surface with user reviews describing a Soviet-smelling old-book market where sellers can locate many books; offline used/context layer.,contextual,uzbekistan_tashkent_book_market_buyuk_turon_street
Uzbekistan,Caucasus / Caspian + Central Asia,single-store used booksellers,Second Hand Books Tashkent,social_store,runtime_gap_bridge_web_2026_04_25_caucasus_central_asia_hardening_sprint,low,Search-visible Tashkent second-hand bookstore/social surface; low-confidence lead retained for future verification.,used-bookseller,uzbekistan_second_hand_books_tashkent
Uzbekistan,Caucasus / Caspian + Central Asia,offline / fair / literacy layer,Tashkent State University of Economics bookstore — second-hand books,institution,runtime_gap_bridge_web_2026_04_25_caucasus_central_asia_hardening_sprint,medium,"University bookstore says it offers second-hand books at reduced prices; institutional used-book access point, not marketplace.",contextual,uzbekistan_tashkent_state_university_of_economics_bookstore_second_hand_books
Kyrgyzstan,Caucasus / Caspian + Central Asia,annex / classifieds,Lalafo Kyrgyzstan — used books/textbooks,site/app,runtime_gap_bridge_web_2026_04_25_caucasus_central_asia_hardening_sprint,high,Kyrgyzstan/Bishkek horizontal marketplace with used textbook/language-book listings and buyer-seller contact mechanics. Annex/classifieds only.,supporting,kyrgyzstan_lalafo_kyrgyzstan_used_books_textbooks
Kyrgyzstan,Caucasus / Caspian + Central Asia,single-store bookstore layer,Raritet BookStore — Bishkek,store,runtime_gap_bridge_web_2026_04_25_caucasus_central_asia_hardening_sprint,medium,"Bishkek bookstore/store-layer anchor with English-book and children’s book stock; useful bookstore layer, not used-book marketplace.",bookstore,kyrgyzstan_raritet_bookstore_bishkek
Kyrgyzstan,Caucasus / Caspian + Central Asia,annex / classifieds,Facebook Marketplace Bishkek — Books,social_marketplace,runtime_gap_bridge_web_2026_04_25_caucasus_central_asia_hardening_sprint,medium-low,Item-level Bishkek book-resale signal on Facebook Marketplace; retained as social classifieds layer.,supporting,kyrgyzstan_facebook_marketplace_bishkek_books
Tajikistan,Caucasus / Caspian + Central Asia,annex / classifieds,Somon.tj — countrywide books and magazines category hardening,site,runtime_gap_bridge_web_2026_04_25_caucasus_central_asia_hardening_sprint,high,Countrywide Somon.tj books/magazines category shows thousands of listings and city counts; reinforces existing Somon annex/classifieds row.,supporting,tajikistan_somon_tj_countrywide_books_and_magazines_category_hardening
Tajikistan,Caucasus / Caspian + Central Asia,weak-fit core,Ubuy Tajikistan — Books,site,runtime_gap_bridge_web_2026_04_25_caucasus_central_asia_hardening_sprint,medium-low,"Import/ecommerce book category for Tajikistan; weak-fit retail only, not local used/recommerce platform.",supporting,tajikistan_ubuy_tajikistan_books
Turkmenistan,Caucasus / Caspian + Central Asia,weak-fit core,Ubuy Turkmenistan — Books,site,runtime_gap_bridge_web_2026_04_25_caucasus_central_asia_hardening_sprint,medium-low,Import/ecommerce book category for Turkmenistan; weak-fit retail only.,supporting,turkmenistan_ubuy_turkmenistan_books
Turkmenistan,Caucasus / Caspian + Central Asia,annex / classifieds,Flagma Turkmenistan — Books and printed materials,site,runtime_gap_bridge_web_2026_04_25_caucasus_central_asia_hardening_sprint,medium,"Horizontal business/classifieds surface with Ashgabat books/printed-materials category; annex/classifieds, not book-specific core.",supporting,turkmenistan_flagma_turkmenistan_books_and_printed_materials
Turkmenistan,Caucasus / Caspian + Central Asia,annex / classifieds,Classi4U Turkmenistan — Books for Sale,site,runtime_gap_bridge_web_2026_04_25_caucasus_central_asia_hardening_sprint,medium,General classifieds site exposing Turkmenistan Books for Sale category; annex/classifieds only.,supporting,turkmenistan_classi4u_turkmenistan_books_for_sale
Turkmenistan,Caucasus / Caspian + Central Asia,single-store bookstore layer,Ashgabat bookstore cluster — Ylym / Mir / Altyn Asyr / Berkarar,store_cluster,runtime_gap_bridge_web_2026_04_25_caucasus_central_asia_hardening_sprint,medium-low,Expat guide lists multiple Ashgabat bookstore/library anchors; store-layer texture only and not used-book/recommerce core.,bookstore,turkmenistan_ashgabat_bookstore_cluster_ylym_mir_altyn_asyr_berkarar
Pakistan,South Asia compact sprint,main universe,Kitabain — online book marketplace,site,runtime_gap_bridge_web_2026_04_25_south_asia_compact_sprint; 2026-04-28_rbm_pass110_pakistan_strict_core_hardening,high,"Pakistan-specific online book marketplace retained high: official site exposes Sell Books/Login/Sign Up, buyer FAQ describes copy-level condition/price/seller comments, checkout/shipping, and 1,400+ pages of active inventory; used/secondhand depth remains a targeted caveat, not a demotion.",primary,pakistan_kitabain_online_book_marketplace
Pakistan,South Asia compact sprint,main universe,Booksecondstory — secondhand books buy/sell platform,site,runtime_gap_bridge_web_2026_04_25_south_asia_compact_sprint; 2026-04-28_rbm_pass110_pakistan_strict_core_hardening,high,"Pakistan secondhand-books buy/sell marketplace retained high: official FAQ and terms confirm individual sellers, vendor/customer account choice, shop URL, direct upload, free listing, commission after sale, condition/photos/price requirements, and refund handling for seller-condition errors.",primary,pakistan_booksecondstory_secondhand_books_buy_sell_platform
Pakistan,South Asia compact sprint,single-store used-bookseller,My Book Bank — Second Hand Books,site,runtime_gap_bridge_web_2026_04_25_south_asia_compact_sprint,medium-high,Curated second-hand books retail category; useful used-book seller signal but not verified as a third-party marketplace.,supporting,pakistan_my_book_bank_second_hand_books
Pakistan,South Asia compact sprint,annex / social resale,Used/New-Books Sale & Purchase Pakistan,facebook_group,runtime_gap_bridge_web_2026_04_25_south_asia_compact_sprint,medium,"Countrywide social buy/sell group for used and new books; annex/social resale, not platform-core.",supporting,pakistan_used_new_books_sale_purchase_pakistan
Pakistan,South Asia compact sprint,annex / social resale,Used Course Books Buy/Sell Point (Pakistan),facebook_group,runtime_gap_bridge_web_2026_04_25_south_asia_compact_sprint,medium,Course-book resale/donation group; useful student-textbook resale signal but social-only.,supporting,pakistan_used_course_books_buy_sell_point_pakistan
Pakistan,South Asia compact sprint,offline / used-book market,Urdu Bazaar Karachi,offline_market,runtime_gap_bridge_web_2026_04_25_south_asia_compact_sprint,medium,"Historic Karachi book market with used and new books; offline/contextual row, not online marketplace core.",supporting,pakistan_urdu_bazaar_karachi
Bangladesh,South Asia compact sprint,main universe,BookCycle — buy/sell old books platform,site,runtime_gap_bridge_web_2026_04_25_south_asia_compact_sprint,medium-high,"Bangladesh platform explicitly described as for buying and selling old books, textbooks, and second-hand educational materials; strict-main candidate, needs direct app hardening because rendered page is sparse.",primary,bangladesh_bookcycle_buy_sell_old_books_platform
Bangladesh,South Asia compact sprint,main universe,Booktionary — buy/sell/exchange textbook platform,site,runtime_gap_bridge_web_2026_04_25_south_asia_compact_sprint,high,"Bangladesh platform whose own about page says students can buy, sell, and exchange books, including trade-in of old textbooks; strict-main candidate.",primary,bangladesh_booktionary_buy_sell_exchange_textbook_platform
Bangladesh,South Asia compact sprint,annex / social resale,Old Book Buy and Sell in BD,facebook_group,runtime_gap_bridge_web_2026_04_25_south_asia_compact_sprint,medium,Bangladesh social group for buying and selling old books; annex/social resale only.,supporting,bangladesh_old_book_buy_and_sell_in_bd
Bangladesh,South Asia compact sprint,annex / social resale,"Books Buy, Exchange and Sell Group (BD)",facebook_group,runtime_gap_bridge_web_2026_04_25_south_asia_compact_sprint,medium,Bangladesh social group for book buy/exchange/sell activity; annex/social resale only.,supporting,bangladesh_books_buy_exchange_and_sell_group_bd
Bangladesh,South Asia compact sprint,offline / used-book market,Nilkhet / Dhaka used-book market seam,offline_market,runtime_gap_bridge_web_2026_04_25_south_asia_compact_sprint,medium-low,"Reddit-local but useful seam note naming Nilkhet and other Dhaka used-book markets; contextual/offline only, needs stronger corroboration.",supporting,bangladesh_nilkhet_dhaka_used_book_market_seam
Bangladesh,South Asia compact sprint,annex / classifieds,Bikroy Bangladesh — general marketplace/classifieds,site,runtime_gap_bridge_web_2026_04_25_south_asia_compact_sprint,medium,Horizontal classifieds/marketplace infrastructure for Bangladesh; preserve as annex only unless a book-specific rail is isolated.,supporting,bangladesh_bikroy_bangladesh_general_marketplace_classifieds
Nepal,South Asia compact sprint,single-store used-bookseller,Books Mandala — Used Books,site,runtime_gap_bridge_web_2026_04_25_south_asia_compact_sprint; runtime_gap_bridge_web_2026_05_03_pass136_nepal_hardening,medium-high,"Direct pass136 check confirms Books Mandala has dedicated Used Books quick link/category for second-hand books. Retained as single-store/retail used-book layer, not open marketplace.",supporting,nepal_books_mandala_used_books
Nepal,South Asia compact sprint,annex / social resale,2nd Hand Books Buy/Sell in Nepal,facebook_group,runtime_gap_bridge_web_2026_04_25_south_asia_compact_sprint,medium,Nepal social group allowing members to post books for sale/buying; annex/social resale.,supporting,nepal_2nd_hand_books_buy_sell_in_nepal
Nepal,South Asia compact sprint,annex / social resale,Second hand Books Buy and Sell Group Nepal,facebook_group,runtime_gap_bridge_web_2026_04_25_south_asia_compact_sprint,medium,Nepal second-hand book buy/sell group; annex/social resale.,supporting,nepal_second_hand_books_buy_and_sell_group_nepal
Nepal,South Asia compact sprint,main universe,Sasto Kitab — local buy/sell/donate platform,site,runtime_gap_bridge_web_2026_04_25_south_asia_compact_sprint; runtime_gap_bridge_web_2026_05_03_pass136_nepal_hardening,high,"Direct and blog evidence now show Sasto Kitab as Nepal free platform with category counts, local buy/sell/exchange language, second-hand book seller guide, and visible listings/prices. Retained strict main.",primary,nepal_sasto_kitab_local_buy_sell_donate_platform
Nepal,South Asia compact sprint,main universe,Sasto Kitab app surface — buy/sell/exchange locally,site,runtime_gap_bridge_web_2026_04_25_south_asia_compact_sprint; runtime_gap_bridge_web_2026_05_03_pass136_nepal_hardening,medium-high,"Retained as supporting Sasto app-surface/mechanics row. Direct pass136 source evidence focused on root and blog; app still functions as mechanics support, not a distinct platform.",supporting,nepal_sasto_kitab_app_surface_buy_sell_exchange_locally
Sri Lanka,South Asia compact sprint,main universe,BookExchange.lk — buy/sell/exchange used books platform,site,runtime_gap_bridge_web_2026_04_25_south_asia_compact_sprint,high,"Promotion/hardening row: Sri Lanka platform for buying, selling, or exchanging used books with wanted ads, smart-match, registration/login, and local user posting flow.",primary,sri_lanka_bookexchange_lk_buy_sell_exchange_used_books_platform
Sri Lanka,South Asia compact sprint,main universe,BookSwap.lk — used book exchange/sell platform,site,runtime_gap_bridge_web_2026_04_25_south_asia_compact_sprint,high,"Free Sri Lanka used-book exchange/sell platform with registration/login, add-book flow, and current listings; strict-main candidate.",primary,sri_lanka_bookswap_lk_used_book_exchange_sell_platform
Sri Lanka,South Asia compact sprint,main universe,2ndhandbooks.lk — used-books marketplace,site,runtime_gap_bridge_web_2026_04_25_south_asia_compact_sprint,high,"Sri Lanka used-books marketplace with physical stores, online inventory, buying/selling language, and auction/cart/account features; strict-main candidate, though marketplace vs curated inventory should be hardened.",primary,sri_lanka_2ndhandbooks_lk_used_books_marketplace
Sri Lanka,South Asia compact sprint,annex / social resale,Book Swap Colombo,facebook_group,runtime_gap_bridge_web_2026_04_25_south_asia_compact_sprint,medium-high,"Large Sri Lankan social group where members swap, buy, and sell books; annex/social resale, not platform-core.",supporting,sri_lanka_book_swap_colombo
Sri Lanka,South Asia compact sprint,single-store used-bookseller,Preloved Books LK,social_store,runtime_gap_bridge_web_2026_04_25_south_asia_compact_sprint,medium,Sri Lanka pre-loved books social-store with island-wide delivery; single-seller used-bookseller row.,supporting,sri_lanka_preloved_books_lk
Sri Lanka,South Asia compact sprint,single-store used-bookseller,Books4Life.lk — Second Hand Books,site,runtime_gap_bridge_web_2026_04_25_south_asia_compact_sprint,medium-high,"Sri Lanka online shop category for second-hand books; single-store used-book retail layer, not marketplace core.",supporting,sri_lanka_books4life_lk_second_hand_books
Maldives,South Asia compact sprint,annex / classifieds,Facebook Marketplace Malé — Books,marketplace_category,runtime_gap_bridge_web_2026_04_25_south_asia_compact_sprint,medium-high,"Malé Facebook Marketplace books category explicitly exposes new and used books; general/social marketplace annex, not book-specific core.",supporting,maldives_facebook_marketplace_mal_books
Maldives,South Asia compact sprint,single-store used-bookseller,Zyga Books — new and used books,site/social_store,runtime_gap_bridge_web_2026_04_25_south_asia_compact_sprint,high,"Maldives online bookstore with new and used books, 250+ preloved books, and delivery across Malé/Hulhumalé/boats; single-store/curated, not strict marketplace.",supporting,maldives_zyga_books_new_and_used_books
Maldives,South Asia compact sprint,single-store used-bookseller,Thriftbooks.mv,social_store,runtime_gap_bridge_web_2026_04_25_south_asia_compact_sprint,medium,Maldives second-hand books social-store; delivery within Malé/Hulhumalé and book donation framing; single-store/social seller.,supporting,maldives_thriftbooks_mv
Maldives,South Asia compact sprint,single-store used-bookseller,Baraveli Books,facebook_page,runtime_gap_bridge_web_2026_04_25_south_asia_compact_sprint,medium,Maldives pre-owned/pre-loved books seller with Greater Malé pickup/free delivery framing; single-store/social seller.,supporting,maldives_baraveli_books
Maldives,South Asia compact sprint,annex / social resale,Used Books & Toys — Maldives,facebook_group,runtime_gap_bridge_web_2026_04_25_south_asia_compact_sprint,medium,Maldives used-books/toys social group; annex/social resale.,supporting,maldives_used_books_toys_maldives
Maldives,South Asia compact sprint,single-store bookstore layer,Avasbay Maldives online bookstore directory,directory,runtime_gap_bridge_web_2026_04_25_south_asia_compact_sprint,medium,"Directory of Malé/Hulhumalé online bookstores, including Thriftbooks.mv and other book sellers; bookstore discovery layer.",supporting,maldives_avasbay_maldives_online_bookstore_directory
India,South Asia dedicated sprint,main universe,BookFlow — direct buy/sell used-books marketplace,site,runtime_gap_bridge_web_2026_04_25_india_pass71_dedicated_sprint,high,India-specific used-book marketplace that says it does not stock inventory and connects buyers and sellers directly; strong strict-main candidate. Pass85 added current mechanics/active-source hardening evidence.,primary,india_bookflow_direct_buy_sell_used_books_marketplace
India,South Asia dedicated sprint,main universe,Clankart — student-to-student used-book marketplace,site,runtime_gap_bridge_web_2026_04_25_india_pass71_dedicated_sprint; 2026-04-26_runtime_gap_bridge_pass95_india_seller_mechanics_conflict_cleanup,high,"Pass95 hardening: official page shows live listings, post-ad flow, seller-set price, My Ads/My Selling Orders controls, UPI/bank payout, and payment/delivery; remains high strict-candidate.",primary,india_clankart_student_to_student_used_book_marketplace
India,South Asia dedicated sprint,main universe,BookMandee — local buy/sell/donate old-books marketplace,site,runtime_gap_bridge_web_2026_04_25_india_pass71_dedicated_sprint; 2026-04-26_runtime_gap_bridge_pass95_india_seller_mechanics_conflict_cleanup,high,"Pass95 hardening: official page supports free/unlimited book-ad posting, seller-set price, direct buyer chat, and no-middleman sale flow; remains high strict-candidate.",primary,india_bookmandee_local_buy_sell_donate_old_books_marketplace
India,South Asia dedicated sprint,main universe,NearBook — hyper-local used-books app,app,runtime_gap_bridge_web_2026_04_25_india_pass71_dedicated_sprint; 2026-04-26_runtime_gap_bridge_pass95_india_seller_mechanics_conflict_cleanup,high,"Pass95 hardening: current Play listing supports India hyper-local used-books marketplace with buy/sell/donate, photo listing, seller-set price, direct buyer contact, and commission-free operation; remains high strict-candidate.",primary,india_nearbook_hyperlocal_used_books_app
India,South Asia dedicated sprint,main universe,Askitab — local second-hand-books marketplace,site,runtime_gap_bridge_web_2026_04_25_india_pass71_dedicated_sprint,high,Askitab describes itself as a local marketplace to buy and sell second-hand books in India and discover used books nearby; strict-main candidate. Pass85 added current mechanics/active-source hardening evidence.,primary,india_askitab_local_second_hand_books_marketplace
India,South Asia dedicated sprint,main universe,ShelfSwap — used academic-books marketplace,site,runtime_gap_bridge_web_2026_04_25_india_pass71_dedicated_sprint; 2026-04-26_runtime_gap_bridge_pass95_india_seller_mechanics_conflict_cleanup,high,Pass95 hardening: official current ShelfSwap page supports India used-academic-books marketplace connecting students who sell used books with buyers; raise to high strict-candidate while preserving academic-textbook scope.,primary,india_shelfswap_used_academic_books_marketplace
India,South Asia dedicated sprint,main universe,UsedBooksFactory — multi-vendor second-hand-books marketplace,site,runtime_gap_bridge_web_2026_04_25_india_pass71_dedicated_sprint,high,UsedBooksFactory says it aggregates multiple old-book vendors and includes other second-hand book sellers as part of its marketplace; strict-main candidate.,primary,india_usedbooksfactory_multivendor_second_hand_books_marketplace
India,South Asia dedicated sprint,main universe,BookChor seller portal — second-hand books selling platform,site,runtime_gap_bridge_web_2026_04_25_india_pass71_dedicated_sprint,medium-high,"BookChor has a seller portal describing listing, seller signup, exposure, and secure payment for second-hand book sellers; strict-main candidate but retailer/marketplace hybrid needs future hardening.",primary,india_bookchor_seller_portal_second_hand_books_platform
India,South Asia dedicated sprint,main universe,BookBazar — old-books buy/sell marketplace,site,runtime_gap_bridge_web_2026_04_25_india_pass71_dedicated_sprint,medium,BookBazar describes itself as an India marketplace for buying and selling second-hand/old books; medium-confidence strict candidate pending mechanics hardening.,primary,india_bookbazar_old_books_buy_sell_marketplace
India,South Asia dedicated sprint,main universe,BooksYa — buy/sell/rental/wanted used-books surface,site,runtime_gap_bridge_web_2026_04_25_india_pass71_dedicated_sprint; 2026-04-26_runtime_gap_bridge_pass95_india_seller_mechanics_conflict_cleanup,high,"Pass95 hardening: official current BooksYa home page supports buy/sell old books in India, city/local discovery, free listing, direct buyer-seller connection, no middleman, and no-login/unlimited-ad mechanics; raise to high strict-candidate.",primary,india_booksya_buy_sell_rental_wanted_used_books_surface
India,South Asia dedicated sprint,weak-fit core,Pustakkosh — used/second-hand books and rental/buyback store,site,runtime_gap_bridge_web_2026_04_25_india_pass71_dedicated_sprint,medium-high,"Pustakkosh has used/second-hand book inventory and sell-books/rental language, but current evidence reads more like store/rental/buyback than verified third-party marketplace; keep weak-fit.",supporting,india_pustakkosh_used_books_rental_buyback_store
India,South Asia dedicated sprint,offline / fair / literacy layer,MyPustak — donated/free used-books social-cause platform,site,runtime_gap_bridge_web_2026_04_25_india_pass71_dedicated_sprint,high,"MyPustak connects donated/unwanted books to readers and offers quality-assured free/used books; important recommerce/literacy layer, not a seller marketplace.",supporting,india_mypustak_donated_free_used_books_social_cause_platform
India,South Asia dedicated sprint,weak-fit core,Sell My Book / Hashkrio — student-to-student bookstore product surface,site,runtime_gap_bridge_web_2026_04_25_india_pass71_dedicated_sprint,medium,"Hashkrio product page describes Sell My Book as an intercommunity student-to-student bookstore for buying/selling used books, but live operational surface needs hardening; weak-fit/revisit.",supporting,india_sell_my_book_hashkrio_student_to_student_surface
India,South Asia dedicated sprint,main universe,ResellPanda — student pre-owned books marketplace beta surface,site,runtime_gap_bridge_web_2026_04_25_india_pass71_dedicated_sprint; 2026-04-25_runtime_gap_bridge_pass83_india_exchange_app_and_saturation_hardening || runtime_gap_bridge_web_2026_05_02_pass128_india_residual_apps || runtime_gap_bridge_web_2026_05_02_pass129_india_second_residual_app_storefront_hardening,high,"Reclassified from weak-fit beta surface to strict-candidate main universe after secondary appstore proof documented India old-book buy/sell, upload photos, local deals, fast chat, no commission, and student-marketplace positioning; official Play/site proof still required. Pass97 official-site hardening raised confidence to medium-high; active inventory/domain-stability revisit retained. || Pass128 recheck: APKPure/site evidence supports India student old-book buy/sell with instant listings/chat/local deals; retain medium-high pending official live inventory. || Pass129: official site supports 50,000+ students across India, verified sellers and secure payments; upgrade to high strict-candidate but keep live-inventory/official-Play follow-up.",strict-candidate main universe; appstore-secondary only; official-surface revisit,india_resellpanda_student_preowned_books_beta_surface
India,South Asia dedicated sprint,single-store used booksellers,BookChor — used/preloved books retail surface,site,runtime_gap_bridge_web_2026_04_25_india_pass71_dedicated_sprint,high,BookChor retail surface has large used-books inventory and pre-loved discounts; record separate from seller portal as retail/hybrid texture.,supporting,india_bookchor_used_preloved_books_retail_surface
India,South Asia dedicated sprint,single-store used booksellers,Kitabay — new and pre-loved books online bookstore,site,runtime_gap_bridge_web_2026_04_25_india_pass71_dedicated_sprint,medium-high,Kitabay describes itself as a sustainable online bookstore with new releases and treasured pre-loved books; single-store used/preloved layer.,supporting,india_kitabay_new_and_preloved_books_online_bookstore
India,South Asia dedicated sprint,single-store used booksellers,Best Of Used Books — used/second-hand books online store,site,runtime_gap_bridge_web_2026_04_25_india_pass71_dedicated_sprint,medium-high,Best Of Used Books says it buys and sells used/second-hand/old books online; single-store used-bookseller unless marketplace mechanics are later verified.,supporting,india_best_of_used_books_online_store
India,South Asia dedicated sprint,single-store used booksellers,Old Book Depot — used/old books online store,site,runtime_gap_bridge_web_2026_04_25_india_pass71_dedicated_sprint,medium,Old Book Depot is an online used/old/new books store; single-store used-bookseller layer.,supporting,india_old_book_depot_used_old_books_online_store
India,South Asia dedicated sprint,single-store used booksellers,UsedBookR — second-hand books online store,site,runtime_gap_bridge_web_2026_04_25_india_pass71_dedicated_sprint,medium,UsedBookR presents affordable new/used second-hand books online in India; single-store used-bookseller layer.,supporting,india_usedbookr_second_hand_books_online_store
India,South Asia dedicated sprint,single-store used booksellers,Second Hand Books India — online second-hand books store,site,runtime_gap_bridge_web_2026_04_25_india_pass71_dedicated_sprint,medium-high,Second Hand Books India states it is an online store for second-hand books in India serving customers since 2004; single-store used-bookseller layer.,supporting,india_second_hand_books_india_online_store
India,South Asia dedicated sprint,single-store used booksellers,99Bookscart — online cheap/used book deals surface,site,runtime_gap_bridge_web_2026_04_25_india_pass71_dedicated_sprint,medium-low,"99Bookscart appears as an online book-deals/used-books surface, but marketplace mechanics and authenticity concerns require caution; keep single-store/weak until hardened.",supporting,india_99bookscart_online_used_book_deals_surface
India,South Asia dedicated sprint,annex / classifieds,OLX India — books classifieds category,site,runtime_gap_bridge_web_2026_04_25_india_pass71_dedicated_sprint,high,"OLX provides buy/sell second-hand books listings in India; horizontal classifieds annex only, not strict book-specific core.",supporting,india_olx_books_classifieds_category
India,South Asia dedicated sprint,annex / classifieds,Quikr — used books and magazines category,site,runtime_gap_bridge_web_2026_04_25_india_pass71_dedicated_sprint,high,Quikr has used/second-hand books and magazines categories; horizontal classifieds/marketplace annex only.,supporting,india_quikr_used_books_magazines_category
India,South Asia dedicated sprint,annex / classifieds,Flipkart — individual second-hand/old book listings,site,runtime_gap_bridge_web_2026_04_25_india_pass71_dedicated_sprint,medium,"Flipkart surfaces individual second-hand/old book product listings; horizontal ecommerce annex only, not book-specific used marketplace core.",supporting,india_flipkart_second_hand_old_book_listings
India,South Asia dedicated sprint,offline / fair / literacy layer,Daryaganj Sunday Book Market — Delhi used-book market seam,offline_market,runtime_gap_bridge_web_2026_04_25_india_pass71_dedicated_sprint,medium-high,"Daryaganj/Mahila Haat Sunday book market remains major offline/contextual used-book infrastructure, with piracy/legality watch item; not online strict core.",supporting,india_daryaganj_sunday_book_market_offline_used_books_seam
India,South Asia,main universe,BookStand — used-bookshop storefront marketplace,site,runtime_gap_bridge_web_2026_04_25_india_pass72_online_app_surface; 2026-04-26_runtime_gap_bridge_pass95_india_seller_mechanics_conflict_cleanup,high,"Pass95 hardening: official pages support India-only used-bookshop marketplace, branded storefronts, seller tools, ISBN lookup, condition grading, UPI/cards/COD, local meetup, shipping, and CSV import; remains high strict-candidate.",core,india_bookstand_used_bookshop_storefront_marketplace
India,South Asia,main universe,PustakStore — local buy/sell second-hand-books marketplace,site,runtime_gap_bridge_web_2026_04_25_india_pass72_online_app_surface,high,"Official site documents seller listing, buyer discovery of used books from local sellers, payment hold, seller wallet payout, and delivery flow; strong strict-main fit.",core,india_pustakstore_local_buy_sell_second_hand_books_marketplace
India,South Asia,main universe,Bookaao — rent/buy/sell textbooks hyperlocal marketplace,site,runtime_gap_bridge_web_2026_04_25_india_pass72_online_app_surface; 2026-04-26_runtime_gap_bridge_pass95_india_seller_mechanics_conflict_cleanup || runtime_gap_bridge_web_2026_05_02_pass129_india_second_residual_app_storefront_hardening,high,"Pass95 hardening: current search/live-snippet evidence continues to support cross-India buy/sell quality-checked second-hand textbooks and seller pickup/delivery language, but root is bot-gated in static capture; retain high with caveat. || Pass129: official site supports money held until delivery confirmation and free doorstep collection; retain high strict-candidate.",core,india_bookaao_rent_buy_sell_textbooks_hyperlocal_marketplace
India,South Asia,main universe,Padhaiseekers — educational-material buy/sell/donate marketplace app,app,runtime_gap_bridge_web_2026_04_25_india_pass72_online_app_surface,medium-high,"App Store listing describes an online classified marketplace for educational material with ads to sell/donate textbooks, notes, guidebooks, and exam material; book-specific enough for strict-main candidate lane.",core,india_padhaiseekers_educational_material_buy_sell_donate_marketplace_app
India,South Asia,main universe,BookHub — student used-book and bookstore-vendor platform,site,runtime_gap_bridge_web_2026_04_25_india_pass72_online_app_surface,high,"Official site shows old-book listings, used-book selling steps, bookstore registration, catalog upload, and vendor plans; strict-main candidate with both student and vendor rails.",core,india_bookhub_student_used_book_bookstore_vendor_platform
India,South Asia,main universe,BookMamu — used/new books marketplace app,app,runtime_gap_bridge_web_2026_04_25_india_pass72_online_app_surface; 2026-04-26_runtime_gap_bridge_pass94_india_exact_site_roster_recovery,high,"Google Play current listing verifies BookMamu as an India book marketplace connecting buyers/sellers across the country, with used/new book selling, direct chat/negotiation, verified buyers/sellers, local/nationwide reach, India developer address, and Apr. 2026 update; confidence raised to high for strict-candidate app rail.",strict-candidate main universe; official Play current; India developer metadata; active scale revisit,india_bookmamu_used_new_books_marketplace_app
India,South Asia,main universe,ReRead — used-books listing and fulfillment marketplace,site,runtime_gap_bridge_web_2026_04_25_india_pass72_online_app_surface,high,"Official site asks sellers to list used books, set a price, receive buyer interest across India, and says it handles delivery and payment when books sell; strict-main candidate.",core,india_reread_used_books_listing_fulfillment_marketplace
India,South Asia,main universe,AntqCart vendor program — second-hand books marketplace,site,runtime_gap_bridge_web_2026_04_25_india_pass72_online_app_surface,medium-high,"Official vendor page calls AntqCart a marketplace dedicated to second-hand books and invites readers, collectors, second-hand bookstore owners, and students to register as vendors and list books.",core,india_antqcart_vendor_program_second_hand_books_marketplace
India,South Asia,main universe,Book Mitra — buy/sell/donate second-hand-books app,app,runtime_gap_bridge_web_2026_04_25_india_pass72_online_app_surface; 2026-04-26_runtime_gap_bridge_pass94_india_exact_site_roster_recovery,medium-high,"Official Google Play listing now verifies Book Mitra as a marketplace for buying, selling, and donating pre-owned books, with listing management and direct WhatsApp/call buyer contact; confidence raised from prior third-party-only surface to medium-high, while active inventory scale still needs revisit.",strict-candidate main universe; official Play current; active inventory/user-density revisit,india_book_mitra_buy_sell_donate_second_hand_books_app
India,South Asia,main universe,PustakMart — buy/sell/donate second-hand-books platform,site,runtime_gap_bridge_web_2026_04_25_india_pass72_online_app_surface || runtime_gap_bridge_web_2026_05_02_pass128_india_residual_apps || runtime_gap_bridge_web_2026_05_02_pass129_india_second_residual_app_storefront_hardening,medium-high,"Pass75 controlled reclassification from weak-fit: official surface says it is a platform for buying, selling, and donating second-hand books in India, with login/signup and Sell Now entry point. Keep seller-flow mechanics in revisit queue; do not overstate beyond strict-candidate core. || Pass128 recheck: buy/sell/donate second-hand books remain supported; managed pickup/verification caveat retained. || Pass129: FAQ clarifies managed flow: sell-form, pickup, verification and payment; recommerce retained but not open P2P/high.",core,india_pustakmart_buy_sell_donate_second_hand_books_platform
India,South Asia,single-store used booksellers,Bookish Santa — pre-loved books retail/buyback surface,site,runtime_gap_bridge_web_2026_04_25_india_pass72_online_app_surface,high,Pre-loved books seller with buyback/retail model and authenticity framing; useful India used-book actor but not strict marketplace because seller identity/storefront rails are not visible.,supporting,india_bookish_santa_preloved_books_retail_buyback_surface
India,South Asia,annex / classifieds,SecondHandBazaar — horizontal classifieds with books category signal,site,runtime_gap_bridge_web_2026_04_25_india_pass72_online_app_surface,high,Horizontal classifieds marketplace explicitly includes books among many used-product categories; useful annex but excluded from strict main universe under book-specific boundary.,supporting,india_secondhandbazaar_horizontal_classifieds_books_signal
India,South Asia,offline / fair / literacy layer,College Street / Boipara — Kolkata second-hand book market,offline_market,runtime_gap_bridge_web_2026_04_25_india_pass73_city_offline_layer,high,"Large Kolkata book district and second-hand market; major offline context layer, not online strict core.",context,india_college_street_boipara_kolkata_second_hand_book_market
India,South Asia,offline / fair / literacy layer,Flora Fountain / Fort — Mumbai second-hand book market,offline_market,runtime_gap_bridge_web_2026_04_25_india_pass73_city_offline_layer,medium-high,Mumbai second-hand book market context seam; offline market only.,context,india_flora_fountain_fort_mumbai_second_hand_book_market
India,South Asia,offline / fair / literacy layer,Avenue Road — Bengaluru academic/used-book market,offline_market,runtime_gap_bridge_web_2026_04_25_india_pass73_city_offline_layer,medium-high,Bengaluru academic book-market seam where old books can be sold; offline context only.,context,india_avenue_road_bengaluru_academic_used_book_market
India,South Asia,offline / fair / literacy layer,Moore Market — Chennai second-hand book market,offline_market,runtime_gap_bridge_web_2026_04_25_india_pass73_city_offline_layer,medium-high,"Chennai market known for second-hand books across college texts, comics, fiction, non-fiction, classics, biographies, and periodicals; offline context only.",context,india_moore_market_chennai_second_hand_book_market
India,South Asia,offline / fair / literacy layer,Koti and Abids — Hyderabad Sunday/used-book market seam,offline_market,runtime_gap_bridge_web_2026_04_25_india_pass73_city_offline_layer,medium-high,"Hyderabad book-market seam, including Sunday market behavior and academic books; offline context only.",context,india_koti_abids_hyderabad_sunday_used_book_market_seam
India,South Asia,offline / fair / literacy layer,Appa Balwant Chowk — Pune book-market seam,offline_market,runtime_gap_bridge_web_2026_04_25_india_pass73_city_offline_layer,medium,Pune book-market seam listed among major Indian book markets; offline context pending more used-book-specific hardening.,context,india_appa_balwant_chowk_pune_book_market_seam
India,South Asia,offline / fair / literacy layer,Nai Sarak — Old Delhi student-textbook market seam,offline_market,runtime_gap_bridge_web_2026_04_25_india_pass73_city_offline_layer,medium-high,"Old Delhi school/college textbook market adjacent to Daryaganj; offline academic textbook context, not strict online core.",context,india_nai_sarak_old_delhi_student_textbook_market_seam
India,South Asia,main universe,BookLane — buy/sell second-hand-books app,app/site,runtime_gap_bridge_web_2026_04_25_india_pass74_strict_app_hardening || runtime_gap_bridge_web_2026_05_02_pass128_india_residual_apps || runtime_gap_bridge_web_2026_05_02_pass129_india_second_residual_app_storefront_hardening,high,"Official Google Play listing says BookLane lets readers buy and sell books, browse pre-owned textbooks/novels/exam guides, list old books with details/images, and chat directly with buyers/sellers. Strong strict-main app candidate. || Pass128 recheck: Google Play confirms buy/sell pre-owned books, listing and direct chat mechanics; retain high strict-candidate. || Pass129: Play plus LinkedIn/Instagram activity support active pre-owned book buy/sell app; retain high strict-candidate.",core,india_booklane_buy_sell_second_hand_books_app
India,South Asia,main universe,BookLal — buy/sell used-books app,app,runtime_gap_bridge_web_2026_04_25_india_pass74_strict_app_hardening; 2026-04-26_runtime_gap_bridge_pass94_india_exact_site_roster_recovery; 2026-04-26_runtime_gap_bridge_pass95_india_seller_mechanics_conflict_cleanup; 2026-04-26_runtime_gap_bridge_pass96_india_booklal_country_scope_correction; 2026-04-26_runtime_gap_bridge_pass100_india_hybrid_boundary_consolidation; 2026-04-27_runtime_gap_bridge_pass101_india_residue_closure_exit_readiness || runtime_gap_bridge_web_2026_05_02_pass128_india_residual_apps || runtime_gap_bridge_web_2026_05_02_pass129_india_second_residual_app_storefront_hardening,medium-high,"Pass101 closure: keep BookLal in India strict-candidate main universe, medium-high. Indus Appstore remains decisive India-scope evidence, explicitly calling BookLal a used-books marketplace in India with same-city buyer visibility and in-app chat. Google Play/AppBrain now clearly carry U.S./USA wording while also showing active mechanics, Apr. 18 2026 update, 100K+/150K download scale, and recent usage; treat this as a localization/market-target caveat, not a demotion. Safety/review caveats retained. || Pass128 recheck: Google Play now frames BookLal as United States-focused; preserve India-scoped Indus/Appstore evidence as decisive basis and keep medium-high localization caveat. || Pass129: current Play/AppBrain show mechanics/scale but US wording; Indus says India. Retain medium-high India row with explicit country-boundary caveat.",strict-candidate main universe; India-scope confirmed by Indus; Play/AppBrain U.S. localization caveat retained but non-demotional,india_booklal_buy_sell_used_books_app
India,South Asia,weak-fit core,ChennaiUsedBooks — Chennai used-books seller-partner aggregator,site,runtime_gap_bridge_web_2026_04_25_india_pass74_weakfit_hardening,medium-high,"Official site says ChennaiUsedBooks re-organizes Moore Market/Luz Corner-type second-hand supply by partnering with sellers across Chennai, collecting used books, checking quality, and delivering across India. Useful weak-fit/aggregator row, not open strict marketplace proof.",adjacent,india_chennaiusedbooks_seller_partner_aggregator
India,South Asia,annex / classifieds,KOKAN Marketplace — local buy/sell app with used-books category signal,app,runtime_gap_bridge_web_2026_04_25_india_pass75_annex_control,low-medium,Google Play listing describes a horizontal local buy/sell marketplace in India whose examples include used books. Record as classifieds annex only; not book-specific strict core.,annex,india_kokan_marketplace_used_books_category_signal
India,South Asia,annex / classifieds,Ragman — horizontal local used-goods marketplace with used-books signal,app/site,runtime_gap_bridge_web_2026_04_25_india_pass75_annex_control,low,F6S profile frames Ragman as an India local buy/sell used-goods marketplace with used books among many categories. Record as horizontal annex only; no book-specific strict-core promotion.,annex,india_ragman_used_books_category_signal
India,South Asia,offline / fair / literacy layer,Chennai Book Fair used-books stall seam,fair_market,runtime_gap_bridge_web_2026_04_25_india_pass75_offline_fair_layer,medium-high,"January 2026 reporting describes Chennai Book Fair stalls featuring used books at steep discounts and strong crowds. Add as fair/offline context only, not online marketplace core.",context,india_chennai_book_fair_used_books_stall_seam
India,South Asia dedicated sprint,main universe,MyOldBooks — local buy/sell used-books app,app,runtime_gap_bridge_web_2026_04_25_india_pass76_77_app_marketplace_hardening || runtime_gap_bridge_web_2026_05_02_pass128_india_residual_apps || runtime_gap_bridge_web_2026_05_02_pass129_india_second_residual_app_storefront_hardening,high,"Official Google Play listing presents a local online marketplace for buying and selling used books, with seller upload/photo/category flow, nearby discovery, direct chat, no middleman, and India developer address. || Pass128 recheck: Play support metadata remains live; keep high strict app evidence but support-site depth is still a targeted follow-up. || Pass129: Play listing confirms login, sell upload, nearby search, seller chat and academic/exam categories; retain high.",core,india_myoldbooks_local_buy_sell_used_books_app
India,South Asia dedicated sprint,main universe,ReSell Books — nearby used-books chat marketplace app,app,runtime_gap_bridge_web_2026_04_25_india_pass76_77_app_marketplace_hardening; 2026-04-26_runtime_gap_bridge_pass98_india_active_inventory_mechanics_hardening; 2026-04-26_runtime_gap_bridge_pass100_india_hybrid_boundary_consolidation; 2026-04-27_runtime_gap_bridge_pass101_india_residue_closure_exit_readiness,medium-high,"Pass101 closure: retain medium-high, not high. Google Play remains strong for strict mechanics (nearby old/used-book marketplace, city/locality users, direct chat, distance search, no-middleman language, India developer address), but AppBrain now confirms only ~1K total downloads, 81 recent downloads, no ratings, and a not-recently-updated warning; APKPure shows a 2024 APK update but not enough active user/listing depth. Keep as strict-candidate with low-scale/dormant telemetry caveat.",app-first; nearby used-books marketplace; direct chat; India developer; low-scale/dormant telemetry caveat,india_resell_books_nearby_used_books_chat_marketplace_app
India,South Asia dedicated sprint,main universe,BookLoop — used-books nearby marketplace app,app,runtime_gap_bridge_web_2026_04_25_india_pass76_77_app_marketplace_hardening,high,"Official Google Play listing describes a location-based marketplace for buying, selling, exchanging, and sharing used books near users, active in Bangalore and Mangalore, with direct buyer/seller connection and no middlemen.",core,india_bookloop_used_books_nearby_marketplace_app
India,South Asia dedicated sprint,weak-fit core,Bookwise — academic new/second-hand books buy-sell platform,site/app,runtime_gap_bridge_web_2026_04_25_india_pass76_77_app_marketplace_hardening,medium,"LinkedIn and app/archive traces describe a dedicated platform for college and school students to buy and sell new and second-hand academic books, with doorstep delivery/pickup; current live official surface needs recovery before strict promotion.",adjacent,india_bookwise_academic_new_second_hand_books_buy_sell_platform
India,South Asia dedicated sprint,single-store used booksellers,DUMP / BookChor reverse-logistics sell-used-books app,app,runtime_gap_bridge_web_2026_04_25_india_pass76_77_app_marketplace_hardening,medium-high,"BookChor-linked reverse-logistics app lets readers sell used books to BookChor with doorstep pickup; important buyback/recommerce layer, but not a third-party seller marketplace.",supporting,india_dump_bookchor_reverse_logistics_sell_used_books_app
India,South Asia dedicated sprint,annex / classifieds,Zutilo — Gujarat local marketplace with used-books selling guides,site,runtime_gap_bridge_web_2026_04_25_india_pass76_77_app_marketplace_hardening,medium-high,"Horizontal Gujarat local marketplace with direct local selling, zero-commission, and explicit used-books selling guides/categories; annex/classifieds only, not book-specific strict core.",annex,india_zutilo_gujarat_local_marketplace_used_books_guides
India,South Asia dedicated sprint,main universe,Sell My Books — buy/sell used-books app,app,runtime_gap_bridge_web_2026_04_25_india_pass78_79_secondary_marketplace_hardening,high,"Official Google Play listing supports strict-main fit: used-book marketplace, seller listing/upload flow, buyer search, seller ratings, secure payment, direct buyer/seller chat, updated Mar 2026, India developer metadata.",strict_candidate; app-first used-books marketplace; seller listings; chat; secure payment; India developer,india_sell_my_books_buy_sell_used_books_app
India,South Asia dedicated sprint,main universe,ReuseBooks / Buy & Sell Old Books — city/school used-books app,app/site,runtime_gap_bridge_web_2026_04_25_india_pass78_79_secondary_marketplace_hardening || runtime_gap_bridge_web_2026_05_02_pass128_india_residual_apps,high,"Official site and Play listing support strict-main fit: users upload old books/free or paid listings, search by city/school/college/category, chat directly with buyers/sellers, and finalize deals without commissions. Pass85 added current mechanics/active-source hardening evidence. || Pass128 recheck: Google Play supports map-based city/school/college old-book listings; retain high strict-candidate.",strict_candidate; school/college/city used-books discovery; direct buyer-seller chat; no commission; India developer,india_reusebooks_buy_sell_old_books_city_school_used_books_app
India,South Asia dedicated sprint,main universe,BooksPie — bookstore/used-books marketplace app,app,runtime_gap_bridge_web_2026_04_25_india_pass78_79_secondary_marketplace_hardening; 2026-04-26_runtime_gap_bridge_pass95_india_seller_mechanics_conflict_cleanup; 2026-04-26_runtime_gap_bridge_pass100_india_hybrid_boundary_consolidation; 2026-04-27_runtime_gap_bridge_pass101_india_residue_closure_exit_readiness,high,"Pass101 sanity check: no change from pass100. High strict-candidate retained with hybrid/storefront caveat. Official/Play evidence supports listing second-hand used books to a marketplace and buying/selling used/second-hand books nearby; bookstore/request-book/stocking language remains a boundary caveat, not a demotion.",strict-candidate main universe; hybrid bookstore plus active used-book marketplace; nearby second-hand books; India developer,india_bookspie_bookstore_used_books_marketplace_app
India,South Asia dedicated sprint,main universe,Kitabwalah — city-based used-books marketplace,site,runtime_gap_bridge_web_2026_04_25_india_pass78_79_secondary_marketplace_hardening; 2026-04-26_runtime_gap_bridge_pass98_india_active_inventory_mechanics_hardening,high,"Pass98 hardening: Start Selling/Buy Books/Login account flow, secure payments, verified sellers, live featured listings with condition/price/city, low but present inventory counts, and 2026 contact/footer surface. Raise to high strict-candidate while retaining low-inventory growth/status caveat.",strict_candidate; city-based used-books marketplace; verified sellers; doorstep delivery; live low-inventory signal,india_kitabwalah_city_based_used_books_marketplace
India,South Asia dedicated sprint,annex / classifieds,Grid — campus marketplace with used textbook category,app,runtime_gap_bridge_web_2026_04_25_india_pass78_79_secondary_marketplace_hardening,medium,"Campus P2P marketplace with explicit education/books and used-textbook category language; annex only because it is horizontal campus commerce, not book-specific RBM core.",campus horizontal marketplace; textbooks/books category; P2P student commerce; India developer,india_grid_campus_marketplace_with_used_textbook_category
India,South Asia dedicated sprint,annex / classifieds,Resellpur — horizontal second-hand marketplace with books signal,site/app,runtime_gap_bridge_web_2026_04_25_india_pass78_79_secondary_marketplace_hardening,medium-high,"Resellpur provides buy/sell/ask second-hand marketplace rails and explicit books-category signaling, but it is a broad horizontal used-goods marketplace, so annex/classifieds only.",horizontal second-hand marketplace; books category signal; India recommerce context,india_resellpur_horizontal_second_hand_marketplace_with_books_signal
India,South Asia dedicated sprint,annex / classifieds,PeerMart — India local marketplace with old-books student signal,app,runtime_gap_bridge_web_2026_04_25_india_pass80_81_horizontal_annex_and_app_rank_hardening,medium-high,PeerMart is a broad India buy/sell/rent marketplace with explicit student old-books signal; annex only because it is horizontal rather than book-specific strict core.,horizontal local marketplace; student old-books signal; India app; P2P local deals,india_peermart_india_local_marketplace_with_old_books_student_signal
India,South Asia dedicated sprint,annex / classifieds,Sodagar — Gujarat local buy/sell app,app,runtime_gap_bridge_web_2026_04_25_india_pass80_81_horizontal_annex_and_app_rank_hardening,medium,"Sodagar is a Gujarat-focused local listing/contact platform; no current book-specific proof, so annex-atmospheric only as a regional horizontal recommerce rail.",horizontal Gujarati local marketplace; no book-specific category in current copy; Gujarat locality signal,india_sodagar_gujarat_local_buy_sell_app
India,South Asia dedicated sprint,main universe,BookSwap Hub — location-based book-exchange and nearby discovery app,app,2026-04-25_runtime_gap_bridge_pass83_india_exchange_app_and_saturation_hardening; 2026-04-26_runtime_gap_bridge_pass98_india_active_inventory_mechanics_hardening || runtime_gap_bridge_web_2026_05_02_pass128_india_residual_apps,high,"Pass98 hardening: Google Play shows 500+ installs, India developer address, location-based discovery, sign-up/profile, list-books-for-exchange flow, browsing nearby catalog, and messaging owners to arrange swaps. Raise to high strict-candidate exchange/discovery rail with inventory-depth revisit retained. || Pass128 recheck: Google Play supports location-based exchange and nearby discovery; retain strict-candidate without inventory-depth upgrade.",strict-candidate main universe; book-specific exchange/recommerce discovery; India developer metadata,india_bookswap_hub_location_based_book_exchange_and_nearby_discovery_app
India,South Asia dedicated sprint,main universe,Apnabook — locality second-hand-books marketplace,site,2026-04-25_runtime_gap_bridge_pass85_india_active_inventory_and_saturation_hardening; 2026-04-26_runtime_gap_bridge_pass98_india_active_inventory_mechanics_hardening; 2026-04-26_runtime_gap_bridge_pass100_india_hybrid_boundary_consolidation; 2026-04-27_runtime_gap_bridge_pass101_india_residue_closure_exit_readiness || runtime_gap_bridge_web_2026_05_02_pass128_india_residual_apps || runtime_gap_bridge_web_2026_05_02_pass129_india_second_residual_app_storefront_hardening,medium-high,"Pass101 closure: retain medium-high. Search-visible official copy still frames ApnaBook as a locality platform to buy and sell second-hand books online, but direct root capture remains blank/no-lines and no active inventory, account-flow, or seller mechanics surface was recovered. Keep as strict-candidate with static-shell active-proof revisit. || Pass128 recheck: official search-visible page frames locality buy/sell second-hand-books platform; retain medium-high due limited direct render. || Pass129: official locality buy/sell landing proof retained, but no live inventory/account-flow upgrade.",strict-candidate main universe; book-specific locality/recommerce marketplace; static-shell active-proof revisit,india::apnabook_locality_second_hand_books_marketplace
India,South Asia dedicated sprint,main universe,Graffitti Books — Kerala/India used-books classifieds marketplace,site,2026-04-25_runtime_gap_bridge_pass86_india_saturation_freeze; 2026-04-26_runtime_gap_bridge_pass98_india_active_inventory_mechanics_hardening,high,Pass98 hardening: official site has recent active used-book listings from Apr. 25 2026 and Apr. 17 2026 with location/condition/shipping/price plus register/sign-in; Play listing confirms free image-based ads for used books. Raise to high strict-candidate.,strict-candidate main universe; book-specific used-books classifieds marketplace; direct buyer-seller; active-listing proof present,india::graffitti_books_kerala_india_used_books_classifieds_marketplace
India,South Asia dedicated sprint,main universe,GovtJobsIndia – BookShare — local used-books/study-materials exchange app,app,2026-04-25_runtime_gap_bridge_pass86_india_saturation_freeze; 2026-04-26_runtime_gap_bridge_pass98_india_active_inventory_mechanics_hardening; 2026-04-26_runtime_gap_bridge_pass100_india_hybrid_boundary_consolidation; 2026-04-27_runtime_gap_bridge_pass101_india_residue_closure_exit_readiness || runtime_gap_bridge_web_2026_05_02_pass128_india_residual_apps,medium-high,"Pass101 closure: retain medium-high. Current Mar. 2026 Google Play listing provides excellent mechanics for strict fit: local buy/sell/exchange of used books and study materials, local discovery, search/filter by category/subject/price/condition/language, book listing upload, direct buyer-seller communication, and no platform payments/delivery. Visible 5+ download first-release signal prevents high confidence. || Pass128 recheck: Play listing confirms local buy/sell/exchange used books and study materials; strict-candidate retained with education/exam-material caveat.",strict-candidate main universe; app-first local used-books/study-materials exchange; low-download first-release caveat,india::govtjobsindia_bookshare_local_used_books_exchange_app
India,South Asia dedicated sprint,main universe,Book Share / Wikta — local book share/sell/lend app,app,2026-04-25_runtime_gap_bridge_pass86_india_saturation_freeze; 2026-04-26_runtime_gap_bridge_pass98_india_active_inventory_mechanics_hardening; 2026-04-26_runtime_gap_bridge_pass99_india_remaining_medium_high_conversion,high,"Pass99 conversion: Play listing shows 10K+ downloads, 63 reviews, India developer address, Jun. 27 2024 Android-14 support update, and GPS-radius share/donate/sell/lend plus add/request mechanics; raise to high while retaining inventory-density revisit.",strict-candidate main universe; book-specific local share/sell/lend app; low-priority inventory-density revisit,india::book_share_wikta_local_book_share_sell_lend_app
India,South Asia dedicated sprint,annex / classifieds,Closeby — Mysore local marketplace with used-books hub,app,2026-04-25_runtime_gap_bridge_pass86_india_saturation_freeze,medium,"Google Play listing frames Closeby as Mysore’s local marketplace for used books and local goods, with a used-books hub, swap/sell, listing, chat, and India developer address. Kept annex/classifieds because it is a horizontal local marketplace rather than a book-specific strict-core rail.",annex/classifieds; horizontal local marketplace with used-books hub; do not promote absent book-specific rail,india::closeby_mysore_local_marketplace_used_books_hub
Pakistan,South Asia post-India hardening,single-store used-bookseller,Kitab Rabta — sell old books in Pakistan,site,2026-04-25_runtime_gap_bridge_pass87_south_asia_post_india_hardening; 2026-04-28_rbm_pass110_pakistan_strict_core_hardening,medium-high,"Official site reverified: users can sell old books in Pakistan by providing details and conditions, and site sells old/new books nationally; remains single-buyer/buyback or curated resale layer, not open third-party marketplace.",single-store used-bookseller,pakistan::kitab-rabta-sell-old-books
Bangladesh,South Asia post-India hardening,offline / exchange bookstore,Bengal Boi — old-books exchange bookstore,site,2026-04-25_runtime_gap_bridge_pass87_south_asia_post_india_hardening,medium,"Dhaka bookstore/exchange model where readers could bring old books for new-book exchange; contextual offline/literacy-exchange layer, not online strict core.",offline / fair / literacy layer,bangladesh::bengal-boi-old-books-exchange
Sri Lanka,South Asia post-India hardening,single-store used-bookseller,Booxworm — used books Sri Lanka,site,2026-04-25_runtime_gap_bridge_pass87_south_asia_post_india_hardening,medium-high,"Sri Lanka used-books retail platform with hundreds of used titles and national shipping language; single-store/curated retail layer, not third-party marketplace core.",single-store used-bookseller,sri-lanka::booxworm-used-books
Nigeria,West Africa,annex / classifieds,Jiji.ng Books & Table Games,platform_category,runtime_gap_bridge_web_2026_04_25_pass88,medium,"Nigeria general classifieds categories with live education/textbook/book listings; supports resale discovery but is horizontal classifieds, not book-specific strict core.",supporting,nigeria_jiji_ng_books_table_games
Nigeria,West Africa,annex / classifieds,Paseero Nigeria: Sell & Buy,general_marketplace_app,runtime_gap_bridge_web_2026_04_25_pass88,medium,"Nigeria app for new and used items with seller orders/payments/auction mechanics; horizontal marketplace, not book-dominant.",supporting,nigeria_paseero_sell_buy
Nigeria,West Africa,weak-fit core,Bookville World eBook seller program,digital_book_marketplace_vendor_rail,runtime_gap_bridge_web_2026_04_25_pass88,medium,"Nigeria bookstore/digital seller rail for e-book authors, publishers, and accredited resellers; book-specific commerce but digital/not used-resale.",supporting,nigeria_bookville_world_ebook_seller_program
Nigeria,West Africa,weak-fit core,Nairabookstore seller program,book_specific_marketplace_vendor_rail,runtime_gap_bridge_web_2026_04_25_pass88,medium,"Nigeria book interface with seller program for bookshop owners, authors, e-book authors, freelancers, and publishers; book marketplace rail but not used/resale.",supporting,nigeria_nairabookstore_seller_program
Nigeria,West Africa,weak-fit core,Selar Nigeria eBook seller rail,digital_creator_commerce_books,runtime_gap_bridge_web_2026_04_25_pass88,medium,Nigerian creator-commerce surface frequently used for e-books; useful book commerce rail but not book-specific or used-book core.,supporting,nigeria_selar_ebook_seller_rail
Nigeria,West Africa,weak-fit core,Eego Nigeria eBook seller rail,digital_creator_commerce_books,runtime_gap_bridge_web_2026_04_25_pass88,medium-low,Nigerian-friendly digital commerce surface enabling creators to sell eBooks/courses and receive local payouts; not book-specific or used-book core.,supporting,nigeria_eego_ebook_seller_rail
Cameroon,Central Africa / West-Central Africa,weak-fit core,Bourse du Livre numérique (historical),historical_book_exchange_platform,runtime_gap_bridge_web_2026_04_25_pass88 | runtime_gap_bridge_web_2026_04_26_pass93_cameroon_gabon_current_status_hardening | runtime_gap_bridge_web_2026_05_02_pass126_cameroon_current_status_hardening,medium-low,"Historical 2017 digital Bourse du Livre 2.0 report describes exchange, sale, borrowing, purchase, payment and logistics for books. Pass126 retained it as historical/unresolved weak-fit exchange seam; no current live app/platform was recovered.",supporting,cameroon_bourse_du_livre_numerique_historical
Kazakhstan,Caucasus / Caspian + Central Asia,single-store used booksellers,Bukinist — Tole bi 49 / Almaty,store,runtime_gap_bridge_web_2026_04_26_pass89,high,"Almaty bukinist store with used/rare books and vinyl; older established shop. Single-store used-bookseller layer only, not strict marketplace core.",used-bookseller,kazakhstan_bukinist_tole_bi_almaty
Kazakhstan,Caucasus / Caspian + Central Asia,single-store used booksellers,Azbuka — Orbita / Almaty,store,runtime_gap_bridge_web_2026_04_26_pass89,medium-high,"Neighborhood shop mixing bukinist and new books, with strong children/school-literature signal. Single-store layer only.",used-bookseller,kazakhstan_azbuka_orbita_almaty
Kazakhstan,Caucasus / Caspian + Central Asia,single-store used booksellers,Mir Uchebnikov — Zeleny Bazaar / Almaty,store,runtime_gap_bridge_web_2026_04_26_pass89,medium,"Educational-book shop where rare/used literary stock is reported as regularly replenished; used-bookstore signal, not marketplace core.",used-bookseller,kazakhstan_mir_uchebnikov_zeleny_bazaar
Kazakhstan,Caucasus / Caspian + Central Asia,single-store used booksellers,Bukinist on Timiryazeva / Almaty,store,runtime_gap_bridge_web_2026_04_26_pass89,medium,Small bukinist shop near KazNU where readers can bring their own books; single-store used/consignment signal only.,used-bookseller,kazakhstan_bukinist_timiryazeva_almaty
Kazakhstan,Caucasus / Caspian + Central Asia,single-store used booksellers,Bukinist “Belaya Aruana” / online Almaty,social_store,runtime_gap_bridge_web_2026_04_26_pass89,medium-high,"Online bukinist social-store started in 2020; sources rare books, accepts request/watchlist behavior, and ships across Kazakhstan. Not open marketplace core.",used-bookseller,kazakhstan_bukinist_belaya_aruana_online
Kazakhstan,Caucasus / Caspian + Central Asia,annex / classifieds,Bukinist Almaty VK groups,book_specific_social_classifieds,runtime_gap_bridge_web_2026_04_26_pass89,medium,"Book-specific VK group surfaces where users can offer their own books and communicate directly buyer-to-seller; social classifieds annex, not governed marketplace core.",supporting,kazakhstan_bukinist_almaty_vk_groups
Kazakhstan,Caucasus / Caspian + Central Asia,offline / fair / literacy layer,Almaty book swaps and city bookcrossing kiosks,offline_exchange_bookcrossing,runtime_gap_bridge_web_2026_04_26_pass89,medium-high,Heaven and Hell book swaps and city bookcrossing kiosks support offline/book-exchange context only; no online marketplace promotion.,offline/literacy,kazakhstan_almaty_book_swaps_city_bookcrossing
Kyrgyzstan,Caucasus / Caspian + Central Asia,weak-fit core,Komoda — Bishkek book marketplace app,book_marketplace_app_local_sellers,runtime_gap_bridge_web_2026_04_26_pass90,medium-high,"Google Play describes Komoda as a Bishkek book marketplace app that aggregates books from local stores and sellers, with delivery and trusted sellers; book-specific but not yet used/resale-specific, so weak-fit rather than strict used-book core.",supporting,kyrgyzstan_komoda_bishkek_book_marketplace_app
Kyrgyzstan,Caucasus / Caspian + Central Asia,annex / classifieds,Bazar.kg — Kyrgyzstan marketplace / classifieds app,horizontal_marketplace_app,runtime_gap_bridge_web_2026_04_26_pass90,high,Google Play describes Bazar.kg as a Kyrgyzstan free-advertising marketplace for goods/services with seller calls/WhatsApp and includes books under hobbies/leisure; horizontal annex only.,supporting,kyrgyzstan_bazar_kg_horizontal_marketplace_app
Kyrgyzstan,Caucasus / Caspian + Central Asia,annex / classifieds,Tabylga — Kyrgyzstan seller/buyer marketplace app,horizontal_marketplace_app,runtime_gap_bridge_web_2026_04_26_pass90,medium-high,"Google Play describes Tabylga 2.0 as a Kyrgyzstan shopping app that brings sellers and buyers onto one platform; no book-specific proof located, so annex only.",supporting,kyrgyzstan_tabylga_horizontal_marketplace_app
Kyrgyzstan,Caucasus / Caspian + Central Asia,annex / classifieds,Aksy Market — Kyrgyzstan local ads app,horizontal_local_classifieds_app,runtime_gap_bridge_web_2026_04_26_pass90,medium,"Google Play describes Aksy Market as a Kyrgyzstan universal ads/shopping/selling app for unnecessary things and local offers; no book-specific rail found, so annex only.",supporting,kyrgyzstan_aksy_market_horizontal_local_ads_app
Uzbekistan,Caucasus / Caspian + Central Asia,main universe,Kitabu — Uzbekistan book sharing / sell-give-exchange app,book_specific_exchange_marketplace_app,runtime_gap_bridge_web_2026_04_26_pass90; runtime_gap_bridge_web_2026_04_26_pass91_uzbekistan_kitabu_hardening,high,"Google Play says Kitabu helps users share books with other members and that users can sell, give for free, or exchange books; Uzbekistan developer metadata. This clears strict-candidate book-specific recommerce/exchange behavior. Pass91 hardening added official about-page, AppBrain recent-download/current-version, and APKPure package/version evidence; keep strict-main high but still requires public listing/account-flow visibility.",strict-main,uzbekistan_kitabu_book_exchange_sell_give_app
Uzbekistan,Caucasus / Caspian + Central Asia,weak-fit core,Kitob — Uzbekistan book sale/rental/exchange startup,book_exchange_startup_provisional,runtime_gap_bridge_web_2026_04_26_pass90; runtime_gap_bridge_web_2026_04_26_pass92_kitob_product_recovery_dedupe,medium-low,"StartupBase preserves a Kytab/Kitob sale-rental-exchange concept, but recoverable kytab.uz / org.alilm.kitab surfaces currently show e-library and author-distribution mechanics rather than a live resale/exchange marketplace; retained weak-fit provisional, no promotion.",supporting,uzbekistan_kitob_startup_sale_rental_exchange_books
Tajikistan,Caucasus / Caspian + Central Asia,annex / classifieds,Arzon.tj — Tajikistan classifieds app,horizontal_classifieds_app,runtime_gap_bridge_web_2026_04_26_pass90,high,"Google Play describes ARZON.TJ as a Tajikistan classifieds site/app for buying and selling used/new goods across categories; no book-specific rail located, so annex only.",supporting,tajikistan_arzon_tj_horizontal_classifieds_app
Turkmenistan,Caucasus / Caspian + Central Asia,annex / classifieds,Saraý — Turkmenistan trading and advertising platform,horizontal_trading_advertising_app,runtime_gap_bridge_web_2026_04_26_pass90,high,Google Play describes SARAÝ as Turkmenistan’s first official internet trading and advertising platform where users decide what to sell/buy and at what price; horizontal annex only.,supporting,turkmenistan_saray_trading_advertising_platform
Turkmenistan,Caucasus / Caspian + Central Asia,annex / classifieds,Gerekli — Turkmenistan multivendor marketplace app,horizontal_multivendor_marketplace_app,runtime_gap_bridge_web_2026_04_26_pass90,high,"Google Play describes Gerekli as an online trading platform/marketplace connecting sellers with buyers in Turkmenistan; no book-specific or used-book rail found, so annex only.",supporting,turkmenistan_gerekli_multivendor_marketplace_app
Turkmenistan,Caucasus / Caspian + Central Asia,annex / classifieds,Sanly Bazar — Turkmenistan everyday-goods buy/sell app,horizontal_marketplace_app,runtime_gap_bridge_web_2026_04_26_pass90,medium,"Google Play describes Sanly Bazar as an online marketplace in Turkmenistan for people to buy and sell everyday items; no book-specific proof and very low app-download signal, so annex only.",supporting,turkmenistan_sanly_bazar_horizontal_marketplace_app
Turkmenistan,Caucasus / Caspian + Central Asia,annex / classifieds,KomekciTM — Turkmenistan marketplace app,horizontal_marketplace_app,runtime_gap_bridge_web_2026_04_26_pass90,medium-high,"Google Play describes KomekciTM as a Turkmenistan marketplace platform for buying, selling, and connecting; no book-specific rail found, so annex only.",supporting,turkmenistan_komekcitm_marketplace_app
India,South Asia dedicated sprint,main universe,BookBazaar by YourNotebook — free student used-books exchange,site,2026-04-26_runtime_gap_bridge_pass94_india_exact_site_roster_recovery; 2026-04-26_runtime_gap_bridge_pass98_india_active_inventory_mechanics_hardening; 2026-04-26_runtime_gap_bridge_pass99_india_remaining_medium_high_conversion,high,"Pass99 conversion: official YourNotebook March 2026 how-it-works page gives detailed P2P used-book marketplace mechanics, including location-based discovery, sell flow, direct contact, trust badges, donate option, and no fees/commission; raise to high despite dynamic direct-page caveat.",strict-candidate main universe; distinct from BookBazar.store and first-party Bookbazaar.com; active-listing depth revisit,india_yournotebook_bookbazaar_student_used_books_exchange
Nigeria,West Africa,main universe,SchoolBOOKS Nigeria — school/used-books marketplace,site,runtime_gap_bridge_web_2026_04_27_pass102,high,"Pass102 recovery: official/search-visible surface frames SchoolBOOKS as Nigeria’s premier books marketplace connecting local bookstores and fellow students across Nigeria, with used-books-near-you and sell-your-used-books language. Strong book-specific used/resale marketplace fit, but static page capture returned no parseable lines, so keep medium-high pending direct account/listing-flow proof. Pass130 upgraded to high strict-candidate on current official/search-visible used-book listing/start-selling proof.",strict-candidate,nigeria_schoolbooks_school_used_books_marketplace
Nigeria,West Africa,annex / classifieds,CampusPlug — Nigerian campus student marketplace,student_horizontal_marketplace_app,runtime_gap_bridge_web_2026_04_27_pass102,medium-high,"Pass102 recovery: Google Play describes CampusPlug as a campus-only Nigerian student-to-student marketplace for secondhand goods, including old phones, laptops, or textbooks, with seller verification, trust scores, in-app chat, report/block, and active campuses. It is not book-specific, so keep as annex/classifieds texture. Pass130 hardened as current horizontal campus app with old textbooks but not book-specific strict main.",supporting,nigeria_campusplug_campus_student_marketplace
Nigeria,West Africa,annex / classifieds,BuyOnWasApp.NG — Books WhatsApp Marketplace,platform_category,runtime_gap_bridge_web_2026_04_27_pass102,medium,"Pass102 recovery: live BuyOnWasApp books category presents a “Books WhatsApp Marketplace,” direct WhatsApp seller contact, book subcategories, nationwide state counts, and recent book listings. It is a horizontal classifieds/WhatsApp marketplace category, not book-specific strict core.",supporting,nigeria_buyonwasapp_books_whatsapp_marketplace
Nigeria,West Africa,main universe,ALÁKÒWÉ — managed thrift book marketplace,social_launch_marketplace,runtime_gap_bridge_web_2026_04_27_pass102,medium,"Pass102 recovery: search-visible Instagram evidence describes ALÁKÒWÉ as a managed thrift book marketplace where people sell finished/preloved books and others buy them, with Lagos/Nigeria-commerce signals. Multiple posts also say launching soon/join waitlist; retain as strict-candidate launch hold, not confirmed live strict marketplace. Pass130 retained launch-hold due to current launching-soon/waitlist social evidence despite strong managed thrift marketplace language.",strict-candidate launch hold,nigeria_alakowe_managed_thrift_book_marketplace
Nigeria,West Africa,weak-fit core,Six 33 Four NG bookstore / seller marketplace,book_specific_seller_marketplace_historical_current_uncertain,runtime_gap_bridge_web_2026_04_27_pass102,medium-low,Pass102 recovery: Nairaland posts by six33fourng describe selling old books for cash and an independent marketplace for book sellers/sellers with no monthly fee option and low commissions. Direct site fetch failed in current pass; keep as weak-fit/book-seller rail pending direct live verification and used/resale account-flow proof. Pass130 could not recover current direct site; historical Nairaland/seller-marketplace evidence retained as unresolved weak-fit only.,supporting,nigeria_six33four_bookstore_seller_marketplace
Liberia,West Africa,annex / classifieds,BNS Liberia / Buy & Sell Liberia,app/site,runtime_gap_bridge_pass103_liberia_current_status_hardening,medium-high,"Liberia-focused horizontal multi-vendor buy/sell platform/app with vendor dashboard, secure payments, product boosting, trusted seller badges, and 2025 launch/update signals; includes books only as a category/app-store browse label, so keep annex/classifieds rather than strict main.",supporting,liberia::bns_liberia_buy_sell_liberia
Liberia,West Africa,single-store bookstore layer,Horseman Books Liberia,social/store,runtime_gap_bridge_pass103_liberia_current_status_hardening,medium-low,"Current social/search-visible bookstore surface at Broad Street, Monrovia, with 2026 book-lover activity signal; first-party bookstore layer only, not marketplace/strict main.",supporting,liberia::horseman_books_liberia
Democratic Republic of the Congo,Central Africa / West-Central Africa,single-store bookstore layer,Éditions Mabiki / librairie ambulante,mobile_bookstore_publisher_retail,pass104_drc_current_status_hardening_web_2026_04_27,medium,"Publisher/mobile bookstore sells low-price books in Kinshasa with free home delivery; single-operator retail/distribution layer, not a marketplace.",supporting,democratic_republic_of_the_congo_editions_mabiki_librairie_ambulante
Democratic Republic of the Congo,Central Africa / West-Central Africa,single-store bookstore layer,Shelves Bookstore Kinshasa,online_social_bookstore,pass104_drc_current_status_hardening_web_2026_04_27,medium-low,"Current social/search-visible evidence confirms Kinshasa bookstore/order surface with web/contact signals; bookstore layer only, not used-book marketplace.",supporting,democratic_republic_of_the_congo_shelves_bookstore_kinshasa
Democratic Republic of the Congo,Central Africa / West-Central Africa,single-store bookstore layer,La Maison du Savoir Kinshasa,bookstore_stationery_layer,pass104_drc_current_status_hardening_web_2026_04_27,medium-low,"Current social surface confirms Kinshasa Mall bookstore/stationery presence; bookstore/inventory texture only, not used-book marketplace.",supporting,democratic_republic_of_the_congo_la_maison_du_savoir_kinshasa
Republic of Congo,Central Africa / West-Central Africa,single-store bookstore layer,Harmattan Congo-Brazzaville,publisher_bookstore_library_layer,rbm_pass105_republic_of_congo_current_status_hardening,medium-high,"Official Congo-Brazzaville Harmattan surface confirms an editions-librairie-bibliothèque/publisher-bookstore layer with print and digital catalogue evidence; important current bookstore/publishing infrastructure, but not a used-book or third-party marketplace rail.",supporting,republic_of_congo_harmattan_congo_brazzaville
Angola,Southwest / Lusophone Africa,main universe,Angolivros,book_specific_buy_sell_used_trade_marketplace,rbm_pass106_angola_strict_core_hardening,high,"Current official site is explicitly a site to buy and sell books, includes Start Selling flows, seller account/dashboard/footer mechanics, and used-book sell/trade copy; strict-main book-specific marketplace candidate.",primary,angola_angolivros
Mozambique,Southeast / Lusophone Africa,annex / classifieds,Livros compra e venda novos e semi-novos (Maputo-Moçambique),book_specific_social_buy_sell_group,runtime_gap_bridge_web_2026_04_28_pass107_mozambique_current_status_hardening,medium,"Book-specific Maputo/Mozambique social group for buying and selling new and semi-new books; social rail only, not standalone marketplace infrastructure.",supporting,mozambique_livros_compra_venda_novos_semi_novos_maputo
Sri Lanka,South Asia strict-core hardening,annex / classifieds,Ikman.lk — books and textbooks classifieds,horizontal_classifieds_book_category,2026-04-29_runtime_gap_bridge_pass112_sri_lanka_strict_core_hardening,high,"Current Sri Lanka horizontal classifieds marketplace with active book and textbook categories, including new/used textbooks and recent book listings; annex only, not book-specific strict main.",supporting,sri_lanka_ikman_lk_books_and_textbooks_classifieds
Sri Lanka,South Asia strict-core hardening,annex / classifieds,MO.lk — local new/pre-owned marketplace,horizontal_marketplace,2026-04-29_runtime_gap_bridge_pass112_sri_lanka_strict_core_hardening,medium-high,"Current Sri Lanka marketplace/app for new or pre-owned local goods with free listings, account/photo/price listing flow, verified users, meet-up/delivery/pickup support, and second-hand sales support; annex only because it is horizontal rather than book-specific.",supporting,sri_lanka_mo_lk_local_new_preowned_marketplace
Sri Lanka,South Asia residual hardening,annex / classifieds,SaleMe.lk — Sri Lanka textbooks classifieds,horizontal_classifieds_book_category,2026-04-30_runtime_gap_bridge_pass113_sri_lanka_residual_classifieds_social_hardening,high,"Sri Lanka horizontal classifieds surface with dedicated Textbooks category, hundreds of visible results, city/location filters, dated listings, and item-level textbook prices; annex only because not book-specific strict main.",supporting,sri_lanka_saleme_lk_textbooks_classifieds
Sri Lanka,South Asia residual hardening,annex / classifieds,ItemAds.lk — education/books classifieds,horizontal_classifieds_book_category,2026-04-30_runtime_gap_bridge_pass113_sri_lanka_residual_classifieds_social_hardening,high,"Sri Lanka free classifieds platform with Education category explicitly described as buy/sell books and magazines, plus all-island location browsing; annex only because it is horizontal classifieds.",supporting,sri_lanka_itemads_lk_education_books_classifieds
Sri Lanka,South Asia residual hardening,annex / classifieds,Facebook Marketplace Colombo — books,horizontal_social_marketplace_book_category,2026-04-30_runtime_gap_bridge_pass113_sri_lanka_residual_classifieds_social_hardening,high,"Current Facebook Marketplace location/category surface for new and used books in Colombo; useful Sri Lanka resale texture but horizontal/social marketplace, not book-specific strict core.",supporting,sri_lanka_facebook_marketplace_colombo_books
Sri Lanka,South Asia residual hardening,annex / social resale,Buy & Sell Used Books - Sri Lanka,facebook_group,2026-04-30_runtime_gap_bridge_pass113_sri_lanka_residual_classifieds_social_hardening,medium-high,Book-specific Sri Lanka social group created so members can buy and sell books online; annex/social resale only because it is a Facebook group rather than standalone marketplace infrastructure.,supporting,sri_lanka_buy_sell_used_books_facebook_group
Brazil,South America,main universe,Estante Virtual,marketplace,pass114_brazil_structured_web_check,high,"Added pass114. Brazil specialist book marketplace connecting readers to sebos, independent bookstores, and sellers nationally; official pages describe 20M+ items, used/new books, seller plans, and seller panel. Strict main universe.",primary,brazil::estante virtual
Brazil,South America,main universe,Troca de Livros,site,pass114_brazil_structured_web_check,high,"Added pass114. Book-specific peer exchange/reuse platform with user shelf, cadastrar livro, solicitações de troca, points/extrato, and available-for-exchange listings. Strict main via book-specific recommerce/exchange rail.",primary,brazil::troca de livros
Brazil,South America,weak-fit core,EstudeiVendi,app,pass114_brazil_structured_web_check,medium-high,"Added pass114. Education-goods marketplace app supports books, uniforms, school materials; individuals and legal entities can sell; products may be new or used. Kept weak-fit core because it is education-category, not book-exclusive.",primary,brazil::estudeivendi
Brazil,South America,single-store used booksellers,Bazar do Livro Usado,bookstore,pass114_brazil_structured_web_check,medium-high,"Added pass114. Public site presents used-book buy/sell language and national delivery, but no independent third-party seller onboarding verified. Kept single-store used-bookseller layer; revisit seller mechanics if needed.",primary,brazil::bazar do livro usado
Brazil,South America,single-store used booksellers,A Traça Livraria e Sebo,bookstore,pass114_brazil_structured_web_check,high,Added pass114. Major Porto Alegre online/physical sebo with large used-book stock and managed internal inventory; not third-party marketplace.,primary,brazil::a traça livraria e sebo
Brazil,South America,single-store used booksellers,O Sebo Cultural,bookstore,pass114_brazil_structured_web_check,high,"Added pass114. João Pessoa multi-store sebo/livraria with hundreds of thousands of cataloged used titles; single-operator used-bookseller layer, not strict main.",primary,brazil::o sebo cultural
Brazil,South America,single-store used booksellers,Sebo do Messias,bookstore,pass114_brazil_structured_web_check,high,"Added pass114. Large São Paulo used bookstore/sebo with online catalog and used-books focus; single-operator layer, not third-party marketplace.",primary,brazil::sebo do messias
Brazil,South America,single-store used booksellers,Torre de Papel Livros,bookstore,pass114_brazil_structured_web_check,high,"Added pass114. Vitória/ES livraria e sebo with online catalog and new/used/rare books; single-operator used-bookseller layer, not strict main.",primary,brazil::torre de papel livros
Brazil,South America,annex / classifieds,OLX Brasil — livros e revistas,general_classifieds_books_category,pass114_brazil_structured_web_check,high,Added pass114. Horizontal classifieds surface with large Brazil books/magazines category and active used-book listings. Annex only; not strict main.,primary,brazil::olx brasil — livros e revistas
Brazil,South America,annex / classifieds,Enjoei — livros usados,general_marketplace_books_category,pass114_brazil_structured_web_check,high,Added pass114. Horizontal recommerce marketplace with used-books listings and book-announcement flow. Annex only; not strict main.,primary,brazil::enjoei — livros usados
Brazil,South America,annex / classifieds,Mercado Livre Brasil — livros usados,general_marketplace_books_category,pass114_brazil_structured_web_check,high,Added pass114. Horizontal ecommerce marketplace with used-book listings. Annex only; not strict main.,primary,brazil::mercado livre brasil — livros usados
Brazil,South America,annex / classifieds,Shopee Brasil — livros usados,general_marketplace_books_category,pass114_brazil_structured_web_check,high,Added pass114. Horizontal marketplace with used-book/sebo seller listings. Annex only; not strict main.,primary,brazil::shopee brasil — livros usados
Brazil,South America,annex / classifieds,Amazon Brasil — used/new book seller marketplace,general_marketplace_books_category,pass114_brazil_structured_web_check,high,Added pass114. General marketplace supports sellers listing new and used books. Annex only because marketplace is not book-specific in Brazil.,primary,brazil::amazon brasil — used/new book seller marketplace
China (mainland),East Asia,main universe,7788旧书,site,pass115_china_mainland_strict_recommerce_web_check,high,"Added pass115. Specialist old/used-book collecting, appraisal, auction, retail/wholesale, free-trading and negotiated-order platform; public official site and app surfaces show dense old-book categories and multi-mode trading. Strict book-specific resale marketplace fit.",primary,china (mainland)::7788旧书
China (mainland),East Asia,main universe,多抓鱼,site/app,pass115_china_mainland_strict_recommerce_web_check,high,"Added pass115. Operator-managed recommerce rail for second-hand books plus other durable goods; official/app surfaces support selling idle books, inspection/authenticity checks, cleaning/refurbishment, and resale of second-hand books. Strict book-recommerce fit despite non-book categories.",primary,china (mainland)::多抓鱼
China (mainland),East Asia,main universe,旧书街,site/app,pass115_china_mainland_strict_recommerce_web_check,high,"Added pass115. Book-specific used-book transfer/trading community; app and web surfaces explicitly describe buying, selling, transferring and sharing idle/campus second-hand books. Strict book-specific peer resale/exchange fit.",primary,china (mainland)::旧书街
China (mainland),East Asia,main universe,小谷吖,site/app,pass115_china_mainland_strict_recommerce_web_check,medium-high,"Added pass115. Book-specific circular-use network bookstore / second-hand book recommerce surface; official/app surfaces describe idle-book buyback, refreshed used-book resale, and a large physical循环书仓 footprint. Strict recommerce fit, but retained as medium-high pending marketplace-vs-operator boundary detail.",primary,china (mainland)::小谷吖
China (mainland),East Asia,weak-fit core,换享好书,mini_program/app,pass115_china_mainland_strict_recommerce_web_check,medium,"Added pass115. Book-specific local sharing/rental/exchange/buy-sell/recycling mini-program surface for second-hand books, textbooks and picture books. Kept weak-fit/core rather than strict main pending scale, independent inventory, and durable web presence proof.",primary,china (mainland)::换享好书
China (mainland),East Asia,weak-fit core,转转图书,general_marketplace_book_vertical,pass115_china_mainland_strict_recommerce_web_check,medium,"Added pass115. Book vertical inside a broad second-hand marketplace; visible book/textbook selling surface and broader official used-goods app evidence. Useful weak-fit bridge, not strict main because parent rail is horizontal.",primary,china (mainland)::转转图书
China (mainland),East Asia,weak-fit core,有路网 / 有路图书,site/social_app,pass115_china_mainland_strict_recommerce_web_check,medium-low,"Added pass115 as targeted hold. Multiple public traces describe a professional used-book/old-textbook trading and buyback rail, and an official Douyin account claims 16 years of second-hand book operations. Kept weak-fit pending direct current site render and seller/inventory verification.",primary,china (mainland)::有路网-有路图书
Iraq,Levant / Mashriq,single-store bookstore layer,Amazon Book / Ktebfroshi Amazon — Erbil,site/social_storefront,pass116_iraq_kurdistan_social_commerce_annex_web_check,medium-high,"Added pass116. Erbil/Kurdistan bookshop with live official web catalogue and priced books plus social traces under Ktebfroshi/Amazing/Amazon Book aliases. Useful KRG online book-commerce rail, but single-store/first-party retail rather than strict used-book marketplace.",supporting,iraq::amazon_book_ktebfroshi_amazon_erbil
Iraq,Levant / Mashriq,single-store bookstore layer,Haval Bookstore — Erbil,social_storefront,pass116_iraq_kurdistan_social_commerce_annex_web_check,medium-high,"Added pass116. Large Erbil social-commerce bookstore with public profile evidence for delivery across Iraq. Retained as single-store bookstore layer, not strict main universe; no independent third-party used-book seller/onboarding mechanics found.",supporting,iraq::haval_bookstore_erbil
Iraq,Levant / Mashriq,single-store bookstore layer,Headway Bookstore — Erbil,social_storefront,pass116_iraq_kurdistan_social_commerce_annex_web_check,medium-high,Added pass116. Erbil social-commerce bookstore with public delivery-to-all-Iraq and “provide any book” traces. Single-store/import-order rail only; useful KRG commerce depth but not strict used-book marketplace.,supporting,iraq::headway_bookstore_erbil
Iraq,Levant / Mashriq,single-store used / bookstore signal,Al Asriyah Bookshop — Baghdad,offline_bookshop,pass116_iraq_kurdistan_social_commerce_annex_web_check,high,"Added pass116. Baghdad/Al-Mutanabbi Street heritage bookshop and antiquarian/rare-book signal; The National reports it as Iraq’s oldest bookshop where writers sold and purchased books, with old volumes and home delivery. Single-store cultural-commerce evidence, not marketplace.",supporting,iraq::al_asriyah_bookshop_baghdad
Iraq,Levant / Mashriq,single-store used / bookstore signal,Sutoor Bookstore / Dar Sutoor — Baghdad,bookstore_publisher,pass116_iraq_kurdistan_social_commerce_annex_web_check,high,Added pass116. Baghdad/Al-Mutanabbi bookstore-publisher whose public profile says it began with used books and grew into a registered publishing/bookstore operation distributing across Iraqi universities and provinces. Single-store/bookstore-publisher layer only.,supporting,iraq::sutoor_bookstore_dar_sutoor_baghdad
Iraq,Levant / Mashriq,annex / social resale,بيع وشراء كتب مستعملة في العراق — Facebook group,social_group,pass116_iraq_kurdistan_social_commerce_annex_web_check,high,"Added pass116. Public Facebook group explicitly for buying and selling used books in Iraq, with recent sale posts and province-wide delivery traces. Annex/social resale only; not standalone marketplace infrastructure.",supporting,iraq::بيع_وشراء_كتب_مستعملة_في_العراق_facebook_group
Iraq,Levant / Mashriq,annex / social resale,الكروب العام لبيع وشراء الكتب في العراق — Facebook group,social_group,pass116_iraq_kurdistan_social_commerce_annex_web_check,high,"Added pass116. Public Iraqi book buy/sell group with used/swap post traces. Confirms social-resale spillover but remains platform-hosted annex, not strict main universe.",supporting,iraq::الكروب_العام_لبيع_وشراء_الكتب_في_العراق_facebook_group
Iraq,Levant / Mashriq,annex / social resale,كروب المكتبات العراقية لبيع وشراء الكتب في العراق — Facebook group,social_group,pass116_iraq_kurdistan_social_commerce_annex_web_check,high,"Added pass116. Public group for Iraqi libraries/booksellers buying and selling books, including bulk/listing post traces. Annex/social resale only.",supporting,iraq::كروب_المكتبات_العراقية_لبيع_وشراء_الكتب_في_العراق_facebook_group
Iraq,Levant / Mashriq,annex / social resale,سوق الكتاب المفتوح (العراق) — Facebook group,social_group,pass116_iraq_kurdistan_social_commerce_annex_web_check,high,Added pass116. Public open book market group for Iraq with used-book sale/swap traces. Annex/social resale only; no independent marketplace mechanics.,supporting,iraq::سوق_الكتاب_المفتوح_العراق_facebook_group
Iraq,Levant / Mashriq,annex / social resale,عالم الكتب المستعملة بغداد عراق بيع شراء — Facebook page,social_page,pass116_iraq_kurdistan_social_commerce_annex_web_check,medium-high,"Added pass116. Baghdad/Iraq used-books social page advertising used-book sale and delivery in Baghdad/Karbala/Mosul/Basra and other Iraqi provinces. Treated as social/single-seller annex, not strict main.",supporting,iraq::عالم_الكتب_المستعملة_بغداد_عراق_بيع_شراء_facebook_page
Iraq,Levant / Mashriq,single-store used booksellers,Kotobi__ used-books Instagram store,social_storefront,pass116_iraq_kurdistan_social_commerce_annex_web_check,medium-high,"Added pass116. Instagram used-books store profile advertises curated used books and fast delivery to all Iraqi provinces, and states it sells only. Single-seller used-bookseller signal, not marketplace.",supporting,iraq::kotobi_used_books_instagram_store
Iraq,Levant / Mashriq,offline / exchange bookstore,Tswahun Bookstore exchange service — العراق,bookstore_exchange_feature,pass116_iraq_kurdistan_social_commerce_annex_web_check,medium-low,"Added pass116 as targeted hold. Public Instagram trace says Tswahun Bookstore planned/returned a book-exchange service for old books. Useful bookstore-mediated exchange signal, but not enough for strict main-universe promotion without active exchange/inventory proof.",supporting,iraq::tswahun_bookstore_exchange_service_العراق
Saudi Arabia,Gulf / Arabian Peninsula,weak-fit core,Mrrha / مررها,app_marketplace,pass117_saudi_arabia_strict_recommerce_reclassification_web_check,high,"Added pass117. Active Saudi community marketplace for used/new/digital goods with books explicitly in scope and visible used-book seller/product pages. Strong recommerce rail and book-origin lineage via Kitabi Lak, but current scope is horizontal rather than book-specific, so retained as weak-fit core rather than strict main.",supporting,saudi arabia::mrrha_مررها
Saudi Arabia,Gulf / Arabian Peninsula,main-universe candidate / current-status hold,Rofoof / رفوف,book_reuse_platform,pass117_saudi_arabia_strict_recommerce_reclassification_web_check,medium-high,"Added pass117. Saudi/Jeddah book-specific platform lineage for buying/selling/exchanging used books with seller-buyer marketplace language in public profiles and news coverage. Current official surface exists but direct live inventory/seller mechanics were not sufficiently rendered in this pass, so this is held as a main-universe candidate rather than fully promoted strict main.",supporting,saudi arabia::rofoof_رفوف
Saudi Arabia,Gulf / Arabian Peninsula,single-store used booksellers,Dar Alqima Used Books / دار الكتب القيمة للكتاب المستعمل,salla_storefront,pass117_saudi_arabia_strict_recommerce_reclassification_web_check,high,"Added pass117. Riyadh Salla storefront explicitly says it buys and sells university and general used books across history, literature, Islamic books, fiction/self-development, politics and philosophy. Single-store used-bookseller, not marketplace.",supporting,saudi arabia::dar_alqima_used_books_دار_الكتب_القيمة_للكتاب_المستعمل
Saudi Arabia,Gulf / Arabian Peninsula,single-store used booksellers,Antique4k / أنتيكا للكتب القديمة والنادرة,used_rare_bookstore,pass117_saudi_arabia_strict_recommerce_reclassification_web_check,high,"Added pass117. Specialist old/rare/classic books and magazines storefront with active book categories, rare/old copy language, and worldwide shipping. Strong specialist used/rare seam but single-store/first-party.",supporting,saudi arabia::antique4k_أنتيكا_للكتب_القديمة_والنادرة
Saudi Arabia,Gulf / Arabian Peninsula,single-store used booksellers,The First Page SA — Used Books,salla_storefront,pass117_saudi_arabia_strict_recommerce_reclassification_web_check,high,"Added pass117. Saudi/Jeddah online bookstore with explicit Used Books category, used-book payment rules, KSA/GCC shipping, and product pages for pre-loved/used bundles. Single-store used-book e-commerce, not third-party marketplace.",supporting,saudi arabia::the_first_page_sa_used_books
Saudi Arabia,Gulf / Arabian Peninsula,single-store used booksellers,Abq Al-Kitab / عبق الكتاب للكتب القديمة والمستعملة,salla_storefront,pass117_saudi_arabia_strict_recommerce_reclassification_web_check,medium-high,"Added pass117. Salla storefront/search evidence describes a specialized shop for used, old, and rare books. Added as single-store used/rare bookstore signal; needs broader inventory check before high-confidence closure.",supporting,saudi arabia::abq_al_kitab_عبق_الكتاب_للكتب_القديمة_والمستعملة
Saudi Arabia,Gulf / Arabian Peninsula,single-store used booksellers,Jawharat Al-Khazana Used Books Library / مكتبة جوهرة الخزانة,social_storefront,pass117_saudi_arabia_strict_recommerce_reclassification_web_check,medium-high,"Added pass117. Jeddah used-books library/storefront with public social profile and launch traces for an electronic Salla shop. Single-store used-bookseller/social storefront, not strict marketplace.",supporting,saudi arabia::jawharat_al_khazana_used_books_library_مكتبة_جوهرة_الخزانة
Saudi Arabia,Gulf / Arabian Peninsula,annex / classifieds,Haraj Saudi — used books search,horizontal_classifieds,pass117_saudi_arabia_strict_recommerce_reclassification_web_check,high,"Added pass117. Horizontal Saudi classifieds surface with current used-book listings across regions. Confirms resale spillover and seller activity, but annex only because platform is horizontal.",supporting,saudi arabia::haraj_saudi_used_books_search
Saudi Arabia,Gulf / Arabian Peninsula,annex / social resale,r/KSABOOKS / Saudi used-new book trade subreddit,social_group,pass117_saudi_arabia_strict_recommerce_reclassification_web_check,medium-low,Added pass117 as low-scale social-resale hold. Reddit/Jeddah thread points to a KSA books subreddit for selling/trading used or new books. Annex only; weak public-scale evidence and no standalone marketplace mechanics.,supporting,saudi arabia::r_ksabooks_saudi_used_new_book_trade_subreddit
Yemen,Gulf / Arabian Peninsula,single-store bookstore layer,Yemen Bookshop / المكتبة اليمنية,single_store_bookstore_social_official,pass118_yemen_social_used_book_and_bookstore_depth_hardening_web_check,high,"Added pass118. Active Sana’a Yemen Bookshop / المكتبة اليمنية social and Instagram surfaces show current book, curriculum, children’s and English-book inventory/activity. Important live bookstore-commerce seam, but first-party/single-store and not used-book marketplace.",supporting,yemen::yemen_bookshop_المكتبة_اليمنية
Yemen,Gulf / Arabian Peninsula,single-store bookstore layer,Maktabat Khaled bin Al-Walid / مكتبة خالد بن الوليد,publisher_bookstore_distribution,pass118_yemen_social_used_book_and_bookstore_depth_hardening_web_check,high,"Added pass118. Current bookstore/ecommerce publisher page for مكتبة خالد بن الوليد - صنعاء lists multiple book categories, purchasable titles, and describes itself as a specialist seller of scientific, religious and cultural books; supporting profiles show Yemeni publisher/bookstore branch depth. Not used/recommerce marketplace.",supporting,yemen::maktabat_khaled_bin_al_walid_مكتبة_خالد_بن_الوليد
Yemen,Gulf / Arabian Peninsula,single-store bookstore layer,Maktabat Al-Shorouq Sana’a / مكتبة الشروق للطباعة والنشر,single_store_bookstore_social_official,pass118_yemen_social_used_book_and_bookstore_depth_hardening_web_check,medium-high,"Added pass118. Sana’a Hadda Street bookstore/publisher social surface advertises cultural, educational and university books at suitable prices. Useful current bookstore-depth seam; no marketplace/recommerce mechanics.",supporting,yemen::maktabat_al_shorouq_sana_a_مكتبة_الشروق_للطباعة_والنشر
Yemen,Gulf / Arabian Peninsula,single-store bookstore layer,Maktabat Dar Al-Thaqafa Al-Asriyah / مكتبة دار الثقافة العصرية,single_store_bookstore_social_official,pass118_yemen_social_used_book_and_bookstore_depth_hardening_web_check,medium,"Added pass118. Yemen/Sana’a social bookstore surface specializing in printing books and medical, engineering and administrative references. Retained as bookstore/print-service depth only.",supporting,yemen::maktabat_dar_al_thaqafa_al_asriyah_مكتبة_دار_الثقافة_العصرية
Yemen,Gulf / Arabian Peninsula,single-store bookstore layer,Dar Al-Kutub Al-Wataniya — Yemen / دار الكتب الوطنية,single_store_library_bookstore_social,pass118_yemen_social_used_book_and_bookstore_depth_hardening_web_check,medium,"Added pass118. Sana’a Dar al-Kutub al-Wataniya social surface with book/library framing and book-exchange/child-library language in public snippets. Contextual bookstore/library seam, not strict market infrastructure.",supporting,yemen::dar_al_kutub_al_wataniya_yemen_دار_الكتب_الوطنية
Yemen,Gulf / Arabian Peninsula,single-store used booksellers,Yemen used-books social storefront / بيع وشراء الكتب المستعملة,social_used_book_storefront,pass118_yemen_social_used_book_and_bookstore_depth_hardening_web_check,medium-high,"Added pass118. Instagram used-book selling surface gives individual used-book prices and advertises delivery to all Yemeni governorates via WhatsApp. Strong used-book commerce signal but social/first-party, not standalone platform.",supporting,yemen::yemen_used_books_social_storefront_بيع_وشراء_الكتب_المستعملة
Yemen,Gulf / Arabian Peninsula,offline / fair / literacy layer,Sana’a Tahrir Square / Abdul-Mughni Street book-vendor seam,offline_used_new_book_market,pass118_yemen_social_used_book_and_bookstore_depth_hardening_web_check,medium-high,Added pass118. Cultural-street/offline source describes Yemen/Sana’a pavement book vendors around Tahrir Square and Abdul-Mughni Street selling old and new Arabic/foreign books and magazines. Offline used/new market texture only.,supporting,yemen::sana_a_tahrir_square_abdul_mughni_street_book_vendor_seam
Palestine,Levant / Mashriq,annex / classifieds,Shobiddak Palestine — Books & Magazines,horizontal_classifieds_books_category,pass119_palestine_fragmented_bookshop_social_used_book_hardening_web_check,high,"Added pass119. Shobiddak Palestine books-and-magazines category advertises thousands of books for sale in Palestine, including new, used and rare books, with buy-or-sell framing. Horizontal classifieds/book category only; not book-specific strict marketplace.",supporting,palestine::shobiddak_palestine_books_magazines
Palestine,Levant / Mashriq,annex / classifieds,Mstaml Palestine — books / مكتبة نور الكتب tag,horizontal_resale_tag_books,pass119_palestine_fragmented_bookshop_social_used_book_hardening_web_check,medium,"Added pass119. Mstaml Palestine tag page says books can be sold through libraries or ceded directly by owners at good prices and exposes Palestinian city filters, but the checked tag had no related ads. Annex/resale-market texture only.",supporting,palestine::mstaml_palestine_books_مكتبة_نور_الكتب_tag
Palestine,Levant / Mashriq,single-store bookstore layer,Ibhar Books / متجر إبحار للكتب,online_first_party_bookstore,pass119_palestine_fragmented_bookshop_social_used_book_hardening_web_check,high,Added pass119. Ibhar Books is a Palestinian Arabic paper-book ecommerce shop with cart/prices/categories and explicit delivery of paper books in Palestine. First-party online bookstore; no used-book marketplace/seller onboarding evidence.,supporting,palestine::ibhar_books_متجر_إبحار_للكتب
Palestine,Levant / Mashriq,weak-fit core,Academic Bookshop / المكتبة الأكاديمية — Hebron,single_store_bookstore_distribution,pass119_palestine_fragmented_bookshop_social_used_book_hardening_web_check,medium-high,Added pass119. Academic Bookshop public profile describes a Hebron bookstore and leading retailer/distributor of English books in Palestine. Book-forward distribution rail but first-party/store layer only.,supporting,palestine::academic_bookshop_المكتبة_الأكاديمية_hebron
Palestine,Levant / Mashriq,single-store bookstore layer,Adam Bookshop / مكتبة ادم — Ramallah,single_store_bookstore_social_official,pass119_palestine_fragmented_bookshop_social_used_book_hardening_web_check,medium-high,"Added pass119. Ramallah social bookstore surface gives location on al-Irsal Street and delivery to all Palestinian cities, wholesale/retail language, and active book promotions. Single-store/social commerce, not marketplace.",supporting,palestine::adam_bookshop_مكتبة_ادم_ramallah
Palestine,Levant / Mashriq,single-store bookstore layer,Kitabak La-Baytak / كتابك لبيتك — delivery bookshop,social_bookstore_delivery,pass119_palestine_fragmented_bookshop_social_used_book_hardening_web_check,medium-high,Added pass119. Social bookstore/delivery page advertises book delivery across Palestine with WhatsApp ordering. Useful territory-commerce seam but first-party/social storefront only.,supporting,palestine::kitabak_la_baytak_كتابك_لبيتك_delivery_bookshop
Palestine,Levant / Mashriq,single-store used booksellers,Bastat/Bastet Kotoob 2 — Ramallah used/new book bazaar / بسطة كتب 2,offline_social_used_new_books_bazaar,pass119_palestine_fragmented_bookshop_social_used_book_hardening_web_check,medium-high,"Added pass119. Al-Multaqa/Hakaya public surfaces describe Bastat Kotoob 2 in Ramallah as an exhibition/bazaar of hundreds of used and new books at symbolic low prices, including donated books and a physical location. Strong used/new social/offline seam, not standalone marketplace infrastructure.",supporting,palestine::bastat_bastet_kotoob_2_ramallah_used_new_book_bazaar_بسطة_كتب_2
Palestine,Levant / Mashriq,annex / classifieds,Free Book Exchange in Palestine / تبادل الكتب في فلسطين مجاناً,social_book_exchange_group,pass119_palestine_fragmented_bookshop_social_used_book_hardening_web_check,medium,"Added pass119. Public snippets show a Palestine free book-exchange group with posts requesting, offering, and selling books in places such as Nablus. Social/group exchange only; not independent platform or governed seller rail.",supporting,palestine::free_book_exchange_in_palestine_تبادل_الكتب_في_فلسطين_مجاناً
Syria,Levant / Mashriq,annex / classifieds,BandoAds Syria — Used Books / كتب مستعملة في سوريا,horizontal_classifieds_used_books_category,pass120_syria_post_reopening_used_book_social_classifieds_hardening_web_check,high,"Added pass120. Bando exposes Syria-wide and city-specific used-books classified categories (Damascus/Latakia/Hama/Daraa/Hasakah/Idlib etc.) and describes itself in snippets as a large Syrian classifieds platform. Stronger than generic horizontal texture, but still classifieds, not book-specific marketplace governance.",supporting,syria::bandoads_syria_used_books_كتب_مستعملة_في_سوريا
Syria,Levant / Mashriq,single-store bookstore layer,Ketab Bookstore / متجر كِتاب — Syria online bookstore,social_online_bookstore_delivery,pass120_syria_post_reopening_used_book_social_classifieds_hardening_web_check,medium-high,Added pass120. Instagram/search surface describes a Syria book-selling store with substantial follower count and delivery/ship-to-Syria language. First-party/social online bookstore; no used-book marketplace or third-party seller mechanics.,supporting,syria::ketab_bookstore_متجر_كِتاب_syria_online_bookstore
Syria,Levant / Mashriq,weak-fit core,Shorfto / sh.sy — Syrian book product ecommerce rail,general_ecommerce_book_product,pass120_syria_post_reopening_used_book_social_classifieds_hardening_web_check,medium,"Added pass120. Product page for an Arabic book shows technical bibliographic fields, minimum quantity, Damascus delivery, shipping to governorates and outside Syria. Useful book-commerce rail but product/retail surface only; not used/recommerce marketplace.",supporting,syria::shorfto_sh_sy_syrian_book_product_ecommerce_rail
Syria,Levant / Mashriq,annex / classifieds,كتب مستعملة (بيع - شراء - تبادل) في سوريا — national used-book group,social_used_books_buy_sell_exchange_group,pass120_syria_post_reopening_used_book_social_classifieds_hardening_web_check,medium-high,Added pass120. Public snippets show a Syria-wide used-books buy/sell/exchange group with active book-sale posts and shipping/delivery language. Social/Facebook-hosted resale only; not independent platform.,supporting,syria::كتب_مستعملة_بيع_شراء_تبادل_في_سوريا_national_used_book_group
Syria,Levant / Mashriq,annex / classifieds,كتب مستعملة في دمشق وريفها — used books Damascus/Rif group,social_used_books_city_group,pass120_syria_post_reopening_used_book_social_classifieds_hardening_web_check,medium,Added pass120. Public snippets show a Damascus/Rif used-books buy/sell group with direct used-book request/sale posts. City social-commerce layer only.,supporting,syria::كتب_مستعملة_في_دمشق_وريفها_used_books_damascus_rif_group
Syria,Levant / Mashriq,single-store used booksellers,مجموعة دار الوثائق بحلب — Aleppo used-book buy/sell group,social_used_book_seller_group,pass120_syria_post_reopening_used_book_social_classifieds_hardening_web_check,medium-high,"Added pass120. Dar al-Watha’iq/Aleppo public group surface and related posts describe buying and selling used books, WhatsApp/Telegram follow-through, and Aleppo book-sale activity. Treated as social/seller-group used-book seam, not standalone marketplace.",supporting,syria::مجموعة_دار_الوثائق_بحلب_aleppo_used_book_buy_sell_group
Syria,Levant / Mashriq,annex / classifieds,سوق دمشق للكتب المستعملة والجديد — Damascus used/new book market group,social_used_new_book_market_group,pass120_syria_post_reopening_used_book_social_classifieds_hardening_web_check,medium-high,"Added pass120. Public snippet describes a Damascus group for trading used heritage and new books, buy/sell. Social classifieds/book-market group only.",supporting,syria::سوق_دمشق_للكتب_المستعملة_والجديد_damascus_used_new_book_market_group
Syria,Levant / Mashriq,annex / classifieds,متجر الكتب المدرسية السورية (بيع وشراء) — used schoolbook group,social_used_schoolbook_group,pass120_syria_post_reopening_used_book_social_classifieds_hardening_web_check,medium,Added pass120. Public snippets show used Syrian schoolbook buy/sell posts including Baccalaureate sets in Damascus. Schoolbook social resale only; no platform mechanics.,supporting,syria::متجر_الكتب_المدرسية_السورية_بيع_وشراء_used_schoolbook_group
Libya,North Africa / Maghreb,annex / classifieds,OpenSooq Libya — Tripoli Books & Magazines city vertical,horizontal_classifieds_city_vertical,pass121_libya_tripoli_benghazi_misrata_used_book_social_hardening_web_check,high,"Added pass121. Tripoli city book vertical advertises buying/selling books and new/used/rare framing; horizontal OpenSooq infrastructure, not standalone book marketplace.",supporting,libya::opensooq_libya_tripoli_books_magazines_city_vertical
Libya,North Africa / Maghreb,annex / classifieds,OpenSooq Libya — Benghazi Books & Magazines city vertical,horizontal_classifieds_city_vertical,pass121_libya_tripoli_benghazi_misrata_used_book_social_hardening_web_check,high,"Added pass121. Benghazi city book listings include used-book sale examples and delivery/chat mechanics; city segmentation only, not independent book platform.",supporting,libya::opensooq_libya_benghazi_books_magazines_city_vertical
Libya,North Africa / Maghreb,annex / classifieds,OpenSooq Libya — Misrata Books & Magazines city vertical,horizontal_classifieds_city_vertical,pass121_libya_tripoli_benghazi_misrata_used_book_social_hardening_web_check,medium-high,Added pass121. Misrata city OpenSooq books vertical supports Tripoli/Benghazi/Misrata segmentation requested by revisit queue; horizontal classifieds only.,supporting,libya::opensooq_libya_misrata_books_magazines_city_vertical
Libya,North Africa / Maghreb,single-store used booksellers,بيع و شراء الكتب المستعملة في ليبيا — Libya used-book buy/sell group,social_used_book_group,pass121_libya_tripoli_benghazi_misrata_used_book_social_hardening_web_check,medium-high,"Added pass121. Public group description explicitly frames used-book buying and selling across Libya, including affordable, scientific, and curriculum books; Facebook-hosted social resale, not standalone marketplace.",supporting,libya::بيع_و_شراء_الكتب_المستعملة_في_ليبيا_libya_used_book_buy_sell_group
Libya,North Africa / Maghreb,annex / classifieds,بيع وشراء الكتب داخل ليبيا — books buy/sell inside Libya group,social_books_buy_sell_group,pass121_libya_tripoli_benghazi_misrata_used_book_social_hardening_web_check,medium-high,"Added pass121. Public snippets show buy/sell book activity and recent posts; social group texture, not independent platform infrastructure.",supporting,libya::بيع_وشراء_الكتب_داخل_ليبيا_books_buy_sell_inside_libya_group
Libya,North Africa / Maghreb,annex / classifieds,مملكة الكتب لبيع وشراء الكتب داخل ليبيا — Kingdom of Books Libya group,social_books_buy_sell_group,pass121_libya_tripoli_benghazi_misrata_used_book_social_hardening_web_check,medium,Added pass121. Public group description says it is a group for selling books; retained as social resale texture only.,supporting,libya::مملكة_الكتب_لبيع_وشراء_الكتب_داخل_ليبيا_kingdom_of_books_libya_group
Libya,North Africa / Maghreb,single-store used booksellers,مكتبة جواد لبيع الكتب — Jawad Bookshop social used/new seller,social_used_new_bookstore,pass121_libya_tripoli_benghazi_misrata_used_book_social_hardening_web_check,medium,"Added pass121. Public about/snippet says the page is concerned with buying and selling used and new books across religious, literary, cultural, and scientific fields; social/single-store only.",supporting,libya::مكتبة_جواد_لبيع_الكتب_jawad_bookshop_social_used_new_seller
Libya,North Africa / Maghreb,single-store bookstore layer,Dar Fergiani / Fergiani Bookshop — Tripoli/London bookstore-publisher layer,bookstore_publisher_layer,pass121_libya_tripoli_benghazi_misrata_used_book_social_hardening_web_check,high,Added pass121. Heritage Libyan bookstore/publisher layer with official e-commerce continuity and historical Tripoli bookshop footprint; not a used-book marketplace.,supporting,libya::dar_fergiani_fergiani_bookshop_tripoli_london_bookstore_publisher_layer
Libya,North Africa / Maghreb,single-store bookstore layer,مكتبة الكون / Al-Kon Book — Tripoli/Cairo publisher-bookstore layer,bookstore_publisher_layer,pass121_libya_tripoli_benghazi_misrata_used_book_social_hardening_web_check,medium-high,"Added pass121. Official surface describes Al-Kon lineage from Tripoli/Meknes/Fath library roots and current publishing/book activity; retained as bookstore/publisher context, not recommerce.",supporting,libya::مكتبة_الكون_al_kon_book_tripoli_cairo_publisher_bookstore_layer
Malawi,Southern Africa,annex / classifieds,Tisitano Malawi — books classified-search rail,horizontal_classifieds_books_search,pass122_malawi_secondhand_bookshop_classifieds_hardening_web_check,medium-high,Added pass122. Tisitano provides Malawi horizontal classifieds / buy-sell infrastructure with book searches and app-level seller flow; not book-specific strict main.,supporting,malawi::tisitano_malawi_books_classified_search_rail
Malawi,Southern Africa,annex / classifieds,Tisitano Malawi — secondary/school books search seam,horizontal_classifieds_education_books_search,pass122_malawi_secondhand_bookshop_classifieds_hardening_web_check,medium,"Added pass122. Search surface returns school/secondary-book listings; education/textbook classified seam only, not a book-specific recommerce marketplace.",supporting,malawi::tisitano_malawi_secondary_school_books_search_seam
Malawi,Southern Africa,annex / classifieds,Facebook Marketplace Zomba Books,social_marketplace_books_city_category,pass122_malawi_secondhand_bookshop_classifieds_hardening_web_check,medium,Added pass122. City-level Facebook Marketplace books category for Zomba; confirms new/used social-marketplace book circulation but remains general social marketplace infrastructure.,supporting,malawi::facebook_marketplace_zomba_books
Malawi,Southern Africa,single-store used booksellers,Baobab Bookshop — Lilongwe second-hand books,independent_secondhand_bookshop_social_surface,pass122_malawi_secondhand_bookshop_classifieds_hardening_web_check,medium-high,"Added pass122. Public profile states it sells quality second-hand books in Lilongwe; single-store/social used-bookshop signal, not marketplace infrastructure.",supporting,malawi::baobab_bookshop_lilongwe_second_hand_books
Malawi,Southern Africa,single-store used booksellers,Malawian Book Seller — Lilongwe used-book buyer/seller,social_used_book_buyer_seller,pass122_malawi_secondhand_bookshop_classifieds_hardening_web_check,medium-high,Added pass122. Public profile says it mostly buys and sells used books to encourage reading culture; social/single-store used-book signal only.,supporting,malawi::malawian_book_seller_lilongwe_used_book_buyer_seller
Malawi,Southern Africa,single-store used booksellers,Book Lover's Shop — Lilongwe fairly used books,independent_used_bookshop_social_surface,pass122_malawi_secondhand_bookshop_classifieds_hardening_web_check,medium-high,Added pass122. Public profile says it sells fairly used books from novels to motivational and educational books; single-store used-bookshop layer only.,supporting,malawi::book_lover_s_shop_lilongwe_fairly_used_books
Malawi,Southern Africa,single-store used booksellers,Africana Bookshop / Central Africana — Blantyre antiquarian and out-of-print seam,independent_antiquarian_bookshop,pass122_malawi_secondhand_bookshop_classifieds_hardening_web_check,high,"Added pass122. Malawi Travel describes dusty old tomes, old/out-of-print/antiquarian books, maps, prints, and Africana stock; important used/antiquarian bookshop seam, not marketplace.",supporting,malawi::africana_bookshop_central_africana_blantyre_antiquarian_and_out_of_print_seam
Malawi,Southern Africa,single-store used booksellers,DAPP Secondhand Book Shop — Blantyre directory hold,directory_listed_secondhand_bookshop,pass122_malawi_secondhand_bookshop_classifieds_hardening_web_check,medium,"Added pass122. Directory lists Dapp Secondhand Book Shop at Fairground behind Stanbic Bank, Blantyre; retained as secondhand-bookshop directory hold, not independently platformized.",supporting,malawi::dapp_secondhand_book_shop_blantyre_directory_hold
Lesotho,Southern Africa,weak-fit core,IXcess Book App Lesotho,book_app_rent_buy_sell_current_status_hold,pass123_web_reverified_2026_05_02,medium-low,"Book-specific Lesotho app-era lead: public Facebook/search surfaces describe an app acting as both library/bookstore with rent/buy/sell language, while APKPure confirms a 2021 iXcess Bookstore app for renting/reading books. Current live store/listing depth is unresolved; hold as weak-fit, not strict-main used marketplace.",primary,lesotho_ixcess_book_app_lesotho
Lesotho,Southern Africa,single-store bookstore layer,Maseru Book Centre,local_bookstore_directory_social_surface,pass123_web_reverified_2026_05_02,medium,Maseru physical bookstore anchor; LesothoYP and social/directory surfaces describe textbook/leisure/church/stationery supply and Kingsway location. Single-store/bookstore layer only.,supporting,lesotho_maseru_book_centre
Lesotho,Southern Africa,single-store bookstore layer,Lesotho Book Centre branch network,local_bookstore_branch_directory,pass123_web_reverified_2026_05_02,medium,"Directory evidence supports Lesotho Book Centre branches in Maseru/Hlotse/Mafeteng; branch-network bookstore layer only, no recommerce platform mechanics.",supporting,lesotho_lesotho_book_centre_branch_network
Lesotho,Southern Africa,single-store bookstore layer,Mohale's Hoek Book Centre,local_bookstore_directory_secondhand_category_lead,pass123_web_reverified_2026_05_02,medium-low,LesothoYP secondhand/books directory lead for Mohale’s Hoek. Treated as local bookstore / directory hold rather than verified marketplace or used-book platform.,supporting,lesotho_mohale_s_hoek_book_centre
Lesotho,Southern Africa,annex / classifieds,Facebook Marketplace Foso Books,social_marketplace_books_category,pass123_web_reverified_2026_05_02,medium,Foso/Maseru city-level Facebook Marketplace books category says new and used books for sale and free item posting; social marketplace/classifieds only.,supporting,lesotho_facebook_marketplace_foso_books
Lesotho,Southern Africa,annex / classifieds,Rebuydeal Lesotho — used books posting rail,horizontal_secondhand_listing_form_books_category,pass123_web_reverified_2026_05_02,medium-low,"Global horizontal secondhand listing form localized to Lesotho with explicit Books used/secondhand categories across Maseru, Mafeteng, Leribe, Maputsoe, Mohale’s Hoek, Qacha’s Nek, Quthing, and Butha-Buthe; not book-specific strict main.",supporting,lesotho_rebuydeal_lesotho__used_books_posting_rail
Lesotho,Southern Africa,annex / classifieds,AAAFreeAds Maseru Books & Magazines,horizontal_classifieds_books_magazines_category,pass123_web_reverified_2026_05_02,low,Maseru Books & Magazines classifieds category exists but currently reports no selected-category/area classifieds. Retain as low-confidence horizontal classifieds texture only.,supporting,lesotho_aaafreeads_maseru_books__magazines
Seychelles,Indian Ocean / Seychelles,annex / classifieds,Rebuydeal Seychelles — used books posting rail,horizontal_secondhand_classifieds_books_category,pass124_seychelles_strict_candidate_recommerce_bookstore_depth_hardening,medium-low,"Seychelles-localized global horizontal secondhand classifieds form for posting used/secondhand Books, with account/register, photos, price, country/city, condition/details and seller-to-buyer intermediary language. Useful book-category rail, but not book-specific strict main.",supporting,seychelles_rebuydeal_used_books_posting_rail
Seychelles,Indian Ocean / Seychelles,single-store bookstore layer,Antigone Bookshop,local_bookshop,pass124_seychelles_strict_candidate_recommerce_bookstore_depth_hardening,medium-high,"Established Seychelles bookshop/bookstore layer. Koek describes Antigone as a Victoria book destination established in 1987 with broad reading materials, literary community positioning, and contact/location details. Single-store bookstore layer only.",supporting,seychelles_antigone_bookshop
Seychelles,Indian Ocean / Seychelles,single-store bookstore layer,Giraffe Book Shop,local_bookshop,pass124_seychelles_strict_candidate_recommerce_bookstore_depth_hardening,medium,"Eden Plaza/Eden Island bookstore layer. Commercial Register describes a new Seychelles book store with books, magazines, stationery, gifts and cards; Seychelles.com and other listings place it among local book-buying outlets. Single-store bookstore layer only.",supporting,seychelles_giraffe_book_shop
Seychelles,Indian Ocean / Seychelles,single-store bookstore layer,Royal Bookshop,local_bookshop_religious_law_books,pass124_seychelles_strict_candidate_recommerce_bookstore_depth_hardening,low-medium,"Victoria bookstore/social retail signal, including current Instagram/public-search snippets for Royal Bookshop and law/religious book availability. Single-store bookstore layer; evidence is social/directory-heavy and not recommerce.",supporting,seychelles_royal_bookshop
Seychelles,Indian Ocean / Seychelles,single-store bookstore layer,Mortar Fist Comic Book Store,comic_bookshop,pass124_seychelles_strict_candidate_recommerce_bookstore_depth_hardening,low-medium,Victoria comic-book/specialist bookstore directory signal from Cybo book-stores/newsstands list. Added as specialist bookstore texture only; no used-book marketplace mechanics.,supporting,seychelles_mortar_fist_comic_book_store
Seychelles,Indian Ocean / Seychelles,weak-fit core,Ubuy Seychelles Books,international_book_ecommerce_vertical,pass124_seychelles_strict_candidate_recommerce_bookstore_depth_hardening,medium-low,"Seychelles-facing books ecommerce vertical with broad online book-shopping language and international title access. Useful weak-fit retail/import rail, but not used-book recommerce or local third-party strict main.",supporting,seychelles_ubuy_books
Seychelles,Indian Ocean / Seychelles,annex / classifieds,BUY sell SELL buy Seychelles — book-lot spillover,general_social_classifieds_book_item_spillover,pass124_seychelles_strict_candidate_recommerce_bookstore_depth_hardening,low-medium,"General Seychelles buy/sell Facebook group with book-lot snippets, including children/classic-book sets and used-like-new children’s books. Social classifieds/item spillover only, not book-specific platform infrastructure.",supporting,seychelles_buy_sell_sell_buy_book_lot_spillover
Kazakhstan,Caucasus / Caspian + Central Asia,annex / classifieds,Kaspi Объявления — Books/Journals category,site,runtime_gap_bridge_web_2026_05_02_pass125_kazakhstan_direct_hardening,high,"Kazakhstan-wide horizontal classifieds rail with a books/journals category and explicit new/used book listings, counts, prices, condition and exchange filters. Strong resale texture but not book-specific strict main.",supporting,kazakhstan_kaspi_ads_books_journals_category
Kazakhstan,Caucasus / Caspian + Central Asia,annex / classifieds,OLX.kz — Books/Journals category,site,runtime_gap_bridge_web_2026_05_02_pass125_kazakhstan_direct_hardening,high,Kazakhstan horizontal classifieds with live books/journals listings and used/new condition flags. Added as explicit row to complement the prior antique/bukinistika OLX row; not book-specific strict main.,supporting,kazakhstan_olx_kz_books_journals_category
Kazakhstan,Caucasus / Caspian + Central Asia,single-store used booksellers,Kitapashar / Кітапашар — Astana bukinist bookstore,store/social_store,runtime_gap_bridge_web_2026_05_02_pass125_kazakhstan_direct_hardening,high,"Astana bukinist bookstore and cultural space; sources describe it as the only/major bukinist store in Astana, accepting/selling old books and running sales. Useful regional used-book node, not marketplace infrastructure.",used-bookseller,kazakhstan_kitapashar_astana_bukinist_bookstore
Kazakhstan,Caucasus / Caspian + Central Asia,single-store used booksellers,Antika.kz — Bukinistika / antique-books category,site,runtime_gap_bridge_web_2026_05_02_pass125_kazakhstan_direct_hardening,medium-high,"Kazakhstan antique/rare-book ecommerce category with rare antiquarian books on Kazakhstan/Central Asia history and ethnography. Single-operator antiques/bookseller layer, not open marketplace core.",used-bookseller,kazakhstan_antika_kz_bukinistika_antique_books_category
Cameroon,Central Africa / West-Central Africa,annex / classifieds,Camerooncom — BOOKS classified adverts,general_classifieds_books_category,runtime_gap_bridge_web_2026_05_02_pass126_cameroon_current_status_hardening,medium,"Cameroon general classifieds books category with visible Cameroon book ads, prices and city locations; useful book-resale/classifieds texture but not book-specific strict main.",supporting,cameroon_camerooncom_books_classified_adverts
Cameroon,Central Africa / West-Central Africa,weak-fit core,Meetlearn Cameroon Books Online,ordinary_ecommerce_school_books,runtime_gap_bridge_web_2026_05_02_pass126_cameroon_current_status_hardening,medium-high,"Cameroon online school/textbook catalogue with hundreds of products and home-delivery/order framing. Book-forward ecommerce, but not used-book marketplace or third-party resale infrastructure.",supporting,cameroon_meetlearn_cameroon_books_online
Cameroon,Central Africa / West-Central Africa,weak-fit core,"Afrosmartshop Cameroon — Books, Movies & Music",horizontal_marketplace_books_category,runtime_gap_bridge_web_2026_05_02_pass126_cameroon_current_status_hardening,medium,"General Cameroon marketplace with books/media category and seller/buyer, logistics and payment-service language; book category is horizontal/general-marketplace spillover, not book-dominant used/recommerce main universe.",supporting,cameroon_afrosmartshop_books_movies_music
Cameroon,Central Africa / West-Central Africa,single-store bookstore layer,Wisdom Bookshop Cameroon,online_bookstore,runtime_gap_bridge_web_2026_05_02_pass126_cameroon_current_status_hardening,medium-high,"Cameroon online bookstore with product categories, cart/checkout/account surfaces, prices and add-to-cart actions. Strong online bookstore signal but single-store/first-party only, not recommerce marketplace.",bookstore,cameroon_wisdom_bookshop_cameroon
Cameroon,Central Africa / West-Central Africa,single-store bookstore layer,Book Bank / Bookbank.00237 Douala,social_bookstore,runtime_gap_bridge_web_2026_05_02_pass126_cameroon_current_status_hardening,medium,Douala social bookstore / BookBank237 current social surface with nationwide shipping language and book-sales posts. Single-store/social commerce only; no open used-book marketplace mechanics.,bookstore,cameroon_bookbank_00237_douala
Cameroon,Central Africa / West-Central Africa,annex / classifieds,"Échanges, ventes et dons de livres 237",social_group_book_exchange_sale_donation,runtime_gap_bridge_web_2026_05_02_pass126_cameroon_current_status_hardening,medium-low,"Cameroon Facebook group surface for exchanges, sales and donations of books, with posts around used schoolbooks. Social group evidence only; not standalone marketplace infrastructure.",supporting,cameroon_echanges_ventes_dons_livres_237
Cameroon,Central Africa / West-Central Africa,offline / fair / literacy layer,Lire à Douala — librairie éphémère / livres d’occasion,ephemeral_used_book_sale_event,runtime_gap_bridge_web_2026_05_02_pass126_cameroon_current_status_hardening,medium-low,"Douala ephemeral-bookshop/book-event signal with explicit used-book sale conditions; useful offline/temporary used-book texture, not platform infrastructure.",offline_used_book_signal,cameroon_lire_a_douala_librairie_ephemere_used_books
Gabon,Central Africa / West-Central Africa,annex / classifieds,TROC VENTE ET ACHAT DE LIVRE AU GABON,social_group_book_exchange_sale_buy,runtime_gap_bridge_web_2026_05_02_pass127_gabon_current_status_hardening,medium,"Book-specific Gabon Facebook group for book barter/sale/purchase. Public snippets show recent activity and group identity; social/Facebook-hosted resale/exchange texture only, not standalone marketplace infrastructure.",supporting,gabon_troc_vente_achat_livre_gabon
Gabon,Central Africa / West-Central Africa,annex / classifieds,Vente et échange de Livres de toutes les classes — Libreville schoolbooks,social_marketplace_schoolbook_exchange_items,runtime_gap_bridge_web_2026_05_02_pass127_gabon_current_status_hardening,medium-low,"Facebook Marketplace/group snippets show Libreville used/good schoolbook sale and exchange listings, with near-new primary/college/lycée books and exchange language. Item/social layer only; no platform promotion.",supporting,gabon_vente_echange_livres_toutes_classes_libreville
Gabon,Central Africa / West-Central Africa,single-store bookstore layer,La Librairie du Mapane,virtual_social_bookstore,runtime_gap_bridge_web_2026_05_02_pass127_gabon_current_status_hardening,medium,"Libreville virtual/social bookstore with order phone and customer-paid delivery language. Strengthens local bookstore/social-commerce texture but remains single-store/first-party, not recommerce platform.",bookstore,gabon_la_librairie_du_mapane
Gabon,Central Africa / West-Central Africa,single-store bookstore layer,Maison de la Presse Gabon,ordinary_online_bookstore_reservation_import,runtime_gap_bridge_web_2026_05_02_pass127_gabon_current_status_hardening,medium,"Libreville/Gabon book-reservation retail surface advertising reservation from more than one million titles. Ordinary bookstore/import-reservation infrastructure, not used-book marketplace.",bookstore,gabon_maison_de_la_presse_gabon
Gabon,Central Africa / West-Central Africa,annex / classifieds,CoinAfrique Gabon item-level book/contact listings,general_classifieds_book_items_contact_flow,runtime_gap_bridge_web_2026_05_02_pass127_gabon_current_status_hardening,medium,"Current CoinAfrique Gabon item pages show seller membership, phone/WhatsApp/email contact flow, delivery-available icons, Libreville book listings and used/new category framing. Horizontal classifieds only, not book-specific strict main.",supporting,gabon_coinafrique_item_level_book_contact_listings
India,South Asia dedicated sprint,main universe,Sumrux Eco Textbooks Campaign,book_specific_peer_to_peer_textbook_reuse_marketplace,runtime_gap_bridge_web_2026_05_02_pass128_india_residual_apps || runtime_gap_bridge_web_2026_05_02_pass129_india_second_residual_app_storefront_hardening,high,"Net-new pass128 row. Bengaluru/India book-specific reuse platform/campaign: official page supports list/find books, sell/donate/swap choice, nearby connection and visible textbook listings with prices/free/out-of-stock states; terms frame Sumrux as peer-to-peer marketplace for lend/hire/sell-buy/swap where users transact directly. Retain as main-universe strict-candidate, with school/textbook seasonal/Bengaluru scope caveat. || Pass129: TOI April 2026 confirms current Bengaluru sell/exchange/lend/donate textbook operation; upgrade to high strict-candidate with school/textbook scope caveat.",candidate_core,india_sumrux_eco_textbooks_campaign
India,South Asia dedicated sprint,main universe,Pustak Market — buy/sell books marketplace app,book_specific_buy_sell_app_marketplace,runtime_gap_bridge_web_2026_05_02_pass129_india_second_residual_app_storefront_hardening,medium,"Net-new pass129 row. Google Play says Pustak Market is an online books marketplace allowing users to sell and buy favorite books, with e-book discovery/download. Book-specific buy/sell mechanics support main-universe strict-candidate status, but evidence is one app-store listing with limited scale/activity proof and e-book breadth; keep medium confidence and targeted activity revisit.",candidate_core,india_pustak_market_buy_sell_books_marketplace_app
India,South Asia dedicated sprint,weak-fit core,Classic Pages — preloved/rent/buy books app,preloved_books_rent_buy_app,runtime_gap_bridge_web_2026_05_02_pass129_india_second_residual_app_storefront_hardening,medium,"Net-new pass129 row. Google Play says Classic Pages supports exploring, renting and buying books, includes a growing selection of preloved books, and frames affordable/sustainable book access. It does not clearly show open seller onboarding or user-to-user used-book marketplace mechanics, so classify as weak-fit core/current-status hold rather than strict main.",weak_fit_context,india_classic_pages_preloved_rent_buy_books_app
India,South Asia dedicated sprint,weak-fit core,Flying Books — old-books store app,operator_managed_old_books_store_app,runtime_gap_bridge_web_2026_05_02_pass129_india_second_residual_app_storefront_hardening,medium-high,"Net-new pass129 row. Google Play/Indus describe Flying Books as an India old/new books app focused on old academic books, with 10K+ downloads, old-book purchase, sell-your-own-used-books, requests, delivery, returns and COD. Evidence supports operator-managed used-book recommerce/storefront, but not independent open marketplace/seller accounts; keep weak-fit core medium-high.",weak_fit_context,india_flying_books_old_books_store_app
Nigeria,West Africa,annex / classifieds,CampusTradeNG — Nigerian campus student marketplace app,student_horizontal_marketplace_app,web_reverified_2026_05_02_pass130,medium,"Google Play current listing frames CampusTradeNG as a Nigerian university-student marketplace for buying/selling items within campus, including textbooks/books alongside electronics, fashion and services; not book-specific strict main.",supporting,nigeria_campustradeng_campus_student_marketplace_app
Nigeria,West Africa,annex / classifieds,CampusHub Nigeria — campus used-items marketplace,student_horizontal_marketplace_app,web_reverified_2026_05_02_pass130,medium,"Nigeria campus marketplace for students to give away/sell used items and academic materials; current site claims 50,000+ used items sold but book activity remains horizontal campus-commerce rather than book-specific resale.",supporting,nigeria_campushub_campus_used_items_marketplace
Nigeria,West Africa,weak-fit core,Booka Nigeria — campus textbook ordering app,campus_bookshop_ordering_app,web_reverified_2026_05_02_pass130,medium,"Current Google Play listing describes a Nigerian campus textbook app connecting students, campus bookshops, and delivery agents with online payment/pickup/delivery; textbook infrastructure but not used-book recommerce or third-party resale.",supporting,nigeria_booka_campus_textbook_ordering_app
Mauritania,West Africa / Sahel-Atlantic,annex / classifieds,OpenSooq Mauritania — Books & Magazines,general_classifieds_books_category,runtime_gap_bridge_web_2026_05_03_pass131_mauritania_deepening,medium,Country/city horizontal classifieds books vertical with buy/sell framing and new/used/rare book language; evidence supports active book-category rail but not book-specific marketplace infrastructure.,supporting,mauritania_opensooq_books_magazines
Mauritania,West Africa / Sahel-Atlantic,annex / classifieds,All-Souq Mauritania classified-app rail,general_classifieds_app,runtime_gap_bridge_web_2026_05_03_pass131_mauritania_deepening,medium,"Google Play app surface confirms Mauritania-wide buyer/seller classifieds, posting photos/descriptions/prices, messaging, new and used goods across many categories; horizontal rail only.",supporting,mauritania_all_souq_classified_app_rail
Mauritania,West Africa / Sahel-Atlantic,single-store used-bookseller signal,Librairie Ambulante Nouakchott,book_selling_social_surface,runtime_gap_bridge_web_2026_05_03_pass131_mauritania_deepening,medium-high,"Nouakchott social surface describes a platform for sale/exchange of books of all types, including new and second-hand books; book-specific reuse signal but Facebook/social-hosted, not independent marketplace infrastructure.",supporting,mauritania_librairie_ambulante_nouakchott
Mauritania,West Africa / Sahel-Atlantic,single-store bookstore layer,rim book Nouakchott,bookstore_social_surface,runtime_gap_bridge_web_2026_05_03_pass131_mauritania_deepening,medium,Nouakchott social bookstore/page describing itself as a major provider of books and novels in Mauritania; bookstore/social-commerce depth only.,supporting,mauritania_rim_book_nouakchott
Mauritania,West Africa / Sahel-Atlantic,annex / classifieds,"Facebook Marketplace Nouakchott Books, Movies & Music category",social_marketplace_books_category,runtime_gap_bridge_web_2026_05_03_pass131_mauritania_deepening,medium-low,"Broader Facebook Marketplace city-category surface for new and used Books, Movies & Music near Nouakchott; social/horizontal marketplace texture only.",supporting,mauritania_facebook_marketplace_nouakchott_books_movies_music_category
Madagascar,Indian Ocean / Madagascar,single-store used bookseller,Boky Occaz MDG,used_book_social_storefront,runtime_gap_bridge_web_2026_05_03_pass132_madagascar_deepening,medium-high,"Antananarivo social storefront with explicit conditions that books/toys are used and recurring “balle livres occasion” sales; useful dedicated secondhand-book seller signal, not independent marketplace infrastructure.",supporting,madagascar_boky_occaz_mdg
Madagascar,Indian Ocean / Madagascar,single-store used bookseller,Livres de Mi,online_used_bookstore_social_storefront,runtime_gap_bridge_web_2026_05_03_pass132_madagascar_deepening,medium-high,"Antananarivo online-only bookstore/social seller advertising original used novels, delivery in Madagascar, and active Facebook/Instagram book-sale flow; dedicated used-book seller, not open multi-seller platform.",supporting,madagascar_livres_de_mi
Madagascar,Indian Ocean / Madagascar,weak-fit core,KIBO Madagascar Librairie,first_party_online_book_retail,runtime_gap_bridge_web_2026_05_03_pass132_madagascar_deepening,medium-high,"Madagascar online bookstore category with catalogue depth, subcategories, prices/order buttons, account/cart/payment/shipping surfaces, and 69 visible items; ordinary first-party/new-book retail, not used/recommerce.",supporting,madagascar_kibo_librairie
Madagascar,Indian Ocean / Madagascar,annex / classifieds,"Facebook Marketplace Antananarivo Books, Movies & Music category",social_marketplace_books_category,runtime_gap_bridge_web_2026_05_03_pass132_madagascar_deepening,medium,"City-level Facebook Marketplace category explicitly presents new and used Books, Movies & Music near Antananarivo; horizontal social marketplace texture only.",supporting,madagascar_facebook_marketplace_antananarivo_books_movies_music_category
Madagascar,Indian Ocean / Madagascar,annex / social book-sale groups,Livres à vendre MDG / Balle Boky social-sale seam,social_book_sale_group_texture,runtime_gap_bridge_web_2026_05_03_pass132_madagascar_deepening,medium,"Facebook/social sale-group traces show books for sale and used-book “balle boky / balle livres occasion” circulation; group-hosted texture, not platformized marketplace infrastructure.",supporting,madagascar_livres_a_vendre_mdg_balle_boky_social_sale_seam
Mauritius,Indian Ocean / Mauritius,annex / classifieds,AsterVender Mauritius schoolbook and fiction subcategory depth,general_secondhand_marketplace_book_subcategory_depth,runtime_gap_bridge_web_2026_05_03_pass133_mauritius_deepening,high,"AsterVender subcategory pages confirm book-category depth beyond the root: fictional books, children’s books and secondary-school books with used/new condition tags, prices, seller add-product/login flow, and postal/contact notes. This hardens classifieds depth, but remains horizontal/general marketplace infrastructure.",supporting,mauritius_astervender_schoolbook_fiction_subcategory_depth
Mauritius,Indian Ocean / Mauritius,single-store used bookstore signal,Le BookShop Grand Baie / Books in Crannies,secondhand_bookstore_social_storefront,runtime_gap_bridge_web_2026_05_03_pass133_mauritius_deepening,medium,"Facebook/Instagram-visible Grand Baie shop surfaces advertise excellent-quality second-hand books in multiple genres and 2024 clearance of 2nd-hand English/French books. Single-store/social shop signal, not marketplace infrastructure.",supporting,mauritius_le_bookshop_grand_baie_books_in_crannies
Mauritius,Indian Ocean / Mauritius,single-store used bookstore signal,Unique Bookshop Rose Hill,secondhand_rare_bookshop_profiled,runtime_gap_bridge_web_2026_05_03_pass133_mauritius_deepening,medium,"Propertyfinder Mauritius profile describes Unique Bookshop in Rose Hill as a rare/second-hand bookstore with out-of-print/vintage books; useful offline used-bookshop signal, not platform infrastructure.",supporting,mauritius_unique_bookshop_rose_hill
Mauritius,Indian Ocean / Mauritius,annex / social marketplace,Facebook Marketplace Mauritius city book categories,social_marketplace_books_category,runtime_gap_bridge_web_2026_05_03_pass133_mauritius_deepening,medium,"Facebook Marketplace city pages for Moka, Mahébourg, Tamarin, Port Louis and other Mauritius locations show new/used books for sale and free listing mechanics. Horizontal social marketplace texture only.",supporting,mauritius_facebook_marketplace_city_book_categories
Mauritius,Indian Ocean / Mauritius,charity / thrift used-book layer,The Charity Centre / The Good Shop Mauritius second-hand books,charity_thrift_secondhand_books,runtime_gap_bridge_web_2026_05_03_pass133_mauritius_deepening,medium,"Propertyfinder Mauritius describes The Charity Centre and The Good Shop as charitable/sustainable shops selling second-hand books and pre-loved items. Useful reuse/thrift layer, not book-specific recommerce marketplace.",supporting,mauritius_charity_centre_good_shop_secondhand_books
Réunion,Indian Ocean / Réunion,single-store used bookseller,Bourbonlivre.com,used_antiquarian_book_ecommerce_single_operator,runtime_gap_bridge_web_2026_05_03_pass134_reunion_hardening,high,"Réunion/Indian Ocean used-book ecommerce site: describes itself as a site de vente de livres d’occasion, exposes account/cart/wishlist/buy-now/question flows, topical regional categories, prices, add-to-cart, and a rachat de vos livres anciens path. Strong book-specific used/antiquarian ecommerce, but appears single-operator rather than third-party marketplace.",supporting,reunion_bourbonlivre_used_antiquarian_ecommerce
Réunion,Indian Ocean / Réunion,annex / horizontal secondhand retail,Cash Converters Réunion — Livres d’occasion,horizontal_secondhand_chain_book_category,runtime_gap_bridge_web_2026_05_03_pass134_reunion_hardening,medium-high,"Cash Converters Réunion has a dedicated livres category under produits culturels, with buy flow, payment/security/service pages and explicit revendre vos anciens livres language. Useful local secondhand retail/recommerce signal, but horizontal chain retail, not book-specific marketplace.",supporting,reunion_cash_converters_livres_doccasion
Réunion,Indian Ocean / Réunion,annex / classifieds,ParuVendu Réunion livres et BD,horizontal_classifieds_book_category,runtime_gap_bridge_web_2026_05_03_pass134_reunion_hardening,medium,"ParuVendu Réunion has livres/BD item listings with prices, item descriptions and local Réunion locations. Horizontal classifieds spillover only.",supporting,reunion_paruvendu_livres_bd
Réunion,Indian Ocean / Réunion,single-store used bookstore signal,L’Accent du Sud / Bouquinerie Terre Sainte,used_bookstore_social_directory_profile,runtime_gap_bridge_web_2026_05_03_pass134_reunion_hardening,medium-high,"Saint-Pierre used bookstore / librairie d’occasion with social and directory profiles; directory profile notes used products and delivery, while social snippets describe broad used-book stock. Single-store/offline used-book signal only.",supporting,reunion_laccent_du_sud_bouquinerie_terre_sainte
Réunion,Indian Ocean / Réunion,single-store used bookstore signal,Ellipsis Bookstore — Le Tampon,used_bookstore_social_profile,runtime_gap_bridge_web_2026_05_03_pass134_reunion_hardening,medium-high,"Le Tampon librairie d’occasion with current Facebook/Instagram/directory traces, used-book positioning and regular new-arrival language. Single-store/social bookstore signal only.",supporting,reunion_ellipsis_bookstore_le_tampon
Réunion,Indian Ocean / Réunion,weak-fit book retail shadow,Sète à Lire,discount_new_book_retail_local_ecommerce,runtime_gap_bridge_web_2026_05_03_pass134_reunion_hardening,medium,"Réunion-local discounted new-book retailer/ecommerce surface with account/cart, prices, broad children/adult book inventory and delivery in 3 working days. Important local book-access infrastructure but explicitly new/discount books, not used-book recommerce.",supporting,reunion_sete_a_lire_discount_new_books
Tanzania,East Africa,weak-fit regional pre-loved book rail,Books First Africa — Tanzania pre-loved delivery/wholesale rail,regional_pre_loved_book_wholesaler_retailer,runtime_gap_bridge_web_2026_05_03_pass135_tanzania_hardening,medium-high,"East Africa regional book wholesaler/online bookstore serving Tanzania/Dar es Salaam with new and pre-loved books, 10,000+ titles, regional delivery, supermarket/partner network and wholesale/bulk order framing. Useful regional pre-loved supply rail, but Kenya-headquartered/regional and not open third-party used-book marketplace.",supporting,tanzania_books_first_africa_regional_pre_loved_rail
Tanzania,East Africa,annex / classifieds,Loozap Tanzania — Dar es Salaam books category,horizontal_classifieds_book_category,runtime_gap_bridge_web_2026_05_03_pass135_tanzania_hardening,medium,"Loozap Dar es Salaam books category has visible book listings/prices and platform-style listing/payment/reservation surfaces. Horizontal classifieds; useful local book category depth, not book-specific strict main.",supporting,tanzania_loozap_dar_es_salaam_books_category
Tanzania,East Africa,single-store used bookseller,Bookworms Tanzania,used_new_book_social_online_shop,runtime_gap_bridge_web_2026_05_03_pass135_tanzania_hardening,medium,"Dar es Salaam social/online shop with search-visible current profile describing used and new books, online-based shop and delivery service. Single social seller, not marketplace infrastructure.",supporting,tanzania_bookworms_tanzania_social_used_new_books
Tanzania,East Africa,single-store used bookseller,Vitabu Corner / bookworm_tz,used_new_book_social_online_shop,runtime_gap_bridge_web_2026_05_03_pass135_tanzania_hardening,medium,"Dar es Salaam Instagram/social shop with search-visible profile saying it sells authentic new and used books and provides delivery. Single social seller, not marketplace infrastructure.",supporting,tanzania_vitabu_corner_bookworm_tz_social_used_new_books
Nepal,South Asia,annex / classifieds,Hamrobazar Nepal — Books & Learning / book classified listings,horizontal_classifieds_book_category,runtime_gap_bridge_web_2026_05_03_pass136_nepal_hardening,medium-high,"Hamrobazar has a Books & Learning category, post-for-free flow, condition/price/location filters, and visible second-hand book listing/product pages with seller contact/chat and related used/new book products. Strong Nepal classifieds book spillover, but horizontal and not book-specific strict main.",supporting,nepal_hamrobazar_books_learning_book_classifieds
Nepal,South Asia,annex / classifieds,Boli Bajar Nepal — second-hand bidding marketplace,horizontal_secondhand_bidding_marketplace_app,runtime_gap_bridge_web_2026_05_03_pass136_nepal_hardening,medium,"Nepal dedicated online bidding marketplace for second-hand products with product listing, bidding, seller choice and profiles. Useful recommerce/context rail but not book-specific and low download/activity evidence, so annex only.",supporting,nepal_boli_bajar_secondhand_bidding_marketplace
Nepal,South Asia,annex / classifieds,Jhigu Bazar Nepal — buy/sell/donate used-items app,horizontal_used_items_marketplace_app,runtime_gap_bridge_web_2026_05_03_pass136_nepal_hardening,medium,"Free Nepal marketplace app for buying, selling and donating new or used things, with ad creation, in-built messenger, location/nearby discovery and seller contact. Useful horizontal reuse rail, not book-specific strict main.",supporting,nepal_jhigu_bazar_buy_sell_donate_used_items_app
Argentina,South America,annex / classifieds,MercadoLibre Argentina — Libros usados category,horizontal_marketplace_used_books_category,runtime_gap_bridge_web_2026_05_03_pass137_argentina_hardening,high,"Argentina horizontal ecommerce/marketplace with visible used-books category and extensive seller ecosystem. Strong spillover and important national rail, but broad/horizontal rather than book-specific strict-main infrastructure.",supporting,argentina_mercadolibre_libros_usados_horizontal_marketplace
Argentina,South America,weak-fit core,LibreroOnline — Argentina / Latin America used-book network,regional_used_book_network_country_scope_hold,runtime_gap_bridge_web_2026_05_03_pass137_argentina_hardening,medium,"Book-specific Latin American used-book network with reader and books-by-country/category surfaces including Argentina, but current pass did not verify Argentina-local seller depth or transaction flow. Added as regional weak-fit/country-scope hold.",supporting,argentina_libreroonline_used_book_network_argentina_hold
Argentina,South America,single-store used booksellers,"Librería Aguilar — used/new books, buys books",single_store_used_new_bookshop_online,runtime_gap_bridge_web_2026_05_03_pass137_argentina_hardening,medium-high,"Villa Urquiza / Argentina online single-store bookseller selling new and used books, shipping nationwide and buying books. Useful used-book depth but single-operator, not platform infrastructure.",supporting,argentina_libreria_aguilar_used_new_buys_books
Argentina,South America,single-store used booksellers,LibreriaUsados.com — Libros usados Argentina,single_operator_used_rare_bookstore_online,runtime_gap_bridge_web_2026_05_03_pass137_argentina_hardening,medium-high,"Argentina online used/rare bookstore claiming 40,000+ titles, discounts/used-stock depth and nationwide shipping. Useful single-operator stock layer; not open marketplace.",supporting,argentina_libreriausados_40000_used_rare_titles
Argentina,South America,single-store used booksellers,La Libre — online used-books gallery,cooperative_single_store_used_bookshop_online,runtime_gap_bridge_web_2026_05_03_pass137_argentina_hardening,medium-high,"La Libre online used-books gallery/cooperative store with product categories and online payment/order flow. Single-store/cooperative used-book shop, not third-party marketplace.",supporting,argentina_la_libre_usados_online_cooperative_store
Argentina,South America,annex / classifieds,Anuto Argentina — vende libro classifieds,horizontal_classifieds_book_search,runtime_gap_bridge_web_2026_05_03_pass137_argentina_hardening,medium,Argentina horizontal classifieds/search surface with used-book and book-selling ads. Useful low-to-medium classifieds texture; not book-specific strict infrastructure.,supporting,argentina_anuto_vende_libro_horizontal_classifieds
Argentina,South America,annex / social resale,Facebook groups — Libros usados Buenos Aires / Zona Sur / CABA,social_used_book_buy_sell_groups,runtime_gap_bridge_web_2026_05_03_pass137_argentina_hardening,medium,"Book-specific social groups for buying and selling second-hand books in Buenos Aires/CABA/Zona Sur. Confirms active social used-book circulation, but Facebook-hosted rather than independent platform infrastructure.",supporting,argentina_facebook_libros_usados_buenos_aires_groups
Germany,DACH,weak-fit core,medimops (large specialist used-book reseller),operator_managed_secondhand_book_storefront_duplicate_alias_retained,runtime_gap_bridge_web_2026_05_03_pass138_germany_hardening,high,Duplicate/alias row retained from earlier DACH matrix rather than silently merged; evidence points to operator-managed secondhand resale rather than open seller marketplace.,primary,germany::medimops large specialist used book reseller
Germany,DACH,main universe,Buchfreund,book_specific_antiquarian_dealer_marketplace,runtime_gap_bridge_web_2026_05_03_pass138_germany_hardening,high,"Added as high strict-main. Buchfreund is a book-specific antiquarian/new-book selling portal with more than 10.1 million offers from more than 650 antiquariats, seller registration and direct cart selling.",primary,germany::buchfreund
Germany,DACH,main universe,AbeBooks.de,book_specific_transnational_used_rare_book_marketplace_german_site,runtime_gap_bridge_web_2026_05_03_pass138_germany_hardening,medium-high,"Added as medium-high strict-main/transnational marketplace. AbeBooks.de is a German-language book marketplace for new, used and rare books; it is international and overlaps the ZVAB/AbeBooks ecosystem, so Germany-local uniqueness is caveated.",primary,germany::abebooks de
Germany,DACH,main universe,antiquariat.de / GIAQ,book_specific_antiquarian_dealer_portal,runtime_gap_bridge_web_2026_05_03_pass138_germany_hardening,medium-high,Added as medium-high strict-main antiquarian dealer portal. antiquariat.de/GIAQ exposes participating antiquariats and catalog surfaces for used/rare/antiquarian books; contracts appear between buyer and individual antiquariat rather than GIAQ itself.,primary,germany::antiquariat de giaq
Germany,DACH,weak-fit core,momox,operator_managed_used_book_buyback_recommerce,runtime_gap_bridge_web_2026_05_03_pass138_germany_hardening,high,"Added as high weak-fit core. momox gives fixed-price buyback offers for used books, pays shipping and payout/gutschein; it is large book/media recommerce but operator-managed, not open third-party marketplace.",primary,germany::momox
Germany,DACH,weak-fit core,rebuy Bücher,operator_managed_used_book_buyback_and_resale,runtime_gap_bridge_web_2026_05_03_pass138_germany_hardening,high,"Added as high weak-fit core. rebuy supports used-book selling via ISBN/barcode and fixed-price offers plus used-book resale inventory, but is broad operator-managed recommerce rather than book-specific open marketplace.",primary,germany::rebuy buecher
Germany,DACH,weak-fit core,Studibuch,specialist_operator_managed_used_textbook_recommerce,runtime_gap_bridge_web_2026_05_03_pass138_germany_hardening,high,"Added as high weak-fit specialist core. Studibuch is a specialist used textbook/fachbuch buy-sell operator with app/barcode, free shipping and shop inventory; operator-mediated rather than open seller marketplace.",primary,germany::studibuch
Germany,DACH,weak-fit core,Bookbot Germany,operator_managed_consignment_secondhand_book_recommerce,runtime_gap_bridge_web_2026_05_03_pass138_germany_hardening,medium-high,"Added as medium-high weak-fit core. Bookbot buys/sells secondhand books in Germany and handles pickup/shipping, photographing, listing and sale, with the user receiving a share; strong recommerce but operator-managed/consignment, not open marketplace.",primary,germany::bookbot germany
Germany,DACH,annex / classifieds,Kleinanzeigen Germany — Bücher & Zeitschriften,horizontal_classifieds_books_category,runtime_gap_bridge_web_2026_05_03_pass138_germany_hardening,high,"Added as high annex/classifieds. Kleinanzeigen has massive books-and-magazines category volume and used-book posting guidance, but is broad horizontal classifieds rather than book-specific strict infrastructure.",primary,germany::kleinanzeigen buecher zeitschriften
Germany,DACH,annex / classifieds,"Quoka — Unterricht, Literatur & Schulbedarf",horizontal_classifieds_education_books_category,runtime_gap_bridge_web_2026_05_03_pass138_germany_hardening,medium-high,"Added as medium-high annex/classifieds. Quoka supports used books/literature/school materials listings and private/commercial filters, but it is horizontal classifieds, not book-specific recommerce core.",primary,germany::quoka unterricht literatur
Germany,DACH,weak-fit core,Thalia Gebrauchtbuch / Zeercle,national_book_retailer_used_book_buyback_partner,runtime_gap_bridge_web_2026_05_03_pass138_germany_hardening,medium-high,"Added as medium-high weak-fit core. Thalia supports used-book sell-in via app/site scanning and free DHL shipment for a Thalia gift card; important national reuse rail, but partner/operator buyback not open marketplace.",primary,germany::thalia gebrauchtbuch zeercle
Hong Kong,East Asia,single-store used booksellers,Flow Bookshop,single_store_secondhand_bookshop,runtime_gap_bridge_web_2026_05_03_pass139_hong_kong_hardening,high,"Added as high single-store used-bookshop signal. Public pages describe Flow as a Hong Kong secondhand bookstore/re-circulation shop for used books, music and movies, with thousands of secondhand books; useful used-book texture, not marketplace infrastructure.",primary,hong kong::flow bookshop
Hong Kong,East Asia,single-store used booksellers,Lily Bookshop / 莉莉書屋,single_store_secondhand_antiquarian_bookshop,runtime_gap_bridge_web_2026_05_03_pass139_hong_kong_hardening,high,"Added as high single-store used/antiquarian bookshop. Public profiles describe Lily Bookshop as a Hong Kong second-hand bookstore specializing in antique, first-edition and out-of-print books; not open seller marketplace infrastructure.",primary,hong kong::lily bookshop 莉莉書屋
Hong Kong,East Asia,single-store used booksellers,The Book Cure / 解憂舊書店,single_store_secondhand_bookshop,runtime_gap_bridge_web_2026_05_03_pass139_hong_kong_hardening,medium-high,Added as medium-high single-store used-bookshop signal. Time Out describes The Book Cure as a Tai Po secondhand bookstore with English and Chinese titles; Facebook surface supports current social presence. Not platform infrastructure.,primary,hong kong::the book cure 解憂舊書店
Hong Kong,East Asia,single-store used booksellers,gentle books / a gentle shop,social_enterprise_secondhand_bookshop_and_popups,runtime_gap_bridge_web_2026_05_03_pass139_hong_kong_hardening,medium-high,"Added as medium-high social-enterprise/operator-managed secondhand-book seller. gentle offers online secondhand-book collections, monthly popups and donation/rehoming language; useful book-circularity texture, not open marketplace mechanics.",primary,hong kong::gentle books a gentle shop
Hong Kong,East Asia,weak-fit core,Onepile bookcrossing app / HKUST book vending-machine exchange,book_specific_exchange_app_and_bookcrossing_machine,runtime_gap_bridge_web_2026_05_03_pass139_hong_kong_hardening,medium-high,"Added as medium-high weak-fit reuse rail. HKUST describes Onepile as an app where users upload and reserve book information and exchange books through bookcrossing machines across Hong Kong; exchange/reuse infrastructure, not commercial seller marketplace.",primary,hong kong::onepile bookcrossing app hkust book vending machine exchange
Hong Kong,East Asia,annex / classifieds,Facebook Marketplace Hong Kong — Books,social_horizontal_marketplace_books_category,runtime_gap_bridge_web_2026_05_03_pass139_hong_kong_hardening,high,"Added as high annex/social classifieds. Facebook Marketplace Hong Kong exposes new and used books for sale, but remains Meta-hosted horizontal marketplace infrastructure rather than a Hong Kong book-specific platform.",primary,hong kong::facebook marketplace hong kong books
Hong Kong,East Asia,annex / social resale,Second Hand English Books In Hong Kong,facebook_group_book_specific_social_resale,runtime_gap_bridge_web_2026_05_03_pass139_hong_kong_hardening,medium,"Added as medium social resale texture. The group is dedicated to trading old English books, but it is Facebook-hosted social exchange rather than standalone marketplace infrastructure.",primary,hong kong::second hand english books in hong kong
Hong Kong,East Asia,annex / social resale,Second Hand Books In Hong Kong — Free To Swap,facebook_group_book_swap_and_social_resale,runtime_gap_bridge_web_2026_05_03_pass139_hong_kong_hardening,medium,"Added as medium social exchange/resale texture. Current public snippets show book and magazine sale/swap activity, but not independent platform mechanics.",primary,hong kong::second hand books in hong kong free to swap
Kuwait,Gulf / Arabian Peninsula,single-store used / bookstore signal,Benny's Books Kuwait — Pre-Loved Books,childrens_bookstore_preloved_intake_storefront,runtime_gap_bridge_web_2026_05_03_pass140_kuwait_hardening,high,"Added as high single-store/operator-managed children’s pre-loved-book signal. Direct pages show a Pre-Loved Books collection, contact flow for sending children’s pre-loved books, and Kuwait children’s bookstore/subscription infrastructure; local coverage describes a recycling program exchanging gently used books for store credit. Not open marketplace infrastructure.",primary,kuwait::benny s books kuwait pre loved books
Kuwait,Gulf / Arabian Peninsula,single-store used booksellers,Bliss & Paper Kuwait,single_store_secondhand_bookstore_cafe,runtime_gap_bridge_web_2026_05_03_pass140_kuwait_hardening,medium,"Added as medium single-store secondhand bookstore signal. 2025 LSE Review of Books profile describes Bliss & Paper as a second-hand bookstore in Kuwait City with a donation-based model, Arabic and English titles, children/YA section, and rare/out-of-print Kuwait material. Not an online marketplace.",primary,kuwait::bliss paper kuwait
Kuwait,Gulf / Arabian Peninsula,weak-fit core,Kuwaitbookstore.com,local_online_bookstore,runtime_gap_bridge_web_2026_05_03_pass140_kuwait_hardening,medium,"Added as medium weak-fit local online bookstore. Direct/search-visible pages describe a Kuwait online bookstore with browsing, purchases, pre-orders/rare finds, and free delivery above a KWD threshold; no used/recommerce proof.",primary,kuwait::kuwaitbookstore com
Kuwait,Gulf / Arabian Peninsula,annex / classifieds,Facebook Marketplace Kuwait — Books,horizontal_social_marketplace_books_category,runtime_gap_bridge_web_2026_05_03_pass140_kuwait_hardening,medium,"Added as medium annex/social classifieds. Facebook Marketplace has a Kuwait books category with new and used books for sale and free item posting, but remains horizontal/social marketplace infrastructure.",primary,kuwait::facebook marketplace kuwait books
Kuwait,Gulf / Arabian Peninsula,annex / classifieds,Books exchange in Kuwait,book_specific_social_resale_exchange_group,runtime_gap_bridge_web_2026_05_03_pass140_kuwait_hardening,medium,"Added as medium annex/social rail distinct from the existing books-for-sale-and-exchange group. Public snippets show 6.1K members and live new/used book-for-sale posts in Kuwait/Salmiya; still Facebook-hosted social resale/exchange, not standalone marketplace infrastructure.",primary,kuwait::books exchange in kuwait
Lebanon,Levant / Mashriq,single-store used booksellers,Book Bazar Hamra,site,rbm_pass141_lebanon_shadow_layer_web_hardening,high,Beloved Hamra secondhand bookshop reopened/expanded as a book café; public sources describe it as one of Lebanon's largest second-hand bookstores with used/preloved stock.,supporting,lebanon::book_bazar_hamra
Lebanon,Levant / Mashriq,single-store used booksellers,Barzakh Bookshop & Café,site,rbm_pass141_lebanon_shadow_layer_web_hardening,medium-high,Hamra cultural/bookshop space with large archive/used-book-library character and online-store plans; useful used/archive bookshop depth but not seller-onboarding marketplace infrastructure.,supporting,lebanon::barzakh_bookshop_cafe
Lebanon,Levant / Mashriq,single-store used / bookstore signal,BOOKS!!!! / books_beirut,social_storefront,rbm_pass141_lebanon_shadow_layer_web_hardening,medium,"Independent Beirut online social bookstore with mix of brand-new and secondhand books, all low-priced, with delivery all over Lebanon; social/operator storefront not open marketplace.",supporting,lebanon::books_beirut_social_storefront
Lebanon,Levant / Mashriq,single-store used / bookstore signal,Bookbee Lebanon,social_storefront,rbm_pass141_lebanon_shadow_layer_web_hardening,medium,"Instagram/social online used-book shop that asks sellers to DM to sell books and offers delivery across Lebanon; operator/social flow, not multi-seller marketplace.",supporting,lebanon::bookbee_lebanon
Lebanon,Levant / Mashriq,single-store used / bookstore signal,Afkar Bookshop Lebanon,social_storefront,rbm_pass141_lebanon_shadow_layer_web_hardening,medium,"Haret Hreik/Beirut social storefront for new and secondhand books and novels, selling and renting with delivery; social/single-store reuse layer.",supporting,lebanon::afkar_bookshop_lebanon
Lebanon,Levant / Mashriq,annex / classifieds,BEIRUT Second Hand Books,social_group,rbm_pass141_lebanon_shadow_layer_web_hardening,medium,Facebook group for selling and buying secondhand books in and around Beirut; book-specific social resale but not standalone platform infrastructure.,supporting,lebanon::beirut_second_hand_books_group
Lebanon,Levant / Mashriq,annex / classifieds,Book Exchange Beirut,social_group,rbm_pass141_lebanon_shadow_layer_web_hardening,medium,"Facebook group for trading, selling, or giving away books and magazines in Beirut; social book exchange/resale rail outside strict main.",supporting,lebanon::book_exchange_beirut_group
Lebanon,Levant / Mashriq,annex / classifieds,Lebanon school books exchange,social_group,rbm_pass141_lebanon_shadow_layer_web_hardening,medium,"School-book exchange/selling group created during Lebanon economic crisis; strong social reuse/schoolbook signal, not independent marketplace infrastructure.",supporting,lebanon::lebanon_school_books_exchange_group
Oman,Gulf / Arabian Peninsula,annex / classifieds,OpenSooq Oman — Books & Magazines,platform_category,runtime_gap_bridge_web_2026_05_03_pass142_oman_secondhand_classifieds_hardening,high,"Oman-wide horizontal classifieds books category advertising thousands of new, used, and rare novels/textbooks/children’s books; useful resale spillover, not book-specific strict marketplace infrastructure.",supporting,oman_opensooq_books_magazines
Oman,Gulf / Arabian Peninsula,annex / classifieds,Facebook Marketplace Muscat — Books,social_marketplace,runtime_gap_bridge_web_2026_05_03_pass142_oman_secondhand_classifieds_hardening,medium-high,City-level Facebook Marketplace books category for Muscat with new and used books for sale; social/horizontal marketplace only.,supporting,oman_facebook_marketplace_muscat_books
Oman,Gulf / Arabian Peninsula,single-store used bookstore signal,Let’s Read Charity Book Shop and Children’s Library,charity_used_bookshop,runtime_gap_bridge_web_2026_05_03_pass142_oman_secondhand_classifieds_hardening,high,"Oman Avenues Mall charity library/bookshop seam selling donated/pre-loved secondhand books, with child-library/charity framing; secondhand store/literacy layer, not open marketplace.",used-bookseller,oman_lets_read_charity_book_shop_childrens_library
Oman,Gulf / Arabian Peninsula,single-store used bookstore signal,House of Prose Muscat,secondhand_bookshop,runtime_gap_bridge_web_2026_05_03_pass142_oman_secondhand_classifieds_hardening,medium-high,"Secondhand/pre-loved English-language bookstore lineage in Muscat/Qurum with refund/rental/member mechanics; treated as single-store/operator secondhand bookshop, not platform infrastructure.",used-bookseller,oman_house_of_prose_muscat
Oman,Gulf / Arabian Peninsula,annex / social resale,Books Bank Oman,facebook_group,runtime_gap_bridge_web_2026_05_03_pass142_oman_secondhand_classifieds_hardening,medium,Oman social group/listing surface showing inexpensive used/pre-owned book sale posts; social resale texture only.,supporting,oman_books_bank_social_resale
Oman,Gulf / Arabian Peninsula,weak-fit core,Ubuy Oman Books,import_retail_category,runtime_gap_bridge_web_2026_05_03_pass142_oman_secondhand_classifieds_hardening,medium,"Oman-facing online/import retail book category with broad book selection; weak-fit commerce rail, not used/recommerce or seller-marketplace infrastructure.",secondary,oman_ubuy_books
Malaysia,Southeast Asia,annex / classifieds,Carousell Malaysia — Books & Magazines / secondhand books,horizontal_classifieds_marketplace,runtime_gap_bridge_web_2026_05_03_pass143_malaysia_secondhand_bookshop_social_classifieds_hardening,high,"Malaysia-facing Carousell book listings show large active secondhand/vintage/book-category spillover with chat/buyer-seller mechanics; horizontal marketplace, not book-specific strict infrastructure.",supporting,malaysia_carousell_books_magazines_secondhand
Malaysia,Southeast Asia,single-store used bookstore signal,Books n Bobs,operator_managed_secondhand_bookstore,runtime_gap_bridge_web_2026_05_03_pass143_malaysia_secondhand_bookshop_social_classifieds_hardening,high,"Malaysia online/pre-loved bookstore with large curated secondhand inventory, physical/self-service shop layer, Shopee channel, and frequent pre-loved drops; operator-managed, not open third-party marketplace.",used-bookseller,malaysia_books_n_bobs
Malaysia,Southeast Asia,single-store used bookstore signal,Books For A Better World / BFBW,self_service_secondhand_bookshop,runtime_gap_bridge_web_2026_05_03_pass143_malaysia_secondhand_bookshop_social_classifieds_hardening,high,"Malaysia secondhand/self-service bookshop chain and donation/rescue model with online/Carousell presence and multiple outlets; strong used-book reuse rail, not marketplace infrastructure.",used-bookseller,malaysia_books_for_a_better_world_bfbw
Malaysia,Southeast Asia,single-store used bookstore signal,Dokusho Bookstore,secondhand_bookstore_current_status_hold,runtime_gap_bridge_web_2026_05_03_pass143_malaysia_secondhand_bookshop_social_classifieds_hardening,medium-high,Pre-loved/secondhand bookstore with online-origin and physical-store history; 2025 sources show active secondhand/pay-as-you-wish/donation model but a closure/move signal means current status should be spot-checked.,used-bookseller,malaysia_dokusho_bookstore
Malaysia,Southeast Asia,single-store used bookstore signal,BUKU by PJ Preloved House / LearnINC x BUKU,self_service_secondhand_bookshop,runtime_gap_bridge_web_2026_05_03_pass143_malaysia_secondhand_bookshop_social_classifieds_hardening,medium-high,"Self-service secondhand/pre-loved bookstore at KL Eco City / LearnINC x BUKU with cashless payments, drop-bin/donation texture, and pop-up/roadshow layer; single-operator/store rail only.",used-bookseller,malaysia_buku_pj_preloved_house
Malaysia,Southeast Asia,weak-fit core,Thryft Malaysia / thrift.my,regional_operator_secondhand_retail,runtime_gap_bridge_web_2026_05_03_pass143_malaysia_secondhand_bookshop_social_classifieds_hardening,medium-high,"Malaysia-facing Thryft surface offers preloved books and thrift goods; Singapore-based/regional operator-managed sustainable thrift rail, not Malaysia-native open marketplace.",secondary,malaysia_thryft_my
Malaysia,Southeast Asia,annex / social resale,Second Hand Books Malaysia — Facebook group,facebook_group,runtime_gap_bridge_web_2026_05_03_pass143_malaysia_secondhand_bookshop_social_classifieds_hardening,medium-high,Book-specific Malaysian Facebook group for local buy/sell/swap of secondhand books; confirms social resale layer but not independent platform infrastructure.,supporting,malaysia_second_hand_books_facebook_group
Malaysia,Southeast Asia,single-store used bookstore signal,Book X-Change Bangsar,book_rental_used_bookshop,runtime_gap_bridge_web_2026_05_03_pass143_malaysia_secondhand_bookshop_social_classifieds_hardening,medium,"Long-running Kuala Lumpur/Bangsar book rental and old/new novel shop with historical blog and current social listing; single-store/rental texture, not marketplace infrastructure.",used-bookseller,malaysia_book_x_change_bangsar
Malaysia,Southeast Asia,offline / fair / literacy layer,Books on the Move / The LINC KL Book Sharing Corner,book_exchange_corner,runtime_gap_bridge_web_2026_05_03_pass143_malaysia_secondhand_bookshop_social_classifieds_hardening,medium,"Pre-loved book donation/exchange corner at The LINC KL; confirms offline/community book-reuse infrastructure, not commercial marketplace core.",supporting,malaysia_books_on_the_move_linc_kl
