territory,entity,source_url,source_kind,role
South Africa,Amber,https://www.amberbooks.co.za/,active_open_continuation_web,National student textbook marketplace
South Africa,Bakgat Books,https://bakgatbooks.co.za/about-bakgat-books/,active_open_continuation_web_2,Multi-seller second-hand marketplace / rare and collectible layer
South Africa,Bargain Books,https://www.bargainbooks.co.za/,fresh_web_baseline,national discount chain / store locator
South Africa,Biblionef South Africa,https://nascee.org.za/membership/members/biblionef-south-africa,candidate_package_applied,prior pass5/6 candidate package
South Africa,Book Capital,https://bookcapital.co.za/,candidate_package_applied,prior pass5/6 candidate package
South Africa,BookBedonnerd / Book Town Richmond,https://booktownrichmond.co.za/,candidate_package_applied,prior pass5/6 candidate package
South Africa,BookTrade Campus,https://www.booktrade.co.za/,active_open_continuation_web_2,Student textbook and collectibles marketplace
South Africa,Bookle,https://bookle.co.za/about-us/,active_open_continuation_web,National secondhand-book marketplace
South Africa,Bridge Books,https://bridgebooks.co.za/pages/about-us,active_open_continuation_web_2,Johannesburg independent bookstore / African Book Trust-linked distribution
South Africa,Buka,https://www.buka.club/about,active_open_continuation_web,National peer-to-peer used-books marketplace
South Africa,CUB Books,https://cubbooks.co.za/,active_open_continuation_web,KwaZulu-Natal educational bookseller
South Africa,CUM Books,https://cumbooks.co.za/pages/about-us,fresh_web_baseline,faith-book chain
South Africa,Campus Trade,https://campustrade.co.za/,candidate_package_applied,prior pass5/6 candidate package
South Africa,Cape Flats Book Festival 2026,https://www.liasa.org.za/resource/resmgr/liasa-in-touch/lit2023/lit_issue_1_mar_2026.pdf,candidate_package_applied,prior pass5/6 candidate package
South Africa,Christison Rare Books,https://christison.co.za/,active_open_continuation_web,Eastern Cape rare-books dealer
South Africa,Clarke's Africana & Rare Books,https://clarkes.co.za/,active_open_continuation_web,Western Cape antiquarian dealer
South Africa,Comic Warehouse,https://comicwarehouse.co.za/about-us/,active_open_continuation_web,Gauteng specialist comics / graphic-novel rail
South Africa,Create-a-Book,https://www.createabook.co.za/about-us/,candidate_package_applied,prior pass5/6 candidate package
South Africa,Dog Eared Books,https://www.dogearedbooks.co.za/,active_open_continuation_web,National school-books marketplace
South Africa,Dynamic Books,https://dynamicbooks.co.za/pages/about-us,active_open_continuation_web,KwaZulu-Natal school and university bookstore
South Africa,Easy Textbooks,https://easytextbooks.co.za/,candidate_package_applied,prior pass5/6 candidate package
South Africa,Ethnikids,https://www.ethnikids.africa/,fresh_web_baseline,multilingual children’s seam
South Africa,Exclusive Books,https://exclusivebooks.co.za/,fresh_web_baseline,national retail spine
South Africa,Faebel Bookstore,https://www.faebelbookstore.co.za/about-2/,active_open_continuation_web,KwaZulu-Natal independent online bookstore
South Africa,Ferndale Textbooks,https://ferndaletextbooks.co.za/,candidate_package_applied,prior pass5/6 candidate package
South Africa,IH Pentz Campus Bookshop,https://pentzbooks.co.za/pages/about,active_open_continuation_web,Gauteng / Wits campus academic bookstore
South Africa,Ike's Books,https://ikesbooks.com/,active_open_continuation_web_2,KwaZulu-Natal second-hand / antiquarian bookstore
South Africa,Kingsmead Book Fair 2026,https://exclusivebooks.co.za/collections/kingsmead-book-fair-2026,fresh_web_baseline,live 2026 fair infrastructure
South Africa,Little Zebra Books,https://www.littlezebrabooks.com/,active_open_continuation_web,Western Cape / national children's literacy distribution
South Africa,Loot Books,https://www.loot.co.za/books,fresh_web_baseline,major online books rail
South Africa,Open Book Festival,https://openbookfestival.co.za/,fresh_web_baseline,festival infrastructure
South Africa,Protea Boekhuis,https://www.proteaboekhuis.com/wp/katalogus/,active_open_continuation_web_2,Pretoria-rooted Afrikaans and academic bookstore/publisher rail
South Africa,Qualibooks South Africa,https://www.qualibooks.co.za/about-us/,fresh_web_baseline,educational/library solutions seam
South Africa,READ to RISE,https://www.readtorise.co.za/,candidate_package_applied,prior pass5/6 candidate package
South Africa,REEA Charity Bookshop,https://www.bookshop.reea.org.za/,active_open_continuation_web_2,Gauteng charity second-hand bookshop
South Africa,Rare Collections,https://www.rarecollections.co.za/,candidate_package_applied,prior pass5/6 candidate package
South Africa,ReadMatter,https://readmatter.co.za/,fresh_web_baseline,used books rail
South Africa,Readers Den Comic Shop,https://readersden.co.za/about/,active_open_continuation_web,Western Cape specialist comics rail
South Africa,Readers Warehouse,https://www.readerswarehouse.co.za/,fresh_web_baseline,discount books rail
South Africa,Red Owl Books,https://redowl.co.za/,active_open_continuation_web,Gauteng independent online bookstore
South Africa,Select Books,https://www.selectbooks.co.za/,active_open_continuation_web,Western Cape rare / out-of-print bookseller
South Africa,Spine and Page,https://spineandpage.co.za/,candidate_package_applied,prior pass5/6 candidate package
South Africa,Takealot Books,https://www.takealot.com/books,fresh_web_baseline,major online books marketplace
South Africa,The Bookery,https://thebookery.org.za/,candidate_package_applied,prior pass5/6 candidate package
South Africa,The Crazy Book Inn,https://thecrazybookinn.co.za/,candidate_package_applied,prior pass5/6 candidate package
South Africa,Van Schaik,https://www.vanschaik.com/pages/about-us,fresh_web_baseline,academic/campus retail chain
South Africa,The Book Lounge,https://booklounge.co.za/,active_open_continuation_web,Western Cape indie bookstore and events rail
South Africa,Fogarty's Bookshop,https://www.fogartysbookshop.co.za/,active_open_continuation_web,Eastern Cape independent bookstore rail
South Africa,Coign Books,https://coignbooks.co.za/,active_open_continuation_web,Limpopo Christian publisher-distributor/bookseller
South Africa,BooksOnApp,https://booksonapp.com/,active_open_continuation_web,dedicated secondhand book marketplace app
South Africa,The Little Bookstore,https://www.thelittlebookstore.co.za/,active_open_continuation_web,small-scale online secondhand bookshop
South Africa,Book Dash,https://bookdash.org/,active_open_continuation_web,open-licence storybook creation and distribution
South Africa,Libraries for Literacy,https://www.librariesforliteracy.com/,active_open_continuation_web,school library creation infrastructure
South Africa,Literacy4life,https://www.literacy4life.co.za/,active_open_continuation_web,book-distribution literacy NGO
South Africa,Masixhasane,https://www.mobilelibraries.co.za/,active_open_continuation_web,mobile library and classroom book infrastructure
South Africa,Fact and Fiction,https://www.factandfiction.co.za/,active_open_continuation_web,Pietermaritzburg indie used/rare/new bookstore
South Africa,Our Books Direct,https://ourbooksdirect.com/about-us/,active_open_continuation_web,online bookstore / direct ecommerce
South Africa,Independent Books,https://www.independentbooks.co.za/,active_open_continuation_web,author-direct independent-books marketplace
South Africa,IGO Books,https://igobooks.co.za/about/,active_open_continuation_web,bookstore plus print/distribution hybrid
South Africa,Shofar Books,https://shofarbooks.co.za/,active_open_continuation_web,publisher-bookseller self-publishing platform
South Africa,Garden Route Festival of Books 2026,https://www.bookfestival.co.za/,active_open_continuation_web,regional book festival / literary events
South Africa,SAPESI,https://sapesiza.org/,active_open_continuation_web,mobile library / literacy access NGO
South Africa,South African Library for the Blind (SALB),https://www.salb.org.za/,active_open_continuation_web,accessible reading / braille-audio library infrastructure
South Africa,Nal'ibali,https://nalibali.org/home,active_open_continuation_web,national reading campaign / multilingual book access
South Africa,Christian Literature Fund (CLF) Bookshops,https://shop.clf.co.za/bookshops/,active_open_continuation_web,Christian bookseller network / Free State and Northern Cape coverage
South Africa,Bookmark,https://bookmark.co.za/,active_open_continuation_web,University of Pretoria campus bookstore partner / Pretoria academic rail
South Africa,Collector's Treasury,https://www.collectorstreasury.com/,active_open_continuation_web,major Johannesburg used-and-rare bookstore / collector infrastructure
South Africa,Bookdealers,https://www.bookdealers.co.za/pages/about-us,active_open_continuation_web,Johannesburg used/collectable multi-shop bookseller group
South Africa,BookFish,https://www.bookfish.co.za/content/about-bookfish-book-shop-johannesburg,active_open_continuation_web,Johannesburg online-only used bookseller / remainders and collectables
South Africa,Booklovers Paradise,https://booklovers.co.za/,active_open_continuation_web,Northcliff out-of-print and collectable second-hand bookstore
South Africa,Huddy's Books,https://huddysbooks.co.za/,active_open_continuation_web,KZN collectible / second-hand book auction rail
South Africa,Auction Chamber / The Library Collection,https://auctions.auctionchamber.co.za/auctions/the-library-collection-21-april-2026-BZA9,active_open_continuation_web,South African online book-and-library-material auction marketplace
South Africa,Friends of the Library Killarney Book Sale 2026,https://www.citizen.co.za/rosebank-killarney-gazette/news-headlines/local-news/2026/03/18/book-sale-set-to-uplift-community-space/,active_open_continuation_web,current Johannesburg friends-of-library second-hand book sale
South Africa,Pioneer School Library,https://www.pioneerschool.org.za/library/,active_open_continuation_web,accessible reading / blind and partially sighted library service
South Africa,SANABP Braille Production,https://www.sanabp.co.za/,active_open_continuation_web,braille production / accessibility reading infrastructure
South Africa,Friends of Olivedale Library (FOOLS),https://www.citizen.co.za/randburg-sun/news-headlines/2026/01/01/fool-looks-forward-to-new-opportunities-in-2026/,active_open_continuation_web,friends-of-library bookshop / resale / literacy support
South Africa,Thandeka's Bookshop at the Boksburg SPCA,https://www.citizen.co.za/boksburg-advertiser/news-headlines/local-news/2025/10/05/bookshop-at-spca-helps-make-a-difference-for-four-legged-friends/,active_open_continuation_web,charity second-hand bookshop / SPCA fundraiser
South Africa,Rotary Club of Bedfordview Humanitarian Book Centre,https://www.citizen.co.za/bedfordview-edenvale-news/news-headlines/local-news/2025/07/13/rotary-club-of-bedfordview-supports-education-through-humanitarian-book-centre/,active_open_continuation_web,large-scale volunteer book distribution centre
South Africa,Southbroom Library,https://www.citizen.co.za/south-coast-herald/news-headlines/2021/08/16/brand-new-books-for-southbroom-library/,active_open_continuation_web,volunteer library with duplicate-book sales
South Africa,Old Johannesburg Warehouse Auctioneers,https://www.oldjwauctioneers.com/,active_open_continuation_web,auction marketplace including rare books and maps
South Africa,Friends of Sandton Library,https://www.citizen.co.za/sandton-chronicle/he-has-a-passion-for-books/,active_open_continuation_web,friends-of-library monthly book-sale rail
South Africa,Friends of the Benoni Library Book Bash,https://www.citizen.co.za/benoni-city-times/news-headlines/2023/10/10/benoni-librarys-book-bash-is-back/,active_open_continuation_web,volunteer-run pre-loved book-sale fundraiser
South Africa,Friends of Bracken Library,https://www.citizen.co.za/comaro-chronicle/news-headlines/local-news/2025/10/14/dont-miss-the-book-sale/,active_open_continuation_web,library book-sale fundraiser rail
South Africa,Friends of the Kempton Park Libraries,https://www.citizen.co.za/kempton-express/news-headlines/local-news/2025/06/11/friends-of-the-kempton-park-libraries-supports-reading-and-creativity/,active_open_continuation_web,library-support and book-purchase fundraising group
South Africa,KwaDukuza Public Libraries donation rail,https://www.citizen.co.za/north-coast-courier/news-headlines/local-news/2025/09/13/kwadukuza-public-libraries-appeal-for-book-donations/,active_open_continuation_web,multi-branch public-library donation and stock-rotation rail
South Africa,AVBOB Road to Literacy campaign,https://www.avbob.co.za/RoadToLiteracy/,active_open_continuation_web,national trolley-library and literacy distribution campaign
South Africa,After Skool Is Lit Organisation,https://www.citizen.co.za/randburg-sun/news-headlines/local-news/2025/09/23/donation-of-library-trolley-brings-reading-to-stephenson-primary-school/,active_open_continuation_web,local literacy organisation / trolley-library delivery rail
South Africa,Communities Assisting Schools (CAS),https://www.citizen.co.za/rosebank-killarney-gazette/news-headlines/local-news/2025/11/03/renovated-library-inspires-young-readers-at-h-a-jack-primary-school/,active_open_continuation_web,school-library renovation and literacy-programme rail
South Africa,HP Mokoka Library donation rail,https://www.citizen.co.za/benoni-city-times/news-headlines/2025/03/12/book-donation-a-big-boost-for-hp-mokoka-library/,active_open_continuation_web,local public-library replenishment / Rotary-linked donation rail
South Africa,Kgadi Moshukutswane Foundation + Vahluri Reading Club / Maune library campaign,https://www.citizen.co.za/review-online/news-headlines/local-news/2025/10/27/community-urged-to-donate-books-for-maune-primary-school-library/,active_open_continuation_web,rural library stocking campaign / community donation rail
South Africa,Books & Stuff,https://booksandstuff.co.za/,active_open_continuation_web,online new-and-secondhand bookseller with charity-support linkage
South Africa,Help the Rural Child Charity Bookshops,https://ruralchild.org.za/,active_open_continuation_web,charity bookshops plus online bookshop supporting rural-child programmes
South Africa,CAFDA Bookshops,https://cafda.co.za/trading/,active_open_continuation_web,Cape Town charity bookshops / volunteer-run income-generating rail
South Africa,Hillcrest AIDS Centre Trust Secondhand Bookshop,https://apcc.org.za/the-thrift-shop-collective/hillcrest-aids-centre-trust/secondhand-bookshop/,active_open_continuation_web,KZN charity secondhand bookshop / donation rail
South Africa,Wize Books Secondhand,https://secondhand.wizebooks.co.za/,active_open_continuation_web,student secondhand textbook marketplace
South Africa,Rotary Ann Charity Shop,https://www.citizen.co.za/sedibeng-ster/news/news-news/2025/04/23/bargains-with-heart-at-the-rotary-ann-charity-shop/,active_open_continuation_web,charity resale shop with second-hand books
South Africa,Society for Animals in Distress World Book Day book sale,https://www.citizen.co.za/midrand-reporter/news-headlines/local-news/2025/04/21/book-sale-funds-raised-goes-towards-critical-veterinary-care/,active_open_continuation_web,animal-charity second-hand book sale event
South Africa,BookHive,https://www.citizen.co.za/news/south-africa/education/bookhive-drives-reading-revolution-in-mpumalanga-schools/,active_open_continuation_web,Mpumalanga literacy and book-distribution organisation
South Africa,Ingcayizivele Book Festival,https://www.citizen.co.za/mpumalanga-news/news-headlines/local-news/2025/10/01/book-festival-shines-spotlight-on-indigenous-languages/,active_open_continuation_web,Mpumalanga literary festival with school book-tour donations
South Africa,Empangeni SPCA PAWS charity shop,https://www.citizen.co.za/zululand-observer/news-headlines/local-news/2025/10/20/paws-for-a-cause-spca-2026-calendars-now-on-sale/,active_open_continuation_web,Empangeni SPCA charity shop with books
South Africa,Focus-Team JHB book distribution,https://www.citizen.co.za/comaro-chronicle/news-headlines/local-news/2025/10/02/focus-team-jhb-donates-600-books-to-local-schools-and-daycare-centres/,active_open_continuation_web,Johannesburg South literacy distribution / school and daycare book donations
South Africa,Novalo Learning Sector library upgrade rail,https://www.citizen.co.za/kempton-express/news-headlines/local-news/2025/08/10/organisation-donates-books-to-school/,active_open_continuation_web,Thembisa school-library upgrade and book donation rail
South Africa,Kwasukela Storytelling Festival,https://www.citizen.co.za/ridge-times/news-headlines/local-news/2026/01/14/children-enjoy-kwasukela-storytelling-festival/,active_open_continuation_web,Mpumalanga storytelling festival with donated-book distribution
South Africa,Masivuke Primary School Beyond Words library,https://vukaninews.co.za/vukani/news/2026-03-10-masivuke-primary-school-launches-a-new-library-to-inspire-reading-and-numeracy/,active_open_continuation_web,Cape Town school-library build / stocked reading infrastructure
South Africa,Pretoria Central High School World Book Day donation rail,https://www.citizen.co.za/rekord/news-headlines/2025/05/04/eu-donates-over-200-books-to-central-high-school/,active_open_continuation_web,school-library replenishment via World Book Day donation
South Africa,Rhulani Mabasa Children’s Foundation Kasi to Kasi mobile library,https://www.citizen.co.za/soweto-urban/uncategorized/2026/02/02/rhulani-mabasa-childrens-foundation-launches-mobile-library-to-boost-literacy/,active_open_continuation_web,mobile-library outreach / Soweto literacy access rail
South Africa,Project Literacy Big Blue Book Bus,https://www.citizen.co.za/kempton-express/news-headlines/local-news/2026/04/02/project-brings-mobile-library-to-khula-sizwe-primary-2/,active_open_continuation_web,recurring mobile-library bus visiting primary schools
South Africa,Mpumalanga province mobile libraries Gert Sibande,https://www.citizen.co.za/ridge-times/news-headlines/2025/04/02/province-donates-two-mobile-libraries-3/,active_open_continuation_web,provincial mobile-library infrastructure
South Africa,Aquafresh Confidence Library at Bonamelo Primary,https://www.citizen.co.za/soweto-urban/news-headlines/local-news/2026/03/25/library-used-to-sharpen-young-minds/,active_open_continuation_web,school mobile-library handover / reading access
South Africa,Alberton Lions Club back-to-school book covering drive,https://www.citizen.co.za/comaro-chronicle/news-headlines/local-news/2026/01/08/alberton-lions-club-launches-back-to-school-book-covering-drive/,active_open_continuation_web,learner-support / schoolbook-preservation fundraiser
South Africa,Daily Dispatch Donate-a-Book campaign,https://www.dailydispatch.co.za/news/2026-02-04-grateful-recipients-handed-books-donated-in-successful-dispatch-campaign/,active_open_continuation_web,East London community book-drive and distribution rail
South Africa,African Book Trust / Johannesburg Literary District,https://www.forgood.co.za/za/en/causes/african-book-trust,active_open_continuation_web,Johannesburg literary-district and free-street-library infrastructure
South Africa,YOUPSA Mobile Village Libraries & Reading Clubs,https://youpsa.org/programmes/literacy/,active_open_continuation_web,rural mobile-village-library and reading-club infrastructure
South Africa,Rally to Read / Ford South Africa Eastern Cape 2026,https://www.ford.co.za/about-ford/ford-news/2026/ford-south-africa-reinforces-rally-to-read/,active_open_continuation_web,Eastern Cape rural-school books and literacy-support rail
South Africa,Touch Africa Book Drive,https://touchafrica.co.za/book-drive/,active_open_continuation_web,national donated-book collection and dispatch rail
South Africa,Louwville High School Mobile Digital Library,https://www.gov.za/news/media-advisories/government-activities/deputy-minister-nonceba-mhlauli-hands-over-mobile,active_open_continuation_web,state-backed mobile digital library handover / West Coast school access rail
South Africa,Western Cape School Library Competition 2025 winners rail,https://www.westerncape.gov.za/education/article/do-you-speak-maths-winners-school-library-competition-announced,active_open_continuation_web,provincial school-library resource competition and funding rail
South Africa,YearBeyond 1 000 Stories library reading champions,https://www.westerncape.gov.za/cas/article/speech-202627-budget-cultural-affairs-and-sport,active_open_continuation_web,province-backed library reading-champions programme
South Africa,Oasis Association bookshop,https://www.oasis.org.za/category/charity/,active_open_continuation_web,Cape Town charity bookshop / donation-funded retail rail
South Africa,Literacy Association of South Africa,https://www.litasa.org.za/,active_open_continuation_web,national literacy-sector coordination and outreach body
South Africa,School Aid South Africa,https://www.school-aid.org.za/,active_open_continuation_web,school-library build and support infrastructure
South Africa,READ Educational Trust,https://readsa.org.za/,active_open_continuation_web,national literacy intervention organisation
South Africa,The Web Foundation / Siyafunda Donate a Book,https://theweb.org.za/,active_open_continuation_web,donated-book and literacy-project infrastructure
South Africa,The Book Tree donate-books routing platform,https://www.thebooktree.co.za/donate-books/,active_open_continuation_web,donate-books routing and literacy platform
South Africa,Wits Libraries legacy book donation rail,https://www.wits.ac.za/news/latest-news/general-news/2025/2025-11/celebrating-a-legacy-new-books-for-wits-libraries.html,active_open_continuation_web,university-library donation and collection-enrichment rail
South Africa,Children's Book Network,https://www.childrensbook.co.za/our-work/,active_open_continuation_web,children's reading network / toolboxes / book clubs / community literacy rail
South Africa,Grow Your Life Libraries,https://growyourlife.org/,active_open_continuation_web,library-building and book-provision literacy NGO
South Africa,The Reading Rooster,https://www.kloofspca.co.za/the-reading-rooster/,active_open_continuation_web,SPCA charity second-hand bookstore / donation rail
South Africa,Ekufundzeni Mobile Library,https://ekufundzeni.co.za/mobile-library/,active_open_continuation_web,mobile library service to disadvantaged schools
South Africa,FunDza Literacy Trust,https://www.fundza.co.za/,active_open_continuation_web,national youth literacy and digital reading platform
South Africa,SPCA Roodepoort Krugersdorp Book Shop,https://spcaroodepoort.org.za/book-shop/,active_open_continuation_web,Gauteng SPCA charity bookshop / donation rail
South Africa,Sandton SPCA Bookshop and Book Nook,https://sandtonspca.org.za/charity-shop/,active_open_continuation_web,Sandton SPCA bookshop / donated-book retail rail
South Africa,Midrand SPCA Book Shop,https://www.midrandspca.co.za/books-jumble,active_open_continuation_web,Midrand SPCA used-book and donation rail
South Africa,wRite associates Reading & Book Clubs / Tsebe Community Library,https://sala.org.za/book-clubs/,active_open_continuation_web,community reading clubs and library infrastructure
South Africa,The LEARN Project,https://thelearnproject.co.za/,active_open_continuation_web,"school books, classroom book corners, and sustainable library-building rail"
South Africa,SPCA Durban & Coast Charity Shops,https://spcadbn.org.za/charity-shops/,active_open_continuation_web,Durban-region multi-shop SPCA charity-book and donated-goods rail
South Africa,SPCA Randburg Charity Shop and Book Shop,https://www.spca-rbg.org.za/charity-shop,active_open_continuation_web,Randburg SPCA charity-retail and bookshop rail
South Africa,Wordworks,https://wordworks.org.za/,active_open_continuation_web,national early-literacy programmes and resource-distribution infrastructure
South Africa,Shine Literacy Programme (SHINE),https://shine.net.za/shine-literacy-programme/,active_open_continuation_web,school-based literacy intervention and storybook access rail
South Africa,help2read,https://help2read.org/,active_open_continuation_web,school-based reading support and youth literacy organisation
South Africa,help2read Book Boxes,https://help2read.org/our-work,active_open_continuation_web,school literacy resource-box distribution rail
South Africa,Room to Read South Africa,https://www.roomtoread.org/countries/south-africa/our-approach/,active_open_continuation_web,literacy programme with library-building and DBE partnership
South Africa,NECT and Room to Read MEC Book Club Launch 2025,https://www.nect.org.za/nect-and-room-to-read-donate-40-000-books-at-mec-book-club-launch/,active_open_continuation_web,province-scale storybook donation and reading-forum launch rail
South Africa,One Day. One Book.,https://onedayonebook.org/about/,active_open_continuation_web,free digital and print children's-book creation/distribution initiative
South Africa,Puku Children's Literature Foundation,https://www.puku.co.za/about/,active_open_continuation_web,"children's literature discovery, cataloguing, and multilingual reading-promotion infrastructure"
South Africa,Living Through Learning,https://livingthroughlearning.org.za/,active_open_continuation_web,foundation-phase literacy training and intervention infrastructure
South Africa,Mikhulu Trust,https://mikhulutrust.org/,active_open_continuation_web,early-childhood book-sharing and literacy-support infrastructure
South Africa,Mikhulu Trust wordless picture books,https://mikhulutrust.org/what-we-do/wordless-picture-books/,active_open_continuation_web,program-level wordless picture-book creation and distribution rail
South Africa,LIASA,https://www.liasa.org.za/,active_open_continuation_web,national library-sector infrastructure and professional association
South Africa,South Africa Reads,https://southafricareads.org/,active_open_continuation_web,free South Africa-specific multilingual digital reading platform
South Africa,Nwala Foundation,https://nwalafoundation.org/,active_open_continuation_web,national literacy nonprofit and programme platform
South Africa,"Nwala Foundation A Village, A Story",https://nwalafoundation.org/a-village-a-story-literacy-program/,active_open_continuation_web,"rural storytelling, book-donation, and community-library programme rail"
South Africa,TAQA,https://www.taqa.africa/about-us,active_open_continuation_web,multilingual digital children's-book access platform
South Africa,kibooks.online,https://www.qualibooks.co.za/,active_open_continuation_web,digital library / eLibrary subscription rail
Nigeria,PreownedBooks.ng,https://www.preownedbooks.ng/,runtime_gap_bridge_web_2026_04_25,Book-specific curated online marketplace for buying and selling preloved books across Nigeria; strong strict main-universe fit.
Nigeria,BuyBooks NG,https://buybooks.ng/vendor-agreement/,runtime_gap_bridge_web_2026_04_25,"Book-forward online marketplace with vendor agreement for Nigerian businesses to sell books, audiobooks and e-books; third-party rail but not primarily used/resale."
Nigeria,Booki / TheMainBooki,https://themainbooki.com/,runtime_gap_bridge_web_2026_04_25,Author-direct self-publishing and digital book marketplace; book marketplace signal but not used/resale.
Nigeria,The Thrift Reader Bookstore,https://thethriftreaderbookstore.com.ng/,runtime_gap_bridge_web_2026_04_25,Online thrift/discount bookshop with bookstacks and used/thrift positioning; useful used-book signal but not clearly multi-seller.
Nigeria,Facebook Marketplace Nigeria — Books,https://www.facebook.com/marketplace/110738705618655/books/?locale=fr_FR,runtime_gap_bridge_web_2026_04_25,General classifieds/social-marketplace book category; supports resale discovery but not book-dominant.
Ghana,Jiji Ghana — Books & Table Games,https://jiji.com.gh/books-and-games,runtime_gap_bridge_web_2026_04_25,"General classifieds marketplace with a large books/games category and used-condition examples; strong annex rail, not book-dominant."
Ghana,Facebook Marketplace Accra — Books,https://www.facebook.com/marketplace/110453975643636/books/,runtime_gap_bridge_web_2026_04_25,General social-marketplace books category in Accra showing new and used books.
Ghana,Sankofa Books: Flea Market for Used Books,https://www.facebook.com/sankofabooks/,runtime_gap_bridge_web_2026_04_25,Used/pre-owned books flea-market page in Accra; clear used-book signal but social-page based.
Ghana,Thrift Bookcave,https://www.instagram.com/thriftbookcave/,runtime_gap_bridge_web_2026_04_25,Accra online used bookstore / thrift bookshop with nationwide delivery claim; social-platform surface.
Ghana,City Reads Books & Stationery,https://cityreadsbookstore.com/,runtime_gap_bridge_web_2026_04_25,"Affordable online bookstore in Accra with nationwide delivery; book culture layer, not used/multi-seller main universe."
Senegal,La Bouquinerie,https://www.labouquinerie.sn/,runtime_gap_bridge_web_2026_04_25,Online purchase/sale bookstore for used books in Senegal; strong strict main-universe used-book rail.
Senegal,Bëgg Lire,https://www.begglire.com/,runtime_gap_bridge_web_2026_04_25,Senegal book marketplace for buying and selling used and new books; sellers set prices and nationwide connection is claimed.
Senegal,Jiji Senegal — Livres & Jeux,https://jiji.sn/books-and-games,runtime_gap_bridge_web_2026_04_25,General classifieds marketplace with books/games category and live book listings; annex resale/discovery rail.
Senegal,"CoinAfrique Senegal — DVDs, CDs & Livres",https://sn.coinafrique.com/categorie/dvds-cds-et-livres,runtime_gap_bridge_web_2026_04_25,General Francophone classifieds rail with Senegal books/DVD/CD category; annex not book-dominant.
Senegal,Livres AU Sénégal,https://www.facebook.com/Livresausenegal/,runtime_gap_bridge_web_2026_04_25,Physical/digital African bookstore signal in Senegal; useful culture/bookstore layer but not strict resale marketplace.
Côte d'Ivoire,LaPanaf / Librairie Panafricaine,https://lapanaf.com/,runtime_gap_bridge_web_2026_04_25,"Book-forward online marketplace dedicated to African booksellers and authors; strong book marketplace signal, not clearly used/resale."
Côte d'Ivoire,Lis-Moi — Livres d'occasion,https://lis-moi.com/articles/type-produit/bc23913f-374e-4c9f-accc-bc25cb966d13.html,runtime_gap_bridge_web_2026_04_25,"Ivorian online bookstore surface with explicit used-books category, though observed category currently shows no items."
Côte d'Ivoire,La Bouquinerie d'Abidjan,https://www.facebook.com/p/La-Bouquinerie-dAbidjan-61558005099424/,runtime_gap_bridge_web_2026_04_25,"Social-surface used-book seller in Abidjan with delivery claims; useful used-book signal, not validated as platform."
Côte d'Ivoire,Livres d'Occasion Abidjan,https://www.facebook.com/livresdoccasion.net/,runtime_gap_bridge_web_2026_04_25,Abidjan social-surface used-book seller for used books/magazines/novels; weak but relevant used-book signal.
Côte d'Ivoire,"CoinAfrique Côte d'Ivoire — DVDs, CDs & Livres",https://ci.coinafrique.com/categorie/dvds-cds-et-livres,runtime_gap_bridge_web_2026_04_25,General classifieds rail with Ivorian books/DVD/CD category and live book listing examples; annex not book-dominant.
Benin,La Friperie du Livre,https://www.facebook.com/p/La-Friperie-du-Livre-61576751756556/,runtime_gap_bridge_web_2026_04_25,"Self-described first marketplace dedicated to used books in Cotonou; social-page evidence only, but strict-fit if active."
Benin,BeninMarketPlace — Livres,https://beninmarketplace.bj/livres,runtime_gap_bridge_web_2026_04_25,CCI Bénin marketplace with books category; product marketplace but not primarily used/resale.
Benin,Bookconekt,https://bookconekt.com/,runtime_gap_bridge_web_2026_04_25,Digital bookstore for Beninese and non-Beninese books; useful book-forward rail but not used/multi-seller main universe.
Benin,"CoinAfrique Benin — DVDs, CDs & Livres",https://bj.coinafrique.com/categorie/dvds-cds-et-livres,runtime_gap_bridge_web_2026_04_25,CoinAfrique Benin books/DVD/CD category; general classifieds annex.
Benin,Vente & Troc de livres à Cotonou,https://www.facebook.com/p/Vente-Troc-de-livres-%C3%A0-Cotonou-100063558731798/,runtime_gap_bridge_web_2026_04_25,Social-surface page for book exchange/sale among readers in Cotonou; weak used/troc signal.
Togo,"CoinAfrique Togo — DVDs, CDs & Livres",https://tg.coinafrique.com/categorie/dvds-cds-et-livres,runtime_gap_bridge_web_2026_04_25,General classifieds rail with Togo books/DVD/CD category and live book listing examples; annex not book-dominant.
Togo,Librairie BonPasteur,https://librairiebonpasteur.tg/,runtime_gap_bridge_web_2026_04_25,Lomé/Togo online bookstore surface; bookstore layer rather than used/multi-seller.
Togo,A Vendre Lomé Livres,https://www.facebook.com/100089688558017/?locale=fr_CA,runtime_gap_bridge_web_2026_04_25,Social-surface used-book sales page in Lomé; weak but relevant used-book signal.
Togo,Star Librairie / Librairie Star,https://www.matinlibre.tg/fin-dune-epoque-la-librairie-star-ferme-ses-portes/,runtime_gap_bridge_web_2026_04_25,"Historically important Lomé bookstore with used-book stock; evidence indicates closure at end-2023, so retained as historical/revisit signal rather than active rail."
Burkina Faso,"CoinAfrique Burkina Faso — DVDs, CDs & Livres",https://bf.coinafrique.com/categorie/dvds-cds-et-livres,runtime_gap_bridge_web_2026_04_25,"General classifieds rail with Burkina Faso books/DVD/CD category and examples from Ouagadougou, Kaya, Bobo-Dioulasso, etc."
Burkina Faso,Facebook / social book-listing spillover — Burkina Faso,https://www.facebook.com/groups/270962329911305/posts/2544243399249842/,runtime_gap_bridge_web_2026_04_25,Sparse social/listing spillover for books; included as weak signal only pending a better native book-specific platform.
Mali,Lamarlib,https://www.facebook.com/lamarlib/,runtime_gap_bridge_web_2026_04_25,First online platform in Mali for sale and consignment/deposit-sale of new and used books/brochures; strong strict main-universe fit.
Mali,"CoinAfrique Mali — DVDs, CDs & Livres",https://ml.coinafrique.com/categorie/dvds-cds-et-livres,runtime_gap_bridge_web_2026_04_25,General classifieds rail with Mali books/DVD/CD category and live book listing examples.
Mali,Autour Du Livre,https://www.facebook.com/AutourduLivre1/,runtime_gap_bridge_web_2026_04_25,Bamako bookstore offering new and used books; single-store used-book signal.
Mali,Ubuy Mali — Books,https://www.ubuy.ml/fr/category/books-10180,runtime_gap_bridge_web_2026_04_25,International e-commerce book category localized to Mali; weak book-access rail rather than local resale marketplace.
Niger,"CoinAfrique Niger — DVDs, CDs & Livres",https://ne.coinafrique.com/categorie/dvds-cds-et-livres,runtime_gap_bridge_web_2026_04_25,General classifieds rail with Niger books/DVD/CD category and book/PDF examples; annex not book-dominant.
Niger,Ubuy Niger — Books,https://www.ubuy.ne/fr/category/books-10180,runtime_gap_bridge_web_2026_04_25,International e-commerce book category localized to Niger; weak book-access rail rather than local resale marketplace.
Guinea,"CoinAfrique Guinea — DVDs, CDs & Livres",https://gn.coinafrique.com/categorie/dvds-cds-et-livres,runtime_gap_bridge_web_2026_04_25,General classifieds rail in Guinea with a DVDs/CDs/books category and live book/roman examples in Conakry/Kindia; annex not book-dominant.
Guinea,"BazarAfrique Guinea — DVD, CD & Livres",https://gn.bazarafrique.com/dvd-cd-livres,runtime_gap_bridge_web_2026_04_25,General classifieds rail for Guinea with DVD/CD/books category; sparse current result count but useful annex signal.
Guinea,Facebook Marketplace Guinea — Books,https://www.facebook.com/marketplace/item/1592220031418502/,runtime_gap_bridge_web_2026_04_25,"General social-marketplace book listings around Conakry/Guinea; resale discovery signal, not book-dominant."
Guinea,Carrefour de Guinée,https://www.facebook.com/carrefourdeeguinee/?locale=fr_FR,runtime_gap_bridge_web_2026_04_25,Conakry bookstore/papeterie with book arrivals and long-standing bookstore identity; bookstore layer.
Guinea,Maison Du Livre,https://www.facebook.com/maisondulivreguinee/?locale=fr_FR,runtime_gap_bridge_web_2026_04_25,Conakry bookstore surface; bookstore layer rather than marketplace/resale rail.
Sierra Leone,Facebook Marketplace Freetown — Books,https://www.facebook.com/marketplace/108612049170896/books/,platform_category,supporting
Sierra Leone,Salone Goo,https://slgoo.sl/,classifieds_platform,supporting
Sierra Leone,Freead1 Sierra Leone — Textbooks,https://freead1.net/sale-buy/books-70/textbooks-217/Sierra-Leone,platform_category,supporting
Sierra Leone,Classi4U Sierra Leone — Books for Sale,https://sl.classi4u.com/,platform_category,supporting
Sierra Leone,Ubuy Sierra Leone — Books,https://www.ubuy.sl/category/books-10180,site,primary
Sierra Leone,NextChapter Bookstore,https://www.facebook.com/p/NextChapter-Bookstore-61570343685020/,social_page,supporting
Sierra Leone,CLC Bookshop Sierra Leone,https://www.clcinternational.org/locations/sierra-leone,site,supporting
Sierra Leone,Vickie Remoe Children’s Books shop,https://vickieremoe.com/shop/adama-loves-akara,site,supporting
Liberia,Liberia Book Store,https://liberiabookstore.com/,site,primary
Liberia,Facebook Marketplace Monrovia Books,https://www.facebook.com/marketplace/104311056275271/books/,social_marketplace_category,supporting
Liberia,"Facebook Marketplace Monrovia Books, Movies & Music",https://www.facebook.com/marketplace/104311056275271/media/,social_marketplace_category,supporting
Liberia,LIBSHOP,https://www.libshop.net/,general_marketplace,supporting
Liberia,Freead1 Liberia Books,https://freead1.net/sale-buy/books-70/Liberia,classifieds_category,supporting
Liberia,Freead1 Monrovia Books,https://freead1.net/sale-buy/books-70/Liberia/Monrovia-11110,classifieds_category,supporting
Liberia,Freead1 Liberia Textbooks,https://freead1.net/sale-buy/books-70/textbooks-217/Liberia,classifieds_category,supporting
Liberia,Connecting Deals Monrovia Books,https://www.connectingdeals.com/free-books-ads-monrovia/,classifieds_category,supporting
Liberia,AAAFreeAds Liberia Books & Magazines,https://www.aaafreeads.com/cat-75-122/liberia/items-for-sale/books-magazines.html,classifieds_category_empty,supporting
Liberia,Ubuy Liberia Books,https://www.liberia.ubuy.com/category/books-10180,retail_ecommerce_category,supporting
Liberia,La Bibliothèque Online Bookstore,https://www.facebook.com/theliberianinfluence/posts/exciting-news-for-book-lovers-in-liberiala-biblioth%C3%A8que-online-bookstore-is-offi/1186207900178321/,social_storefront,supporting
Liberia,Monrovia Book Store,https://www.facebook.com/61583620735647/,social_storefront,supporting
Liberia,Monrovia READS NOOK BOOK Store,https://frontpageafricaonline.com/news/monrovia-reads-nook-book-store-launched/,literary_space_bookstore,supporting
Liberia,One Moore Bookstore / One Moore Book,https://www.wgbh.org/news/2016-02-10/once-a-refugee-shes-opened-one-of-liberias-few-bookstores-where-children-can-read-about-themselves,historical_literacy_bookstore,contextual
Liberia,The Book Shop of Liberia,https://evendo.com/locations/liberia/monrovia/shop/the-book-shop-of-liberia,bookstore_directory_page,supporting
Liberia,Bible Society of Liberia Bookshop,https://oasisinternationalpublishing.com/buy-copy/,bookshop_listing,supporting
The Gambia,Facebook Marketplace Banjul — Books,https://www.facebook.com/marketplace/115227515158999/books/,social_marketplace_category,supporting annex/classifieds evidence
The Gambia,"Facebook Marketplace Bakau — Books, Movies & Music",https://www.facebook.com/marketplace/108564162508467/media/,social_marketplace_category,supporting annex/classifieds evidence
The Gambia,Freead1 Gambia — Books,https://freead1.net/sale-buy/books-70/science-fiction-fantasy-214/Gambia/Sukuta-Sanchaba-11851,classifieds_category,supporting annex/classifieds evidence
The Gambia,CityToo Gambia — Rare Books,https://www.citytoo.com/gm-en/rare-books-WidpgZ226QidnZ2327,classifieds_marketplace_category,supporting annex/classifieds evidence
The Gambia,Expat.com Gambia — Books,https://www.expat.com/en/classifieds/africa/gambia/books.html,classifieds_category_empty,supporting annex/classifieds evidence
The Gambia,Ubuy The Gambia — Books,https://www.ubuy.gm/category/books-10180,retail_ecommerce_category,primary evidence for compact pass classification
The Gambia,Timbooktoo Bookshop,https://storehousevoices.com/book-store-locator/timbooktoo-bookshop,bookstore,primary evidence for compact pass classification
The Gambia,CLM Bookshop Gambia Co. Ltd.,https://www.accessgambia.com/extra/c-l-m-book-shop.html,bookstore,primary evidence for compact pass classification
The Gambia,Gambia Buy and Sell — book-listing posts,https://www.facebook.com/groups/1072382436290716/posts/2606570716205206/,social_classifieds_group,supporting annex/classifieds evidence
Guinea-Bissau,Facebook Marketplace — São Domingos comic-books category,https://www.facebook.com/marketplace/107279489309286/comic-books/?locale=pt_PT,social_classifieds_category,primary evidence for compact pass classification
Guinea-Bissau,Facebook Marketplace — Bissau buy/sell surface,https://www.facebook.com/marketplace/106221382747253/,social_classifieds_marketplace,primary evidence for compact pass classification
Guinea-Bissau,Classi4U Guinea Bissau — Books for Sale,https://gw.classi4u.com/,classifieds_category,primary evidence for compact pass classification
Guinea-Bissau,Kugli Guinea-Bissau Books Classified Ads,https://www.kugli.com/Sell_Buy/subcat/Books-9/country/Guinea_Bissau-GW/,classifieds_category,primary evidence for compact pass classification
Guinea-Bissau,Livraria Speransa Guiné-Bissau,https://www.facebook.com/livrariasperansa/,bookstore,primary evidence for compact pass classification
Guinea-Bissau,Livraria/Papelaria Tchoca,https://www.facebook.com/livraria.tchoca/,bookstore,primary evidence for compact pass classification
Guinea-Bissau,Livraria Coimbra / Coimbra Bookshop,https://evendo.com/locations/guinea-bissau/bafata-region/shop/livraria-coimbra,bookstore,primary evidence for compact pass classification
Guinea-Bissau,Livraria CPAD — Guiné Bissau,https://www.cpadnews.com.br/cpad-inaugura-primeira-livraria-em-guine-bissau/,bookstore,primary evidence for compact pass classification
Guinea-Bissau,Clube Amor à Leitura,https://www.facebook.com/p/Clube-amor-%C3%A0-leitura-100064109948906/,literacy_book_exchange_signal,supporting literacy/book-culture evidence
Guinea-Bissau,IBAP Livraria,https://ibapgbissau.org/livraria/,institutional_digital_bookshelf,supporting literacy/book-culture evidence
Cape Verde / Cabo Verde,Facebook Marketplace Praia Books listing surface,https://www.facebook.com/marketplace/item/1398822311785063/?ref=newsfeed,social_marketplace_book_listing_signal,general resale/classifieds signal
Cape Verde / Cabo Verde,Facebook Marketplace Mindelo children's-books listing surface,https://www.facebook.com/marketplace/item/1449574589431656/?ref=newsfeed,social_marketplace_book_listing_signal,general resale/classifieds signal
Cape Verde / Cabo Verde,Compra e Venda Cabo Verde,https://www.facebook.com/groups/meoncv/,general_buy_sell_group_with_book_posts,general resale/classifieds signal
Cape Verde / Cabo Verde,Compra e Venda no Mindelo,https://www.facebook.com/groups/403226344330603/,general_buy_sell_group,general resale/classifieds signal
Cape Verde / Cabo Verde,Afribaba Cabo Verde Livros/Revistas Porto Novo,https://cv.afribaba.com/ads/Livros%2BRevistas%2BPorto%2BNovo.htm,general_classifieds_books_category,general resale/classifieds signal
Cape Verde / Cabo Verde,CV Buy,https://cvbuy.cv/,local_ecommerce_seller_rail_no_book_category_verified,local ecommerce/seller rail watchlist
Cape Verde / Cabo Verde,Loja Online Biblioteca Nacional de Cabo Verde,https://www.bn.cv/lojaonline/,institutional_online_bookstore,bookstore/book point-of-sale evidence
Cape Verde / Cabo Verde,Livraria Lóthus,https://lothus.cv/,local_online_bookstore,bookstore/book point-of-sale evidence
Cape Verde / Cabo Verde,Livraria Pedro Cardoso,https://catalogolpc.blogspot.com/,publisher_bookstore_catalog,bookstore/book point-of-sale evidence
Cape Verde / Cabo Verde,Livraria Semente,https://www.facebook.com/sementelivraria/,local_bookstore,bookstore/book point-of-sale evidence
Cape Verde / Cabo Verde,"Nho Eugénio – Livraria, Lda",https://bdpalop.com/categoria-produto/pacotes-promocionais/,local_bookstore,bookstore/book point-of-sale evidence
Cape Verde / Cabo Verde,Arnaldo França Livraria,https://bdpalop.com/categoria-produto/pacotes-promocionais/,local_bookstore,bookstore/book point-of-sale evidence
Cape Verde / Cabo Verde,Galeria Alternativa,https://bdpalop.com/categoria-produto/pacotes-promocionais/,book_culture_point_of_sale,bookstore/book point-of-sale evidence
Cape Verde / Cabo Verde,Centro Cultural do Mindelo,https://bdpalop.com/categoria-produto/pacotes-promocionais/,book_culture_point_of_sale,bookstore/book point-of-sale evidence
Cape Verde / Cabo Verde,Banco Livros Cabo Verde,https://www.facebook.com/p/Banco-Livros-Cabo-Verde-100065289318026/,school_book_donation_bank,supporting literacy/book-reuse evidence
Cape Verde / Cabo Verde,FICASE textbook distribution network,https://ficase.cv/index.php/noticias-ads/assets/us.edu.cv?page=projeto&programa=manuais_scolares,institutional_textbook_distribution_network,supporting literacy/book-reuse evidence
Cape Verde / Cabo Verde,Global Shapers Praia used-book collection campaign,https://dtudo1pouco.cv/associacao-global-shapers-praia-hub-organiza-campanha-para-recolha-de-livros-usados/,used_book_collection_literacy_campaign,supporting literacy/book-reuse evidence
Cape Verde / Cabo Verde,Sal / Santa Maria English book-exchange signals,https://www.facebook.com/groups/256109107280078/posts/966766306214351/,tourist_expat_book_swap_signal,supporting literacy/book-reuse evidence
São Tomé and Príncipe,Livraria Nón,https://www.bantumen.com/artigo/non-a-unica-livraria-de-sao-tome-e-principe/,online_order_bookstore,bookstore
São Tomé and Príncipe,Livraria Nón Facebook / social storefront,https://m.facebook.com/LivrariaNon/about/,bookstore_social_storefront,supporting
São Tomé and Príncipe,"COMPRAS, VENDAS & TROCAS - São Tomé e Príncipe",https://www.facebook.com/groups/532574790153539/,general_buy_sell_trade_group,supporting
São Tomé and Príncipe,Facebook Marketplace São Tomé e Príncipe books category,https://www.facebook.com/marketplace/category/books/?locale=pt_BR,social_marketplace_books_category,supporting
São Tomé and Príncipe,Livraria Ultramarina São Tomé e Príncipe category,https://livrariaultramarina.pt/product-category/sao-tome-e-principe/,diaspora_rare_bookseller_category,supporting
São Tomé and Príncipe,AbeBooks São Tomé e Príncipe collections,https://www.abebooks.com/collections/sc/s%C3%A3o-tom%C3%A9-pr%C3%ADncipe/1UhMOBTuRiai0k0WH7AVjf,global_rare_book_marketplace_category,supporting
São Tomé and Príncipe,Biblioteca Nacional / China technical book room signal,https://www.stp-press.st/2021/10/08/inaugurada-a-livraria-non-na-cidade-de-sao-tome/,institutional_book_access_signal,supporting
São Tomé and Príncipe,UNEAS / Centro Cultural Português literary event layer,https://portal.autores.club/2023/09/,literary_institution_event_layer,supporting
Mauritania,Facebook-mediated book selling in Mauritania / Moulay Rachid signal,https://www.aljazeera.net/culture/2015/2/3/%D9%81%D9%8A%D8%B3%D8%A8%D9%88%D9%83-%D9%88%D8%A7%D8%AC%D9%87%D8%A9-%D9%84%D8%A8%D9%8A%D8%B9-%D8%A7%D9%84%D9%83%D8%AA%D8%A8-%D9%81%D9%8A-%D9%85%D9%88%D8%B1%D9%8A%D8%AA%D8%A7%D9%86%D9%8A%D8%A7,book_selling_social_surface,supporting
Mauritania,Facebook Marketplace Nouakchott Books,https://www.facebook.com/marketplace/item/1633272264015892/,social_marketplace_books_item_surface,supporting
Mauritania,All SouQ Mauritania Books and stories category,https://mr.all-souq.com/en/search/region%2C14496393/category%2Ckutab-w-qisas/sShowAs%2Clist,general_classifieds_books_category,supporting
Mauritania,Ubuy Mauritania Books,https://www.ubuy.mr/en/category/books-10180,ordinary_ecommerce_books_category,supporting
Mauritania,Librairie Vents du Sud,https://alf.website/en/?members=librairie-vents-du-sud-intercom,bookstore,bookstore
Mauritania,Librairie 15/21,https://www.mauritaniayp.com/company/839/Librairie_15_21,bookstore_publisher,bookstore
Mauritania,Librairie 15/21 Facebook / Arabic bookstore surface,https://www.facebook.com/p/%D9%85%D9%83%D8%AA%D8%A8%D8%A9-%D8%A7%D9%84%D9%82%D8%B1%D9%86%D9%8A%D9%86-1521-Librairie-100093495971474/,bookstore_social_surface,supporting
Mauritania,مكتبة قرطبة موريتانيا,https://www.facebook.com/p/%D9%85%D9%83%D8%AA%D8%A8%D8%A9-%D9%82%D8%B1%D8%B7%D8%A8%D8%A9-%D9%85%D9%88%D8%B1%D9%8A%D8%AA%D8%A7%D9%86%D9%8A%D8%A7-100076950987651/,bookstore_social_surface,supporting
Mauritania,مكتبة الإصلاح,https://www.facebook.com/p/%D9%85%D9%83%D8%AA%D8%A8%D8%A9-%D8%A7%D9%84%D8%A5%D8%B5%D9%84%D8%A7%D8%AD-61573643952448/,bookstore_social_surface,supporting
Mauritania,MauritaniaYP Nouakchott books listings,https://www.mauritaniayp.com/category/Books/city%3ANouakchott,directory_bookstore_cluster,supporting
Mauritania,National Library of Mauritania,https://bnm.gov.mr/?page_id=36,national_library_institutional_layer,supporting
Mauritania,Chinguetti / private manuscript libraries,https://islamonline.net/en/mauritanias-manuscripts/,manuscript_library_heritage_layer,supporting
Mauritania,Near-place Mauritania book store cluster,https://mr.near-place.com/book_store/en,directory_bookstore_cluster,supporting
Equatorial Guinea,Facebook Marketplace Malabo Books items,https://www.facebook.com/marketplace/item/3564057310401256/,social_marketplace_book_items,supporting
Equatorial Guinea,Facebook Marketplace Bata textbook/book items,https://www.facebook.com/marketplace/item/916730631298934/,social_marketplace_book_items,supporting
Equatorial Guinea,La Librería de Bata,https://hipermedula.org/2012/06/primer-libreria-en-guinea-ecuatorial/,bookstore,bookstore
Equatorial Guinea,La Casa Tomada,https://www.guineaecuatorialpress.com/noticias/la_casa_tomada_el_nuevo_espacio_de_libros_y_cultura_en_malabo__,bookstore_cultural_space,bookstore
Equatorial Guinea,Biblioteca de Guinea Ecuatorial digital archive,https://librosdeguineaecuatorial.online/,digital_library_archive,supporting
Equatorial Guinea,Editorial Digital de Guinea Ecuatorial tienda,https://editorialdigital.online/biblioteca-de-guinea-ecuatorialtm,digital_publisher_shop,supporting
Equatorial Guinea,National Library of Equatorial Guinea digital platform,https://realequatorialguinea.com/cultura/la-biblioteca-nacional-de-guinea-ecuatorial-presenta-su-plataforma-digital/,national_library_digital_platform,supporting
Equatorial Guinea,Ediciones Esangui,https://www.facebook.com/p/Ediciones-Esangui-100087632467302/,publisher_social_surface,supporting
Equatorial Guinea,Centro Cultural de España en Bata book/literature programming,https://www.facebook.com/CentroCulturalBata/,cultural_center_book_programming,supporting
Equatorial Guinea,Amigos/as de Guinea Ecuatorial MALABO#BATA book-post spillover,https://www.facebook.com/groups/769294943549223/,general_social_group_book_posts,supporting
Cameroon,CamerBookshop Online,https://www.camerbookshop.online/,book_specific_marketplace_vendor_rail,primary
Cameroon,"CoinAfrique Cameroun DVDs, CDs & Livres",https://cm.coinafrique.com/categorie/dvds-cds-et-livres,general_classifieds_books_category,supporting
Cameroon,CoinAfrique Cameroun book listings,https://cm.coinafrique.com/annonce/dvds-cds-et-livres/livre-de-developpement-personnel-4706913,general_classifieds_book_items,supporting
Cameroon,MiniCameroun Livres/Magazines,https://www.minicameroun.com/annonces/offres/Livres-Magazines,general_classifieds_books_category,supporting
Cameroon,Facebook Marketplace Yaoundé / Douala Books,https://www.facebook.com/marketplace/,social_marketplace_books_category,supporting
Cameroon,Vente et achat de livres en occasion au Cameroun,https://www.facebook.com/groups/845309272687351/,social_group_used_book_resale,supporting
Cameroon,iConz Cameroon marketplace Books & Games category,https://play.google.com/store/apps/details?id=com.eladeforwa.letscon,general_marketplace_books_category,supporting
Cameroon,Fakobook Cameroon marketplace,https://www.facebook.com/CAMEROONNEWSAGENCY/posts/3775406625905694/,general_marketplace_candidate,supporting
Cameroon,Ubuy Cameroon Books,https://www.ubuy.cm/en/category/books-10180,ordinary_ecommerce_import_retail_books,supporting
Cameroon,Yaa Book Shop Cameroon,https://www.facebook.com/p/Yaa-Book-Shop-Cameroon-61571373853227/,bookstore_sales_rentals,supporting
Cameroon,Jolly Life Books Cameroon,https://www.instagram.com/jolly_life_books/,online_social_bookstore,supporting
Cameroon,Facebook Marketplace Cameroon item-level book listings,https://www.facebook.com/marketplace/,social_marketplace_book_items,supporting
Gabon,Gabon Livre multi-vendor e-librairie,https://www.gabonlivre.com/,book_specific_marketplace_vendor_rail,primary
Gabon,Gabon Livre vendor directory,https://www.gabonlivre.com/vendeurs-liste/,book_specific_vendor_directory,primary_support
Gabon,"CoinAfrique Gabon DVDs, CDs & Livres",https://ga.coinafrique.com/categorie/dvds-cds-et-livres,general_classifieds_books_category,supporting
Gabon,Facebook Marketplace Libreville book listings,https://www.facebook.com/marketplace/,social_marketplace_book_items,supporting
Gabon,Gabon Marketplace social group,https://www.facebook.com/groups/688584426149434/,general_social_marketplace,supporting
Gabon,Gabon Livres digital/online book shop,https://gabonlivres.com/,digital_book_subscription_shop,supporting
Gabon,Ubuy Gabon Books,https://www.ubuy.com/,ordinary_ecommerce_import_retail_books,supporting
Gabon,CoinAfrique Gabon recent book listings,https://ga.coinafrique.com/categorie/dvds-cds-et-livres,general_classifieds_book_items,supporting
Gabon,L’Harmattan-Gabon / Gabon book retail signal,https://www.booksellers.ca/publisher/lharmattan-gabon-21851,publisher_bookstore_layer,supporting
Gabon,Facebook Marketplace Libreville non-book category spillover,https://www.facebook.com/marketplace/,social_marketplace_spillover,supporting
Democratic Republic of the Congo,"CoinAfrique RDC DVDs, CDs & Livres",https://cd.coinafrique.com/categorie/dvds-cds-et-livres,general_classifieds_books_category,supporting
Democratic Republic of the Congo,CoinAfrique RDC book listings,https://cd.coinafrique.com/annonce/dvds-cds-et-livres/livres-5522913,general_classifieds_book_items,supporting
Democratic Republic of the Congo,CoinAfrique RDC e-book/PDF listings,https://cd.coinafrique.com/annonce/dvds-cds-et-livres/packs-de-livres-electroniques-4873454,general_classifieds_digital_book_items,supporting
Democratic Republic of the Congo,Alibooks.cd,https://alibooks.cd/,online_bookstore_distribution,supporting
Democratic Republic of the Congo,Kicherche marketplace / Alibooks integration signal,https://www.facebook.com/kicherche/,general_marketplace_bookstore_integration_candidate,supporting
Democratic Republic of the Congo,Le Coin des Livres Kinshasa,https://www.instagram.com/le_coin_des_livres_kinshasa/,online_social_bookstore,supporting
Democratic Republic of the Congo,LAESH / Kinshasa book retail ecosystem signal,https://www.facebook.com/christian.gombotomokwabini/posts/3725495330830918/,bookstore_publisher_distribution_layer,supporting
Democratic Republic of the Congo,Facebook Marketplace / Kinshasa social book spillover,https://www.facebook.com/marketplace/,social_marketplace_book_spillover,supporting
Democratic Republic of the Congo,Ubuy DRC Books,https://www.ubuy.cd/,ordinary_ecommerce_import_retail_books,supporting
Democratic Republic of the Congo,CoinAfrique RDC miscellaneous book/media listings,https://cd.coinafrique.com/categorie/dvds-cds-et-livres,general_classifieds_book_items,supporting
Republic of Congo,"CoinAfrique Congo DVDs, CDs & Livres",https://cg.coinafrique.com/categorie/dvds-cds-et-livres,general_classifieds_books_category,supporting
Republic of Congo,Librairie en ligne de Brazzaville,https://www.facebook.com/p/Librairie-en-ligne-de-Brazzaville-100071041711992/,single_store_used_bookseller,supporting
Republic of Congo,Librairie BUKU Brazzaville,https://www.facebook.com/p/Librairie-BUKU-100057423040938/,bookstore_brocante_signal,supporting
Republic of Congo,Facebook Marketplace Brazzaville,https://www.facebook.com/marketplace/108720419152651/,social_marketplace_local_surface,supporting
Republic of Congo,Facebook Marketplace Brazzaville book/e-book items,https://www.facebook.com/marketplace/,social_marketplace_book_items,supporting
Republic of Congo,Brazzaville librairies par terre / used-book street market,https://www.adiac-congo.com/content/marche-du-livre-brazzaville-les-librairies-par-terre-716,offline_used_book_market,supporting
Republic of Congo,Congo librairies d’occasion / librairies par terre,https://www.congopage.com/Les-Librairies-d-occasion-au-Congo,offline_used_book_market,supporting
Republic of Congo,Librairie Paillet / La Coupole / Dépêches bookstore cluster,https://www.petitfute.com/p114-congo-brazzaville/c1168-shopping-mode-cadeaux/c521-librairie/,bookstore_directory_cluster,supporting
Republic of Congo,Brazzaville Francophone bookstore cluster,https://lepetitjournal.com/republique-congo/actualite/mois-francophonie-ou-trouver-livres-brazzaville-379879,bookstore_directory_cluster,supporting
Republic of Congo,Marketplace Congo social group,https://www.facebook.com/groups/476922956584280/,general_social_marketplace,supporting
Central African Republic,Facebook Marketplace Bangui book listing,https://www.facebook.com/marketplace/item/1298751441094099/,social_marketplace_book_item,supporting
Central African Republic,Ubuy Central African Republic Books,https://www.ubuy.cf/en/,ordinary_ecommerce_import_retail_books,supporting
Central African Republic,Bangui Petites Annonces,https://www.facebook.com/100009440786085/reels/,general_social_classifieds,supporting
Central African Republic,Lire à Bangui,https://lireabangui.wordpress.com/,literary_literacy_blog_event_layer,supporting
Central African Republic,ACOLITT / Communication Littérature Bangui book availability signal,https://www.facebook.com/communicationlitterature/,book_promotion_sales_signal,supporting
Central African Republic,Groupe Expat Bangui classified/community surface,https://www.facebook.com/groups/1481427862225821/,expat_classifieds_community_surface,supporting
Central African Republic,Historical Librairie Au Messager trace,https://www.ebay.com/itm/186190072761,historic_bookstore_trace,supporting
Chad,Nibiya.com Chad classifieds,https://www.nibiya.com/,general_classifieds_platform,supporting
Chad,All Chad Market / Souq Al Kul Chad,https://play.google.com/store/apps/details?id=com.web_annonces.all_souq.com.Tchad.Classifieds,general_classifieds_app,supporting
Chad,Facebook Marketplace N’Djamena book/e-book listing,https://www.facebook.com/marketplace/item/668250321385726/,social_marketplace_book_item,supporting
Chad,Librairie La Source N’Djamena,https://www.facebook.com/lasourcelibrairie/,single_store_bookstore,supporting
Chad,Livres du TCHAD,https://www.facebook.com/61571117016177/,social_book_promotion_sales_page,supporting
Chad,Banque des livres TCHAD,https://www.facebook.com/banquedeslivrestchad/,used_textbook_sales_signal,supporting
Chad,Le Carré culturel e-books,https://www.instagram.com/p/DG9CiIrorCV/,ebook_online_shop,supporting
Chad,TCHAD ANNONCES social marketplace,https://www.facebook.com/groups/tchadiensdumonde/,general_social_classifieds,supporting
Chad,Expat.com Chad buying/selling classifieds,https://www.expat.com/fr/petites-annonces/afrique/tchad/autres-achat-vente.html,general_classifieds_empty_category,supporting
Chad,Ubuy Chad Books,https://www.ubuy.td/,ordinary_ecommerce_import_retail_books,supporting
Angola,Sebo Talatona / Sebo - Livros usados,https://www.facebook.com/p/Sebo-Livros-usados-61553042992564/,online_used_book_intermediation_platform,primary
Angola,Bazar Literário de Angola,https://www.facebook.com/groups/483654652877734/,book_specific_social_buy_sell_trade_group,supporting
Angola,Venda de livros usados e novos Angola,https://www.facebook.com/groups/774785980468192/,book_specific_social_resale_group,supporting
Angola,Lello & Companhia / IShopIT Angola,https://loja.lello.ao/Produtos.aspx,online_bookstore_marketplace_like_retail,supporting
Angola,Livraria Mensagem via Allbiz Angola,https://2147-ao.all.biz/livros-mcg4130,online_storefront_book_seller,supporting
Angola,Livraria Barquinho online ordering,https://www.facebook.com/livraria.barquinho.angola/photos/a.983988841646725/3072058312839757/?type=3,online_bookstore_social_retail,supporting
Angola,Livraria Doce Livros,https://www.instagram.com/livrariadocelivros/,local_bookstore_social_retail,supporting
Angola,OLX Angola / Luanda social book posts,https://www.facebook.com/groups/683060258532653/posts/2756186377886687/,general_social_classifieds_book_posts,supporting
Angola,Ubuy Angola Books,https://www.ubuy.co.ao/pt/category/books-10180,ordinary_ecommerce_import_retail_books,supporting
Angola,Mayamba Editora / book product pages on Lello,https://developer.lello.ao/livro.aspx?c=220&i=2575&t=1,publisher_bookstore_trace,supporting
Mozambique,Livros em Moçambique - Vendas e Trocas,https://www.facebook.com/groups/mozambique.books/,book_specific_social_sell_exchange_group,supporting
Mozambique,Venda de Livros Usados Moz,https://www.facebook.com/100087248350587,used_book_seller_social_surface,supporting
Mozambique,Mabuko,https://mabuko.co.mz/site/,online_bookstore,supporting
Mozambique,Bookzone,https://bookzone.co.mz/,online_bookstore,supporting
Mozambique,Bazara Livraria / CPAD Livraria store,https://bazara.co.mz/livraria,marketplace_store_book_category,supporting
Mozambique,MOYA Marketplace Mozambique,https://play.google.com/store/apps/details?hl=pt&id=com.moyamarketplace.twa,general_classifieds_app,supporting
Mozambique,Mais Vendas Moçambique,https://www.maisvendas.co.mz/,general_classifieds_marketplace,supporting
Mozambique,Maputo sidewalk used-book exchange,https://observalinguaportuguesa.org/em-maputo-vendem-se-e-trocam-se-livros-nos-passeios/,offline_used_book_exchange_market,supporting
Mozambique,Facebook Marketplace Maputo book listings,https://www.facebook.com/marketplace/item/2020300122064705/,social_marketplace_book_items,supporting
Mozambique,Ubuy Mozambique Books,https://www.ubuy.co.mz/pt/category/books-10180,ordinary_ecommerce_import_retail_books,supporting
Mozambique,Plural Editores Moçambique,https://www.pluraleditores.co.mz/,publisher_bookshop_trace,supporting
Madagascar,ZomaOkaz Madagascar Books,https://zomaokaz.mg/fr/recherche?category_id=f22ca84d-f5a2-43ea-8237-4f9bd01e5786,general_classifieds_book_category_new_used,supporting
Madagascar,Zoma Marketplace librairie en ligne,https://www.zoma.mg/3676-librairie-en-ligne,marketplace_bookstore_channel,supporting
Madagascar,La Bouquinerie de Linda,https://zigzag7oaks.wixsite.com/labouquinerie,online_bouquinerie_ordering,supporting
Madagascar,Ambohijatovo / Antananarivo second-hand book market,https://www.madacamp.com/Book_Market,offline_secondhand_book_market,supporting
Madagascar,BOOKlover Mada,https://www.facebook.com/BOOKLoverMada586/,new_and_used_book_seller_social,supporting
Madagascar,Romans et Divers - Rayon des Livres,https://www.facebook.com/100085562959067/,used_book_seller_social,supporting
Madagascar,Athena Shop Madagascar,https://www.facebook.com/100064129421460/,vide_grenier_books_social,supporting
Madagascar,Loozap Madagascar Antananarivo Books,https://mg.loozap.com/search/category%2C784/region%2C10670856/city%2C4070940/iPage%2C2,general_classifieds_book_category,supporting
Madagascar,Afribaba Madagascar CD/DVD/Livres,https://mg.afribaba.com/amparafaravola/espace-communaute-loisirs/cd-dvd-livres/,general_classifieds_books_media_category,supporting
Madagascar,Librairie Il Etait Une Fois,https://www.facebook.com/librairie.iletaitunefois.Madagascar/,bookstore_social_surface,supporting
Madagascar,Facebook Marketplace Antananarivo book listings,https://www.facebook.com/marketplace/item/1071728434650999/,social_marketplace_book_items,supporting
Mauritius,AsterVender second-hand Bookshop Mauritius,https://www.astervender.mu/second-hand/Bookshop,general_secondhand_marketplace_book_category,supporting
Mauritius,Mauritius Book Club buy/sell/exchange,https://www.facebook.com/groups/433813791868285/,book_specific_social_buy_sell_exchange_group,supporting
Mauritius,"Buy, Sell & Exchange Books in Mauritius",https://www.facebook.com/groups/700913916607590/,book_specific_social_buy_sell_exchange_group,supporting
Mauritius,Books For Sale & Exchange - Mauritius,https://www.facebook.com/groups/224544958088586/,book_specific_social_exchange_group,supporting
Mauritius,Dream Books Mauritius,https://www.dreambooks.mu/,online_bookstore,supporting
Mauritius,Bookstore.mu,https://bookstore.mu/,online_bookstore,supporting
Mauritius,Librairie Bourbon Port Louis,https://www.reddit.com/r/mauritius/comments/rpqduo/where_do_you_guys_buy_your_books/,secondhand_bookstore_reported,supporting
Mauritius,Ubuy Mauritius Books,https://www.ubuy.mu/category/books-10180,ordinary_ecommerce_import_retail_books,supporting
Seychelles,The Dusty Collection,https://thedustycollection.com/,online_secondhand_book_recommerce,primary
Seychelles,Chanterelle Bookshop,https://www.seybusiness.com/Chanterelle_Bookshop/2760/about,local_bookshop,supporting
Seychelles,Buy and Sell Seychelles official,https://www.facebook.com/groups/rainbowsesel/,general_social_classifieds,supporting
Seychelles,Exchanging books; Seychelles,https://www.facebook.com/groups/811528339601381/,book_specific_social_exchange_group,supporting
Seychelles,Seychelles Buy & Sell Products & Services,https://www.facebook.com/groups/789756926192374/,general_social_classifieds,supporting
Seychelles,Facebook item-level Seychelles book lots,https://www.facebook.com/groups/1124964434202635/posts/27079646498307740/,social_marketplace_book_items,supporting
Comoros,Facebook Marketplace Moroni / Comoros book listings,https://www.facebook.com/marketplace/item/3951262831860772/,social_marketplace_book_items,supporting
Comoros,Ubuy Comoros Books,https://www.comoros.ubuy.com/fr/category/books-10180,ordinary_ecommerce_import_retail_books,supporting
Comoros,Alibris Comoros subject books,https://www.alibris.com/search/books/subject/Comoros,international_marketplace_subject_query,supporting
Comoros,Amazon.fr Comores books,https://www.amazon.fr/Comores-Livres/s?k=Comores&rh=n%3A301061,international_retail_subject_query,supporting
Mayotte,DoukaMay,https://doukamay.com/,local_general_marketplace_with_vendor_accounts,supporting
Mayotte,Petites et grandes annonces Mayotte book listings,https://www.facebook.com/groups/248184938587153/posts/34924158480563023/,general_social_classifieds_book_items,supporting
Mayotte,Mayotte vente d’occasion used-book posts,https://www.facebook.com/groups/1872100459608124/posts/3148268961991261/,general_social_secondhand_books,supporting
Mayotte,La Maison des livres Mayotte,https://www.facebook.com/LaMaisondeslivresMayotte/mentions/,local_bookstore_social_surface,supporting
Mayotte,Mayotte librairies directory,https://www.pagesjaunes.fr/annuaire/departement/mayotte-976/librairies,bookstore_directory,supporting
Réunion,leboncoin Réunion livres d’occasion,https://www.leboncoin.fr/cl/livres/rp_reunion,large_general_marketplace_used_book_category,supporting
Réunion,"Livres à échanger, partager ou à vendre 974",https://www.facebook.com/groups/1936056779974640/,book_specific_social_exchange_sale_group,supporting
Réunion,Vente de Livres 974,https://www.facebook.com/groups/1454912902041944/,book_specific_social_sale_group,supporting
Réunion,La foire aux livres 974,https://www.facebook.com/groups/552519161451653/,book_specific_social_resale_group,supporting
Réunion,Livres d’occasion 974,https://www.facebook.com/61577250479358/,used_book_social_seller,supporting
Réunion,Facebook Marketplace Réunion book listings,https://www.facebook.com/marketplace/item/710926867954030/,social_marketplace_book_items,supporting
Réunion,La Réunion des Livres,https://www.instagram.com/lareuniondeslivres/,book_trade_association_literary_infrastructure,supporting
Western Sahara / Sahrawi market surface,Facebook Marketplace Laâyoune,https://www.facebook.com/marketplace/101869919854238/?locale=fr_FR,general_social_marketplace,supporting
Western Sahara / Sahrawi market surface,Quicherchequoi Laâyoune marketplace,https://www.quicherchequoi.com/laayoune/marketplace/index7/,general_classifieds_empty_surface,supporting
Western Sahara / Sahrawi market surface,Morocco/France book-market spillover for Western Sahara titles,https://www.editions-anacharsis.com/Laayoune-en-attendant,external_retail_subject_spillover,supporting
Rwanda,Patchwork Used Books Kigali,https://www.facebook.com/p/Patchwork-Used-Books-61563177716147/,used_bookstore_buy_trade,supporting
Rwanda,Affordable books for sale in Kigali,https://www.facebook.com/groups/728342290541855/,book_sale_social_group,supporting
Rwanda,KigaliLife classifieds,https://kigalilife.co.rw/,general_classifieds_marketplace,supporting
Rwanda,Ubuy Rwanda Books,https://www.ubuy.rw/en/category/books-10180,import_ecommerce_book_category,supporting
Rwanda,Librairie Ikirezi Bookshop,https://ikirezi.biz/,local_bookstore_online_surface,supporting
Rwanda,Kigali Book Shop,https://kigalibookshop.com/,local_author_online_bookshop,supporting
Rwanda,Kigali Bookstore,https://www.kigalibookstore.com/,local_online_bookstore,supporting
Rwanda,Librairie Caritas online book request,https://librairiecaritas.com/Blog/librairie-caritas-embraces-convenience-introducing-our-new-online-book-request-website,local_bookstore_request_surface,supporting
Burundi,Ubuy Burundi Books,https://www.ubuy.bi/en/category/books-10180,import_ecommerce_book_category,supporting
Burundi,Facebook Marketplace Bujumbura book listings,https://www.facebook.com/marketplace/109423525743290/books/,social_marketplace_book_items,supporting
Burundi,Librairie Saint-Paul Bujumbura,https://www.petitfute.co.uk/v48503-bujumbura/c1168-shopping-mode-cadeaux/c521-librairie/189623-librairie-saint-paul.html,local_bookstore,supporting
Burundi,Petit Futé Bujumbura bookshops directory,https://www.petitfute.co.uk/v48503-bujumbura/c1168-shopping-mode-cadeaux/c521-librairie/,bookstore_directory,supporting
Burundi,Bible Society of Burundi book/Bible sales,https://biblesociety-burundi.org/,religious_book_distribution,supporting
Burundi,Shopit Burundi general ecommerce,https://shopit.bi/,general_ecommerce_surface,supporting
Tanzania,A Novel Idea pre-loved / used books,https://anovelidea.co.tz/pre-loved-used-books/,local_bookstore_pre_loved_books,supporting
Tanzania,Buy and sell books Tanzania Facebook group,https://www.facebook.com/groups/1602190890075620/,book_specific_social_sale_group,supporting
Tanzania,The Book Deal Dar es Salaam,https://www.instagram.com/the_bookdeal/,used_book_social_seller_buy_sell_trade,supporting
Tanzania,Jiji Tanzania Books & Table Games,https://jiji.co.tz/books-and-games,general_classifieds_book_category,supporting
Tanzania,BayreBooks Tanzania,https://www.facebook.com/bayrebookstore/,local_bookstore_online_surface,supporting
Tanzania,Elite Bookstore Tanzania,https://elitestore.co.tz/,local_online_bookstore,supporting
Tanzania,READ International Dar-es-Salaam Book Sales,https://www.facebook.com/READbooksales/,secondhand_book_sale_program,supporting
Tanzania,Lee Books Dar es Salaam,https://www.facebook.com/leebooks12,used_book_social_seller,supporting
Kenya,PickaBook Used Books Marketplace,https://pickabook.co.ke/,book_specific_used_books_marketplace,core_candidate
Kenya,Attic Books Kenya,https://atticbooks.co.ke/,online_bookshop_pre_owned_buyback,supporting
Kenya,Books Point Bookstore Ruaka,https://bookspoint.co.ke/,used_bookstore_pre_loved,supporting
Kenya,Half Priced Books Kenya,https://www.halfpricedbooks.co.ke/,online_secondhand_bookstore,supporting
Kenya,Books First Africa pre-loved books,https://www.booksfirst.africa/,regional_pre_loved_book_wholesaler_retailer,supporting
Kenya,Soma Nami Books used books,https://www.somanami.co.ke/product-page/used-adult-books,local_bookstore_used_book_inventory,supporting
Kenya,Jiji Kenya Books & Table Games,https://jiji.co.ke/books-and-games,general_classifieds_book_category,supporting
Kenya,Nairobi Second Hand Bookstore Facebook group,https://www.facebook.com/groups/2091299614226809/,book_specific_social_resale_group,supporting
Kenya,Facebook Marketplace Nairobi Books,https://www.facebook.com/marketplace/114751268540391/books/,social_marketplace_book_category,supporting
Kenya,Nuria Store Kenya,https://nuriakenya.com/,local_online_bookstore,supporting
Kenya,Text Book Centre Kenya,https://textbookcentre.com/,large_bookstore_chain_online,supporting
Kenya,Magunga Bookstore / African literature online bookstore,https://www.newyorker.com/books/page-turner/bringing-african-books-back-home,author_bookstore_distribution_signal,supporting
Uganda,Jiji Uganda Books & Table Games,https://jiji.ug/books-and-games,general_classifieds_book_category,supporting
Uganda,Facebook Marketplace Kampala Books,https://www.facebook.com/marketplace/114935148521194/books/,social_marketplace_book_category,supporting
Uganda,CEMO Online Book Store Uganda,https://www.cemo.ug/,local_online_bookstore,supporting
Uganda,Aristoc Booklex Uganda,https://www.facebook.com/AristocUg/,large_local_bookstore,supporting
Uganda,Loozap Uganda Books,https://ug.loozap.com/search/category%2C784/,general_classifieds_book_category,supporting
Uganda,Yilick Uganda marketplace app,https://play.google.com/store/apps/details?id=xyz.xperbyte.yilick,general_marketplace_business_platform,supporting
Uganda,Luwum Street / Kampala secondhand bookstore corridor,https://www.reddit.com/r/Uganda/comments/1guesfg/second_hand_thrifted_books/,offline_used_bookstore_cluster,supporting
Uganda,Kampala city online market school-book posts,https://www.facebook.com/groups/kampala.city.online.maket/,social_marketplace_schoolbook_posts,supporting
Ethiopia,HuluMarket Ethiopia Books,https://hulumarket.com.et/general/books-200360,general_classifieds_book_category,supporting
Ethiopia,BaleSuQ Ethiopia music/books/movies category,https://balesuq.com/all-ads/listing-category/music-books-movies,general_classifieds_book_category,supporting
Ethiopia,AddisBooks book store directory and submissions,https://addisbooks.com/addis-book-stores/,book_directory_author_submission_platform,supporting
Ethiopia,BookWorld Ethiopia,https://addisbooks.com/addis-book-stores/,local_bookstore,supporting
Ethiopia,HaHu Books Ethiopia,https://addisbooks.com/addis-book-stores/,local_bookstore,supporting
Ethiopia,Yoftahie Bookstore,https://addisbooks.com/addis-book-stores/,local_bookstore,supporting
Ethiopia,BookSite Ethiopia,https://addisbooks.com/addis-book-stores/,local_bookshop,supporting
Ethiopia,Expats in Addis book-request/listing posts,https://www.facebook.com/groups/expatsinaddis/,social_book_request_sale_posts,supporting
Somalia / Somaliland,Sahanbooks Hargeisa,https://sahanbooks.com/,local_online_bookstore,supporting
Somalia / Somaliland,Book Shop Somalia Mogadishu,https://www.facebook.com/BookShopSomalia/,online_bookshop_social_surface,supporting
Somalia / Somaliland,Bookline Hargeisa,https://www.facebook.com/bookline0/,local_bookstore_social_surface,supporting
Somalia / Somaliland,Suuqa App Somalia Marketplace,https://play.google.com/store/apps/details?id=com.suuqa.app,general_local_marketplace_app,supporting
Somalia / Somaliland,SoBigDeal Horn of Africa marketplace,https://sobigdeal.shop/,regional_general_marketplace,supporting
Somalia / Somaliland,Facebook Marketplace Hargeisa Books/Media,https://www.facebook.com/marketplace/104357739604318/media/,social_marketplace_book_media_category,supporting
Somalia / Somaliland,Facebook Marketplace Hargeisa tablets/e-books,https://www.facebook.com/marketplace/115200895160720/tablets-ebooks/,social_marketplace_ebooks_category,supporting
Somalia / Somaliland,Sahanbooks Facebook surface,https://www.facebook.com/Sahanbook/,local_bookstore_social_surface,supporting
Djibouti,Facebook Marketplace Djibouti Books/Media,https://www.facebook.com/marketplace/106371249397978/media/,social_marketplace_book_media_category,supporting
Djibouti,Ubuy Djibouti Books,https://www.ubuy.dj/en/category/books-10180,import_ecommerce_book_category,supporting
Djibouti,Librairie Victor Hugo Djibouti,https://www.petitfute.co.uk/v51482-djibouti/c1168-shopping-mode-cadeaux/c521-librairie/251131-librairie-victor-hugo.html,local_bookstore,supporting
Djibouti,Librairie Discorama Djibouti,https://evendo.com/locations/djibouti/godoria-mangrove/shop/discorama,local_bookstore,supporting
Djibouti,SoBigDeal Djibouti/Somaliland regional marketplace,https://sobigdeal.shop/,regional_general_marketplace,supporting
Eritrea,Kebhi online book store Eritrea,https://shabait.com/2021/10/05/kebhi-online-book-store-2/,online_bookstore_donation_reading_platform,supporting
Eritrea,HdriMedia Eritrean literature online bookstore,https://hdrimedia.com/,diaspora_or_eritrean_literature_online_store,supporting
Eritrea,Bana Eritrean Book Store,https://banabooks.com/,eritrean_language_online_bookstore,supporting
Eritrea,Mediatech Asmara,https://www.petitfute.co.uk/v61355-asmara/c1168-shopping-mode-cadeaux/c521-librairie/635763-mediatech.html,local_bookstore,supporting
Eritrea,Awghet Bookshop Asmara,https://evendo.com/locations/eritrea/denkalia-region/shop/awghet-bookshop,local_bookstore_signal,supporting
Eritrea,Rora Digital Library / Asmara tablet corner,https://www.facebook.com/ERTREA/posts/10154349952577327/,digital_library_literacy_layer,supporting
Malawi,Facebook Marketplace Lilongwe Books,https://www.facebook.com/marketplace/112677368749910/books/,social_marketplace,annex / classifieds
Malawi,Facebook Marketplace Blantyre Books,https://www.facebook.com/marketplace/106035686093854/books/,social_marketplace,annex / classifieds
Malawi,Chambo Market / Logos Open Culture,https://www.logosmw.org/,bookstore_used_signal,single-store used booksellers
Malawi,Chambo Market Old Town Mall antiquarian stock,https://www.logosmw.org/chambo-market-opens-old-town-mall-lilongwe/,bookstore_used_signal,single-store used booksellers
Malawi,Books and More 265 Lilongwe,https://www.instagram.com/booksandmore265/,bookstore_social,single-store bookstore layer
Malawi,MalondaPlace verified seller/listing infrastructure,https://malondaplace.com/categories/books,classifieds_marketplace,annex / classifieds
Zambia,Books Online Zambia,https://www.mwebantu.com/first-ever-online-bookstore-to-sell-only-zambian-books-launches/,online_bookstore,weak-fit core
Zambia,Grey Matter Zambia,https://www.facebook.com/GreyMatterZM/,bookstore_social,single-store bookstore layer
Zambia,Facebook Marketplace Lusaka Children's Books,https://www.facebook.com/marketplace/110200595669341/childrens-books/,social_marketplace,annex / classifieds
Zambia,Facebook Marketplace Lusaka Second hand book listings,https://www.facebook.com/marketplace/110200595669341/twilight-books/,social_marketplace,annex / classifieds
Zambia,"CityToo Zambia Music, Movies and Books",https://www.citytoo.com/zm-en/music-movies-and-books-WidpgZ226QidnZ829,classifieds_marketplace,annex / classifieds
Zambia,Zambia Book Club social sale threads,https://www.facebook.com/groups/1174234289638792/posts/2470392656689609/,social_books,annex / classifieds
Zimbabwe,Facebook Marketplace Harare Books,https://www.facebook.com/marketplace/105977082774327/books/,social_marketplace,annex / classifieds
Zimbabwe,Facebook Marketplace Bulawayo Books,https://www.facebook.com/marketplace/106248176080891/books/,social_marketplace,annex / classifieds
Zimbabwe,Buy And Sell Books In Zimbabwe,https://www.facebook.com/groups/2297144520502227/,social_books,annex / classifieds
Zimbabwe,Everything Zimbabwean Books & Stationery,https://api.everythingzimbabwean.com/buy-now,general_marketplace,weak-fit core
Zimbabwe,Everything Zimbabwean marketplace vendors / book category,https://everythingzimbabwean.com/,general_marketplace,annex / classifieds
Zimbabwe,Harare street second-hand textbook market,https://www.heraldonline.co.zw/photocopies-proliferate-as-textbook-prices-soar/,offline_used_market,offline fair/literacy layer
Zimbabwe,Book Café / Pamberi Trust bookshop history,https://en.wikipedia.org/wiki/The_Book_Caf%C3%A9_%28Zimbabwe%29,literary_infrastructure,single-store bookstore layer
Botswana,Botswana Used Books Market,https://www.facebook.com/groups/770759034856465/,social_books,annex / classifieds
Botswana,Facebook Marketplace Gaborone Books,https://www.facebook.com/marketplace/106453696058870/books/,social_marketplace,annex / classifieds
Botswana,Facebook Marketplace Sebina Books,https://www.facebook.com/marketplace/113079635374290/books/,social_marketplace,annex / classifieds
Botswana,YourMart Botswana Books,https://yourmart.co.bw/books/,ecommerce_books,weak-fit core
Botswana,Exclusive Books Botswana,https://en.wikipedia.org/wiki/Exclusive_Books,bookstore_chain,single-store bookstore layer
Namibia,Kalahari Deals Namibia New & Pre-owned Books,https://kalaharideals.com/na/education-and-teaching-sale/buy-books,classifieds_marketplace,annex / classifieds
Namibia,Kalahari Deals Namibia classifieds platform,https://kalaharideals.com/,classifieds_marketplace,annex / classifieds
Namibia,Facebook Marketplace Windhoek Books,https://www.facebook.com/marketplace/110760338952883/books/,social_marketplace,annex / classifieds
Namibia,Books Exchange and Sale in Namibia,https://hr-hr.facebook.com/groups/1425086234448670/,social_books,annex / classifieds
Namibia,The Red Shelf Namibia,https://www.tripadvisor.com/Attraction_Review-g298357-d16704859-Reviews-The_Red_Shelf-Swakopmund_Erongo_Region.html,used_bookstore_signal,single-store used booksellers
Namibia,Namibia Book Market online shop deepening,https://www.namibiabooks.com/,bookstore_online,single-store bookstore layer
Lesotho,Facebook Marketplace Maseru Books,https://www.facebook.com/marketplace/110502085636533/books/,social_marketplace,annex / classifieds
Lesotho,Facebook Marketplace Roma Books,https://www.facebook.com/marketplace/115604805123553/books/,social_marketplace,annex / classifieds
Lesotho,Facebook Marketplace Mazenod Books,https://www.facebook.com/marketplace/104874436214356/books/,social_marketplace,annex / classifieds
Lesotho,Lifestyle Books Lesotho,https://www.facebook.com/1lifestylebooks.com1/,bookstore_social,single-store bookstore layer
Lesotho,Mazenod Book Centre,https://www.lesothoyp.com/category/Secondhand_books/city%3AMaseru,bookstore_directory,single-store bookstore layer
Lesotho,Ubuy Lesotho Books,https://www.ubuy.ls/en/category/books-10180,import_ecommerce,weak-fit core
Lesotho,Books for Lesotho second-hand donation sales,https://booksforlesotho.org/news/,literacy_donation,offline fair/literacy layer
Eswatini,Book Nerds Eswatini,https://www.instagram.com/booknerdseswatini/,bookstore_social,single-store bookstore layer
Eswatini,Proverbia Books Mbabane,https://www.facebook.com/proverbiabooks/?locale=gl_ES,bookstore_social,single-store bookstore layer
Eswatini,Facebook Marketplace Mbabane Books,https://www.facebook.com/marketplace/115205411827903/books/,social_marketplace,annex / classifieds
Eswatini,Facebook Marketplace Manzini / Skombeni Books,https://www.facebook.com/marketplace/115813431767127/books/,social_marketplace,annex / classifieds
Eswatini,Official Eswatini Marketplace buy/sell group,https://www.facebook.com/groups/2969735256615486/,social_marketplace,annex / classifieds
Eswatini,Websters Bookshop online surface,https://www.webstersbooks.co.sz/,bookstore_online,single-store bookstore layer
Eswatini,Macmillan Eswatini booksellers directory hardening,https://www.macmillaneducation.co.sz/book-sellers,bookseller_directory,single-store bookstore layer
Sudan,OpenSooq Sudan — Books & Magazines,https://sd.opensooq.com/en/books-and-hobbies/books-magazines,horizontal_marketplace_books_category,supporting
Sudan,Sudanbooks,https://www.facebook.com/sudanbooks249/mentions/,online_bookstore,supporting
Sudan,Al Khartoum used books,https://www.facebook.com/kusedbooks/,used_book_store_social_surface,supporting
Sudan,Khartoum Books group,https://www.facebook.com/groups/khartoum.books/,book_buying_social_group,supporting
Sudan,Mafroosh used-book street market,https://en.wikipedia.org/wiki/Sudanese_literature,offline_used_book_market,contextual
Sudan,Marawi Bookshop,https://www.facebook.com/MarawiBookshop/,bookstore_social_surface,supporting
Sudan,Education Without Borders Sudan used-school-book redistribution,https://en.wikipedia.org/wiki/Education_Without_Borders_%28Sudan%29,used_book_redistribution_literacy,contextual
South Sudan,Kakule Bookstore,https://shopkakulebooks.com/,online_bookstore,supporting
South Sudan,Ramciel Books Store,https://www.facebook.com/groups/697748480907978/posts/1238994983449989/,online_bookshop_buy_sell_signal,supporting
South Sudan,Yo’ Books Limited,https://www.facebook.com/yobooks.southsudan/,new_bargain_gently_read_bookseller,supporting
South Sudan,Leaves Bookshop,https://www.facebook.com/groups/258433610896529/,not_for_profit_used_new_bookshop,supporting
South Sudan,Juba Online Books,https://www.facebook.com/61563956337509/posts/follow-juba-online-books-the-first-official-online-book-store-in-south-sudan-we-/122097198248465211/,online_bookstore_buy_sell_signal,supporting
South Sudan,Africa World Books South Sudan order office,https://africaworldbooks.com/,book_order_collection_office,supporting
South Sudan,South Sudan Online Bookshop,https://www.facebook.com/61572819835514/,online_bookshop_social_surface,supporting
South Africa,Bookle,https://bookle.co.za/about-us/,strict_main_hardening,promoted main-universe
South Africa,BooksOnApp,https://booksonapp.com/,strict_main_hardening,promoted main-universe
South Africa,Wize Books Secondhand,https://secondhand.wizebooks.co.za/,strict_main_hardening,promoted main-universe
Turkey,kitantik,https://www.kitantik.com/,mena_west_asia_hardening_web_pass57,main universe
Turkey,Sahaflar Çarşısı / Istanbul second-hand book bazaar,https://istanbul-tourist-information.com/book-bazaar-sahaflar-carsisi/,mena_west_asia_hardening_web_pass57,offline / fair / literacy layer
Iran,CanSell,https://cansell.info/,mena_west_asia_hardening_web_pass57,main universe
Iran,IraniBook,https://iranibook.com/,mena_west_asia_hardening_web_pass57,single-store used / bookstore signal
Iran,Facebook Marketplace Tehran / Qarchak books,https://www.facebook.com/marketplace/112893905403452/books/?locale=gl_ES,mena_west_asia_hardening_web_pass57,annex / classifieds
United Arab Emirates,Bookends,https://bookends.ae/,mena_west_asia_hardening_web_pass57,main universe
United Arab Emirates,Preloved Books UAE,https://prelovedbooksuae.com/,mena_west_asia_hardening_web_pass57,single-store used booksellers
United Arab Emirates,Bookhaven UAE — Sell With Us,https://bookhavenuae.com/pages/sell-with-us,mena_west_asia_hardening_web_pass57,single-store used / bookstore signal
Jordan,"SELL, BUY OR TRADE BOOKS IN JORDAN",https://www.facebook.com/groups/308980662578712/,mena_west_asia_hardening_web_pass57,annex / classifieds
Lebanon,OLX Lebanon — Used Books,https://www.olx.com.lb/hobbies-music-art-books/books/q-used-books/,mena_west_asia_hardening_web_pass57,annex / classifieds
Lebanon,Facebook Marketplace Beirut Books,https://www.facebook.com/marketplace/106188806084417/books/,mena_west_asia_hardening_web_pass57,annex / classifieds
Lebanon,Lebanon Book Exchange,https://www.facebook.com/groups/lebanonbookexchange/posts/1475123557158098/,mena_west_asia_hardening_web_pass57,annex / classifieds
Lebanon,Stories_and_tales.lb resale signal,https://www.reddit.com/r/lebanon/comments/1cykpo0/do_you_know_where_i_can_sell_used_books_in_good/,mena_west_asia_hardening_web_pass57,single-store used / bookstore signal
Iraq,OpenSooq Iraq — Books & Magazines,https://iq.opensooq.com/en/books-and-hobbies/books-magazines,mena_west_asia_hardening_web_pass57,annex / classifieds
Iraq,Elryan Iraq — Books,https://www.elryan.com/en/c/books,mena_west_asia_hardening_web_pass57,weak-fit core
Kuwait,Kuwait Bazar Books,https://kwbazarbooks.com/,mena_west_asia_hardening_web_pass57,single-store used booksellers
Kuwait,Bookish Corner Kuwait,https://www.instagram.com/bookish.corner/,mena_west_asia_hardening_web_pass57,single-store used / bookstore signal
Kuwait,Books for sale and exchange in Kuwait,https://www.facebook.com/groups/2358304817805418/,mena_west_asia_hardening_web_pass57,annex / classifieds
Qatar,The Biggest Market of Books in Qatar,https://www.facebook.com/groups/680782415428681/,mena_west_asia_hardening_web_pass57,annex / classifieds
Qatar,"Doha Books Sell, Swap or Buy",https://www.facebook.com/groups/DohaBooks/,mena_west_asia_hardening_web_pass57,annex / classifieds
Qatar,dubizzle Qatar — Used Books,https://www.dubizzle.qa/en/hobbies-music-art-books/books/q-used-books/,mena_west_asia_hardening_web_pass57,annex / classifieds
Qatar,Ubuy Qatar — Pre-owned books,https://www.ubuy.qa/en/category/books/pre-owned-books-5709752,mena_west_asia_hardening_web_pass57,weak-fit core
Bahrain,dubizzle Bahrain — Used Books,https://www.dubizzle.com.bh/en/hobbies-music-art-books/books/q-used-books/,mena_west_asia_hardening_web_pass57,annex / classifieds
Bahrain,BooksPlanet Bahrain used-original-books signal,https://www.facebook.com/booksplanet7/posts/used-original-books-for-more-info-please-send-us-a-message/1397166412429690/,mena_west_asia_hardening_web_pass57,single-store used / bookstore signal
Bahrain,Bahrain thrift shop book selection,https://www.facebook.com/groups/1194181823925886/posts/25680220124895382/,mena_west_asia_hardening_web_pass57,single-store used / bookstore signal
Oman,Buy and sell second hand books — Muscat/Oman,https://www.facebook.com/groups/402011559967503/,mena_west_asia_hardening_web_pass57,annex / classifieds
Oman,dubizzle Oman — Used Books,https://www.dubizzle.com.om/en/hobbies-music-art-books/books/q-used-books/,mena_west_asia_hardening_web_pass57,annex / classifieds
Saudi Arabia,Used Books in Riyadh,https://www.facebook.com/groups/1145996785441775/,mena_west_asia_hardening_web_pass57,annex / classifieds
Saudi Arabia,dubizzle Saudi Arabia — Used Books,https://www.dubizzle.sa/en/hobbies-music-art-books/books/q-used/,mena_west_asia_hardening_web_pass57,annex / classifieds
Saudi Arabia,Al Jawhara / Riyadh used-bookstore lead,https://www.reddit.com/r/SaudiReaders/comments/1jhxpjv/%D9%85%D9%86_%D9%88%D9%8A%D9%86_%D8%AA%D8%B4%D8%AA%D8%B1%D9%88%D9%86_%D9%83%D8%AA%D8%A8%D9%83%D9%85_%D8%BA%D9%8A%D8%B1_%D9%85%D9%83%D8%AA%D8%A8%D8%A9_%D8%AC%D8%B1%D9%8A%D8%B1/?tl=en,mena_west_asia_hardening_web_pass57,single-store used / bookstore signal
Yemen,OpenSooq Yemen — Books & Magazines,https://ye.opensooq.com/en/books-and-hobbies/books-magazines,mena_west_asia_hardening_web_pass57,annex / classifieds
Israel,Yad2 — second-hand books and magazines,https://www.yad2.co.il/market/collections/books-media_books-and-magazines_books,mena_west_asia_hardening_web_pass57,annex / classifieds
Israel,Eva's Used Books,https://evasusedbooks.co/,mena_west_asia_hardening_web_pass57,single-store used booksellers
Israel,Tel Aviv Book Exchange and Sale,https://www.facebook.com/groups/547926902755621/,mena_west_asia_hardening_web_pass57,annex / classifieds
Syria,Syria Market app,https://play.google.com/store/apps/details?id=com.khaledak86.syrmarket,mena_west_asia_hardening_web_pass57,annex / classifieds
Syria,Books for sale in Syria social group,https://www.facebook.com/groups/483437999440163/posts/1781731246277492/,mena_west_asia_hardening_web_pass57,annex / classifieds
Turkey,Nadir Kitap,https://www.nadirkitap.com/,mena_west_asia_hardening_web_pass57_promotion,strict-core hardening
Jordan,Nebras Books,https://www.nebrasbooks.com/en,mena_west_asia_hardening_web_pass57_promotion,strict-core hardening
Israel,Findabook.co.il,https://www.findabook.co.il/,mena_west_asia_hardening_web_pass57_promotion,strict-core hardening
Armenia,List.am — Books and Magazines,https://www.list.am/en/category/5/2?q=book,supporting_classification_evidence,"Armenia-wide horizontal classifieds/books category; search-visible book listings include used and new private ads. Kept annex/classifieds, not book-specific core."
Armenia,Gir.am — Bookinist category,https://gir.am/en/bookinist/category/category1/page/2,supporting_classification_evidence,"Armenia online bookstore with a Bookinist/used-book category. Useful used-book/store layer, but no third-party seller marketplace mechanics verified."
Armenia,Yerevan Vernissage book/old-collection market,https://en.wikipedia.org/wiki/Yerevan_Vernissage,supporting_classification_evidence,"Open-air Yerevan market where books/old collections are part of the market ecology; retained as offline used/antiquarian context, not online platform core."
Armenia,Buy Armenian — marketplace with books,https://hyetert.org/2021/06/10/an-online-marketplace-for-made-in-armenia-products/,supporting_classification_evidence,"Made-in-Armenia marketplace includes books among broader categories; book-forward enough to keep as weak-fit ecommerce, not used/recommerce core."
Georgia,"MyMarket.ge — Books, Stationery, Art / Books",https://www.mymarket.ge/en/,supporting_classification_evidence,"Georgia-wide horizontal buy/sell platform with book listings, including used private-person book ads; annex/classifieds only."
Georgia,Old Book Story — Tbilisi,https://easteast.world/posts/556,supporting_classification_evidence,"Tbilisi second-hand bookstore with rare Georgian/Russian/European-language stock; single-store used-book layer, not marketplace."
Georgia,Second-hand Book House / Bukinisturi Book House — Tbilisi,https://easteast.world/posts/556,supporting_classification_evidence,Emblematic Tbilisi second-hand bookstore with large multilingual inventory; single-store used-book layer.
Georgia,Rare Books Tbilisi — trade-in used bookstore,https://georgiatoday.ge/revolutionizing-bookstores-creative-business-solutions-in-tbilisis-literary-hubs/,supporting_classification_evidence,"Secondhand/rare-book store with a trade-in system; useful circular-book economy signal, but not platform marketplace core."
Georgia,Rustaveli Avenue street book vendors,https://www.travelsofabookpacker.com/blog/tbilisi-english-books-lovers,supporting_classification_evidence,Tbilisi street vendors with old-book stock along Rustaveli; offline used-book context rather than digital marketplace.
Azerbaijan,Tap.az — Azerbaijan classifieds / books spillover,https://play.google.com/store/apps/details?hl=en_US&id=org.tapaz.android,supporting_classification_evidence,"Azerbaijan-wide horizontal classifieds app/site for buying/selling; retained as classifieds spillover for book listings, not specialist core."
Azerbaijan,Bukinist.az,https://bukinist.az/,supporting_classification_evidence,"Azerbaijan/Baku online bukinist-style book catalogue with many categories; retained as single-store/used-book layer, not multi-seller marketplace."
Azerbaijan,Facebook Marketplace Baku — Books,https://www.facebook.com/marketplace/item/1182925379083501/,supporting_classification_evidence,Item-level Baku books resale signal on Facebook Marketplace; social classifieds layer only.
Kazakhstan,ObmenBook — Almaty book exchange/sale platform,https://www.the-village-kz.com/village/city/city-guide/41661-4-mesta-v-almaty-gde-mozhno-obmenyatsya-knigami,strict_candidate_evidence,Book-specific online platform for exchange and sale where users list their own books and arrange exchange/purchase directly; strict-main candidate pending direct platform crawl.
Kazakhstan,OldBook.kz / OldBookKz,https://oldbook.kz/,supporting_classification_evidence,"Largest online bukinist in Kazakhstan; >10,000-book catalogue in Telegram, weekly additions, detailed condition photos. Single-operator online used-book rail, not open marketplace."
Kazakhstan,OLX.kz — Bukinistika / antique-books category,https://www.olx.kz/hobbi-otdyh-i-sport/antikvariat-kollektsii/bukinistika/,supporting_classification_evidence,"Kazakhstan horizontal classifieds with dedicated buikinistika/old-antique-books category and private sellers. Annex/classifieds, not book-specific platform core."
Kazakhstan,Bukinist with Nikolsky / Almaty,https://youth.kz/article/gde-kupit-redkie-i-starye-knigi-v-almaty-RctxoTi1aV1IYBmoOoBn,supporting_classification_evidence,"Almaty bukinist store documented as selling, accepting, and exchanging books; strong used/consignment store layer, not online marketplace."
Kazakhstan,Dudar Kitap / Almaty used-book consignment node,https://the-steppe.com/gorod/knizhnaya-lavka-bukinistika-v-almaty,supporting_classification_evidence,Almaty used-book/consignment node mentioned in bukinistika guide; useful single-store/consignment signal.
Uzbekistan,OLX.uz — Books / Kitoblar-jurnallar,https://www.olx.uz/list/q-books/,supporting_classification_evidence,"Uzbekistan horizontal classifieds with searchable books listings, including used English/self-study books and other private listings. Annex/classifieds only."
Uzbekistan,Tashkent Book Market — Buyuk Turon Street,https://yandex.com/maps/org/105786166380/,supporting_classification_evidence,Fixed Tashkent book-market/bookstore surface with user reviews describing a Soviet-smelling old-book market where sellers can locate many books; offline used/context layer.
Uzbekistan,Second Hand Books Tashkent,https://www.facebook.com/secondhandbooks.uz/,supporting_classification_evidence,Search-visible Tashkent second-hand bookstore/social surface; low-confidence lead retained for future verification.
Uzbekistan,Tashkent State University of Economics bookstore — second-hand books,https://tsue.uz/en/page/bookstore,supporting_classification_evidence,"University bookstore says it offers second-hand books at reduced prices; institutional used-book access point, not marketplace."
Kyrgyzstan,Lalafo Kyrgyzstan — used books/textbooks,https://lalafo.kg/bishkek/knigi-zhurnaly-cd-dvd/uchebniki/inostrannyye-yazyki/used?page=4,supporting_classification_evidence,Kyrgyzstan/Bishkek horizontal marketplace with used textbook/language-book listings and buyer-seller contact mechanics. Annex/classifieds only.
Kyrgyzstan,Raritet BookStore — Bishkek,https://www.tripadvisor.co.uk/Attraction_Review-g293948-d6781767-Reviews-Raritet_BookStore-Bishkek.html,supporting_classification_evidence,"Bishkek bookstore/store-layer anchor with English-book and children’s book stock; useful bookstore layer, not used-book marketplace."
Kyrgyzstan,Facebook Marketplace Bishkek — Books,https://www.facebook.com/marketplace/item/968436761573325/,supporting_classification_evidence,Item-level Bishkek book-resale signal on Facebook Marketplace; retained as social classifieds layer.
Tajikistan,Somon.tj — countrywide books and magazines category hardening,https://somon.tj/hobbi/knigi/,supporting_classification_evidence,Countrywide Somon.tj books/magazines category shows thousands of listings and city counts; reinforces existing Somon annex/classifieds row.
Tajikistan,Ubuy Tajikistan — Books,https://www.ubuy.tj/en/category/books-10180,supporting_classification_evidence,"Import/ecommerce book category for Tajikistan; weak-fit retail only, not local used/recommerce platform."
Turkmenistan,Ubuy Turkmenistan — Books,https://www.ubuy.tm/en/category/books-10180,supporting_classification_evidence,Import/ecommerce book category for Turkmenistan; weak-fit retail only.
Turkmenistan,Flagma Turkmenistan — Books and printed materials,https://flagma-tm.com/en/products/books-and-printed-materials/ashhabad/,supporting_classification_evidence,"Horizontal business/classifieds surface with Ashgabat books/printed-materials category; annex/classifieds, not book-specific core."
Turkmenistan,Classi4U Turkmenistan — Books for Sale,https://tm.classi4u.com/,supporting_classification_evidence,General classifieds site exposing Turkmenistan Books for Sale category; annex/classifieds only.
Turkmenistan,Ashgabat bookstore cluster — Ylym / Mir / Altyn Asyr / Berkarar,https://www.expatexchange.com/ctryguide/26322/111/Turkmenistan/Living-in-Ashgabat-Best-Bookstores-and-Libraries-in-Ashgabat,supporting_classification_evidence,Expat guide lists multiple Ashgabat bookstore/library anchors; store-layer texture only and not used-book/recommerce core.
Pakistan,Kitabain — online book marketplace,https://www.kitabain.com/,official_site,strict-main candidate; seller-enabled book marketplace
Pakistan,Booksecondstory — secondhand books buy/sell platform,https://booksecondstory.com/about-us/,official_site,strict-main candidate; secondhand book marketplace
Pakistan,My Book Bank — Second Hand Books,https://mybookbank.pk/product-category/shop/second-hand-books/,official_site,single-store used-bookseller
Pakistan,Used/New-Books Sale & Purchase Pakistan,https://www.facebook.com/groups/335022689857777/,facebook_group,annex social resale
Pakistan,Used Course Books Buy/Sell Point (Pakistan),https://www.facebook.com/groups/345171080133856/,facebook_group,annex student textbook resale
Pakistan,Urdu Bazaar Karachi,https://en.wikipedia.org/wiki/Urdu_Bazaar%2C_Karachi,reference_page,offline used/new book market context
Bangladesh,BookCycle — buy/sell old books platform,https://bookcyclebd.netlify.app/,official_site,strict-main candidate; old-book marketplace
Bangladesh,Booktionary — buy/sell/exchange textbook platform,https://booktionary.com.bd/about-us,official_site,strict-main candidate; textbook exchange/buy-sell platform
Bangladesh,Old Book Buy and Sell in BD,https://www.facebook.com/groups/753342582164947/,facebook_group,annex social resale
Bangladesh,"Books Buy, Exchange and Sell Group (BD)",https://www.facebook.com/groups/360842055443288/,facebook_group,annex social resale
Bangladesh,Nilkhet / Dhaka used-book market seam,https://www.reddit.com/r/Dhaka/comments/1o3w694/old_and_used_book_library_in_dhaka/,community_thread,offline used-book market lead
Bangladesh,Bikroy Bangladesh — general marketplace/classifieds,https://en.wikipedia.org/wiki/Bikroy,reference_page,general classifieds annex
Nepal,Books Mandala — Used Books,https://booksmandala.com/used-books,official_site,single-store used-bookseller
Nepal,2nd Hand Books Buy/Sell in Nepal,https://www.facebook.com/groups/362195211838179/,facebook_group,annex social resale
Nepal,Second hand Books Buy and Sell Group Nepal,https://www.facebook.com/groups/444367310880625/,facebook_group,annex social resale
Nepal,Sasto Kitab — local buy/sell/donate platform,https://www.sastokitab.com/,official_site,strict-main promotion/hardening
Nepal,Sasto Kitab app surface — buy/sell/exchange locally,https://app.sastokitab.com/,official_site,strict-main evidence surface
Sri Lanka,BookExchange.lk — buy/sell/exchange used books platform,https://bookexchange.lk/,official_site,strict-main promotion/hardening
Sri Lanka,BookSwap.lk — used book exchange/sell platform,https://bookswap.lk/,official_site,strict-main candidate; used-book exchange/sell platform
Sri Lanka,2ndhandbooks.lk — used-books marketplace,https://2ndhandbooks.lk/about,official_site,strict-main candidate; used-book marketplace
Sri Lanka,Book Swap Colombo,https://www.facebook.com/groups/bookswapcolombo/,facebook_group,annex social resale
Sri Lanka,Preloved Books LK,https://www.facebook.com/prelovedbooks.lk/,facebook_page,single-store social used-bookseller
Sri Lanka,Books4Life.lk — Second Hand Books,https://books4life.lk/product-category/second-hand-books/,official_site,single-store used-bookseller
Maldives,Facebook Marketplace Malé — Books,https://www.facebook.com/marketplace/106021469437101/books/,facebook_marketplace,annex social marketplace category
Maldives,Zyga Books — new and used books,https://www.zygaexim.com/zygabooks/,official_site,single-store used/new bookseller
Maldives,Thriftbooks.mv,https://www.instagram.com/thriftbooks.mv/,instagram_page,single-store used-bookseller
Maldives,Baraveli Books,https://www.facebook.com/BaraveliBooks/,facebook_page,single-store used-bookseller
Maldives,Used Books & Toys — Maldives,https://www.facebook.com/groups/1034849780684616/,facebook_group,annex social resale
Maldives,Avasbay Maldives online bookstore directory,https://www.avasbay.com/p/books.html,directory,bookstore/discovery layer
India,BookFlow — direct buy/sell used-books marketplace,https://bookflow.in/,official_home,primary
India,Clankart — student-to-student used-book marketplace,https://www.clankart.com/how-it-works,official_how_it_works,primary
India,BookMandee — local buy/sell/donate old-books marketplace,https://bookmandee.com/,official_home,primary
India,NearBook — hyper-local used-books app,https://play.google.com/store/apps/details?hl=en_US&id=com.show.mybook,official_app_store,primary
India,Askitab — local second-hand-books marketplace,https://www.askitab.com/about,official_about,primary
India,ShelfSwap — used academic-books marketplace,https://shelfswap.in/,official_home,primary
India,UsedBooksFactory — multi-vendor second-hand-books marketplace,https://www.usedbooksfactory.com/,official_home,primary
India,BookChor seller portal — second-hand books selling platform,https://seller.bookchor.com/,official_seller_portal,primary
India,BookBazar — old-books buy/sell marketplace,https://bookbazar.store/,official_home,primary
India,BooksYa — buy/sell/rental/wanted used-books surface,https://booksya.com/old-books-in-isbn-13-978-93-5460-051-7,official_listing_surface,primary
India,Pustakkosh — used/second-hand books and rental/buyback store,https://pustakkosh.com/sell-books/,official_sell_books,supporting
India,MyPustak — donated/free used-books social-cause platform,https://www.mypustak.com/,official_home,supporting
India,Sell My Book / Hashkrio — student-to-student bookstore product surface,https://hashkrio.com/our-products/buy-and-sell-old-books/,product_page,supporting
India,ResellPanda — student pre-owned books marketplace beta surface,https://resellpanda.vercel.app/,beta_home,supporting
India,BookChor — used/preloved books retail surface,https://www.bookchor.com/store/37/used-books,official_category,supporting
India,Kitabay — new and pre-loved books online bookstore,https://kitabay.com/products/the-little-paris-bookshop-1,official_product_about_text,supporting
India,Best Of Used Books — used/second-hand books online store,https://bestofusedbooks.com/,official_home,supporting
India,Old Book Depot — used/old books online store,https://oldbookdepot.in/,official_home,supporting
India,UsedBookR — second-hand books online store,https://www.usedbookr.com/,official_home,supporting
India,Second Hand Books India — online second-hand books store,https://www.secondhandbooksindia.com/,official_home,supporting
India,99Bookscart — online cheap/used book deals surface,https://99bookscart.com/pages/welcome-to-99bookscart,official_about,supporting
India,OLX India — books classifieds category,https://www.olx.in/books_c453/q-book-book,official_category,supporting
India,Quikr — used books and magazines category,https://www.quikr.com/home-lifestyle/second-hand-books%2BBooks-Magazines%2BIndia%2Bz52f,official_category,supporting
India,Flipkart — individual second-hand/old book listings,https://www.flipkart.com/you-can-win-old-used-book/p/itma3ec4c135904f,official_listing,supporting
India,Daryaganj Sunday Book Market — Delhi used-book market seam,https://www.justdial.com/Delhi/Daryaganj-Book-Market-Near-Kucha-Lal-Man-Darya-Ganj/011PXX11-XX11-220130162559-S3B3_BZDET/photos,directory_context,supporting
India,BookStand — used-bookshop storefront marketplace,https://www.bookstand.app/alternatives/second-hand-book-marketplace,official_comparison_page,primary
India,PustakStore — local buy/sell second-hand-books marketplace,https://pustakstore.in/,official_home,primary
India,Bookaao — rent/buy/sell textbooks hyperlocal marketplace,https://www.bookaao.com/,official_home,primary
India,Padhaiseekers — educational-material buy/sell/donate marketplace app,https://apps.apple.com/in/app/padhaiseekers/id6744339532,app_store_listing,primary
India,BookHub — student used-book and bookstore-vendor platform,https://www.mybookhub.in/,official_home,primary
India,BookMamu — used/new books marketplace app,https://play.google.com/store/apps/details?id=book.bookmamu,app_store_listing,primary
India,ReRead — used-books listing and fulfillment marketplace,https://reread.co.in/,official_home,primary
India,AntqCart vendor program — second-hand books marketplace,https://antqcart.com/become-a-vendor-start-selling-your-preloved-books-today/,official_vendor_page,primary
India,Book Mitra — buy/sell/donate second-hand-books app,https://book-mitra-buy-sell-books.en.softonic.com/android,third_party_app_listing,primary
India,PustakMart — buy/sell/donate second-hand-books platform,https://pustakmart.com/,official_home_and_sell_page,primary
India,Bookish Santa — pre-loved books retail/buyback surface,https://www.shiprocket.in/blog/bookish-santa/,case_study_profile,primary
India,SecondHandBazaar — horizontal classifieds with books category signal,https://www.secondhandbazaar.in/,official_home,primary
India,College Street / Boipara — Kolkata second-hand book market,https://www.atlasobscura.com/places/college-street,reference_profile,primary
India,Flora Fountain / Fort — Mumbai second-hand book market,https://indianexpress.com/article/lifestyle/art-and-culture/thrifting-book-markets-india-8971207/,media_market_guide,primary
India,Avenue Road — Bengaluru academic/used-book market,https://indianexpress.com/article/lifestyle/art-and-culture/thrifting-book-markets-india-8971207/,media_market_guide,primary
India,Moore Market — Chennai second-hand book market,https://indianexpress.com/article/lifestyle/art-and-culture/thrifting-book-markets-india-8971207/,media_market_guide,primary
India,Koti and Abids — Hyderabad Sunday/used-book market seam,https://indianexpress.com/article/lifestyle/art-and-culture/thrifting-book-markets-india-8971207/,media_market_guide,primary
India,Appa Balwant Chowk — Pune book-market seam,https://www.revv.co.in/blogs/book-markets-in-india/,travel_market_guide,primary
India,Nai Sarak — Old Delhi student-textbook market seam,https://www.revv.co.in/blogs/book-markets-in-india/,travel_market_guide,primary
India,Daryaganj Sunday Book Market — Delhi used-book market seam,https://www.atlasobscura.com/places/daryaganj-sunday-book-market-new-delhi-india,reference_profile,supplemental_piracy_context
India,BookLane,https://play.google.com/store/apps/details?id=com.cloud_regex.book_lane,google_play_official_listing,"Strict-candidate app proof: buy/sell, pre-owned categories, seller listings, direct chat."
India,BookLane,https://booklaneapp.com/,official_site,Second-hand books/student textbook marketplace positioning.
India,BookLane,https://www.linkedin.com/company/booklane-buy-sell-used-books,company_social_profile,Development/company context; not sole evidence.
India,BookLal,https://www.indusappstore.com/apps/shopping/booklal/com.booklal.booklal/,indus_appstore_listing,India-specific buy/sell used-books marketplace proof.
India,BookLal,https://play.google.com/store/apps/details?id=com.booklal.booklal,google_play_listing_locale_conflict,App identity and conflict check; current copy mentions United States while developer/location signals vary.
India,PustakMart,https://pustakmart.com/,official_site,Controlled reclassification evidence for buy/sell/donate second-hand-books platform.
India,NearBook,https://play.google.com/store/apps/details?id=com.show.mybook,google_play_official_listing,Official package/app proof; resolves NearBook/ShowMyBook duplicate-risk into one canonical row.
India,BookMandee,https://bookmandee.com/,official_site,"High-confidence strict-main reinforcement: book-ad listings, direct buyer-seller chat, location/category browse."
India,BookFlow,https://bookflow.in/,official_site,"Strict-main reinforcement: zero commission, direct buyer chat, used-book ads."
India,AntqCart vendor program,https://antqcart.com/become-a-vendor-start-selling-your-preloved-books-today/,official_vendor_page,Vendor-program reinforcement: marketplace dedicated to second-hand books.
India,ChennaiUsedBooks,https://www.chennaiusedbooks.com/,official_site,Weak-fit aggregator proof: partners with sellers across Chennai.
India,KOKAN Marketplace,https://play.google.com/store/apps/details?id=com.kokankart.kokanmarketplace,google_play_listing,Annex-only horizontal classifieds/local marketplace with used-books signal.
India,Ragman,https://www.f6s.com/company/ragman,third_party_company_profile,Annex-only horizontal local used-goods marketplace with used-books signal.
India,Chennai Book Fair used-books stall seam,https://timesofindia.indiatimes.com/city/chennai/stalls-selling-comics-used-books-draw-heavy-crowds/articleshow/126491510.cms,news_context_reference,Offline/fair used-book stall context.
India,MyOldBooks — local buy/sell used-books app,https://play.google.com/store/apps/details?id=com.sellingapp2022,official_app_store,canonical row / strict-main proof
India,MyOldBooks support site,https://myoldbooks.in,official_site,"support link from Play; 502 during pass77, use only as source-status note"
India,ReSell Books — nearby used-books chat marketplace app,https://play.google.com/store/apps/details?id=com.resellbooks.buybooks.donatebooks.usedbooks.onlinebooks.app,official_app_store,canonical row / strict-candidate proof
India,ReSell Books developer address cross-check,https://play.google.com/store/apps/details?hl=gu&id=com.resellbooks.buybooks.donatebooks.usedbooks.onlinebooks.app,official_app_store_localized,India developer address cross-check
India,BookLoop — used-books nearby marketplace app,https://play.google.com/store/apps/details?id=com.bookloop.bookloop,official_app_store,canonical row / strict-main proof
India,BookLoop localized Play listing,https://play.google.com/store/apps/details?hl=ms&id=com.bookloop.bookloop,official_app_store_localized,city and marketplace language cross-check
India,BookHub — official site hardening,https://www.mybookhub.in/,official_site,hardens existing pass72 BookHub strict-main row
India,BookHub — AppBrain app listing,https://www.appbrain.com/app/bookhub-buy-sell-books/com.bookhub.user,app_index,app availability/version/ranking cross-check
India,Bookwise — LinkedIn company profile,https://in.linkedin.com/company/bookwise-app,company_profile,weak-fit recovery evidence
India,Bookwise — APKPure archive listing,https://apkpure.com/id/bookwise/com.amsyt.bookwise,app_archive,legacy app evidence; do not promote without live official proof
India,DUMP — Apple App Store listing,https://apps.apple.com/ie/app/dump-sell-your-books/id1666010367,official_app_store,buyback/reverse-logistics proof
India,DUMP / BookChor launch article,https://www.indulgexpress.com/gadgets/apps/2022/Jun/02/indias-first-reverse-logistic-app-dump-was-launched-in-hyderabads-lock-the-box-event-41189.html,news_context,recommerce/buyback model proof
India,Zutilo official marketplace,https://zutilo.com/en,official_site,annex/horizontal marketplace proof
India,Zutilo used-books selling guide,https://zutilo.com/en/blog/where-to-sell-used-books-online-india,official_blog,used-books category/selling guide proof
India,Sell My Books — buy/sell used-books app,https://play.google.com/store/apps/details?id=com.algoera.sellmybook.app,official app store listing,"used-book marketplace, listing/upload, chat/payment, India developer"
India,ReuseBooks / Buy & Sell Old Books — city/school used-books app,https://reusebooks.in/,official site,book-specific used-book upload/search/chat model
India,ReuseBooks / Buy & Sell Old Books — city/school used-books app,https://play.google.com/store/apps/details?hl=ln&id=com.reusebooks,official app store listing,"app store confirms Google-map, school/college/city buy-sell mechanics and India developer address"
India,BooksPie — bookstore/used-books marketplace app,https://play.google.com/store/apps/details?hl=en_US&id=com.sant.bookspie,official app store listing,buy/sell used-books marketplace language
India,BooksPie — bookstore/used-books marketplace app,https://bookspie.com/privacy.html,official privacy/support page,India/Bihar app context and service/payment-account infrastructure
India,Kitabwalah — city-based used-books marketplace,https://kitabwalah.com/used-books/,official marketplace page,city-based used-book buy/sell listings and seller flows
India,Grid — campus marketplace with used textbook category,https://play.google.com/store/apps/details?hl=en&id=com.galvam.grid,official app store listing,horizontal campus marketplace with used textbooks/books category
India,Resellpur — horizontal second-hand marketplace with books signal,https://resellpur.com/,official site,horizontal second-hand marketplace with books/app signal
India,Resellpur — horizontal second-hand marketplace with books signal,https://play.google.com/store/apps/details?hl=en_US&id=com.resellpur.twa,official app store listing,buy/sell second-hand books category signal among other goods
India,PeerMart — India local marketplace with old-books student signal,https://play.google.com/store/apps/details?hl=en_CA&id=com.peermart.peermart,official app store listing,horizontal India marketplace with explicit sell-old-books student signal
India,Sodagar — Gujarat local buy/sell app,https://play.google.com/store/apps/details?hl=en_GB&id=com.sodagar.prod,official app store listing,Gujarat horizontal local recommerce/contact rail
India,NearBook — hyper-local used-books app,https://app.appfigures.com/top-apps/google-play/india/books-and-reference?profile=product.191186180563,third-party app-rank surface,active India category ranking signal for NearBook
India,BookSwap Hub,https://play.google.com/store/apps/details?id=com.dignizant.bookswaphub,official_appstore_listing,"Strict-candidate app evidence: book exchange, nearby discovery, India developer metadata"
India,BookSwap Hub / Dignizant,https://dignizant.com/contact-us,official_developer_site,"Developer location corroboration: Surat, Gujarat contact surface"
India,BookSwap Hub / Dignizant,https://www.freelancer.com.al/u/dignizant/portfolio/bookswap-hub-12444519,developer_portfolio_surface,"Functionality corroboration: local-reader exchange app, location-based discovery, sustainability/reuse"
India,ResellPanda,https://apkpure.com/resellpanda/com.gopalpoddar4.resellpanda,secondary_appstore_listing,"Hardening evidence: India old-book buy/sell app with upload, direct chat, no commission"
India,ResellPanda,https://www.instagram.com/reel/DRH5wUlgIwD/,social_launch_trace,Launch trace: old-book buying/reselling platform for students; lower-trust supporting signal
India,Sell My Books,https://www.appbrain.com/app/sell-my-books/com.algoera.sellmybook.app,secondary_app_analytics,Active-download support for existing strict-candidate row
India,BookLane,https://in.linkedin.com/company/booklane-buy-sell-used-books,company_social_profile,Startup/developer profile for existing strict-candidate row
India,BookLane,https://www.linkedin.com/posts/swapnil-mane-a5106b205_booklane-app-its-amazing-to-see-students-activity-7319428709839425536-th42,social_usage_signal,Supporting national-usage claim for existing BookLane row
India,BookLal,https://www.indusappstore.com/apps/shopping/booklal/com.booklal.booklal/?id=com.booklal.booklal&page=details,indus_appstore_listing,India-specific BookLal listing; contrasts with Google Play US-localization text
India,Apnabook,https://apnabook.in/,official_site_search_surface,Net-new strict-candidate: buy/sell second-hand books in locality marketplace.
India,NearBook,https://play.google.com/store/apps/details?hl=en_US&id=com.show.mybook,official_google_play,Active-app hardening: 1M+ downloads and hyper-local buy/sell/donate used-books marketplace copy.
India,ReuseBooks / Buy & Sell Old Books,https://play.google.com/store/apps/details?id=com.reusebooks,official_google_play,"Mechanics hardening: upload, map, school/college/city, chat, no-commission flow."
India,BookMandee,https://bookmandee.com/,official_site,"Mechanics hardening: book-ads/listings, buyer chat, direct connection, category/inventory counts."
India,BookFlow,https://bookflow.in/,official_site,"Mechanics hardening: free ads, chat, zero commission, current listing/seller/city claims."
India,BookMamu,https://play.google.com/store/apps/details?hl=en_US&id=book.bookmamu,official_google_play,Active-app hardening: India book marketplace for selling old books and finding affordable new/used books.
India,Askitab,https://www.askitab.com/about,official_site,"Mechanics hardening: local marketplace, buy/sell second-hand books, messages/search/nearby readers in India."
India,BookLal,https://play.google.com/store/apps/details?hl=en_US&id=com.booklal.booklal,official_google_play,Locale-conflict hardening: current official Play text says United States/America while reviews retain India-adjacent signals.
India,Bookista,https://allbestapps.net/android/bookista-buy-sell-donate-used-old-books-near-u,secondary_app_index,Stale app-trace quarantine: book-specific buy/sell/donate nearby but no live official Play/site proof.
India,Bookista,https://apkpure.com/bookista-buy-sell-donate-us/com.bookista.android,secondary_app_index,Stale app-trace quarantine: 2020 APKPure listing with nearby buy/sell/donate used-books mechanics.
India,Graffitti Books,https://www.graffittibooks.com/buy-sell-second-hand-books-in-kerala-with-graffitti-books-the-smart-way-to-read-more/,pass86_web,"Official blog: Kerala/India used-books marketplace, buy/sell, direct interaction"
India,Graffitti Books help,https://www.graffittibooks.com/help/,pass86_web,Seller ad-posting/account flow and image-upload proof
India,Graffitti Books returns,https://www.graffittibooks.com/returns/,pass86_web,Platform-only direct buyer-seller dispute/transaction boundary
India,Graffitti Books listings,https://www.graffittibooks.com/listing-category/literature-fiction/,pass86_web,"Active listing page with used condition, location, price, date"
India,Graffitti Books app trace,https://www.appbrain.com/app/graffitti-books-used-books/com.graffittibooks.app,pass86_secondary_app_index,Android app/downloading status and app metadata trace
India,GovtJobsIndia – BookShare,https://play.google.com/store/apps/details?hl=en&id=com.prepbooks,pass86_google_play,Official Play listing: local marketplace for used books/study materials with direct communication
India,Book Share / Wikta,https://play.google.com/store/apps/details?hl=en_US&id=com.wikta.share_buddy,pass86_google_play,"Official Play listing: share/donate/sell/lend books locally, India developer metadata"
India,Closeby,https://play.google.com/store/apps/details?hl=en_US&id=com.closeby.closeby,pass86_google_play,Official Play listing: Mysore local marketplace with used-books hub; annex only
India,BookLoop,https://play.google.com/store/apps/details?hl=en_US&id=com.bookloop.bookloop,pass86_google_play_hardening,Official Play listing with Bangalore/Mangalore used-books marketplace mechanics
India,Bookaao,https://www.bookaao.com/,pass86_web_hardening,Live site hardening for second-hand/rent/sell textbooks with visible used listing and city coverage
India,BookMandee buy old books,https://bookmandee.com/buy-old-books-online/,pass86_web_hardening,Buyer-side mechanics and chat/condition-description hardening
India,BookMandee sell books,https://bookmandee.com/sell-books-online/,pass86_web_hardening,"Seller-side book-ad creation, free old-book posting, chat and regional-language question hardening"
Pakistan,Kitabain — online book marketplace,https://www.kitabain.com/,official_site,hardening strict-main seller/login/sell-books flow
Pakistan,Booksecondstory — secondhand books buy/sell platform,https://booksecondstory.com/,official_site,hardening seller-listing and recently uploaded books flow
Pakistan,Booksecondstory — about,https://booksecondstory.com/about-us/,official_site,hardening secondhand buy/sell positioning
Pakistan,Kitab Rabta — sell old books in Pakistan,https://kitabrabta.com/sell-old-books-in-pakistan,official_site,new single-store/recommerce intake row
Pakistan,Urdu Bazaar Karachi used-book seam,https://tribune.com.pk/story/2335705/who-said-reading-was-a-dying-art,press_source,offline used-book market hardening
Bangladesh,BookCycle — buy/sell old books platform,https://bookcyclebd.netlify.app/,official_site,strict-main hardening old books/textbooks language
Bangladesh,Booktionary — buy/sell/exchange textbook platform,https://booktionary.com.bd/about-us,official_site,strict-main hardening buy sell exchange and old textbook trade-in language
Bangladesh,Bikroy Bangladesh — textbooks category,https://bikroy.com/en/ads/bangladesh/textbooks,marketplace_category,annex classifieds hardening for used textbooks
Bangladesh,Bengal Boi — old-books exchange bookstore,https://www.dhakatribune.com/bangladesh/dhaka/132617/bring-two-old-books-get-a-new-one,press_source,new offline/literacy exchange layer
Sri Lanka,BookExchange.lk — buy/sell/exchange used books platform,https://bookexchange.lk/,official_site,strict-main hardening sell exchange wanted ads smart match flow
Sri Lanka,BookSwap.lk — used book exchange/sell platform,https://bookswap.lk/,official_site,strict-main hardening registration/add-book exchange flow
Sri Lanka,2ndhandbooks.lk — used-books marketplace,https://2ndhandbooks.lk/about,official_site,marketplace-versus-curated hardening
Sri Lanka,Booxworm — used books Sri Lanka,https://booxworm.lk/blogs/books/used-books-sri-lanka,official_site,new single-store used-bookseller layer
Nigeria,Jiji.ng Books & Table Games,https://jiji.ng/36-education-textbooks,classifieds_category,new_pass88_annex_source
Nigeria,Jiji.ng Books & Table Games — Ikeja city page,https://jiji.ng/ikeja/books-and-games,classifieds_category_city,supporting_pass88_annex_source
Nigeria,Paseero Nigeria: Sell & Buy,https://play.google.com/store/apps/details?hl=en_US&id=com.paseerorn,official_app_listing,new_pass88_annex_source
Nigeria,Paseero Nigeria App Store,https://apps.apple.com/tw/app/paseero/id6667113032,official_app_listing,supporting_pass88_annex_source
Nigeria,Bookville World eBook seller program,https://bookvilleworld.com/sell-ebooks/,official_seller_program,new_pass88_weak_fit_source
Nigeria,Nairabookstore seller program,https://nairabookstore.com/become-a-seller/,official_seller_program,new_pass88_weak_fit_source
Nigeria,Nairabookstore start selling books,https://nairabookstore.com/start-selling-books-nigeria/,official_seller_program,supporting_pass88_weak_fit_source
Nigeria,Selar Nigeria eBook seller rail,https://selar.co/blog/how-nigerians-are-making-money-selling-ebooks-on-selar/,platform_guide,new_pass88_weak_fit_source
Nigeria,Eego Nigeria eBook seller rail,https://eego.co/resources/what-platform-can-i-sell-ebooks-in-nigeria/,platform_guide,new_pass88_weak_fit_source
Cameroon,Bourse du Livre numérique historical report,https://cio-mag.com/cameroun-la-bourse-du-livre-desormais-en-version-numerique/,news_report,new_pass88_historical_source
Cameroon,CamerBookshop online market hardening,https://www.camerbookshop.online/,official_platform,hardening_pass88_existing_row_source
Gabon,Gabon Livre vendor submission hardening,https://www.gabonlivre.com/home-clean/,official_vendor_submission,hardening_pass88_existing_row_source
Gabon,Gabon Livre e-librairie hardening,https://www.gabonlivre.com/,official_platform,hardening_pass88_existing_row_source
Nigeria,PreownedBooks.ng official marketplace hardening,https://www.preownedbooks.ng/,official_platform,hardening_pass88_existing_strict_source
Nigeria,PreownedBooks.ng about hardening,https://www.preownedbooks.ng/about-us/,official_about,hardening_pass88_existing_strict_source
Kazakhstan,ObmenBook hardening,https://www.the-village-kz.com/village/city/city-guide/41661-4-mesta-v-almaty-gde-mozhno-obmenyatsya-knigami,publisher_article,hardening_pass89_existing_strict_source
Kazakhstan,Almaty swaps/bookcrossing,https://www.the-village-kz.com/village/city/city-guide/41661-4-mesta-v-almaty-gde-mozhno-obmenyatsya-knigami,publisher_article,pass89_offline_context_source
Kazakhstan,OLX.kz Books/Journals category,https://www.olx.kz/hobbi-otdyh-i-sport/knigi-zhurnaly/,marketplace_category,hardening_pass89_annex_classifieds_source
Kazakhstan,OLX.kz Almaty Books/Journals category,https://www.olx.kz/hobbi-otdyh-i-sport/knigi-zhurnaly/alma-ata/,marketplace_category,hardening_pass89_annex_classifieds_source
Kazakhstan,OldBook.kz / OldBookKz hardening,https://oldbook.kz/,official_site,hardening_pass89_existing_used_bookseller_source
Kazakhstan,Bukinist — Tole bi 49 / Almaty,https://the-steppe.com/gorod/knizhnaya-lavka-bukinistika-v-almaty,publisher_guide,pass89_single_store_source
Kazakhstan,Azbuka — Orbita / Almaty,https://the-steppe.com/gorod/knizhnaya-lavka-bukinistika-v-almaty,publisher_guide,pass89_single_store_source
Kazakhstan,Mir Uchebnikov — Zeleny Bazaar / Almaty,https://the-steppe.com/gorod/knizhnaya-lavka-bukinistika-v-almaty,publisher_guide,pass89_single_store_source
Kazakhstan,Bukinist on Timiryazeva / Almaty,https://the-steppe.com/gorod/knizhnaya-lavka-bukinistika-v-almaty,publisher_guide,pass89_single_store_source
Kazakhstan,Bukinist “Belaya Aruana” / online Almaty,https://the-steppe.com/gorod/knizhnaya-lavka-bukinistika-v-almaty,publisher_guide,pass89_social_store_source
Kazakhstan,Bukinist Almaty VK groups,https://the-steppe.com/gorod/knizhnaya-lavka-bukinistika-v-almaty,publisher_guide,pass89_book_specific_social_classifieds_source
Kazakhstan,Bukinist with Nikolsky / Almaty hardening,https://youth.kz/article/gde-kupit-redkie-i-starye-knigi-v-almaty-RctxoTi1aV1IYBmoOoBn,publisher_article,hardening_pass89_existing_used_bookseller_source
Kazakhstan,Dudar Kitap / Azbuka / OldBook Almaty supporting guide,https://youth.kz/article/gde-kupit-redkie-i-starye-knigi-v-almaty-RctxoTi1aV1IYBmoOoBn,publisher_article,hardening_pass89_supporting_source
Kyrgyzstan,Komoda — Bishkek book marketplace app,https://play.google.com/store/apps/details?hl=en&id=me.komoda.customerapp,app_store_or_startup_profile,pass90_central_asia_sweep_source
Kyrgyzstan,Bazar.kg — Kyrgyzstan marketplace / classifieds app,https://play.google.com/store/apps/details?hl=en_US&id=com.espiru.bazarkg,app_store_or_startup_profile,pass90_central_asia_sweep_source
Kyrgyzstan,Tabylga — Kyrgyzstan seller/buyer marketplace app,https://play.google.com/store/apps/details?id=kg.tabylga.app,app_store_or_startup_profile,pass90_central_asia_sweep_source
Kyrgyzstan,Aksy Market — Kyrgyzstan local ads app,https://play.google.com/store/apps/details?hl=en&id=pro.mitapp.aksymarket,app_store_or_startup_profile,pass90_central_asia_sweep_source
Uzbekistan,Kitabu — Uzbekistan book sharing / sell-give-exchange app,https://play.google.com/store/apps/details?id=uz.kitabu.uz.kitabu_mobile_codeuz,app_store_or_startup_profile,pass90_central_asia_sweep_source
Uzbekistan,Kitob — Uzbekistan book sale/rental/exchange startup,https://startupbase.uz/en/startups/287,app_store_or_startup_profile,pass90_central_asia_sweep_source
Tajikistan,Arzon.tj — Tajikistan classifieds app,https://play.google.com/store/apps/details?id=tj.arzon,app_store_or_startup_profile,pass90_central_asia_sweep_source
Turkmenistan,Saraý — Turkmenistan trading and advertising platform,https://play.google.com/store/apps/details?id=com.belgilabs.saray,app_store_or_startup_profile,pass90_central_asia_sweep_source
Turkmenistan,Gerekli — Turkmenistan multivendor marketplace app,https://play.google.com/store/apps/details?id=com.simtech.multivendor.mk,app_store_or_startup_profile,pass90_central_asia_sweep_source
Turkmenistan,Sanly Bazar — Turkmenistan everyday-goods buy/sell app,https://play.google.com/store/apps/details?id=salybazar.alemtilsimat.com,app_store_or_startup_profile,pass90_central_asia_sweep_source
Turkmenistan,KomekciTM — Turkmenistan marketplace app,https://play.google.com/store/apps/details?hl=en&id=com.komekci.marketplace,app_store_or_startup_profile,pass90_central_asia_sweep_source
Tajikistan,Somon.tj app hardening,https://play.google.com/store/apps/details?id=tj.somon.somontj,app_store,pass90_existing_annex_app_hardening_source
Kyrgyzstan,Foliant current bookstore hardening,https://in.bookskg.com/,official_site,pass90_existing_bookstore_layer_hardening_source
Uzbekistan,Kitabu — official about/platform commitment,https://kitabu.uz/about,official_site_hardening,"Pass91 hardening: official page/search snippet supports Kitabu as reader community/book-exchange platform with sell/donate/exchange purpose; supports existing strict-main row, not a new row."
Uzbekistan,Kitabu — AppBrain active-app metadata,https://www.appbrain.com/app/kitabu/uz.kitabu.uz.kitabu_mobile_codeuz,app_metadata_hardening,"Pass91 hardening: AppBrain records current version 1.1.1, May 2024 availability, total/recent downloads, and same sell/give/exchange description."
Uzbekistan,Kitabu — APKPure package/version mirror,https://apkpure.com/kitabu/uz.kitabu.uz.kitabu_mobile_codeuz,secondary_app_metadata,"Pass91 hardening: APKPure records package name, Android requirement, version 1.1.1, update metadata, and same sell/give/exchange description; secondary corroboration only."
Uzbekistan,"Kitob/Kytab — StartupBase profile, English",https://startupbase.uz/en/startups/287,startup_profile,"pass92 product-recovery/dedupe: preserves sale/rental/exchange concept and Kytab/kytab.uz identity; concept evidence only, not live marketplace proof."
Uzbekistan,"Kitob/Kytab — StartupBase profile, Uzbek",https://startupbase.uz/uz/startups/287,startup_profile,"pass92 product-recovery/dedupe: Uzbek profile mirrors Kytab concept in Uzbekistan; use as provenance, not promotion."
Uzbekistan,Kytab.uz current official homepage,https://kytab.uz/,official_site_current_status,"pass92 no-promotion evidence: current site positions reading/access, contact, and al-ilm branding; no live user marketplace or resale account flow recovered."
Uzbekistan,Kytab.uz authors page,https://kytab.uz/mualliflar-uchun/,official_site_current_status,"pass92 no-promotion evidence: author upload/distribution/publishing-service surface, not peer used-book exchange marketplace."
Uzbekistan,Kytab | al-ilm.uz Google Play app,https://play.google.com/store/apps/details?id=org.alilm.kitab,official_app_store_current_status,pass92 no-promotion evidence: e-library/audio-book app with offline reading/listening and Uzbekistan developer metadata; no buy/sell/rent/exchange marketplace mechanics.
Uzbekistan,Kytab | al-ilm.uz APKPure package mirror,https://apkpure.com/kytab-al-ilm-uz/org.alilm.kitab/download,secondary_app_metadata,"pass92 secondary corroboration: package org.alilm.kitab, e-library description, 2022 APK metadata; secondary only."
Cameroon,CamerBookshop Online,https://www.camerbookshop.online/,book_specific_marketplace_vendor_request_rail_current_status,primary_hardening_pass93
Cameroon,"CoinAfrique Cameroun DVDs, CDs & Livres",https://cm.coinafrique.com/categorie/dvds-cds-et-livres,general_classifieds_books_category_current_status,supporting_hardening_pass93
Cameroon,MiniCameroun Livres/Magazines,https://www.minicameroun.com/annonces/offres/Livres-Magazines,general_classifieds_books_category_current_status,supporting_hardening_pass93
Cameroon,iConz Cameroon marketplace Books & Games category,https://play.google.com/store/apps/details?hl=en_US&id=com.eladeforwa.letscon,general_marketplace_app_books_games_category_current_status,supporting_hardening_pass93
Cameroon,iConz Cameroon App Store listing,https://apps.apple.com/us/app/iconz-buy-sell-earn/id6448638809,general_marketplace_app_books_current_status,supporting_hardening_pass93
Cameroon,Bourse du Livre numérique historical report,https://cio-mag.com/cameroun-la-bourse-du-livre-desormais-en-version-numerique/,historical_book_exchange_sale_borrow_purchase_report,historical_supporting_pass93
Gabon,Gabon Livre root,https://www.gabonlivre.com/,book_specific_platform_root_mixed_maintenance_status,primary_hardening_pass93
Gabon,Gabon Livre home-clean,https://www.gabonlivre.com/home-clean/,book_specific_platform_payment_troc_seller_submission_current_status,primary_hardening_pass93
Gabon,Gabon Livre vendor directory,https://www.gabonlivre.com/vendeurs-liste/,book_specific_vendor_directory_current_status,primary_support_hardening_pass93
Gabon,Gabon Livre thorfrey vendor storefront,https://www.gabonlivre.com/store/thorfrey/,book_specific_vendor_storefront_current_status,primary_support_hardening_pass93
Gabon,"CoinAfrique Gabon DVDs, CDs & Livres",https://ga.coinafrique.com/categorie/dvds-cds-et-livres,general_classifieds_books_category_current_status,supporting_hardening_pass93
Gabon,Gabon Livres digital/online book shop,https://gabonlivres.com/,digital_book_shop_author_submission_current_status,supporting_hardening_pass93
India,BookBazaar by YourNotebook — free student used-books exchange,https://www.yournotebook.in/blog/bookbazaar-student-book-exchange-how-it-works,official_supporting_blog,primary
India,BookBazaar by YourNotebook — free student used-books exchange,https://www.yournotebook.in/blog/how-to-sell-old-books-online-india,official_supporting_blog,primary
India,BookBazaar by YourNotebook — free student used-books exchange,https://www.yournotebook.in/bookbazaar,official_home,primary
India,Clankart — student-to-student used-book marketplace,https://www.clankart.com/,official_home,primary
India,Book Mitra — buy/sell/donate second-hand-books app,https://play.google.com/store/apps/details?id=com.theandroidgeek.bookmitra,official_app_store,primary
India,BookMamu — used/new books marketplace app,https://play.google.com/store/apps/details?id=book.bookmamu,official_app_store,primary
India,BookLal — buy/sell used-books app,https://www.indusappstore.com/apps/shopping/booklal/com.booklal.booklal/?id=com.booklal.booklal&page=details,app_store_secondary,primary
India,BookLal — buy/sell used-books app,https://play.google.com/store/apps/details?id=com.booklal.booklal,official_app_store,primary
India,ChennaiUsedBooks — Chennai used-books seller-partner aggregator,https://www.chennaiusedbooks.com/,official_home,supporting
India,BooksYa — buy/sell/rental/wanted used-books surface,https://booksya.com/,official_home_current,primary_pass95
India,BookStand — used-bookshop storefront marketplace,https://www.bookstand.app/alternatives/second-hand-book-marketplace,official_comparison_current,primary_pass95
India,BookStand — used-bookshop storefront marketplace,https://www.bookstand.app/features/storefront,official_feature_current,supporting_pass95
India,BookStand — used-bookshop storefront marketplace,https://www.bookstand.app/features/condition-grading,official_feature_current,supporting_pass95
India,ShelfSwap — used academic-books marketplace,https://shelfswap.in/,official_home_current,primary_pass95
India,BooksPie — bookstore/used-books marketplace app,https://play.google.com/store/apps/details?hl=en_GB&id=com.sant.bookspie,official_app_store_current,primary_pass95
India,NearBook — hyper-local used-books app,https://play.google.com/store/apps/details?hl=en_US&id=com.show.mybook,official_app_store_current,primary_pass95
India,Clankart — student-to-student used-book marketplace,https://www.clankart.com/,official_home_current,primary_pass95
India,BookMandee — local buy/sell/donate old-books marketplace,https://bookmandee.com/,official_home_current,primary_pass95
India,Bookaao — rent/buy/sell textbooks hyperlocal marketplace,https://www.bookaao.com/,official_home_static_bot_gated_search_snippet,supporting_pass95
India,BookLal — buy/sell used-books app,https://play.google.com/store/apps/details?hl=en_US&id=com.booklal.booklal,official_app_store_conflict_current,conflict_pass95
India,BookLal — buy/sell used-books app,https://www.indusappstore.com/apps/shopping/booklal/com.booklal.booklal/?id=com.booklal.booklal&page=details,third_party_indus_verified_conflict_current,conflict_pass95
India,BookLal — buy/sell used-books app,https://www.indusappstore.com/apps/shopping/booklal/com.booklal.booklal/?id=com.booklal.booklal&page=details,app_store_secondary_india_targeting_pass96,primary_country_scope_correction
India,BookLal — buy/sell used-books app,https://play.google.com/store/apps/details?hl=en_US&id=com.booklal.booklal,official_google_play_locale_caveat_pass96,conflict_caveat_not_demotion
India,BookLane — buy/sell second-hand-books app,https://play.google.com/store/apps/details?hl=en_US&id=com.cloud_regex.book_lane,official app store,pass97 current mechanics and update hardening
India,BookLane — buy/sell second-hand-books app,https://www.appbrain.com/app/booklane-buy-sell-used-books/com.cloud_regex.book_lane,secondary app telemetry,pass97 active-scale telemetry
India,NearBook — hyper-local used-books app,https://www.appbrain.com/app/nearbook-buy-sell-used-books/com.show.mybook,secondary app telemetry,pass97 active-scale telemetry
India,MyOldBooks — local buy/sell used-books app,https://play.google.com/store/apps/details?hl=en_US&id=com.sellingapp2022,official app store,pass97 current mechanics hardening
India,BookMamu — used/new books marketplace app,https://play.google.com/store/apps/details?id=book.bookmamu,official app store,pass97 current update/mechanics hardening
India,ResellPanda — student second-hand-books marketplace,https://resellpanda.vercel.app/,official site,pass97 official surface confidence hardening
India,BookLal — buy/sell used-books app,https://www.indusappstore.com/apps/shopping/booklal/com.booklal.booklal/?id=com.booklal.booklal&page=details,official app store / India-specific distribution,pass97 India scope retained
India,BookLal — buy/sell used-books app,https://www.appbrain.com/app/booklal-buy-sell-used-books/com.booklal.booklal,secondary app telemetry,pass97 country-scope caveat and active-status context
India,BooksPie — bookstore/used-books marketplace app,https://play.google.com/store/apps/details?hl=en_US&id=com.sant.bookspie,official app store,pass97 hybrid strict-candidate support
India,BookLoop — used-books nearby marketplace app,https://play.google.com/store/apps/details?hl=en_US&id=com.bookloop.bookloop,official app store,pass97 active city/local mechanics support
India,BookStupe / BookStup Enterprises,https://www.instagram.com/p/DQsrK-bD7Zy/,social media trace,pass97 discarded: Instagram-only buy/sell-old-book trace too thin for registry row
India,Guruji24 old-book ad trace,https://www.guruji24.com/post-oldbook-add-free,thin/blocked web trace,pass97 discarded: official fetch failed and evidence too thin for registry row
India,Kitabwalah — city-based used-books marketplace,https://kitabwalah.com/used-books/,official_current_surface,pass98_inventory_account_flow_hardening
India,Kitabwalah — city-based used-books marketplace,https://kitabwalah.com/product-category/used-books/,official_product_category,pass98_inventory_depth_crosscheck
India,Graffitti Books — Kerala/India used-books classifieds marketplace,https://www.graffittibooks.com/,official_current_surface,pass98_active_listing_hardening
India,Graffitti Books — Kerala/India used-books classifieds marketplace,https://play.google.com/store/apps/details?id=com.graffittibooks.app,appstore_listing,pass98_app_mechanics_hardening
India,BookSwap Hub — location-based book-exchange and nearby discovery app,https://play.google.com/store/apps/details?hl=en_US&id=com.dignizant.bookswaphub,appstore_listing,pass98_exchange_mechanics_hardening
India,GovtJobsIndia – BookShare — local used-books/study-materials exchange app,https://play.google.com/store/apps/details?hl=en&id=com.prepbooks,appstore_listing,pass98_low_download_mechanics_hardening
India,Book Share / Wikta — local book share/sell/lend app,https://play.google.com/store/apps/details?hl=en_US&id=com.wikta.share_buddy,appstore_listing,pass98_gps_exchange_mechanics_hardening
India,ReSell Books — nearby used-books chat marketplace app,https://play.google.com/store/apps/details?hl=en_US&id=com.resellbooks.buybooks.donatebooks.usedbooks.onlinebooks.app,appstore_listing,pass98_dated_app_mechanics_hardening
India,Apnabook — locality second-hand-books marketplace,https://apnabook.in/,official_root_static_limited,pass98_active_surface_revisit
India,BookBazaar by YourNotebook — free student used-books exchange,https://www.yournotebook.in/,official_root_snippet,pass98_dynamic_surface_revisit
India,NearBook — hyper-local used-books app,https://play.google.com/store/apps/details?hl=en_IN&id=com.show.mybook,appstore_listing,pass98_positive_control_current_high_confidence
India,Clankart — student-to-student used-book marketplace,https://www.clankart.com/,official_current_surface,pass98_positive_control_current_high_confidence
India,BookBazaar by YourNotebook,https://www.yournotebook.in/blog/bookbazaar-student-book-exchange-how-it-works,official_blog_current,"pass99 high-confidence mechanics: P2P used-book marketplace, buy/sell/donate, location, trust badges, direct contact"
India,BookBazaar by YourNotebook,https://www.yournotebook.in/blog/what-to-do-with-old-textbooks-after-exams,official_blog_current,pass99 supporting current old-textbook sell/donate/listing guidance
India,BookBazaar by YourNotebook,https://www.yournotebook.in/,official_site_shell,pass99 dynamic root/account/search shell; supports identity/brand context but not listing depth
India,Bookbazaar.com / Macademic Solutions,https://play.google.com/store/apps/details?id=com.bookbazaar,negative_control_appstore,"pass99 non-merge control: first-party school booklist/e-commerce app, distinct from YourNotebook BookBazaar"
India,Book Share / Wikta,https://play.google.com/store/apps/details?id=com.wikta.share_buddy,official_appstore_current,pass99 high-confidence appstore status and mechanics
India,Book Share / Wikta,https://www.wiktait.com/,developer_site,pass99 developer/support identity context
India,ReSell Books,https://play.google.com/store/apps/details?id=com.resellbooks.buybooks.donatebooks.usedbooks.onlinebooks.app,official_appstore_current,pass99 mechanics retained; update/date caveat
India,ReSell Books,https://www.appbrain.com/app/resell-books-chat-sell-buy/com.resellbooks.buybooks.donatebooks.usedbooks.onlinebooks.app,secondary_app_telemetry,pass99 low-scale telemetry control
India,GovtJobsIndia – BookShare,https://play.google.com/store/apps/details?id=com.prepbooks,official_appstore_current,pass99 current mechanics retained; 5+ downloads caveat
India,Apnabook,https://apnabook.in/,official_site_search_visible,pass99 retained medium-high; blank static capture / missing account-flow caveat
India,BookMandee,https://bookmandee.com/,official_site_control,pass99 control: high strict-candidate comparator with visible ad counts and chat/direct buyer mechanics
India,BookFlow,https://bookflow.in/,official_site_control,pass99 control: high strict-candidate comparator for transparent direct buyer-seller marketplace
India,BooksPie — bookstore/used-books marketplace app,https://www.bookspie.com/,official_site,pass100_active_old_section_inventory_and_used_book_sell_buy_surface
India,BooksPie — bookstore/used-books marketplace app,https://play.google.com/store/apps/details?hl=en_US&id=com.sant.bookspie,official_app_store,pass100_play_used_books_listing_nearby_buy_sell_and_india_developer_support
India,ReSell Books — nearby used-books chat marketplace app,https://play.google.com/store/apps/details?hl=en_US&id=com.resellbooks.buybooks.donatebooks.usedbooks.onlinebooks.app,official_app_store,pass100_retain_medium_high_mechanics_confirmed_dated_update
India,ReSell Books — nearby used-books chat marketplace app,https://www.appbrain.com/app/resell-books-chat-sell-buy/com.resellbooks.buybooks.donatebooks.usedbooks.onlinebooks.app,third_party_app_telemetry,pass100_low_scale_recent_downloads_prevent_high_confidence
India,GovtJobsIndia – BookShare — local used-books/study-materials exchange app,https://play.google.com/store/apps/details?hl=en&id=com.prepbooks,official_app_store,pass100_current_first_release_mechanics_low_download_hold
India,Apnabook — locality second-hand-books marketplace,https://apnabook.in/,official_site,pass100_search_visible_secondhand_buy_sell_static_blank_hold
India,BookLal — buy/sell used-books app,https://www.indusappstore.com/apps/shopping/booklal/com.booklal.booklal/?id=com.booklal.booklal&page=details,official_alt_app_store,pass100_india_scope_confirmed_same_city_used_book_chat
India,BookLal — buy/sell used-books app,https://play.google.com/store/apps/details?hl=sw&id=com.booklal.booklal,official_app_store,pass100_google_play_current_us_wording_downloads_and_mechanics
India,BookLal — buy/sell used-books app,https://play.google.com/store/apps/details?hl=si&id=com.booklal.booklal,official_app_store,pass100_google_play_india_developer_metadata_locale_view
India,BookLal — buy/sell used-books app,https://booklal-buysell-used-books.fr.softonic.com/android,third_party_app_index,pass100_version_current_and_chat_listing_mechanics_context
India,BooksPie — bookstore/used-books marketplace app,https://play.google.com/store/apps/details?hl=en_US&id=com.sant.bookspie,official_app_store,pass100_aug2025_update_and_support_contact_crosscheck
India,GovtJobsIndia – BookShare — local used-books/study-materials exchange app,https://play.google.com/store/apps/details?hl=en&id=com.prepbooks,official_app_store,pass100_india_developer_support_and_no_platform_payment_delivery_crosscheck
India,ReSell Books — nearby used-books chat marketplace app,https://play.google.com/store/apps/details?hl=en_US&id=com.resellbooks.buybooks.donatebooks.usedbooks.onlinebooks.app,official_play_listing_current,pass101_primary_mechanics_and_india_developer
India,ReSell Books — nearby used-books chat marketplace app,https://www.appbrain.com/app/resell-books-chat-sell-buy/com.resellbooks.buybooks.donatebooks.usedbooks.onlinebooks.app,app_telemetry_secondary,pass101_low_scale_dormant_caveat
India,ReSell Books — nearby used-books chat marketplace app,https://apkpure.com/tw/resell-books-chat-sell-buy/com.resellbooks.buybooks.donatebooks.usedbooks.onlinebooks.app,apk_mirror_secondary,pass101_2024_apk_update_supporting_only
India,GovtJobsIndia – BookShare — local used-books/study-materials exchange app,https://play.google.com/store/apps/details?hl=en&id=com.prepbooks,official_play_listing_current,pass101_primary_mechanics_low_download_hold
India,Apnabook — locality second-hand-books marketplace,https://apnabook.in/,official_home_search_visible_static_blank,pass101_primary_static_shell_hold
India,BookLal — buy/sell used-books app,https://www.indusappstore.com/apps/shopping/booklal/com.booklal.booklal/?id=com.booklal.booklal&page=details,indus_appstore_listing,pass101_decisive_india_scope
India,BookLal — buy/sell used-books app,https://play.google.com/store/apps/details?id=com.booklal.booklal,official_play_listing_current,pass101_us_localization_scale_and_mechanics_caveat
India,BookLal — buy/sell used-books app,https://www.appbrain.com/app/booklal-buy-sell-used-books/com.booklal.booklal,app_telemetry_secondary,pass101_scale_and_country_wording_caveat
India,BookLal — buy/sell used-books app,https://tracxn.com/d/companies/booklal/__KWY3PMSU68ugHlILeWd6OyFTp_1a4SSQGiZMVMoI8cE,company_profile_secondary,pass101_app_marketplace_context_only
India,BooksPie — bookstore/used-books marketplace app,https://play.google.com/store/apps/details?hl=en_US&id=com.sant.bookspie,official_play_listing_current,pass101_sanity_check_hybrid_marketplace
India,BooksPie — bookstore/used-books marketplace app,https://www.bookspie.com/,official_site_current,pass101_sanity_check_active_old_section_parent_continuity
India,India pass101 closure decision,local:rbm_pass101_india_residue_closure_exit_readiness_decisions_2026-04-27.csv,local_decision_file,pass101_exit_readiness_control
Nigeria,SchoolBOOKS Nigeria — school/used-books marketplace,https://schoolbooks.com.ng/,official_site_search_visible_current,pass102_new_strict_candidate_used_books_marketplace
Nigeria,SchoolBOOKS Nigeria — school/used-books marketplace,https://schoolbooks.com.ng/,official_site_static_sparse,pass102_direct_site_static_capture_sparse_caveat
Nigeria,CampusPlug — Nigerian campus student marketplace,https://play.google.com/store/apps/details?hl=en_US&id=com.campusplug.app,official_play_listing_current,pass102_annex_student_marketplace_textbook_signal
Nigeria,BuyOnWasApp.NG — Books WhatsApp Marketplace,https://www.buyonwasapp.ng/itm-category/books-library?rtcl_location=central-market,marketplace_category_current,pass102_annex_books_whatsapp_marketplace_current
Nigeria,BuyOnWasApp.NG — Books WhatsApp Marketplace,https://www.buyonwasapp.ng/itm-location/aniocha-south?rtcl_category=books-library&view=list,marketplace_category_current,pass102_annex_recent_listing_and_state_count_crosscheck
Nigeria,ALÁKÒWÉ — managed thrift book marketplace,https://www.instagram.com/the_alakowe/,social_profile_search_visible,pass102_launch_hold_managed_thrift_marketplace
Nigeria,ALÁKÒWÉ — managed thrift book marketplace,https://www.instagram.com/p/DXKNvoFCFMP/,social_post_search_visible,pass102_managed_thrift_sell_finished_books_signal
Nigeria,Six 33 Four NG bookstore / seller marketplace,https://www.nairaland.com/6693321/where-sell-used-books-nigeria,forum_external_post_by_operator,pass102_used_books_cash_and_seller_marketplace_external_trace
Nigeria,Six 33 Four NG bookstore / seller marketplace,https://six33four.ng/bookstore/,direct_site_unresolved,pass102_direct_site_fetch_failed_keep_weak_fit
Nigeria,PreownedBooks.ng,https://www.preownedbooks.ng/,official_site_current,pass102_anchor_reverification_1000_preloved_books_vendors
Nigeria,Nairaland used-textbook resale context,https://www.nairaland.com/6105203/where-sell-used-text-books,forum_context,pass102_historical_student_used_textbook_resale_context
Nigeria,Nigeria pass102 recovery decision,local:rbm_pass102_nigeria_fresh_strict_candidate_recovery_decisions_2026-04-27.csv,local_decision_file,pass102_control_decision
Liberia,Liberia Book Store,https://liberiabookstore.com/,official_site_current,pass103_liberia_book_store_home_buy_sell_mobile_money_products
Liberia,Liberia Book Store Law category,https://liberiabookstore.com/product-category/law/,official_site_current,pass103_liberia_book_store_product_category_active_cart
Liberia,Liberia Book Store Design Thinking category,https://liberiabookstore.com/product-category/design-thinking/,official_site_current,pass103_liberia_book_store_product_category_active_cart
Liberia,Liberia Book Store Legends of Liberia product,https://liberiabookstore.com/product/legends-of-liberoa/,official_site_current,pass103_liberia_book_store_product_page_cart_2025_footer
Liberia,LIBSHOP Liberia,https://www.libshop.net/,official_site_current,pass103_horizontal_classifieds_marketplace_seller_flow_recheck
Liberia,BNS Liberia / Buy & Sell Liberia Google Play,https://play.google.com/store/apps/details?hl=en_US&id=com.buyandsell.app,app_store_current,pass103_bns_liberia_horizontal_multivendor_app
Liberia,BNS Liberia AppAgg,https://appagg.com/android/shopping/buy-sell-liberia-40526829.html,app_index_current,pass103_bns_liberia_release_update_context
Liberia,BNS Liberia Facebook launch/description,https://www.facebook.com/100044126229555/posts/about-buysell-liberiabuysell-liberia-is-a-modern-digital-marketplace-built-to-ma/1398552764958918/,social_current,pass103_bns_liberia_social_marketplace_context
Liberia,La Bibliothèque Facebook,https://www.facebook.com/people/La-Biblioth%C3%A9que/61572858831605/,social_current,pass103_la_bibliotheque_online_bookstore_current_status
Liberia,La Bibliothèque Instagram,https://www.instagram.com/la_bibliotheque_lr/,social_current,pass103_la_bibliotheque_online_bookstore_current_status
Liberia,Monrovia Book Store Facebook,https://www.facebook.com/p/Monrovia-Book-Store-61583620735647/,social_current,pass103_monrovia_book_store_order_whatsapp_current_status
Liberia,Horseman Books Liberia Facebook,https://www.facebook.com/p/Horseman-Books-Liberia-61560892236985/,social_current,pass103_horseman_books_liberia_bookstore_layer
Democratic Republic of the Congo,Alibookscd current official home,https://alibookscd.com/,official_site,current DRC online book distribution/publishing status
Democratic Republic of the Congo,Alibookscd maison edition/librairie page,https://alibookscd.com/librairie-en-ligne-maison-dedition,official_site,contact/navigation/current footer support
Democratic Republic of the Congo,Habari RDC Alibooks coverage,https://habarirdc.net/alibook-cd-amazon-congolais-vente-livres-en-ligne/,press_context,2019 launch mechanics and delivery/payment context
Democratic Republic of the Congo,Matininfos Alibooks coverage,https://www.matininfos.net/rdc-alibooks-cd-premiere-plateforme-de-vente-en-ligne-des-livres/67786/,press_context,2019 online book platform/payment/delivery context
Democratic Republic of the Congo,InfoCongo Alibooks coverage,https://infocongo.net/2019/06/23/alibooks-cd-premiere-plate-forme-de-vente-des-livres-en-ligne-en-rdc/,press_context,mobile-money/card/pay-on-delivery context
Democratic Republic of the Congo,Kicherche Alibooks marketplace announcement,https://www.facebook.com/kicherche/,social_marketplace_signal,marketplace-integration candidate only
Democratic Republic of the Congo,Kicherche platform marketplace self-description,https://www.facebook.com/kicherche/posts/bienvenue-sur-la-page-officielle-de-la-plateforme-kicherchekicherche-est-une-pla/110603621508180/,social_marketplace_signal,general marketplace/intermediation context
Democratic Republic of the Congo,CoinAfrique RDC Sports & Loisirs category,https://cd.coinafrique.com/categorie/sports-et-loisirs,classifieds_category,DVDs CDs & Livres category and RDC city filters
Democratic Republic of the Congo,CoinAfrique RDC DVDs CDs & Livres,https://cd.coinafrique.com/categorie/dvds-cds-et-livres,classifieds_category,book/media classified category
Democratic Republic of the Congo,Éditions Mabiki librairie ambulante,https://www.mabiki.net/articles/244?locale=fr,official_site,mobile bookstore low-price/free-delivery Kinshasa layer
Democratic Republic of the Congo,LAESH SAS official Instagram,https://www.instagram.com/laeshrdc/,social_bookstore,Kinshasa bookstore/location/price signal
Democratic Republic of the Congo,Shelves Bookstore Kinshasa social signal,https://www.instagram.com/p/DKIEV8kP4cV/,social_bookstore,Kinshasa bookstore web/contact/order signal
Republic of Congo,"CoinAfrique Congo DVDs, CDs & Livres",https://cg.coinafrique.com/categorie/dvds-cds-et-livres,general_classifieds_books_category,supporting_current_status
Republic of Congo,CoinAfrique Congo item: Livre,https://cg.coinafrique.com/annonce/dvds-cds-et-livres/livre-2561381,general_classifieds_item_level_book_listing,supporting_current_status
Republic of Congo,CoinAfrique Congo item: Livres,https://cg.coinafrique.com/annonce/dvds-cds-et-livres/livres-5470853,general_classifieds_item_level_book_listing,supporting_current_status
Republic of Congo,CoinAfrique Congo item: Roman,https://cg.coinafrique.com/annonce/dvds-cds-et-livres/roman-2564893,general_classifieds_item_level_book_listing,supporting_current_status
Republic of Congo,Librairie en ligne de Brazzaville about,https://www.facebook.com/100071041711992/about/,single_store_used_bookseller_about,supporting_current_status
Republic of Congo,Librairie en ligne de Brazzaville catalog update,https://www.facebook.com/100071041711992/posts/de-nouveaux-livres-ont-%C3%A9t%C3%A9-ajout%C3%A9s-au-catalogue-httpswamec242067960530/272890631755659/,single_store_used_bookseller_catalog_signal,supporting_current_status
Republic of Congo,Librairie BUKU Brazzaville Facebook,https://www.facebook.com/people/Librairie-BUKU/100057423040938/,bookstore_brocante_signal,supporting_current_status
Republic of Congo,Librairie BUKU Brazzaville directory scrape,https://www.globuya.com/CG/Brazzaville/1550832951906963/Librairie-BUKU,bookstore_brocante_current_directory,supporting_current_status
Republic of Congo,L’Horizon Africain used-book market report,https://www.lhorizonafricain.com/culture/litterature-le-marche-du-livre-doccasion-ou-leternel-refuge-des-mordus-de-la-lecture-2/,offline_used_book_market_current_report,supporting_current_status
Republic of Congo,ADIAC Pointe-Noire used-book initiative,https://www.adiac-congo.com/content/initiative-des-livres-doccasion-pour-redonner-aux-congolais-le-gout-de-la-lecture-130976,offline_used_book_seller_initiative_report,supporting_current_status
Republic of Congo,Harmattan Congo-Brazzaville official site,https://harmattan-congo.com/,publisher_bookstore_library_official_site,supporting_current_status
Republic of Congo,Harmattan Congo-Brazzaville about page,https://harmattan-congo.com/qui-sommes-nous/,publisher_bookstore_library_about,supporting_current_status
Angola,Angolivros official home,https://angolivros.ao/,official_book_marketplace_home,strict_core_current_status
Angola,Angolivros Start Selling / account entry,https://angolivros.ao/my-account/,seller_account_entry,strict_core_mechanics
Angola,Angolivros seller dashboard footer surface,https://angolivros.ao/seller-dashboard/,seller_dashboard_surface,seller_mechanics_revisit
Angola,Angolivros store-opening footer surface,https://angolivros.ao/how-to-open-a-store/,seller_onboarding_surface,seller_mechanics_revisit
Angola,Sebo Talatona Facebook page,https://www.facebook.com/p/Sebo-Livros-usados-61553042992564/,social_used_book_intermediation_page,strict_candidate_hardening
Angola,Sebo Talatona Instagram profile,https://www.instagram.com/sebo_talatona/,social_used_book_intermediation_profile,strict_candidate_hardening
Angola,Sebo Talatona Instagram item trace,https://www.instagram.com/p/DS7ioMcjLP5/,social_used_book_listing_trace,active_listing_trace
Angola,Bazar Literário de Angola group,https://www.facebook.com/groups/483654652877734/,book_specific_social_buy_sell_trade_group,annex_social_resale
Angola,Venda de livros usados e novos Angola group,https://www.facebook.com/groups/774785980468192/,book_specific_social_resale_group,annex_social_resale
Angola,Compra venda e troca de livros em Angola group,https://www.facebook.com/groups/732429223988363/,book_specific_social_buy_sell_trade_group,annex_social_resale
Angola,Angola-Books / BICOT official online bookstore,https://www.angola-books.com/e1/,single_store_online_bookstore,bookstore_layer_control
Angola,BayQi marketplace context,https://pt.wikipedia.org/wiki/BayQi,horizontal_marketplace_context,horizontal_non_strict_control
Mozambique,Livros compra e venda novos e semi-novos (Maputo-Moçambique),https://www.facebook.com/groups/1219251846322197/,social group,new annex row: book-specific social buy/sell group
Mozambique,MOYA Marketplace Mozambique,https://moyamarketplace.com/,official marketplace site,"current-status hardening: horizontal classifieds, seller/buyer mechanics, book-seller testimonial"
Mozambique,MOYA Marketplace Mozambique,https://moyamarketplace.com/anuncios/,official listing index,current-status hardening: listing/search surface and Maputo contact/support
Mozambique,MOYA Marketplace Mozambique,https://play.google.com/store/apps/details?hl=pt&id=com.moyamarketplace.twa,app store,"current-status hardening: Mozambique-focused free ads, direct contact, new/used products"
Mozambique,Mais Vendas Moçambique,https://www.maisvendas.co.mz/,official classifieds site,"current-status hardening: account/post-ad, category tree and payments/top-up surface"
Mozambique,Mais Vendas Moçambique,https://www.maisvendas.co.mz/search/lazer,official category page,current-status hardening: Lazer category with Livros e Revistas subcategory and live ad counts
Mozambique,Mais Vendas Moçambique,https://www.maisvendas.co.mz/content/como-funciona,official help page,current-status hardening: registration and ad-posting flow
Mozambique,Mabuko,https://mabuko.co.mz/site/,official bookstore site,"bookstore-layer hardening: account/cart, categories, delivery/payment/support and Maputo/Matola locations"
Mozambique,Maputo sidewalk used-book exchange,https://observalinguaportuguesa.org/em-maputo-vendem-se-e-trocam-se-livros-nos-passeios/,news/reporting,offline used-book exchange hardening: Maputo sidewalk buy/swap practice
Mozambique,Livros em Moçambique - Vendas e Trocas,https://www.facebook.com/groups/mozambique.books/,social group,current-status hardening: existing book-specific used-book sell/exchange group
Mozambique,Venda de Livros Usados Moz,https://www.facebook.com/100087248350587,social seller page,current-status hardening: single-seller second-hand books in English and Portuguese
Mozambique,Facebook Marketplace Maputo book listings,https://www.facebook.com/marketplace/110614772300029/media/,social marketplace category,current-status hardening: local Books/Movies/Music listing texture
Chad,Nibiya.com Chad classifieds,https://www.nibiya.com/,general_classifieds_platform,current_status_hardening
Chad,Nibiya.com Chad classifieds,https://www.nibiya.com/filter-resultats?categorieId=La+mode_des_Hommes,category_filter_surface,book_category_depth_hardening
Chad,Nibiya.com Chad classifieds,https://www.facebook.com/61550346817944/,social_platform_profile,supporting
Chad,All Chad Market / Souq Al Kul Chad,https://play.google.com/store/apps/details?id=com.web_annonces.all_souq.com.Tchad.Classifieds,general_classifieds_app,current_status_hardening
Chad,Banque des livres TCHAD,https://www.facebook.com/banquedeslivrestchad/,used_textbook_sales_signal,current_status_hardening
Chad,Banque des livres TCHAD,https://www.facebook.com/banquedeslivrestchad/posts/pr%C3%A9parez-sereinement-la-rentr%C3%A9e-sur-banque-des-livres-tchad-retrouvez-tous-les-m/102914614818863/,used_textbook_post_trace,supporting
Chad,Le Carré culturel e-books,https://carreculturel-ebooks.com/a-propos-carre-culturel/,ebook_shop_about,current_status_hardening
Chad,Le Carré culturel e-books,https://carreculturel-ebooks.com/product-tag/influence-numerique/,ebook_product_listing,supporting
Chad,Le Carré culturel e-books,https://carreculturel-ebooks.com/contact-carre-culturel/,ebook_shop_contact,supporting
Chad,Livres du TCHAD,https://www.facebook.com/p/Livres-du-TCHAD-61571117016177/,social_book_promotion_sales_page,current_status_hardening
Chad,Librairie La Source N’Djamena,https://www.facebook.com/lasourcelibrairie/,single_store_bookstore,current_status_hardening
Chad,Chad book-chain / street-bookshop context,https://africanbookscollective.com/the-book-chain-in-chad-understanding-the-stages-of-creating-a-reading-culture/,sector_context,supporting
Kenya,PickaBook Used Books Marketplace,https://pickabook.co.ke/,official site,"strict-core hardening: used-books marketplace category, account/register, pay-on-delivery/support and buy/sell pre-owned framing"
Kenya,PickaBook Used Books Marketplace,https://pickabook.co.ke/product-category/used-books-2/,official category page,strict-core hardening: Marketplace – Used Books product category with active used listings
Kenya,PickaBook Used Books Marketplace,https://pickabook.co.ke/shop-2/cambridge-igcse-and-o-level-geography-3rd-edition-hodder-education-group-3rd-edition/,official product page,"used-listing hardening: product page shows gently used status, condition notes, Kenya contact and used marketplace category"
Kenya,PickaBook Used Books Marketplace,https://www.facebook.com/pickabookkenya/,social page/search-visible evidence,current social signal: Pick A Book Kenya used/preloved/book-marketplace tags
Kenya,Attic Books Kenya,https://atticbooks.co.ke/,official bookstore site,used-book ecosystem hardening: Nairobi online shop with new/pre-owned books and account/checkout surface
Kenya,Attic Books Kenya,https://atticbooks.co.ke/blog/sell-your-used-books-in-nairobi-kenya-best-place-to-sell-used-books-in-nairobi-kenya,official blog/help page,"buyback hardening: sell used/new books for cash, WhatsApp/email intake and Facebook used-books group"
Kenya,Books First Africa pre-loved books,https://www.booksfirst.africa/,official bookstore site,"pre-loved inventory hardening: East Africa wholesaler/retailer, +10,000 books, pre-loved categories and regional delivery"
Kenya,Books First Africa pre-loved books,https://www.booksfirst.africa/preloved-books-kenya,official category page,"pre-loved inventory hardening: Kenya pre-loved books, discounts, delivery and active products"
Kenya,Books First Africa pre-loved books,https://www.booksfirst.africa/webinar-registration,official sell-to-us page,"supplier/buyback hardening: authors, publishers, bookstores and businesses with pre-loved books can submit titles for retail/distribution"
Kenya,Books Point Bookstore Ruaka,https://bookspoint.co.ke/,official bookstore site,single-store used-book hardening: Ruaka high-quality pre-loved/used-book shop
Kenya,Half Priced Books Kenya,https://www.halfpricedbooks.co.ke/blog/how-to-purchase-used-books-from-halfpriced-books,official blog page,single-store used-book hardening: multiple Nairobi branches and used-book purchase instructions
Kenya,Soma Nami Books used books,https://www.somanami.co.ke/product-page/used-adult-books,official product page,bookstore layer hardening: used adult books product page and related used kids books
Pakistan,Kitabain — FAQ buyer/seller flow,https://www.kitabain.com/faq,official_site,"strict-main hardening: account signup, buyer browse/search, copy-level condition/price/seller comments, checkout/shipping"
Pakistan,Kitabain — all books inventory,https://www.kitabain.com/books/all,official_site,"strict-main hardening: active item listings, prices/add-to-cart, very deep pagination"
Pakistan,Kitabain — contact,https://www.kitabain.com/contact,official_site,seller/buyer contact tabs and current operational contact signal
Pakistan,Kitabain — fiction category,https://www.kitabain.com/books/fiction,official_site,category-level buy/sell marketplace wording and login/signup/sell-books links
Pakistan,Booksecondstory — home,https://booksecondstory.com/,official_site,"strict-main hardening: list books for sale, recently uploaded books, Pakistan reach"
Pakistan,Booksecondstory — FAQ,https://booksecondstory.com/faq/,official_site,"seller mechanics: direct upload, free listing, commission after successful sale, condition/photo rules"
Pakistan,Booksecondstory — terms for submissions,https://booksecondstory.com/terms-and-conditions-for-book-submissions/,official_site,"vendor account, shop URL, second-hand book submission, eligibility and pricing rules"
Pakistan,Booksecondstory — about,https://booksecondstory.com/about-us/,official_site,secondhand buy/sell platform positioning across Pakistan
Pakistan,Booksecondstory — encyclopedia category/contact footer,https://booksecondstory.com/product-category/encyclopedia/,official_site,active category/product surface and Pakistan address/phone/email footer
Pakistan,Kitab Rabta — sell old books,https://kitabrabta.com/sell-old-books-in-pakistan,official_site,"single-store/buyback hardening: old-book intake, condition fields, contact-to-buy model"
Pakistan,Kitab Rabta — home,https://kitabrabta.com/,official_site,old/new books and stationery store; old-books link; COD/home delivery
Pakistan,KitabValue Publications social trace,https://www.instagram.com/kitab_value/,social_profile,"negative-control single-store/social trace: new/old/rare bookstore, not marketplace"
Bangladesh,BookCycle — official Netlify surface,https://bookcyclebd.netlify.app/,official_site,"strict-candidate hardening: Bangladesh platform for buying/selling old books, academic textbooks, and second-hand educational materials; rendered page sparse"
Bangladesh,BookCycleBD — developer/founder portfolio,https://jahedulislamsimon.vercel.app/,developer_profile,"corroboration: BookCycleBD described as Bangladesh platform to buy, sell, and exchange used books easily"
Bangladesh,BookCycleBD — Scribd contact trace,https://www.scribd.com/document/937925728/Physics-Lab-Report-Precision-Measurement,third_party_trace,"operator/contact trace for contact.bookcyclebd; weak support only, not core proof"
Bangladesh,Booktionary — homepage/live catalogue,https://booktionary.com.bd/,official_site,"strict-core hardening: live catalogue, account/cart, old-book/exchange links, order/donate/exchange counters, Dhaka address"
Bangladesh,Booktionary — old-book purchase policy,https://booktionary.com.bd/old-book-purchase-policy,official_policy,old-book policy: old books are used by other users; old-book ordering and account/order history requirements
Bangladesh,Booktionary — exchange policy,https://booktionary.com.bd/exchange-policy,official_policy,exchange policy: exchangeable books require website sign-up/login/order history; website-controlled exchange process
Bangladesh,Daraz Bangladesh — old book sell tag,https://www.daraz.com.bd/tag/old-book-sell/,horizontal_marketplace,"negative-control/horizontal e-commerce: old-book tag plus become-a-seller flow, but not book-specific strict core"
Bangladesh,Bikroy Bangladesh,https://en.wikipedia.org/wiki/Bikroy,horizontal_classifieds,"negative-control/horizontal classifieds: Bangladesh marketplace/classified ads site, not book-specific strict core"
Bangladesh,eBoighar,https://eboighar.com/,online_bookstore,"ordinary bookstore control: academic/professional/personal books, request service, account/cart; no used-book multi-seller marketplace mechanics"
Bangladesh,BookSycle app,https://play.google.com/store/apps/details?hl=en_IN&id=com.booksycle.app,negative_control_collision,"name-collision control: secondhand book app but Spain developer/address, not Bangladesh BookCycle"
Bangladesh,ReuseBooks / Buy & Sell Old Books app,https://play.google.com/store/apps/details?hl=en_US&id=com.reusebooks,negative_control_country_scope,"India/global old-book app with India developer address, not Bangladesh strict-core evidence"
Bangladesh,Nilkhet used-book market seam,https://en.wikipedia.org/wiki/Nilkhet,offline_market_context,"offline context: Dhaka second-hand book trade center; context only, not online strict core"
Sri Lanka,BookExchange.lk,https://bookexchange.lk/,official_site,"strict-main reverified: sell/exchange/wanted, smart match, real-time chat"
Sri Lanka,BookExchange.lk launch blog,https://bookexchange.lk/blog/launching-bookexchange-lk.html,official_blog,strict-main launch/mechanics corroboration
Sri Lanka,BookExchange.lk registration,https://bookexchange.lk/register.html,official_account_flow,register/account flow proof
Sri Lanka,BookSwap.lk,https://bookswap.lk/,official_site,"strict-main reverified: exchange/sell, add/request/exchange flow and dated listings"
Sri Lanka,2ndhandbooks.lk,https://2ndhandbooks.lk/,official_site,used-book inventory/cart/account and second-hand-book retail evidence
Sri Lanka,2ndhandbooks.lk about,https://2ndhandbooks.lk/about,official_about,marketplace/buy-sell claims with physical-store caveat
Sri Lanka,Ikman.lk books category,https://ikman.lk/en/ads/i/sri-lanka/music-books-movies/book,classifieds_category,horizontal classifieds annex: active book listings
Sri Lanka,Ikman.lk textbooks category,https://ikman.lk/en/ads/sri-lanka/textbooks,classifieds_category,horizontal classifieds annex: new/used textbook listings
Sri Lanka,MO.lk,https://mo.lk/,official_site,horizontal new/pre-owned marketplace annex
Sri Lanka,Booxworm used books Sri Lanka,https://booxworm.lk/blogs/books/used-books-sri-lanka,official_blog,single-store/curated used-bookseller hardening
Sri Lanka,Books.lk second-hand books,https://books.lk/product-category/second-hand-books/,retail_category,single-store second-hand book category control
Sri Lanka,BookLoop Google Play negative control,https://play.google.com/store/apps/details?hl=en_US&id=com.bookloop.mobile,app_store,"negative control: used-book app but Israel developer metadata, not Sri Lanka evidence"
Sri Lanka,SaleMe.lk textbooks classifieds,https://www.saleme.lk/ads/sri-lanka/textbooks,classifieds_category,annex classifieds: dedicated textbooks category with hundreds of results
Sri Lanka,SaleMe.lk listing examples,https://www.saleme.lk/ads/sri-lanka/textbooks,classifieds_listing_index,dated textbook listing evidence with city/price fields
Sri Lanka,ItemAds.lk education/books classifieds,https://itemads.lk/,classifieds_category,annex classifieds: education category explicitly includes buy/sell books and magazines
Sri Lanka,ItemAds.lk all-island location/category browsing,https://itemads.lk/,classifieds_home,horizontal classifieds/control with Sri Lanka location browsing
Sri Lanka,Facebook Marketplace Colombo books,https://www.facebook.com/marketplace/112660232078681/books/,social_marketplace_category,annex social/horizontal resale: new and used books for sale in Colombo
Sri Lanka,Buy & Sell Used Books - Sri Lanka,https://www.facebook.com/groups/637115459990606/,facebook_group,annex social resale: book-specific used-book buy/sell group
Sri Lanka,BookSwap.lk add-book modal,https://bookswap.lk/,official_site,"strict-main hardening: add-book flow, exchange/sell, condition/photos/details"
Sri Lanka,BookSwap.lk latest listings,https://bookswap.lk/,official_site,strict-main turnover hardening: April 2026 dated sell listings
Sri Lanka,BookExchange.lk textbook pricing guide,https://bookexchange.lk/blog/how-to-determine-textbook-value-sri-lanka.html,official_blog,"strict-main hardening: market context, direct communication, current listings"
Sri Lanka,2ndhandbooks.lk sell-old-books FAQ,https://2ndhandbooks.lk/,official_site,operator-mediated caveat: store/appraisal route for sellers
Sri Lanka,2ndhandbooks.lk about marketplace claim,https://2ndhandbooks.lk/about,official_about,strict-candidate hardening with curated/family-store caveat
Sri Lanka,Booxworm used-books market guide,https://booxworm.lk/blogs/books/the-complete-guide-to-buying-books-in-sri-lanka,market_context_blog,"market texture: Facebook Marketplace, Ikman, university groups, Maradana/Pettah used-book channels"
Brazil,Estante Virtual,https://www.estantevirtual.com.br/,official_site,marketplace home / catalog breadth
Brazil,Estante Virtual,https://universo.magalu.com/estante-virtual,official_seller_page,seller onboarding/plans under Magalu marketplace
Brazil,Estante Virtual,https://www.estantevirtual.com.br/sebos-e-livreiros,official_site,sebos/livreiros directory
Brazil,Portal dos Livreiros,https://www.portaldoslivreiros.com.br/,official_site,buy/sell specialist portal
Brazil,Portal dos Livreiros,https://www.portaldoslivreiros.com.br/livreiros.asp,official_directory,live livreiros/inventory list
Brazil,LeuVendeu,https://leuvendeu.com.br/,official_site,specialist used-book portal
Brazil,LeuVendeu,https://leuvendeu.com.br/vendedor/sr-sebo-livros-usados/,official_vendor_page,vendor surface / seller evidence
Brazil,Seboweb,https://www.seboweb.com.br/login,official_login,login/register surface
Brazil,Troca de Livros,https://www.trocadelivros.com.br/,official_site,book-specific exchange/reuse platform
Brazil,EstudeiVendi,https://play.google.com/store/apps/details?id=br.com.estudeivendi.loja,app_store,"education-goods marketplace app, new/used seller mechanics"
Brazil,EstudeiVendi,https://www.estudeivendi.com.br/post/reaproveitamento-de-livros,official_blog,used-book reuse and announcement language
Brazil,Bazar do Livro Usado,https://bazardolivro.com.br/,official_site,used-book buy/sell storefront
Brazil,A Traça Livraria e Sebo,https://www.traca.com.br/,official_site,single-operator used-book online inventory
Brazil,O Sebo Cultural,https://lojasebocultural.com.br/,official_site,single-operator used-book online inventory
Brazil,Sebo do Messias,https://sebodomessias.com.br/,official_site,single-operator major sebo catalog
Brazil,Torre de Papel Livros,https://torredepapellivros.com.br/,official_site,single-operator sebo/livraria catalog
Brazil,OLX Brasil,https://www.olx.com.br/livros-e-revistas,official_category,horizontal classifieds books/magazines category
Brazil,Enjoei,https://www.enjoei.com.br/livros-usados/s?q=livros+usados,official_category,horizontal recommerce used-books category
Brazil,Mercado Livre Brasil,https://lista.mercadolivre.com.br/livros-usados,official_category,horizontal marketplace used-books listings
Brazil,Shopee Brasil,https://shopee.com.br/search?keyword=livros%20usados,official_search,horizontal marketplace used-books listings
Brazil,Amazon Brasil,https://venda.amazon.com.br/vender-marketplace/vender-livros-online,official_seller_page,general marketplace seller flow for new/used books
China (mainland),孔夫子旧书网,https://www.kongfz.com/,official_homepage,specialist used-book / antiquarian marketplace and auction surface
China (mainland),孔夫子旧书网,https://pay.kongfz.com/,official_about_or_entry_surface,professional old-book trading platform; store/stall/depth counts
China (mainland),7788旧书,https://7788js.7788.com/,official_marketplace,specialist old/second-hand book collection and trading platform
China (mainland),7788旧书,https://apps.apple.com/us/app/7788%E6%97%A7%E4%B9%A6/id1519396738,app_store,"app description: old-book appraisal, auction, free trading and seller/buyer functions"
China (mainland),多抓鱼,https://www.duozhuayu.com/,official_homepage,official buy/sell second-hand books and apparel surface
China (mainland),多抓鱼,https://sj.qq.com/appdetail/com.duozhuayu.dejavu,app_store_tencent,"app description: sell idle books, inspection, cleaning/refurbishment, resale"
China (mainland),旧书街,https://www.jiushujie.com/,official_homepage,book-specific used-book trading website
China (mainland),旧书街,https://apps.apple.com/us/app/%E6%97%A7%E4%B9%A6%E8%A1%97-%E4%B9%B0%E5%8D%96%E4%BA%8C%E6%89%8B%E4%B9%A6/id963505449,app_store,app description: buy/sell/transfer/share idle and campus second-hand books
China (mainland),小谷吖,https://www.xiaoguya.com/toHtml?t=3,official_site,book circular-use network bookstore; idle-book buyback and low-price resale
China (mainland),小谷吖,https://sj.qq.com/appdetail/wx3d65f6c97795bc65,app_store_tencent,"2026 app/miniprogram description: second-hand bookstore, buyback and resale"
China (mainland),换享好书,https://sj.qq.com/appdetail/wxf420edc3c07c9e79,app_store_tencent,book-specific local sharing/rental/exchange/buy-sell/recycling mini-program
China (mainland),转转图书,https://m.zhuanzhuan.com/open/ZZBook/index.html,official_book_vertical,book/textbook vertical inside horizontal second-hand marketplace
China (mainland),转转,https://apps.apple.com/us/app/%E8%BD%AC%E8%BD%AC-%E4%BA%8C%E6%89%8B%E5%AE%98%E6%96%B9%E9%AA%8C/id1002355194,app_store,general second-hand app with official inspection/consignment/buyback mechanics
China (mainland),有路网 / 有路图书,http://www.youlu.net/,reported_official_domain,canonical domain cited by public directory traces; direct render remains targeted hold
China (mainland),有路图书,https://www.douyin.com/user/MS4wLjABAAAAb6BPkqP1QLEotB7v6_8M1UnTPj3DUcTTS2qB876WDzY,social_official_account_trace,Douyin account states 16-year second-hand book operations and book buyback
China (mainland),当当网,https://www.dangdang.com/,official_retail_homepage,"reclassification support: comprehensive retail/ecommerce book rail, not used-book marketplace evidence"
China (mainland),新华书店网上商城,https://sj.qq.com/appdetail/com.xhsd.bookmarket,app_store_tencent,reclassification support: new/正版 book ecommerce platform covering books/cultural goods
Iraq,Amazon Book / Ktebfroshi Amazon — Erbil,https://www.amazon-erbil.com/,official_site,"live official web catalogue, priced books, Erbil location/contact"
Iraq,Amazon Book / Ktebfroshi Amazon — Erbil,https://www.instagram.com/amazingbookstore/,social_storefront_trace,same Erbil location/phone alias surface; delivery to all Iraq
Iraq,Haval Bookstore — Erbil,https://www.instagram.com/havalbookstore.erbil/,social_storefront,large Erbil bookstore; delivery for entirety of Iraq
Iraq,Haval Bookstore — Erbil,https://www.facebook.com/havalbookstore.erbil/,social_storefront_trace,delivery to all Iraq / Erbil bookstore trace
Iraq,Headway Bookstore — Erbil,https://www.instagram.com/headwaybookstore/,social_storefront,Erbil bookstore; delivery to all Iraq and any-book order traces
Iraq,Headway Bookstore — Erbil,https://www.facebook.com/p/Headway-Bookstore-100088722900640/,social_storefront_trace,delivery to all Iraq / rare-any-book order trace
Iraq,Al Asriyah Bookshop — Baghdad,https://thenational.shorthandstories.com/best-bookshops-literature-middle-east-arab-world/,feature_article,"oldest Iraq bookshop; sold/purchased books, rare/old volumes, home delivery context"
Iraq,Al-Mutanabbi Street book market,https://www.baytalfann.com/post/the-book-market-of-baghdad-al-mutanabbi-street,context_feature,historic Baghdad book traders market; hundreds of bookstores and outdoor stalls
Iraq,Sutoor Bookstore / Dar Sutoor — Baghdad,https://magazine.imn.iq/mnwah/5608-%D9%85%D9%83%D8%AA%D8%A8%D8%A9-%D8%B3%D8%B7%D9%88%D8%B1-%D9%81%D9%8A-%D8%B3%D8%B7%D9%88%D8%B1-%D8%B9%D9%84%D9%89-%D8%A7%D9%84%D8%B1%D8%BA%D9%85-%D9%85%D9%86-%D8%AD%D8%AF%D8%A7%D8%AB%D8%A9-d.html,media_profile,"used-books origin, bookstore-publisher growth, province/university distribution"
Iraq,بيع وشراء كتب مستعملة في العراق — Facebook group,https://www.facebook.com/groups/700187817724917/,social_group,"public used-book buy/sell group, recent sale/delivery traces"
Iraq,الكروب العام لبيع وشراء الكتب في العراق — Facebook group,https://www.facebook.com/groups/433290513678333/,social_group,public Iraqi book buy/sell group with used/swap traces
Iraq,كروب المكتبات العراقية لبيع وشراء الكتب في العراق — Facebook group,https://www.facebook.com/groups/815445512371626/,social_group,public group for Iraqi libraries/booksellers book sale/buy traces
Iraq,سوق الكتاب المفتوح (العراق) — Facebook group,https://www.facebook.com/groups/3033623050053177/,social_group,public open book market Iraq group with used-book sale/swap traces
Iraq,عالم الكتب المستعملة بغداد عراق بيع شراء — Facebook page,https://www.facebook.com/booiraqooks/?locale=ar_AR,social_page,Baghdad/Iraq used-books social page with province delivery traces
Iraq,Kotobi__ used-books Instagram store,https://www.instagram.com/kotobi__/,social_storefront,"curated used books, delivery to all provinces, sell-only store"
Iraq,Tswahun Bookstore exchange service,https://www.instagram.com/reel/DWg-Dyluvyp/,social_video_trace,planned/returning old-book exchange feature at bookstore
Saudi Arabia,Mrrha / مررها,https://web.mrrha.app/,official_site,active Saudi community marketplace; books and used products in public surface
Saudi Arabia,Mrrha / مررها,https://apps.apple.com/us/app/%D9%85%D8%B1%D8%B1%D9%87%D8%A7/id1370910130,app_store,"Saudi community marketplace; books included; used/new/digital products; direct seller communication, payment and delivery claims"
Saudi Arabia,Mrrha / مررها,https://play.google.com/store/apps/details?id=com.ketabi.user,google_play,active app listing under com.ketabi.user; books included; used/new product marketplace language
Saudi Arabia,Mrrha / مررها,https://www.wamda.com/ar/2022/01/mrrha-raises-293k-fund-arabic,startup_news,"Mrrha began as Kitabi Lak to help students reuse books, then expanded to broader used-goods marketplace"
Saudi Arabia,Mrrha / مررها,https://web.mrrha.app/app/sellers/detail/168296,seller_page,visible used-book seller page / product list
Saudi Arabia,Rofoof / رفوف,https://www.rofoof.sa/about-us,official_site_hold,current official about surface; acquire/contribute book language in search/open surface
Saudi Arabia,Rofoof / رفوف,https://sa.linkedin.com/company/rofoof,company_profile,marketplace language: used-book buying/selling by supply/demand between seller and buyer on Rofoof platform
Saudi Arabia,Rofoof / رفوف,https://www.alriyadh.com/1648930,news_profile,2017 launch/profile as platform for buying/selling used books
Saudi Arabia,Rofoof / رفوف,https://www.al-madina.com/article/605619/%D8%A7%D9%82%D8%AA%D8%B5%D8%A7%D8%AF/%D8%AC%D9%8A%D9%87%D8%A7%D9%86-%D8%A3%D9%88%D9%84-%D8%B3%D8%B9%D9%88%D8%AF%D9%8A%D8%A9-%D8%AA%D8%A4%D8%B3%D8%B3-%D9%85%D9%86%D8%B5%D8%A9-%D8%B1%D9%81%D9%88%D9%81-%D9%84%D8%A8%D9%8A%D8%B9-%D8%A7%D9%84%D9%83%D8%AA%D8%A8-%D8%A7%D9%84%D9%85%D8%B3%D8%AA%D8%B9%D9%85%D9%84%D8%A9-%D9%88%D8%AA%D8%A3%D8%AC%D9%8A%D8%B1%D9%87%D8%A7,news_profile,"seller categories, recycling/donation/rental language; useful lineage evidence"
Saudi Arabia,Dar Alqima Used Books / دار الكتب القيمة للكتاب المستعمل,https://salla.sa/alqima.com,salla_storefront,explicit buys/sells used university and general books; Riyadh location
Saudi Arabia,Antique4k / أنتيكا للكتب القديمة والنادرة,https://antique4k.com/,official_storefront,old/rare/classic books and magazines; categories and worldwide shipping
Saudi Arabia,The First Page SA — Used Books,https://thefirstpagesa.com/en/category/zKdbvz,official_storefront,Used Books category with product count
Saudi Arabia,The First Page SA — shipping/payment,https://thefirstpagesa.com/shipping-details/page-1006026103,official_storefront,used-book payment and KSA/GCC shipping rules
Saudi Arabia,Abq Al-Kitab / عبق الكتاب للكتب القديمة والمستعملة,https://salla.sa/abq-alktab/ZYQbxRW,salla_storefront,"search/open evidence for used, old, rare books storefront"
Saudi Arabia,Jawharat Al-Khazana Used Books Library / مكتبة جوهرة الخزانة,https://www.instagram.com/used.books20/,social_storefront,Jeddah used-books library/storefront profile
Saudi Arabia,Jawharat Al-Khazana Used Books Library / مكتبة جوهرة الخزانة,https://www.reddit.com/r/Jeddah/comments/1myxavl/%D9%85%D9%83%D8%A7%D9%86_%D8%A7%D8%A8%D9%8A%D8%B9_%D9%81%D9%8A%D9%87_%D9%83%D8%AA%D8%A8_%D8%A7%D9%88_%D8%A7%D8%AA%D8%A8%D8%B1%D8%B9_%D9%81%D9%8A%D9%87%D8%A7/?tl=en,community_trace,"Jeddah used-book buyer/store recommendation, weak but useful"
Saudi Arabia,Haraj Saudi — used books search,https://haraj.com.sa/search/%D9%83%D8%AA%D8%A8.%20%D9%85%D8%B3%D8%AA%D8%B9%D9%85%D9%84%D8%A9.%20%D9%84%D9%84%D8%A8%D9%8A%D8%B9/,classifieds,current horizontal classifieds used-book listings
Saudi Arabia,r/KSABOOKS / Saudi used-new book trade subreddit,https://www.reddit.com/r/Jeddah/comments/1myxavl/%D9%85%D9%83%D8%A7%D9%86_%D8%A7%D8%A8%D9%8A%D8%B9_%D9%81%D9%8A%D9%87_%D9%83%D8%AA%D8%A8_%D8%A7%D9%88_%D8%A7%D8%AA%D8%A8%D8%B1%D8%B9_%D9%81%D9%8A%D9%87%D8%A7/?tl=en,community_trace,thread mentions new KSA books sub for sell/trade used or new books
Yemen,OpenSooq Yemen — Books & Magazines,https://ye.opensooq.com/en/books-and-hobbies/books-magazines,classifieds_category,"English surface: browse thousands of books for sale in Yemen; new, used and rare books; buy/sell framing"
Yemen,OpenSooq Yemen — Books & Magazines Arabic,https://ye.opensooq.com/ar/%D9%83%D8%AA%D8%A8-%D9%88%D9%87%D9%88%D8%A7%D9%8A%D8%A7%D8%AA/%D9%83%D8%AA%D8%A8-%D9%85%D8%AC%D9%84%D8%A7%D8%AA,classifieds_category,Arabic surface for books for sale in Yemen with used/new/rare framing and listing counts
Yemen,OpenSooq Yemen — used books filter,https://ye.opensooq.com/ar/%D9%83%D8%AA%D8%A8-%D8%B1%D9%8A%D8%A7%D8%B6%D8%A9-%D9%87%D9%88%D8%A7%D9%8A%D8%A7%D8%AA/%D9%83%D8%AA%D8%A8-%D9%85%D8%AC%D9%84%D8%A7%D8%AA/%D9%83%D8%AA%D8%A8/%D9%85%D8%B3%D8%AA%D8%B9%D9%85%D9%84,classifieds_filter,Arabic used-books filter with current used-book listings in Yemen
Yemen,OpenSooq Sana’a books listings,https://ye.opensooq.com/ar/%D8%B5%D9%86%D8%B9%D8%A7%D8%A1/%D9%83%D8%AA%D8%A8-%D9%88%D9%87%D9%88%D8%A7%D9%8A%D8%A7%D8%AA/%D9%83%D8%AA%D8%A8-%D9%85%D8%AC%D9%84%D8%A7%D8%AA,classifieds_city_filter,Sana’a book listings including used-condition examples
Yemen,Yemen Bookshop / المكتبة اليمنية,https://www.facebook.com/YemenBookShop/,social_official,active Yemen Bookshop Facebook surface; current book posts and public follower/like signal
Yemen,Yemen Bookshop Instagram,https://www.instagram.com/ybs_books/,social_official,Sana’a English books and activities bookstore profile
Yemen,Yemen Bookshop YouTube,https://www.youtube.com/channel/UC018PEd2qOk6Y9hwLorKpSA/videos?shelf_id=0&sort=dd&view=0,social_official,Yemen Book Shop video channel; supporting active identity trace
Yemen,Maktabat Khaled bin Al-Walid / مكتبة خالد بن الوليد,https://alfagrbookstore.com/publishers/16XYEZJKNH/,ecommerce_publisher_page,current purchasable titles and category depth; about text identifies specialist book seller
Yemen,Maktabat Khaled bin Al-Walid Aden branch,https://www.facebook.com/khaled3book3store/,social_official,Aden branch/public social trace; branches/publisher activity
Yemen,Maktabat Khaled bin Al-Walid Islamic Book Fair profile,https://islamicbookfairkw.com/publishers/272,fair_publisher_profile,Yemeni publisher profile noting branches in most Yemeni governorates
Yemen,Maktabat Al-Shorouq Sana’a / مكتبة الشروق,https://www.facebook.com/p/%D9%85%D9%83%D8%AA%D8%A8%D8%A9-%D8%A7%D9%84%D8%B4%D8%B1%D9%88%D9%82-%D9%84%D9%84%D8%B7%D8%A8%D8%A7%D8%B9%D8%A9-%D9%88%D8%A7%D9%84%D9%86%D8%B4%D8%B1-%D8%A7%D9%84%D9%8A%D9%85%D9%86-%D8%B5%D9%86%D8%B9%D8%A7%D8%A1-%D8%B4%D8%A7%D8%B1%D8%B9-%D8%AD%D8%AF%D9%87-100054393495166/,social_official,Sana’a Hadda Street bookstore/publisher; cultural/educational/university books
Yemen,Maktabat Dar Al-Thaqafa Al-Asriyah / مكتبة دار الثقافة العصرية,https://www.facebook.com/p/%D9%85%D9%83%D8%AA%D8%A8%D8%A9-%D8%AF%D8%A7%D8%B1-%D8%A7%D9%84%D8%AB%D9%82%D8%A7%D9%81%D8%A9-%D8%A7%D9%84%D8%B9%D8%B5%D8%B1%D9%8A%D8%A9-%D8%A7%D9%84%D9%8A%D9%85%D9%86-%D8%B5%D9%86%D8%B9%D8%A7%D8%A1-100085630722207/,social_official,Sana’a bookstore/printing service specializing in references
Yemen,Dar Al-Kutub Al-Wataniya — Yemen / دار الكتب الوطنية,https://www.facebook.com/daralkootob/,social_official,Sana’a book/library social surface with exchange/library language
Yemen,Yemen used-books social storefront / بيع وشراء الكتب المستعملة,https://www.instagram.com/p/DXcPuCjl5_l/,social_storefront,used-book post with price and delivery to all governorates of Yemen
Yemen,Yemen used-books social storefront / بيع وشراء الكتب المستعملة,https://www.instagram.com/p/DL0ro66qWC0/,social_storefront,additional used-book post with Yemen delivery language
Yemen,Sana’a Tahrir Square / Abdul-Mughni Street book-vendor seam,https://fikr.com/blogs/new/%D9%85%D9%86-%D8%A7%D9%84%D9%85%D8%AA%D9%86%D8%A8%D9%8A-%D8%A5%D9%84%D9%89-%D8%AD%D9%81%D8%B1%D8%A9-%D8%A7%D9%84%D9%83%D8%AA%D8%A8-%D8%A7%D9%84%D8%B4%D9%88%D8%A7%D8%B1%D8%B9-%D8%A7%D9%84%D8%AB%D9%82%D8%A7%D9%81%D9%8A%D8%A9-%D9%81%D9%8A-%D8%A7%D9%84%D8%A8%D9%84%D8%AF%D8%A7%D9%86-%D8%A7%D9%84%D8%B9%D8%B1%D8%A8%D9%8A%D8%A9,cultural_article,offline old/new book and magazine vendors around Tahrir Square/Abdul-Mughni Street in Sana’a
Palestine,OpenSooq Palestine Arabic books category,https://ps.opensooq.com/ar/%D9%83%D8%AA%D8%A8-%D9%88%D9%87%D9%88%D8%A7%D9%8A%D8%A7%D8%AA/%D9%83%D8%AA%D8%A8-%D9%85%D8%AC%D9%84%D8%A7%D8%AA,classifieds_category,"Arabic books category: discover/buy/sell books in Palestine, novels/textbooks/children/religion, marketplace framing"
Palestine,OpenSooq Palestine English books category,https://ps.opensooq.com/en/books-and-hobbies/books-magazines,classifieds_category,"English category says browse thousands of books for sale in Palestine; new, used and rare novels/textbooks/children books"
Palestine,Shobiddak Palestine — Books & Magazines,https://www.shobiddak.com/en/books-and-hobbies/books-magazines,classifieds_category,Browse thousands of books for sale in Palestine; new/used/rare; buy or sell today
Palestine,Mstaml Palestine — books / مكتبة نور الكتب tag,https://www.mstaml.com/ps/tag/%D9%81%D9%84%D8%B3%D8%B7%D9%8A%D9%86/%D9%85%D9%83%D8%AA%D8%A8%D8%A9-%D9%86%D9%88%D8%B1-%D8%A7%D9%84%D9%83%D8%AA%D8%A8?id=12945&location=5161,horizontal_resale_tag,Books listed by libraries or owners for transfer/direct sale; city filters; no ads at check time
Palestine,Ibhar Books / متجر إبحار للكتب,https://ibharbooks.com/,online_bookstore,"Arabic paper-book ecommerce shop with NIS prices, cart, categories, delivery in Palestine"
Palestine,Ibhar Books about/footer,https://ibharbooks.com/,online_bookstore,Footer/collection text: متجر الكتروني يعرض خدمة توصيل كتب ورقية باللغة العربية في فلسطين
Palestine,Academic Bookshop — Hebron,https://www.facebook.com/academicbookshopps/,social_bookstore_profile,Hebron bookstore profile; leading retailer/distributor of English books in Palestine
Palestine,Adam Bookshop / مكتبة ادم,https://www.facebook.com/Book.Store.b/,social_bookstore_profile,Ramallah location; delivery to all cities of Palestine; wholesale/retail language
Palestine,Kitabak La-Baytak / كتابك لبيتك,https://www.facebook.com/BookStorePalestine/,social_bookstore_delivery,Book delivery across Palestine; WhatsApp ordering/social bookstore surface
Palestine,Bastat Kotoob 2 Facebook post,https://www.facebook.com/almoultaqa.palestine/posts/1124506223176150/,social_offline_used_new_book_bazaar,Ramallah exhibition/bazaar with hundreds of used and new books at symbolic prices
Palestine,Bastat Kotoob 2 Facebook video,https://www.facebook.com/almoultaqa.palestine/videos/1146685697444188/,social_offline_used_new_book_bazaar,Used and new books at prices not exceeding 20 shekels; Ramallah physical location
Palestine,Al-Multaqa / الملتقى التربوي العربي Palestine page,https://www.facebook.com/almoultaqa.palestine/,institution_social_surface,Ramallah social institution page with Bastat Kotoob 2 used/new-book posts
Palestine,Free Book Exchange in Palestine group,https://www.facebook.com/groups/1050229842484899/,social_exchange_group,Public snippets show free Palestine book exchange with request/offer/sale posts
Palestine,Free Book Exchange in Palestine — Nablus used-sale snippet,https://www.facebook.com/groups/1050229842484899/posts/1662602884580922/,social_exchange_group_post,Public snippet: selling used books in Nablus; comment/contact flow
Palestine,Educational Bookshop storefront,https://educationalbookshop.com/,first_party_bookstore,"Jerusalem Shopify storefront with catalogue, NIS prices, categories and address"
Palestine,Sharbain Bookshop official,https://www.sharbain.com/,bookstore_distribution,Family-operated bookshop founded 1959 with Jerusalem/Ramallah branches and Palestinian territories/East Jerusalem supply reach
Palestine,Maktabat Noor tag / city filters evidence,https://www.mstaml.com/ps/tag/%D9%81%D9%84%D8%B3%D8%B7%D9%8A%D9%86/%D9%85%D9%83%D8%AA%D8%A8%D8%A9-%D9%86%D9%88%D8%B1-%D8%A7%D9%84%D9%83%D8%AA%D8%A8?id=12945&location=5161,horizontal_resale_tag,"City filters include Hebron, Ramallah, Nablus, Gaza Strip, Bethlehem, Jenin, Jericho, Jerusalem, etc."
Palestine,Dar Safhat / used-book Ramallah social snippet,https://www.instagram.com/reel/DW3Tr54jLBV/,supplementary_social_used_book_signal,Ramallah social snippet mentions used books alongside bookstore offerings; not added as canonical row this pass
Syria,Chamona official home,https://chamona.com/,online_bookstore,"Official home: first/online bookstore in Syria, active categories, Syria-wide delivery and outside-Syria shipping"
Syria,Chamona about page,https://chamona.com/%D8%B9%D9%86-%D8%A7%D9%84%D9%85%D8%AA%D8%AC%D8%B1/,online_bookstore,"About page: first electronic book store in Syria, curated books, payment methods, fast delivery to all governorates"
Syria,Alasdekaa direct site,https://alasdekaa.online/,bookstore_direct_site,Direct Aleppo bookstore site with current hours/contact; direct replacement/hardening for Warkabnkra/Alasdekaa row
Syria,AP — Damascus book fair 2026,https://apnews.com/article/syria-damascus-international-book-fair-censorship-kurds-e160adebadccad076ba13269a8b5e9de,news_book_fair,First post-Assad book fair; 250k opening-day attendance reported by state media; about 500 publishers from around 35 countries
Syria,SANA — Damascus book fair 2026,https://sana.sy/en/culture-and-arts/2291684/,official_news_book_fair,"More than 500 publishing houses from 35 countries and over 100,000 titles; 650 events"
Syria,Al Jazeera — Damascus book fair opening,https://www.aljazeera.net/culture/2026/2/6/%D8%A7%D9%81%D8%AA%D8%AA%D8%A7%D8%AD-%D9%85%D8%B9%D8%B1%D8%B6-%D8%AF%D9%85%D8%B4%D9%82-%D8%A7%D9%84%D8%AF%D9%88%D9%84%D9%8A-%D9%84%D9%84%D9%83%D8%AA%D8%A7%D8%A8,news_book_fair,More than 500 publishers and 35 countries in first edition after fall of ousted regime
Syria,Bilarabiya — old/used book spaces in Syria,https://bilarabiya.net/7841.html,used_book_street_vendor_context,Jisr al-Raees/Halbouni used-book stalls; old/used-book trade persisted
Syria,Oman Daily — Syrians selling home libraries,https://www.omandaily.om/%D8%AB%D9%82%D8%A7%D9%81%D8%A9/na/%D9%85%D8%A7-%D8%A7%D9%84%D8%B0%D9%8A-%D9%8A%D8%AF%D9%81%D8%B9-%D8%A7%D9%84%D8%B3%D9%88%D8%B1%D9%8A%D9%8A%D9%86-%D9%84%D8%A8%D9%8A%D8%B9-%D9%85%D9%83%D8%AA%D8%A8%D8%A7%D8%AA%D9%87%D9%85-%D8%A7%D9%84%D9%85%D9%86%D8%B2%D9%84%D9%8A%D8%A9-%D9%88%D9%85%D8%A7-%D9%81%D9%8A%D9%87%D8%A7-%D9%85%D9%86-%D9%83%D8%AA%D8%A8,used_book_street_vendor_context,"Jisr al-Raees, takiyya/museum sidewalks, al-Miskiyah/Souq al-Hamidiyah used-book vendors; students request titles"
Syria,BandoAds Syria used books root,https://www.bandoads.com/category/used-books/syria,classifieds_used_books_category,Syria-wide used-books classifieds category; search snippets describe Bando as large Syrian classifieds platform
Syria,BandoAds Damascus used books SEO render,https://btjayxedpxvtvebdqezd.supabase.co/functions/v1/render-seo?path=%2Fcategory%2Fused-books%2Fsyria%2Fdamascus,classifieds_used_books_city_category,SEO render confirms Damascus used-books category path/title
Syria,BandoAds Latakia used books,https://www.bandoads.com/category/used-books/syria/latakia,classifieds_used_books_city_category,Latakia used-books city category
Syria,BandoAds Hama used books,https://www.bandoads.com/category/used-books/syria/hama,classifieds_used_books_city_category,Hama used-books city category
Syria,BandoAds Daraa used books,https://www.bandoads.com/category/used-books/syria/daraa,classifieds_used_books_city_category,Daraa used-books city category
Syria,BandoAds Hasakah used books,https://www.bandoads.com/category/used-books/syria/hasakah,classifieds_used_books_city_category,Hasakah used-books city category
Syria,BandoAds Idlib used books,https://www.bandoads.com/category/used-books/syria/idlib,classifieds_used_books_city_category,Idlib used-books city category
Syria,Ketab Bookstore Instagram,https://www.instagram.com/ketab_bookstore/,social_online_bookstore,Syria online/social bookstore with delivery/ship-to-Syria language in public snippets
Syria,Shorfto / sh.sy book product,https://sh.sy/product/8389,general_ecommerce_book_product,"Book product page with bibliographic fields, Damascus delivery, governorate/outside-Syria shipping, order quantity"
Syria,National used-books group Syria,https://www.facebook.com/groups/1287905401286891/,social_used_books_group,Syria-wide used-books buy/sell/exchange group with active posts in public snippets
Syria,Damascus/Rif used-books group,https://www.facebook.com/groups/289269173076963/,social_used_books_group,Damascus/Rif used-books buy/sell group with public used-book snippets
Syria,Dar al-Watha’iq Aleppo used-books group,https://www.facebook.com/groups/318126032402278/,social_used_book_seller_group,Aleppo Dar al-Watha’iq used-book buy/sell group with WhatsApp/Telegram social-commerce follow-through in snippets
Syria,Damascus used/new book market group,https://www.facebook.com/groups/460472855707317/,social_used_new_book_group,"Damascus group for used heritage and new books, buy/sell"
Syria,Aleppo buy/sell new/used books group,https://www.facebook.com/groups/799004667966384/,social_used_new_book_group,Aleppo group with new/used book buy/sell snippets; not separately added as canonical row
Syria,Books exchange/buy/sell Damascus group,https://www.facebook.com/groups/956610627699007/,social_book_exchange_group,Damascus exchange/sell group; not separately added as canonical row
Syria,Syria books buy/sell group,https://www.facebook.com/groups/983793059484829/,social_books_buy_sell_group,Books buy/sell in Syria group; not separately added as canonical row
Syria,Syrian school textbooks used buy/sell group,https://www.facebook.com/groups/1623610477812120/,social_used_schoolbook_group,Used Syrian schoolbook buy/sell group; Baccalaureate/Damascus snippets
Libya,OpenSooq Libya Books & Magazines main,https://ly.opensooq.com/en/books-and-hobbies/books-magazines,horizontal_classifieds_books_category,Main Libya books category; current used/new/rare framing and listing counts
Libya,OpenSooq Libya Books & Magazines Arabic main,https://ly.opensooq.com/ar/%D9%83%D8%AA%D8%A8-%D9%88%D9%87%D9%88%D8%A7%D9%8A%D8%A7%D8%AA/%D9%83%D8%AA%D8%A8-%D9%85%D8%AC%D9%84%D8%A7%D8%AA,horizontal_classifieds_books_category,Arabic main category; confirms Libya-wide buying/selling books
Libya,OpenSooq Tripoli books vertical,https://ly.opensooq.com/en/tripoli/books-and-hobbies/books-magazines,horizontal_classifieds_city_vertical,Tripoli city-level books vertical
Libya,OpenSooq Benghazi books vertical,https://ly.opensooq.com/ar/%D8%A8%D9%86%D8%BA%D8%A7%D8%B2%D9%8A/%D9%83%D8%AA%D8%A8-%D9%88%D9%87%D9%88%D8%A7%D9%8A%D8%A7%D8%AA/%D9%83%D8%AA%D8%A8-%D9%85%D8%AC%D9%84%D8%A7%D8%AA,horizontal_classifieds_city_vertical,Benghazi city-level books listings
Libya,OpenSooq Misrata books vertical,https://ly.opensooq.com/ar/%D9%85%D8%B5%D8%B1%D8%A7%D8%AA%D8%A9/%D9%83%D8%AA%D8%A8-%D9%88%D9%87%D9%88%D8%A7%D9%8A%D8%A7%D8%AA/%D9%83%D8%AA%D8%A8-%D9%85%D8%AC%D9%84%D8%A7%D8%AA,horizontal_classifieds_city_vertical,Misrata city-level books listings
Libya,بيع و شراء الكتب المستعملة في ليبيا,https://www.facebook.com/groups/254795161356315/,social_used_book_group,Used-book buy/sell group description
Libya,بيع وشراء الكتب داخل ليبيا,https://www.facebook.com/groups/1979504345423011/,social_books_buy_sell_group,Books buy/sell group with recent snippets
Libya,مملكة الكتب لبيع وشراء الكتب داخل ليبيا,https://www.facebook.com/groups/1172432783193398/,social_books_buy_sell_group,Social group for selling books
Libya,بيع وشراء الكتب الدينية في ليبيا,https://www.facebook.com/groups/1131243561493040/,social_religious_used_books_group,Religious-book buy/sell social signal; source only
Libya,كتب مستعملة للبيع (طرابلس),https://www.facebook.com/groups/887509049144008/,social_tripoli_used_books_group,Tripoli used-books social group; source only
Libya,مكتبة جواد لبيع الكتب,https://www.facebook.com/p/%D9%85%D9%83%D8%AA%D8%A8%D8%A9-%D8%AC%D9%88%D8%A7%D8%AF-%D9%84%D8%A8%D9%8A%D8%B9-%D8%A7%D9%84%D9%83%D8%AA%D8%A8-100048134805052/,social_used_new_bookstore,Page says it buys/sells used and new books
Libya,مكتبة جواد about page,https://m.facebook.com/100048134805052/about/,social_used_new_bookstore_about,About-page confirmation for Jawad
Libya,Fergiani Bookshop official,https://fergianibooks.com/,bookstore_publisher_layer,Official Fergiani bookstore/e-commerce surface
Libya,British Museum authority record for Dar al-Fergiani,https://www.britishmuseum.org/collection/term/AUTH234204,publisher_bookstore_history,Historical Tripoli bookshop and publishing-house context
Libya,Libyan Wanderer Dar Fergiani story,https://libyanwanderer.com/libyas-most-famous-bookstore-the-story-of-dar-fergiani/,bookstore_history,Narrative context for Dar Fergiani Tripoli footprint
Libya,Al-Kon official,https://alkonbook.com/,bookstore_publisher_layer,Official Al-Kon bookstore/publisher lineage
Libya,Al-Kon Qalamzone vendor profile,https://qalamzone.com/en/%D8%A7%D9%84%D9%85%D8%AA%D8%AC%D8%B1/alkonbook/,bookstore_vendor_profile,Tripoli vendor/profile signal
Libya,Libyan services bookstore directory,https://services.ly/services_second.php?branch=%D9%85%D8%AD%D9%84%D8%A7%D8%AA+%D8%A8%D8%A8%D8%B9+%D9%83%D8%AA%D8%A8&id_science_branch=7&insert=2&n=2&science=%D9%85%D9%83%D8%AA%D8%A8%D8%A7%D8%AA,bookstore_directory,"Directory lists Alresalah, Fergiani, Misrata, Benghazi, and other bookstores"
Libya,LANA Public Prosecutor Book Fair 2025,https://www.lananews.com/ar/?p=450784,book_fair_context,Official Libyan News Agency report on 425 exhibitors / 170k titles
Libya,Libya Observer Public Prosecutor Book Fair 2025,https://libyaobserver.ly/videos/public-prosecutors-international-book-fair-2025,book_fair_context,English fair report with exhibitors/title counts
Libya,Tripoli International Fairgrounds book fair launch,https://tif.ly/en/bookfair2/,book_fair_context,Venue/fair launch context
Libya,LANA Library of the Future 2026,https://lana.gov.ly/post.php?id=351265&lang=en,public_library_context,Context-only public-library modernization signal
Malawi,Tisitano Malawi app / seller-flow description,https://play.google.com/store/apps/details?id=com.tisitano.trade,horizontal_classifieds_app,"App listing describes classifieds, seller registration/photo/+SELL/message flow, contact/purchase flow, TisiPay, and online shop creation."
Malawi,Tisitano main site,https://tisitano.com/,horizontal_classifieds_marketplace,"Official/classifieds surface; general buy/sell, not book-specific."
Malawi,Tisitano books for sale search,https://tisitano.com/search?country=Malawi&searchKeyword=books+for+sale&sort=LATEST,horizontal_classifieds_books_search,Search surface returns book sale listings in Malawi.
Malawi,Tisitano secondary books search,https://tisitano.com/search?country=Malawi&searchKeyword=secondary+books&sort=LATEST,horizontal_classifieds_education_books_search,Search surface returns secondary/school-book listings.
Malawi,Tisitano Facebook public scale signal,https://www.facebook.com/TisitanoTrade/,horizontal_classifieds_scale_context,"Public profile snippet reports 10,000+ businesses and 55,000+ listings; context only."
Malawi,MalondaPlace Books category current audit,https://malondaplace.com/categories/books,horizontal_classifieds_books_category,"Pass122 refresh: only two book listings but explicit category, filters, verified accounts, and free-post seller flow."
Malawi,Facebook Marketplace Zomba Books,https://www.facebook.com/marketplace/103704919668853/books/,social_marketplace_city_books,Zomba city-level new/used books social marketplace category.
Malawi,Facebook Marketplace Dedza Self-Help Books,https://www.facebook.com/marketplace/113253448690287/self-help-books/,social_marketplace_city_subject_books,Dedza subject-specific book category; source-only texture.
Malawi,Baobab Bookshop Facebook profile,https://www.facebook.com/p/Baobab-Bookshop-100057478928685/,secondhand_bookshop_social,Lilongwe profile says it sells quality second-hand books.
Malawi,Baobab Bookshop Facebook alternate profile,https://www.facebook.com/1109542665742250/,secondhand_bookshop_social,Alternate/legacy Facebook route for Baobab Bookshop.
Malawi,Malawian Book Seller Facebook profile,https://www.facebook.com/malawianbookseller/,social_used_book_buyer_seller,Profile says mostly buy and sell used books and welcome donations.
Malawi,Book Lover's Shop Facebook profile,https://www.facebook.com/bookloversshop20/,used_bookshop_social,Profile says it sells fairly used books in Lilongwe.
Malawi,Book Lover's Shop directory mirror,https://www.findglocal.com/MW/Lilongwe/155257-48/17,directory_social_mirror,FindGlocal mirrors Area 4 / Wenela Lilongwe and fairly used books language.
Malawi,Africana Bookshop / Central Africana Malawi Travel profile,https://malawitravel.org/participants-malawi-travel/africana-bookshop.html,antiquarian_bookshop_profile,"Malawi Travel profile documents dusty old tomes, old/out-of-print and antiquarian books."
Malawi,Chichewa101 Malawi bookshops directory,https://www.chichewa101.com/bookshops.html,bookshop_directory,"Directory lists Central Africana, Dapp Secondhand Book Shop, Central Bookshop, Maneno, etc."
Malawi,The Eye Malawi 2018 bookshop directory mirror,https://www.yumpu.com/en/document/view/61482712/the-eye-march-may-2018,historic_bookshop_directory,Older directory corroborates Dapp Secondhand Book Shop and multiple bookshop listings; context only.
Lesotho,IXcess Book App Lesotho,https://www.facebook.com/iXcessBookAppLesotho/,social_app_surface,weak-fit core / current-status hold
Lesotho,IXcess Book App Lesotho post,https://www.facebook.com/iXcessBookAppLesotho/posts/welcome-to-ixcess-lesotho-book-app-a-mobile-application-that-acts-as-both-a-libr/108013597726227/,social_app_post,rent/buy/sell language
Lesotho,iXcess Bookstore APKPure,https://apkpure.com/ixcess-bookstore/com.smartquoteafrica.ixcessapp,appstore_secondary,APK/version/rent-and-read evidence
Lesotho,Maseru Book Centre LesothoYP,https://www.lesothoyp.com/company/708/Maseru_Book_Centre,directory,single-store bookstore layer
Lesotho,Maseru Book Centre Facebook,https://www.facebook.com/100093482104514/,social_storefront,single-store bookstore layer
Lesotho,Maseru Book Centre Near-Place,https://ls.near-place.com/maseru-book-centre-kingsway-maseru,directory,location/bookstore evidence
Lesotho,Lesotho Book Centre Maseru,https://www.lesothoyp.com/company/707/Lesotho_Book_Centre,directory,branch-network bookstore layer
Lesotho,Lesotho Book Centre Hlotse,https://www.lesothoyp.com/company/706/Lesotho_Book_Centre,directory,branch-network bookstore layer
Lesotho,Lesotho Book Centre Mafeteng,https://www.lesothoyp.com/company/721/Lesotho_Book_Centre,directory,branch-network bookstore layer
Lesotho,Mohale's Hoek Book Centre,https://www.lesothoyp.com/category/Secondhand_books/city%3AMohales_Hoek,directory,secondhand-books category lead
Lesotho,Facebook Marketplace Foso Books,https://www.facebook.com/marketplace/105015796202163/books/,social_marketplace,annex / classifieds
Lesotho,Rebuydeal Lesotho used books,https://www.rebuydeal.com/da/sell-put-on-sale-second-hand-online-for-free?countries-origin=LS&country-name=Lesotho&search=Books,horizontal_classifieds,annex / classifieds
Lesotho,Rebuydeal Maseru used books,https://www.rebuydeal.com/de/sell-put-on-sale-second-hand-online-for-free?city=Maseru&city-id=932505&countries-origin=LS&search=Books,horizontal_classifieds,annex / classifieds
Lesotho,AAAFreeAds Maseru Books & Magazines,https://www.aaafreeads.com/cat-75-2480/lesotho/maseru/items-for-sale/books-magazines.html,horizontal_classifieds,annex / classifieds
Lesotho,Books for Lesotho books policy,https://booksforlesotho.org/books/,literacy_donation,patch existing literacy/donation layer
Seychelles,The Dusty Collection — sell your books,https://thedustycollection.com/sell-your-books-2/,sell_your_books_path,primary
Seychelles,The Dusty Collection — about search surface,https://thedustycollection.com/about-us-2/,about_platform_claim,primary
Seychelles,Rebuydeal Seychelles — used books posting rail,https://www.rebuydeal.com/en/sell-put-on-sale-second-hand-online-for-free?category-id=784&category-name=Books&countries-origin=SC&country-name=Seychelles,horizontal_secondhand_classifieds_books_category,supporting
Seychelles,Antigone Bookshop,https://koek.sc/en/merchant/antigone-bookshop,local_bookshop,supporting
Seychelles,Antigone Bookshop social surface,https://www.facebook.com/AntigoneSeychelles/,local_bookshop_social,supporting
Seychelles,Giraffe Book Shop,https://commercialregister.sc/seychelles/giraffe/,local_bookshop,supporting
Seychelles,Giraffe Book Shop social surface,https://www.facebook.com/GiraffeSey/,local_bookshop_social,supporting
Seychelles,Seychelles.com local books buying guide,https://seychelles.com/blog-details/1847/highlights/local-books-about-seychelles-and-where-buy-them-part-i,bookstore_context,supporting
Seychelles,Chanterelle Bookshop KOEK,https://koek.sc/en/merchant/chanterelle-bookshop,local_bookshop_hardening,supporting
Seychelles,Royal Bookshop,https://www-fallback.instagram.com/royal_bookshop_sey/,local_bookshop_social,supporting
Seychelles,Royal Bookshop credit/directory surface,https://www.icpcredit.com/Report/ReportRequest/Royal-Bookshop/614151,local_bookshop_directory,supporting
Seychelles,Royal Bookshop law-books social snippet,https://www.facebook.com/SolanoSeychelles/videos/law-books-latest-editions/452717801983354/,local_bookshop_social,supporting
Seychelles,Mortar Fist Comic Book Store / Cybo bookshops list,https://www.cybo.com/SC/victoria-seychelles/book-stores-and-newsstands/,bookstore_directory,supporting
Seychelles,Ubuy Seychelles Books,https://www.ubuy.sc/en/category/books-10180,international_book_ecommerce_vertical,supporting
Seychelles,BUY sell SELL buy Seychelles,https://www.facebook.com/groups/3486686351652604/,general_social_classifieds,supporting
Seychelles,BUY sell SELL buy Seychelles book set snippet,https://www.facebook.com/groups/3486686351652604/posts/4292362607751637/,social_classifieds_book_item_spillover,supporting
Seychelles,BUY sell SELL buy Seychelles used kids books snippet,https://www.facebook.com/groups/3486686351652604/posts/4413421058979124/,social_classifieds_book_item_spillover,supporting
Seychelles,Facebook marketplace 1000 books Victoria item,https://www.facebook.com/groups/1124964434202635/posts/24036521675953586/,social_marketplace_book_items,supporting
Kazakhstan,ObmenBook Instagram,https://www.instagram.com/obmenbook/,current_social_surface,Direct social profile for exchange/sale of books in Almaty
Kazakhstan,ObmenBook direct site,https://obmenbookkz.orgs.biz/,direct_site,Book sale/exchange contact flow and catalogue/news traces
Kazakhstan,The Village Kazakhstan ObmenBook guide,https://www.the-village-kz.com/village/city/city-guide/41661-4-mesta-v-almaty-gde-mozhno-obmenyatsya-knigami,publisher_guide,Describes ObmenBook as online platform for exchange and sale
Kazakhstan,Kaspi Ads Books/Journals,https://obyavleniya.kaspi.kz/hobby-otdyh/knigi-zhurnaly/,horizontal_classifieds,Kazakhstan-wide books/journals classifieds
Kazakhstan,Kaspi Ads Books,https://obyavleniya.kaspi.kz/hobby-otdyh/knigi-zhurnaly/knigi/,horizontal_classifieds,Books subcategory with condition/exchange filters
Kazakhstan,Kaspi Ads used-books query,https://obyavleniya.kaspi.kz/hobby-otdyh/knigi-zhurnaly/knigi/k--%D0%B1%D1%83/,horizontal_classifieds,Used/new/exchange query evidence
Kazakhstan,Kaspi platform overview,https://ir.kaspi.kz/platforms/marketplace/,general_marketplace_context,Broad multi-merchant marketplace infrastructure context
Kazakhstan,OLX Kazakhstan Books/Journals,https://www.olx.kz/hobbi-otdyh-i-sport/knigi-zhurnaly/,horizontal_classifieds,Live book listings/used-new labels
Kazakhstan,OLX Kazakhstan Bukinistika,https://www.olx.kz/hobbi-otdyh-i-sport/antikvariat-kollektsii/bukinistika/,horizontal_classifieds_bukinistika,Antique/rare books private-seller listings
Kazakhstan,OLX app listing,https://play.google.com/store/apps/details?id=kz.slando,general_classifieds_context,Horizontal classifieds and second-hand goods context
Kazakhstan,2GIS Kitapashar Astana,https://2gis.kz/astana/search/%D0%91%D1%83%D0%BA%D0%B8%D0%BD%D0%B8%D1%81%D1%82%D0%B8%D1%87%D0%B5%D1%81%D0%BA%D0%B8%D0%B9%20%D0%BC%D0%B0%D0%B3%D0%B0%D0%B7%D0%B8%D0%BD,directory,Astana bukinist bookstore directory evidence
Kazakhstan,Kursiv Kitapashar profile,https://kz.kursiv.media/2025-10-10/assm-astanintsy-vybrali-samyye-atmosfernyye-biblioteki-stolitsy/,local_press_profile,Astana vintage bukinist/cultural-space profile
Kazakhstan,Kitapashar Threads sale/current activity,https://www.threads.com/@kitapashar/post/DXjnVZGjUKA/%D0%BA%D0%BD%D0%B8%D0%B6%D0%BD%D0%B0%D1%8F-%D1%80%D0%B0%D1%81%D0%BF%D1%80%D0%BE%D0%B4%D0%B0%D0%B6%D0%B0%D0%BA%D0%BD%D0%B8%D0%B3%D0%B8-%D0%BE%D1%82-100-%D0%B4%D0%BE-1000-%D1%82%D0%B3-%D0%B1%D1%83%D0%BA%D0%B8%D0%BD%D0%B8%D1%81%D1%82%D0%B8%D1%87%D0%B5%D1%81%D0%BA%D0%B8%D0%B9-%D0%BC%D0%B0%D0%B3%D0%B0%D0%B7%D0%B8%D0%BD-%D1%81%D0%BD%D0%BE%D0%B2%D0%B0-%D1%80%D0%B0%D0%B7%D0%B3%D1%80%D1%83%D0%B6%D0%B0,current_social_surface,Current bukinist sale/social activity
Kazakhstan,OldBook.kz home,https://oldbook.kz/,direct_site,Largest online bukinist in Kazakhstan; 10k+ catalogue
Kazakhstan,OldBook.kz about,https://oldbook.kz/about_us,direct_site,Catalogue size/weekly additions/condition photo mechanics
Kazakhstan,Bukinist Nikolsky Instagram,https://www.instagram.com/bukinist.almaty/,current_social_surface,Accepts/sells books in Almaty
Kazakhstan,Youth.kz rare/old books in Almaty,https://youth.kz/article/gde-kupit-redkie-i-starye-knigi-v-almaty-RctxoTi1aV1IYBmoOoBn,local_guide,Nikolsky/Dudar current used-book guide
Kazakhstan,Antika.kz Bukinistika,https://antika.kz/product-category/bukinistika/,direct_site,Rare antiquarian books category
Cameroon,CamerBookshop Online current root,https://www.camerbookshop.online/,official_platform,strict-candidate current-status hardening
Cameroon,CamerBookshop Online seller/account snippet,https://www.camerbookshop.online/,official_platform,seller profile / subscription / payment-management evidence
Cameroon,Camerooncom BOOKS category,https://camerooncom.com/category/5,general_classifieds_books_category,new horizontal books-classifieds support
Cameroon,Meetlearn Cameroon Books Online,https://meetlearn.com/ML/en/3-books,book_ecommerce_textbooks,new weak-fit school/textbook ecommerce support
Cameroon,Bourse du Livre numérique CIO Mag report,https://cio-mag.com/cameroun-la-bourse-du-livre-desormais-en-version-numerique/,news_report_historical,historical exchange/sale/borrow/purchase seam
Cameroon,Vente et achat de livres en occasion au Cameroun,https://www.facebook.com/groups/845309272687351/,social_group_used_book_resale,used/new schoolbook social resale group
Cameroon,Échanges ventes et dons de livres 237,https://www.facebook.com/groups/868737960696315/,social_group_book_exchange_sale_donation,additional social exchange/sale/donation texture
Cameroon,Afrosmartshop Books Movies Music,https://www.afrosmartshop.cm/product-category/books-movies-music/,horizontal_marketplace_books_category,general marketplace with book/media category
Cameroon,Wisdom Bookshop Cameroon,https://www.wisdombookshop.cm/,online_bookstore,single-store online bookstore
Cameroon,Bookbank.00237 Facebook,https://www.facebook.com/p/Bookbank00237-61567058677167/,social_bookstore,Douala social bookstore
Cameroon,Book Bank X profile,https://x.com/bookbank237,social_bookstore,BookBank237 social activity cross-check
Cameroon,Lire à Douala ephemeral bookshop used sale,https://www.facebook.com/LireaDouala/,offline_used_book_event,ephemeral bookstore/used-book sale texture
Cameroon,FLENHIHBS book list used-from-seniors note,https://flenhihbs.com/book-list/,institutional_used_book_note,student used-book handoff texture
Cameroon,Facebook Marketplace Cameroon book listings,https://www.facebook.com/marketplace/,social_marketplace_book_items,city/item-level book listing texture
Gabon,Gabon Livre home-clean current subpage,https://www.gabonlivre.com/home-clean/,official_platform_subpage,strict candidate current-status hardening
Gabon,Gabon Livre root maintenance page,https://www.gabonlivre.com/,official_platform_root,mixed-live root maintenance status
Gabon,Gabon Livre vendor directory,https://www.gabonlivre.com/vendeurs-liste/,official_vendor_directory,six-store vendor-directory evidence
Gabon,Gabon Livre author/editor commercialization PDF,https://www.gabonlivre.com/wp-content/uploads/2023/06/Fiche-de-renseignement-sur-le-roman.pdf,official_submission_form_pdf,author/editor commercialization and payment form
Gabon,CoinAfrique Gabon DVDs CDs Livres category,https://ga.coinafrique.com/categorie/dvds-cds-et-livres,general_classifieds_books_category,new/used book classifieds category
Gabon,CoinAfrique Gabon book item listing,https://ga.coinafrique.com/annonce/dvds-cds-et-livres/livre-4959906,general_classifieds_book_item,seller contact and delivery item flow
Gabon,TROC VENTE ET ACHAT DE LIVRE AU GABON,https://www.facebook.com/groups/1507945253174689/,social_group_book_exchange_sale_buy,book-specific social resale/exchange texture
Gabon,Facebook Libreville schoolbook exchange/sale item cluster,https://www.facebook.com/marketplace/item/1583635445943293/,social_marketplace_book_items,used schoolbook exchange/sale social-item texture
Gabon,La Librairie du Mapane Facebook,https://www.facebook.com/LDMapane/,social_virtual_bookstore,Libreville virtual bookstore and delivery texture
Gabon,La Librairie du Mapane Instagram,https://www.instagram.com/lalibrairiedumapane/,social_virtual_bookstore,cross-platform virtual bookstore/social presence
Gabon,Maison de la Presse Gabon,https://www.maisondelapressegabon.com/,ordinary_online_bookstore_reservation_import,book reservation/import retail surface
Gabon,GabonLivres / LAHA Editions current shop,https://gabonlivres.com/,digital_bookshop_author_distribution,first-party/digital catalogue/account/subscription hardening
India,BookLal,https://play.google.com/store/apps/details?hl=en_US&id=com.booklal.booklal,app_store_listing,local used-book marketplace mechanics; US-localization caveat
India,BookSwap Hub,https://play.google.com/store/apps/details?hl=en_US&id=com.dignizant.bookswaphub,app_store_listing,location-based book exchange/nearby discovery
India,ResellPanda,https://resellpanda.vercel.app/,official_site_or_landing,student second-hand books marketplace claim
India,ResellPanda APKPure,https://apkpure.com/resellpanda/com.gopalpoddar4.resellpanda,app_store_mirror,India app version/activity and mechanics proof
India,ApnaBook,https://apnabook.in/,official_site_or_landing,locality second-hand books platform search-visible proof
India,GovtJobsIndia BookShare,https://play.google.com/store/apps/details?hl=en&id=com.prepbooks,app_store_listing,used books/study materials buy/sell/exchange app
India,ReuseBooks / Buy & Sell Old Books,https://play.google.com/store/apps/details?hl=en_US&id=com.reusebooks,app_store_listing,map-based school/college/city used-book listing app
India,BookLane,https://play.google.com/store/apps/details?hl=en_US&id=com.cloud_regex.book_lane,app_store_listing,pre-owned book buy/sell/listing/chat app proof
India,PustakMart FAQ / sell flow,https://pustakmart.com/faqs/,official_site_or_landing,"sell form, pickup, verification and payment mechanics"
India,UsedBooksFactory,https://www.usedbooksfactory.com/,official_site,multi-vendor/market aggregation recheck
India,NearBook,https://play.google.com/store/apps/details?hl=en_US&id=com.show.mybook,app_store_listing,hyper-local India used-books marketplace recheck
India,Sumrux Eco Textbooks Campaign,https://www.sumrux.com/eco-textbooks-campaign1,official_site,book-specific textbook list/find sell/donate/swap flow
India,Sumrux Terms of Service,https://www.sumrux.com/terms-of-service,official_site_terms,peer-to-peer marketplace direct-transaction mechanics
India,Times of India Sumrux feature,https://timesofindia.indiatimes.com/city/bengaluru/bengalurus-initiative-to-recycle-childrens-books-sell-swap-and-donate-with-sumrux/articleshow/130595065.cms,news_profile,April 2026 independent current-status confirmation
India,BookLal Google Play,https://play.google.com/store/apps/details?hl=en_US&id=com.booklal.booklal,app_store_listing,current mechanics plus United States wording/country-scope conflict
India,BookLal Indus Appstore,https://www.indusappstore.com/apps/shopping/booklal/com.booklal.booklal/?id=com.booklal.booklal&page=details,app_store_listing,India-scoped BookLal used-book marketplace wording
India,BookLal AppBrain,https://www.appbrain.com/app/booklal-buy-sell-used-books/com.booklal.booklal,app_store_analytics,download/review scale signal
India,ResellPanda official site,https://resellpanda.vercel.app/,official_site_or_landing,India student second-hand textbook marketplace; verified sellers; secure payments
India,ResellPanda Instagram launch,https://www.instagram.com/p/DRKgL8KEmOK/,social_official_or_public_post,Nov. 2025 social launch / list books signal
India,ApnaBook official site,https://apnabook.in/,official_site_or_landing,locality buy/sell second-hand books proof
India,PustakMart shop,https://pustakmart.com/shop/,official_site_or_landing,new and pre-owned books catalogue
India,PustakMart FAQs,https://pustakmart.com/faqs/,official_site_or_landing,"sell form, pickup, verification and payment mechanics"
India,PustakMart donate page,https://pustakmart.com/donate/,official_site_or_landing,donation/pickup flow and reuse/social channel
India,PustakMart shipping policy,https://pustakmart.com/shipping-policy/,official_site_or_landing,pre-loved books shipping policy
India,MyOldBooks Google Play,https://play.google.com/store/apps/details?id=com.sellingapp2022,app_store_listing,local used-books marketplace mechanics; sell/upload/chat flow
India,BookLane Google Play,https://play.google.com/store/apps/details?id=com.cloud_regex.book_lane,app_store_listing,buy/sell pre-owned books and direct app mechanics
India,BookLane LinkedIn,https://www.linkedin.com/company/booklane-buy-sell-used-books,company_profile,early-stage India book buy/sell startup footprint
India,BookLane Instagram post,https://www.instagram.com/p/DXgBcF2jFog/,social_official_or_public_post,list books / direct orders activity signal
India,Bookaao official site,https://www.bookaao.com/,official_site_or_landing,escrow/doorstep collection mechanics
India,Bookaao Instagram,https://www.instagram.com/bookaaoindia/,social_official_or_public_post,India pickup/sell old books activity signal
India,Pustak Market Google Play,https://play.google.com/store/apps/details?id=com.pustakk.markett,app_store_listing,net-new buy/sell books marketplace app
India,Classic Pages Google Play,https://play.google.com/store/apps/details?id=com.classic_pages.app,app_store_listing,net-new preloved/rent/buy books app weak-fit evidence
India,Flying Books Google Play,https://play.google.com/store/apps/details?id=com.FlyingBooks.app,app_store_listing,net-new old/new books store app with sell-your-used-books flow
India,Flying Books Indus Appstore,https://www.indusappstore.com/apps/books-and-reference/flyingbooks/com.FlyingBooks.app/?id=com.FlyingBooks.app&page=details,app_store_listing,India app-store corroboration for Flying Books
India,Sumrux Times of India,https://timesofindia.indiatimes.com/city/bengaluru/bengalurus-initiative-to-recycle-childrens-books-sell-swap-and-donate-with-sumrux/articleshow/130595065.cms,news,April 2026 current Bengaluru textbook reuse confirmation
India,NearBook Google Play,https://play.google.com/store/apps/details?hl=en_IN&id=com.show.mybook,app_store_listing,current hyper-local India used-books app recheck
India,Graffitti Books Google Play,https://play.google.com/store/apps/details?id=com.graffittibooks.app,app_store_listing,existing strict row corroboration: India second-hand books app/COD
Nigeria,PreownedBooks.ng root,https://www.preownedbooks.ng/,official_site,strict core live inventory/vendor/city proof
Nigeria,PreownedBooks.ng seller terms,https://www.preownedbooks.ng/terms-and-conditions/,official_terms,"seller listing fee, commission, payout, delivery and book-condition mechanics"
Nigeria,PreownedBooks.ng about,https://www.preownedbooks.ng/about-us/,official_about,curated marketplace / anyone can sell / second-life used-book framing
Nigeria,PreownedBooks.ng shop,https://www.preownedbooks.ng/shop/,official_catalogue,live pre-loved inventory with city/category/product prices
Nigeria,SchoolBOOKS Nigeria root,https://schoolbooks.com.ng/,official_site,used academic books/list books/start selling proof
Nigeria,ALÁKÒWÉ Instagram profile,https://www.instagram.com/the_alakowe/,social_official_or_public_post,managed thrift book marketplace buy/sell pre-loved books; launch/status hold
Nigeria,ALÁKÒWÉ Instagram launch posts,https://www.instagram.com/p/DXKNvoFCFMP/,social_official_or_public_post,"managed thrift book marketplace / launching soon / sell finished books, others buy"
Nigeria,Six33Four Nairaland seller-marketplace evidence,https://www.nairaland.com/7365114/sell-used-text-books-six,forum_historical_current_uncertain,old used textbook listing/seller marketplace claim; direct site not recovered
Nigeria,CampusPlug Google Play,https://play.google.com/store/apps/details?hl=en&id=com.campusplug.app,app_store_listing,existing campus horizontal marketplace updated April 2026
Nigeria,CampusTradeNG Google Play,https://play.google.com/store/apps/details?id=com.campustradeng.app,app_store_listing,net-new campus horizontal marketplace app; books/textbooks among traded goods
Nigeria,CampusHub Google Play,https://play.google.com/store/apps/details?id=com.nistoresnaija.campushub,app_store_listing,net-new campus used items marketplace; academic materials among goods
Nigeria,CampusHub official site,https://www.campushubng.com/,official_site,"50,000+ used items sold; app-only current marketplace access"
Nigeria,Booka Google Play,https://play.google.com/store/apps/details?hl=en&id=com.bookacampus.app,app_store_listing,net-new campus textbook ordering/bookshop app
Nigeria,Booki / TheMainBooki official site,https://themainbooki.com/,official_site,digital author/self-publishing marketplace; reaffirmed weak-fit/digital only
Nigeria,Jiji Nigeria Google Play,https://play.google.com/store/apps/details?id=ng.jiji.app,app_store_listing,horizontal classified app context; books remain annex only
Mauritania,OpenSooq Mauritania — Books & Magazines,https://mr.opensooq.com/en/books-and-hobbies/books-magazines,current_web_search_result,Country books classifieds vertical; buy/sell new/used/rare books framing
Mauritania,OpenSooq Nouakchott Books & Magazines,https://mr.opensooq.com/en/nouakchott/books-and-hobbies/books-magazines,current_web_search_result,City books classifieds vertical for Nouakchott
Mauritania,All-Souq Mauritania classified-app rail,https://play.google.com/store/apps/details?id=com.web_annonces.all_souq.com.Mauritania.Classifieds,google_play_current,Horizontal Mauritania classifieds app buyer/seller mechanics
Mauritania,All SouQ Mauritania Books and stories,https://mr.all-souq.com/fr/things-for-sale/books-and-stories,current_web_search_result,Books/stories classifieds category; bot-gated direct page
Mauritania,Librairie Ambulante Nouakchott,https://www.facebook.com/elibrairienkc/,facebook_search_visible,"Sale/exchange of new and second-hand books, social-hosted book reuse signal"
Mauritania,Librairie Ambulante Nouakchott videos/albums,https://www.facebook.com/elibrairienkc/videos/,facebook_search_visible,Search-visible confirmation of sale/exchange of new and second-hand books
Mauritania,rim book Nouakchott,https://www.facebook.com/p/rim-book-61554151147367/,facebook_search_visible,Nouakchott bookstore/social-commerce depth
Mauritania,Librairie Vents du Sud / Intercom AILF,https://alf.website/fr/?members=librairie-vents-du-sud-intercom,bookseller_association_profile,Re-hardened established francophone bookstore context
Mauritania,"Facebook Marketplace Nouakchott Books, Movies & Music",https://www.facebook.com/marketplace/108144375883042/media/,facebook_marketplace_search_visible,City-level social/horizontal category for new and used books/media
Mauritania,MauritaniaYP Nouakchott books listings,https://www.mauritaniayp.com/category/Books/city%3ANouakchott,directory_search_visible,Re-hardened bookstore cluster list
Mauritania,Chinguetti rare-book/library context,https://www.aljazeera.com/features/2026/4/27/the-man-guarding-mauritanias-rare-islamic-texts,current_news_context,Recent rare-book/library cultural context; not marketplace evidence
Madagascar,ZomaOkaz Madagascar Books current category,https://zomaokaz.mg/fr/recherche?category_id=f22ca84d-f5a2-43ea-8237-4f9bd01e5786,current_web_search_result,Current books classifieds category; new/used books for sale/buy framing
Madagascar,Zoma Marketplace librairie en ligne direct,https://www.zoma.mg/3676-librairie-en-ligne,current_direct_web,Marketplace-hosted online bookstore channel; Il était une fois partner; delivery/account/order surfaces
Madagascar,La Bouquinerie de Linda direct,https://zigzag7oaks.wixsite.com/labouquinerie,current_direct_web,Online bouquinerie with deposit/consignment and Madagascar delivery mechanics
Madagascar,Ambohijatovo Antananarivo second-hand book market,https://www.madacamp.com/Book_Market,current_direct_web,Offline second-hand book market; everyday except Sunday
Madagascar,Loozap Madagascar Antananarivo Books,https://mg.loozap.com/search/category%2C784/region%2C10670856/city%2C4070940/iPage%2C2,current_web_search_result,Horizontal classifieds book category with sellers/deals framing
Madagascar,KIBO Madagascar Librairie,https://www.kibo.mg/tananarive/316-librairie,current_direct_web,"First-party online bookstore with category depth, order/pricing/account/payment/shipping surfaces"
Madagascar,Boky Occaz MDG,https://www.facebook.com/BokyOccazMDG/,facebook_search_visible,Used books/toys conditions and social storefront
Madagascar,Boky Occaz MDG balle boky post,https://www.facebook.com/BokyOccazMDG/posts/arrivage-balle-boky-septembre-2025merci-de-bien-lire-nos-cgv-avant-tout-achat-ht/1341819544613031/,facebook_search_visible,Used book lots / balle livres occasion circulation
Madagascar,Livres de Mi Facebook,https://www.facebook.com/LivresDeMii/,facebook_search_visible,Online-only used-novel bookstore in Antananarivo
Madagascar,Livres de Mi Instagram,https://www.instagram.com/livresdemi/,instagram_search_visible,Used novels in French/English and Madagascar delivery
Madagascar,Facebook Marketplace Antananarivo Books Movies Music,https://www.facebook.com/marketplace/107061089324930/media/,facebook_marketplace_search_visible,City category for new/used books/media
Madagascar,Livres à vendre MDG social-sale seam,https://www.facebook.com/groups/506315732770001/,facebook_group_search_visible,Social books-for-sale / balle boky group texture
Madagascar,FindGlocal Boky Occaz page echo,https://www.findglocal.com/MG/Antananarivo/153643-42/106,directory_echo,Directory echo for Boky Occaz MDG and sale of used book lots
Mauritius,AsterVender second-hand Bookshop root,https://www.astervender.mu/second-hand/Bookshop,current_direct_web,Second-hand bookshop category; 187 offers; sell product/register/login flow; book subcategories
Mauritius,AsterVender second-hand fictional books,https://www.astervender.mu/second-hand/Bookshop/Fictional-books?page=1&sort=views,current_direct_web,"Fictional-books subcategory with 78 offers, used tags, prices and view/buy links"
Mauritius,AsterVender second-hand children books,https://www.astervender.mu/second-hand/Bookshop/Children%27s-books,current_direct_web,"Children’s-books subcategory with used tags, prices, second-hand school/children book listings and add product flow"
Mauritius,AsterVender secondary school books,https://www.astervender.mu/category/Bookshop/Secondary-school,current_direct_web,Secondary school book listings with used/new condition tags and seller add-product/login flow
Mauritius,Librairie Bourbon Frolic 2026 profile,https://frolic.mu/top-bookstores-in-mauritius-for-every-book-lover/,current_secondary_profile,"2026 profile: first seller of second-hand primary/secondary school textbooks, practice continues"
Mauritius,Librairie Bourbon Yelo listing,https://www.yelo.mu/company/14161/librairie-bourbon,current_business_directory,Old Port Louis bookstore listing; general bookstore status
Mauritius,Le BookShop Facebook,https://www.facebook.com/booksincrannies/,facebook_search_visible,Grand Baie/Books in Crannies social storefront; second-hand book clearance snippets
Mauritius,Le BookShop Instagram post,https://www.instagram.com/p/C3C6T8HtQDx/,instagram_search_visible,Excellent quality second-hand books in multiple genres
Mauritius,Le Book Store Belle Rose Yelo listing,https://www.yelo.mu/company/15332/le-book-store,current_business_directory,"Bookstore listing categorized under Books, Secondhand Stores and Online Shopping"
Mauritius,Unique Bookshop Rose Hill Propertyfinder profile,https://www.propertyfinder.mu/blog/339/discover_the_best_bookshops_and_online_bookstore_in_mauritius/,current_secondary_profile,"Rare and second-hand books, out-of-print/vintage stock; offline used-bookshop signal"
Mauritius,The Charity Centre / The Good Shop used-book thrift layer,https://www.propertyfinder.mu/blog/339/discover_the_best_bookshops_and_online_bookstore_in_mauritius/,current_secondary_profile,Charity/thrift shops selling second-hand books and pre-loved items
Mauritius,Facebook Marketplace Moka Books,https://www.facebook.com/marketplace/114538895223477/books/,facebook_marketplace_search_visible,New/used books for sale in Moka; free social marketplace listing
Mauritius,Facebook Marketplace Mahébourg Books,https://www.facebook.com/marketplace/100244363351269/books/,facebook_marketplace_search_visible,New/used books for sale in Mahébourg; free social marketplace listing
Mauritius,Facebook Marketplace Tamarin Books,https://www.facebook.com/marketplace/108433389181024/books/,facebook_marketplace_search_visible,New/used books for sale in Tamarin; second-hand book snippets
Mauritius,Mauritius Book Club Buy Sell Exchange,https://www.facebook.com/groups/433813791868285/,facebook_group_search_visible,Used/new books for sale; delivery/postage snippets; social buy/sell/exchange rail
Mauritius,Buy Sell Exchange Books in Mauritius,https://www.facebook.com/groups/700913916607590/,facebook_group_search_visible,Social book sale/exchange group with used-textbook/book sale snippets
Réunion,leboncoin Réunion livres d’occasion,https://www.leboncoin.fr/cl/livres/rp_r%C3%A9union,current_direct_category,High-volume horizontal used-book category with 23k+ Réunion listings
Réunion,Bourbonlivre.com,https://bourbonlivre.com/,current_direct_site,Used/antiquarian book ecommerce root with cart/account and regional categories
Réunion,Bourbonlivre.com Réunion category,https://bourbonlivre.com/Ocean-indien/reunion,current_direct_category,Réunion used-book category/product depth
Réunion,Bourbonlivre.com rachat,https://bourbonlivre.com/,current_direct_site_navigation,Rachat de vos livres anciens path exposed in site navigation
Réunion,Cash Converters Réunion — Livres,https://www.cashconverters.re/c/livres,current_direct_category,Local horizontal secondhand books category and revendre language
Réunion,ParuVendu Réunion livres et BD,https://www.paruvendu.re/vente-occasion-livres-bd/la-reunion-97400/790580/,current_direct_classifieds_category,Horizontal book/BD classifieds with local listings
Réunion,L’Accent du Sud / Bouquinerie Terre Sainte,https://www.facebook.com/bouquinerie.terre.sainte/,current_social_surface,Saint-Pierre used-bookstore social profile
Réunion,L’Accent du Sud directory,https://librairie-de-livres-d-occasion.librairie.tel/l-accent-du-sud-3458129.html,directory_profile,"Used-bookstore directory profile, used products and delivery"
Réunion,Ellipsis Bookstore,https://www.facebook.com/Ellipsisbookstore/,current_social_surface,Le Tampon used-bookstore social profile
Réunion,Ellipsis Bookstore Instagram,https://www.instagram.com/ellipsis_bookstore.librairie/,current_social_surface,Used-bookstore positioning and address
Réunion,Ellipsis Bookstore directory,https://www.globuya.com/RE/Le-Tampon/101533562023720/Ellipsis-Bookstore---Librairie,directory_mirror,Directory mirror of used-bookstore social feed
Réunion,Sète à Lire,https://setealire.re/,current_direct_site,Discount new-book local ecommerce and delivery surface
Réunion,RecycLivre France,https://www.recyclivre.com/,national_used_book_operator_context,France-wide used-book sale/donation/buyback context; not local Réunion promotion
Réunion,RecycLivre sell app,https://play.google.com/store/apps/details?id=com.recyclivre.app,current_app_context,France used-book buyback app context; no local Réunion strict promotion
Tanzania,A Novel Idea pre-loved / used books,https://anovelidea.co.tz/pre-loved-used-books/,pass135_web_recheck,Direct pre-loved/used-books bookstore page and store/online surface
Tanzania,BayreBooks Tanzania,https://bayrebooks.com/,pass135_web_recheck,Direct new/pre-owned categories and delivery/shop surface
Tanzania,BayreBooks wholesale,https://bayrebooks.com/wholesale/,pass135_web_recheck,Wholesale pricing on new and pre-owned books
Tanzania,Jiji Tanzania Books & Table Games,https://jiji.co.tz/dar-es-salaam/books-and-games,pass135_web_recheck,Horizontal classifieds book/category result counts and filters
Tanzania,Loozap Tanzania books category,https://tz.loozap.com/search/category%2C784/region%2C3160260/sCompany%2C0/sShowAs%2Clist,pass135_web_recheck,Horizontal classifieds book listings in Dar es Salaam
Tanzania,Books First Africa about,https://www.booksfirst.africa/about-booksfirst-africa,pass135_web_recheck,"Regional new/pre-loved books, Tanzania delivery and wholesale positioning"
Tanzania,Books First Africa pre-loved landing,https://www.booksfirst.africa/app-landing-page,pass135_web_recheck,Pre-loved collection positioning
Tanzania,The Book Deal Dar es Salaam,https://www.instagram.com/the_bookdeal/,pass135_web_recheck,Pre-loved/new buy/sell/trade social seller and nationwide delivery
Tanzania,Buy and sell books Tanzania Facebook group,https://www.facebook.com/groups/1602190890075620/,pass135_web_recheck,Book-specific social buy/sell/trade group
Tanzania,READ International Dar-es-Salaam Book Sales,https://www.facebook.com/READbooksales/,pass135_web_recheck,Secondhand book-sale program/social surface
Tanzania,Lee Books Dar es Salaam,https://www.facebook.com/leebooks12,pass135_web_recheck,Pre-owned book social seller
Tanzania,Bookworms Tanzania,https://www.facebook.com/108299234952936,pass135_web_recheck,Used and new books online/social shop with delivery
Tanzania,Vitabu Corner / bookworm_tz,https://www.instagram.com/bookworm_tz/,pass135_web_recheck,New/used book social shop with delivery
Nepal,Sajha Kitab,https://sajhakitab.com/,pass136_direct_web,"Direct platform root: old-book buy/sell platform, free ad posting, 2,683+ ads, dated 2026 listings"
Nepal,Sasto Kitab,https://www.sastokitab.com/,pass136_direct_web,Direct root/category evidence: buy/sell/exchange/donate books locally and active category counts
Nepal,Sasto Kitab seller guide,https://www.sastokitab.com/blogs/the-best-place-to-sell-ebooks-and-second-hand-books-in-nepal,pass136_direct_web,Official blog: sell eBooks and second-hand books in Nepal; physical books listed and sold through marketplace
Nepal,Books Mandala — Used Books,https://booksmandala.com/used-books,pass136_direct_web,Retail used-books category / second-hand book layer
Nepal,Hamrobazar — Books & Learning category,https://hamrobazaar.com/category/books-learning/21CCF9DF-83A0-46AE-A089-6F61B1A89037,pass136_direct_web,Horizontal classifieds books category with condition/price/location filters and post-for-free flow
Nepal,Hamrobazar — second hand books listing,https://hamrobazaar.com/detail/83df6cae1c9e4f8ea2bc43f9a1eb34c4,pass136_direct_web,"Item-level second-hand book listing with seller chat/contact, condition, price, delivery and related used/new book suggestions"
Nepal,Hamrobazar app,https://play.google.com/store/apps/details?id=com.hamrobazar.android,pass136_app_store,"Nepal-only general classifieds app: free ads for new/used products, seller management and buyer contact flow"
Nepal,Boli Bajar,https://play.google.com/store/apps/details?id=com.np.annomy.bolibajar,pass136_app_store,Nepal second-hand bidding marketplace app; horizontal recommerce evidence
Nepal,Jhigu Bazar,https://play.google.com/store/apps/details?id=com.jhigubazar,pass136_app_store,Nepal buy/sell/donate new or used things app; horizontal reuse evidence
Argentina,BiblioMarket,https://www.bibliomarket.com.ar/,pass137_direct_site,Specialist Argentina used-book marketplace root; buy/sell/free listing framing
Argentina,BiblioMarket support/FAQ,https://www.bibliomarket.com.ar/soporte,pass137_direct_faq,"C2C used-book marketplace, MercadoPago and OCA mechanics"
Argentina,BiblioMarket seller flow,https://www.bibliomarket.com.ar/vender,pass137_direct_seller_flow,"Free publication, photos, MercadoPago buyer payment, OCA label, withdrawal commission"
Argentina,Tubuc root,https://tubuc.com/,pass137_direct_site,Used and self-published books store with seller names and current products
Argentina,Tubuc used-book marketplace explainer,https://tubuc.com/donde-comprar-libros-usados-en-argentina/,pass137_direct_blog,Marketplace argentino for used-book buying/selling between people; OCA and cafe pickup mechanics
Argentina,Tubuc FAQ,https://tubuc.com/preguntas-frecuentes-2/,pass137_direct_faq,"Seller commission, MercadoPago settlement and seller tips"
Argentina,Tubuc about/what-is,https://tubuc.com/que-es-tubuc-tienda-de-libros/,pass137_direct_about,"Readers, private sellers, independent authors; upload books and buy used/indie books"
Argentina,Pila de Libros,https://piladelibros.com/,pass137_direct_site,Book-specific exchange platform direct site
Argentina,Página/12 Pila de Libros profile,https://www.pagina12.com.ar/842680-como-funciona-pila-de-libros-el-tinder-de-quienes-buscan-int/,pass137_press,2025 profile describing free book-exchange platform / Tinder de libros
Argentina,Descubre VC Pila de Libros profile,https://www.descubre.vc/noticia/pila-de-libros-tinder-literario-para-intercambiar-libros-usados-2025-07-08,pass137_press,2025 profile with active-user/interchange scale and used-book exchange framing
Argentina,Buscalibre Argentina,https://www.buscalibre.com.ar/,pass137_direct_site,Argentina online bookstore root; broad retail/import framing
Argentina,Buscalibre Argentina used/antiquarian filter,https://www.buscalibre.com.ar/arg-libros-con-envio-gratis_t.html,pass137_direct_category,Estado filters include new/used; weak-fit used inventory evidence
Argentina,MercadoLibre Argentina used books,https://listado.mercadolibre.com.ar/libros-usados,pass137_marketplace_category,Horizontal marketplace used-books category
Argentina,LibreroOnline readers,https://libreroonline.com/lectores/,pass137_regional_network,Latin American used-book network / country-scope hold
Argentina,LibreroOnline categories/cart,https://libreroonline.com/categorias/,pass137_regional_network,Country/category surfaces include books of Argentina
Argentina,Librería Aguilar,https://libreriaaguilar.com.ar/,pass137_single_store,Single-store used/new bookseller; buys books; nationwide shipping
Argentina,LibreriaUsados.com,https://libreriausados.com/,pass137_single_store,Argentina used/rare online bookstore with large claimed stock
Argentina,La Libre used books,https://usados.lalibre.com.ar/,pass137_single_store,Cooperative online used-books gallery
Argentina,Anuto Argentina vende libro,https://ar.anuto.app/s/vende-libro,pass137_horizontal_classifieds,Horizontal classifieds with book-sale/used-book ads
Argentina,Facebook Libros Usados Buenos Aires Zona Sur y CABA,https://www.facebook.com/groups/309655207771056/,pass137_social_resale,Social used-book buy/sell group evidence
Germany,ZVAB,https://www.zvab.com/,official_site,current evidence
Germany,booklooker,https://www.booklooker.de/,official_site,current evidence
Germany,medimops,https://www.medimops.de/secondhand-books/,official_site,current evidence
Germany,medimops (large specialist used-book reseller),https://www.medimops.de/secondhand-books/,official_site,current evidence
Germany,Hugendubel / Zeercle BookCycling,https://www.hugendubel.de/de/category/102317/gebrauchtbuch.html,official_site,current evidence
Germany,Buchfreund,https://www.buchfreund.de/de/service/verkaufen,official_site,current evidence
Germany,AbeBooks.de,https://www.abebooks.de/,official_site,current evidence
Germany,antiquariat.de / GIAQ,https://www.antiquariat.de/,official_site,current evidence
Germany,momox,https://www.momox.de/buecher-verkaufen/,official_site,current evidence
Germany,rebuy Bücher,https://www.rebuy.de/verkaufen/buecher,official_site,current evidence
Germany,Studibuch,https://studibuch.de/,official_site,current evidence
Germany,Bookbot Germany,https://bookbot.de/,official_site,current evidence
Germany,Kleinanzeigen Germany — Bücher & Zeitschriften,https://www.kleinanzeigen.de/s-buecher-zeitschriften/c76,official_site,current evidence
Germany,"Quoka — Unterricht, Literatur & Schulbedarf",https://www.quoka.de/anzeigen/hobby-freizeit/unterricht-literatur/,official_site,current evidence
Germany,Thalia Gebrauchtbuch / Zeercle,https://www.thalia.de/gebrauchtbuch/verkauf,official_site,current evidence
Hong Kong,一本 MyBookOne,https://www.mybookone.com.hk/,official_or_current_web,current evidence
Hong Kong,Bookazine,https://bookazine.com.hk/,official_or_current_web,current evidence
Hong Kong,中華書局網上書店,https://www.chunghwabookstore.com/zh-hant/,official_or_current_web,current evidence
Hong Kong,香港三聯書店 / Joint Publishing HK,https://www.jointpublishing.com/,official_or_current_web,current evidence
Hong Kong,Carousell Hong Kong — 書本 & 文具,https://www.carousell.com.hk/categories/books-stationery-3203/,official_or_current_web,current evidence
Hong Kong,reBooked HK,https://rebookedhk.com/,official_or_current_web,current evidence
Hong Kong,HKTDC Hong Kong Book Fair,https://hkbookfair.hktdc.com/en/index.html,official_or_current_web,current evidence
Hong Kong,Flow Bookshop,https://www.facebook.com/flowbooksnet/,official_or_current_web,current evidence
Hong Kong,Lily Bookshop / 莉莉書屋,https://www.facebook.com/lilybookshophk/,official_or_current_web,current evidence
Hong Kong,The Book Cure / 解憂舊書店,https://www.facebook.com/thebookcure.hk/,official_or_current_web,current evidence
Hong Kong,gentle books / a gentle shop,https://thisisgentle.com/,official_or_current_web,current evidence
Hong Kong,Onepile bookcrossing app / HKUST book vending-machine exchange,https://hkust.edu.hk/news/giving-used-books-second-life,official_or_current_web,current evidence
Hong Kong,Facebook Marketplace Hong Kong — Books,https://www.facebook.com/marketplace/113317605345751/books/,official_or_current_web,current evidence
Hong Kong,Second Hand English Books In Hong Kong,https://www.facebook.com/groups/secondhandbooks.eng.hk/,official_or_current_web,current evidence
Hong Kong,Second Hand Books In Hong Kong — Free To Swap,https://www.facebook.com/groups/bookswaphongkong/,official_or_current_web,current evidence
Kuwait,OpenSooq Kuwait — books & magazines,https://kw.opensooq.com/en/books-and-hobbies/books-magazines,official_or_current_web,annex / classifieds
Kuwait,Kuwait International Book Fair,https://www.kuna.net.kw/ArticleDetails.aspx?id=3261081&language=en,official_or_current_web,offline / fair / literacy layer
Kuwait,Better Books Kuwait,https://betterbookskuwait.com/,official_or_current_web,single-store used booksellers
Kuwait,Page Turner Kuwait,https://www.instagram.com/pageturnerkw/,official_or_current_web,single-store used booksellers
Kuwait,Al Noori Bookstore,https://alnooribookstore.com/contact/,official_or_current_web,weak-fit core
Kuwait,Dar Salma Publishing and Distribution,https://www.darsalma.com/en/inner-pages/about-us-760,official_or_current_web,weak-fit core
Kuwait,Jarir Bookstore Kuwait,https://www.jarir.com/kw-en/,official_or_current_web,weak-fit core
Kuwait,Takween Bookstore & Publishing House,https://takweenkw.com/,official_or_current_web,weak-fit core
Kuwait,Kuwait Bazar Books,https://kwbazarbooks.com/,official_or_current_web,single-store used booksellers
Kuwait,Bookish Corner Kuwait,https://bookishcornerkwt.com/,official_or_current_web,single-store used / bookstore signal
Kuwait,Books for sale and exchange in Kuwait,https://www.facebook.com/groups/2358304817805418/,official_or_current_web,annex / classifieds
Kuwait,Benny's Books Kuwait — Pre-Loved Books,https://www.bennysbookskw.com/collections/pre-loved,official_or_current_web,single-store used / bookstore signal
Kuwait,Bliss & Paper Kuwait,https://blogs.lse.ac.uk/lsereviewofbooks/2025/08/11/the-best-bookshops-in-kuwait/,official_or_current_web,single-store used booksellers
Kuwait,Kuwaitbookstore.com,https://kuwaitbookstore.com/,official_or_current_web,weak-fit core
Kuwait,Facebook Marketplace Kuwait — Books,https://www.facebook.com/marketplace/109516055739185/books/,official_or_current_web,annex / classifieds
Kuwait,Books exchange in Kuwait,https://www.facebook.com/groups/1601130120149299/,official_or_current_web,annex / classifieds
Lebanon,OLX Lebanon — Used Books,https://www.olx.com.lb/hobbies-music-art-books/books/q-used-books/,pass141_web,High-volume horizontal used-book classifieds baseline
Lebanon,Facebook Marketplace Beirut Books,https://www.facebook.com/marketplace/104335436273682/books/,pass141_web,Social marketplace books baseline
Lebanon,Book Bazar Hamra,https://www.beirut.com/en/763044/book-bazar-starts-new-chapter-as-a-book-cafe-in-beirut/,pass141_web,Secondhand bookshop/book cafe profile
Lebanon,Book Bazar Hamra,https://www.instagram.com/bookbazarhamra/,pass141_web,Direct social profile / secondhand bookstore current surface
Lebanon,Book Bazar Hamra,https://www.facebook.com/HamraBookbazar/,pass141_web,Direct Facebook profile / largest second-hand bookstore signal
Lebanon,Barzakh Bookshop & Café,https://brzkh.org/about-us/,pass141_web,Official about page / location / online store plans
Lebanon,Barzakh Bookshop & Café,https://www.bamleb.com/explore/coffee-shops/barzakh,pass141_web,BAM profile / collection-size and archive signal
Lebanon,BOOKS!!!! / books_beirut,https://www.instagram.com/books_beirut/,pass141_web,Social online bookstore with brand-new and secondhand books
Lebanon,Bookbee Lebanon,https://www.instagram.com/bookbee.lebanon/,pass141_web,Social used-book shop and seller intake by DM
Lebanon,Afkar Bookshop Lebanon,https://www.instagram.com/afkarbookshop.lebanon/,pass141_web,"New and secondhand books/novels, selling/renting"
Lebanon,BEIRUT Second Hand Books,https://www.facebook.com/groups/361459087351667/,pass141_web,Book-specific social secondhand group
Lebanon,Book Exchange Beirut,https://www.facebook.com/groups/1408551402709408/,pass141_web,Book-specific exchange/sell/giveaway social group
Lebanon,Lebanon school books exchange,https://www.facebook.com/groups/597402680929982/,pass141_web,School-book exchange/selling social group
Lebanon,Stories_and_tales.lb resale signal,https://www.instagram.com/stories_and_tales.lb/,pass141_web,"Second-life books, selling/rental options signal"
Lebanon,Librairie du Liban Publishers,https://www.sayeghonline.com/,pass141_web,Publisher/distributor/online-store corroboration
Lebanon,Beirut International Arab Book Fair,https://nna-leb.gov.lb/en/news/149355/minister-of-culture-sponsors-cooperation-agreement-between-arab-cultural-club-and-lebanese-publishers-association-for-the-organization-of-beirut-international-arab-book-fair,pass141_web,2026 fair-organization update
Lebanon,Lebanese Book Fair 2026 Antelias,https://www.ndu.edu.lb/news-events/events/campus-events/lebanese-book-fair-2026-celebrating-literature-and-culture,pass141_web,Annual book fair/cultural infrastructure update
Lebanon,Used books in Beirut overview,https://www.beirut.com/en/64177/7-spots-where-you-can-find-used-books-in-beirut/,pass141_web,Used-book spots overview supporting shadow layer
Oman,dubizzle Oman — Used Books,https://www.dubizzle.com.om/en/hobbies-music-art-books/books/muscat/q-used/,rbm_pass142_web_current,annex/classifieds active Muscat used-books category; 92 ads
Oman,OpenSooq Oman — Books & Magazines,https://om.opensooq.com/en/books-and-hobbies/books-magazines,rbm_pass142_web_current,annex/classifieds Oman-wide books category with new/used/rare framing
Oman,OpenSooq Muscat — Books & Magazines,https://om.opensooq.com/en/muscat/books-and-hobbies/books-magazines,rbm_pass142_web_current,city-level annex/classifieds books category
Oman,Facebook Marketplace Muscat — Books,https://www.facebook.com/marketplace/107886405900343/books/,rbm_pass142_web_current,social/horizontal city book resale category
Oman,Buy and sell second hand books — Muscat/Oman,https://www.facebook.com/groups/402011559967503/,rbm_pass142_web_current,book-specific social buy/sell/exchange group rechecked
Oman,Books Bank Oman,https://www.facebook.com/groups/books.bank/,rbm_pass142_web_current,book-specific/social resale group with used/pre-owned listings
Oman,Let’s Read Library — Oman Avenues Mall,https://www.omanavenuesmall.om/shops/lets-read-library,rbm_pass142_web_current,official mall location/hours for Let’s Read Library
Oman,Let’s Read Charity Book Shop context — ExpatWoman,https://www.expatwoman.com/oman/guide/faqs/list-of-thrift-stores-in-oman-where-you-can-find-hidden-secondhand-gems,rbm_pass142_web_current,secondhand donated/pre-loved bookshop description
Oman,Let’s Read Charity Book Shop context — Time Out Muscat,https://www.timeoutmuscat.com/things-to-do/things-to-do-news/416440-used-books-library-and-shop-opens-in-muscat,rbm_pass142_web_current,used-books library/shop opening and OMR1/OMR2 paperback pricing
Oman,House of Prose Muscat Instagram,https://www.instagram.com/hopbalert/,rbm_pass142_web_current,current social/account surface with refund/rental/member language
Oman,House of Prose Muscat context — Times of Oman,https://timesofoman.com/article/57-house-of-prose-the-reasonable-bookshop-in-muscat,rbm_pass142_web_current,pre-loved Muscat bookshop context
Oman,House of Prose Muscat context — My Guide Oman,https://www.myguideoman.com/shopping/bookstores,rbm_pass142_web_current,Qurum secondhand bookstore listing
Oman,House of Prose Muscat context — Times Square Center UAE,https://timessquarecenter.ae/shop/house-of-prose/,rbm_pass142_web_current,House of Prose origin in Oman and outlet still trading in Muscat
Oman,Ubuy Oman Books,https://www.ubuy.com.om/en/category/books-10180,rbm_pass142_web_current,Oman-facing book-retail/import category
Malaysia,Bookurve used-book page,https://www.bookurve.com/used-book/en,rbm_pass143_web_current,used-book catalogue with buy/rent/trade-in navigation
Malaysia,Bookurve trade-in program,https://www.bookurve.com/gogreen,rbm_pass143_web_current,pre-loved book trade-in program / operator-managed reuse
Malaysia,Mudah.my music/movies/books/magazines category,https://www.mudah.my/malaysia/music-movies-books-magazines,rbm_pass143_web_current,horizontal book/magazine category and listing counts
Malaysia,Mudah.my textbooks category,https://www.mudah.my/malaysia/textbooks,rbm_pass143_web_current,textbook category and used/new listing details
Malaysia,Carousell Malaysia second-hand book search,https://www.carousell.com.my/hobbies-toys/textbooks/second-hand-book/q-15/,rbm_pass143_web_current,horizontal secondhand-book listings with seller chat
Malaysia,Carousell Malaysia books/magazines examples,https://www.carousell.com.my/hobbies-toys/books-magazines/classic/q-5/,rbm_pass143_web_current,large book/magazine listing volume
Malaysia,Books n Bobs Instagram,https://www.instagram.com/books_n_bobs/,rbm_pass143_web_current,"largest online pre-loved bookstore and 40,000+ books claim"
Malaysia,Books n Bobs Shopee official shop,https://shopee.com.my/booksnbobs,rbm_pass143_web_current,secondhand book products and large online collection claim
Malaysia,Books n Bobs Trustpilot profile,https://www.trustpilot.com/review/booksnbobs.com,rbm_pass143_web_current,contact and curated secondhand bookstore description
Malaysia,BFBW direct site,https://www.bfbwsb.com/,rbm_pass143_web_current,secondhand books and online/Carousell retail description
Malaysia,BFBW locations,https://www.bfbwsb.com/locations,rbm_pass143_web_current,self-service secondhand-bookshop outlet list
Malaysia,BFBW Vulcan Post profile,https://vulcanpost.com/820264/books-for-a-better-world-cheap-secondhand-bookstore-malaysia/,rbm_pass143_web_current,unmanned/self-service used-bookshop context
Malaysia,Dokusho Instagram,https://www.instagram.com/dokusho_bookstore/,rbm_pass143_web_current,preloved book social surface
Malaysia,Dokusho Facebook,https://www.facebook.com/dokushobookstore/,rbm_pass143_web_current,Malaysia secondhand-bookstore profile
Malaysia,Dokusho Vulcan Post profile,https://vulcanpost.com/784643/dokusho-bookstore-second-hand-affordable-book-genre-malaysia/,rbm_pass143_web_current,secondhand bookstore origin and supply profile
Malaysia,Dokusho 2025 Ara Damansara profile,https://gempak.com/rojakdaily/lifestyle/ara-damansara-bookstore-lets-you-pay-whatever-you-want-any-book-98696,rbm_pass143_web_current,pre-loved/pay-as-you-wish/donation profile
Malaysia,Tatler pre-loved bookstores list,https://www.tatlerasia.com/lifestyle/arts/pre-loved-secondhand-books-klang-valley,rbm_pass143_web_current,"BFBW, Books n Bobs, BUKU, Dokusho comparative secondhand-bookstore evidence"
Malaysia,Options The Edge BUKU/Dokusho profile,https://www.optionstheedge.com/topic/culture/online-secondhand-bookstores-buku-and-dokusho-set-physical-outlets-bibliophiles,rbm_pass143_web_current,BUKU and Dokusho online-to-physical secondhand-store mechanics
Malaysia,Thryft Malaysia,https://thrift.my/,rbm_pass143_web_current,preloved books and sustainable thrift retail surface
Malaysia,Second Hand Books Malaysia Facebook group,https://www.facebook.com/groups/secondhandbooksmalaysia/,rbm_pass143_web_current,book-specific social buy/sell/swap group
Malaysia,Book X-Change Facebook,https://www.facebook.com/p/Book-XChange-100069381581483/,rbm_pass143_web_current,Bangsar book rental/used bookstore social listing
Malaysia,Book X-Change historical blog,https://book-xchange.blogspot.com/2009/09/about-us.html,rbm_pass143_web_current,long-running KL book rental shop with large English-novel stock
Malaysia,Books on the Move / The LINC KL,https://thelinckl.com.my/store/book-sharing-corner/,rbm_pass143_web_current,pre-loved book donation/exchange corner
Thailand,Reshelf,https://www.reshelf.xyz/,official_site,strict_candidate_live_site
Thailand,Reshelf,https://www.reshelf.xyz/en/books,official_site,visible_book_listing_surface
Thailand,Reshelf,https://urbancreature.co/reshelf-second-hand-book/,media_profile,secondhand_book_platform_profile
Thailand,Reshelf,https://thematter.co/brief/251187/251187,media_profile,buy_sell_secondhand_books_profile
Thailand,Reshelf,https://x.com/helloreshelf/status/2048355889061720365,official_social,seller_flow_fee_mechanics_snippet
Thailand,Dasa Books,https://www.dasabookcafe.com/,official_site,secondhand_bookstore_inventory
Thailand,Kaidee — books,https://www.kaidee.com/c59-lifestyle-book,classifieds_category,horizontal_books_category
Thailand,Naiin,https://www.naiin.com/,official_site,online_bookstore_spine
Thailand,SE-ED,https://www.se-ed.com/,official_site,online_bookstore_spine
Thailand,Baan Books,https://baanbooks.com/,official_site,literacy_traveling_library_context
Thailand,Thryft Thailand / thryft.asia Thailand,https://thryft.asia/,official_site,regional_preloved_bookstore_thailand_currency
Thailand,GetBookie / เก็ทบุ๊คกี้,https://www.getbookie.com/,official_site,large_used_bookstore
Thailand,GetBookie / เก็ทบุ๊คกี้,https://www.getbookie.com/content/buyUsedBook,official_site,buyback_mechanics
Thailand,ChantraBook,https://www.chantrabook.com/,official_site,used_old_rare_book_inventory
Thailand,A Lot of Books / Alotofbook,https://www.alotofbook.com/,official_site,used_book_online_shop
Thailand,Lungthong Old Books / หนังสือเก่าลุงทอง,https://www.lungthong.com/,official_site,old_secondhand_book_storefront
Thailand,Shopee Thailand — secondhand books,https://shopee.co.th/search?keyword=%E0%B8%AB%E0%B8%99%E0%B8%B1%E0%B8%87%E0%B8%AA%E0%B8%B7%E0%B8%AD%E0%B8%A1%E0%B8%B7%E0%B8%AD%E0%B8%AA%E0%B8%AD%E0%B8%87,marketplace_search,horizontal_secondhand_books_spillover
Thailand,Lazada Thailand — secondhand books,https://www.lazada.co.th/tag/%E0%B8%AB%E0%B8%99%E0%B8%B1%E0%B8%87%E0%B8%AA%E0%B8%B7%E0%B8%AD%E0%B8%A1%E0%B8%B7%E0%B8%AD%E0%B8%AA%E0%B8%AD%E0%B8%87/,marketplace_search,horizontal_secondhand_books_spillover
Thailand,Facebook Marketplace Bangkok — Books,https://www.facebook.com/marketplace/bangkok/books/,social_marketplace,city_books_category
Thailand,Bangkok Secondhand BOOKS: Buy | Sell | Swap,https://www.facebook.com/groups/secondhandbooksthailand/,social_group,book_specific_buy_sell_swap_group
Thailand,English Used Books Thailand,https://www.facebook.com/groups/392905858922550/,social_group,english_used_books_social_group
Brazil,Seboweb,https://www.seboweb.com.br/,official_site,used_book_marketplace_buy_sell_claim
Brazil,EscamBook,https://escambook.com.br/,official_site,book_specific_free_used_book_exchange_platform
Brazil,EscamBook,https://escambook.com.br/#livros,official_site_section,available_books_and_add_book_flow
Brazil,Estante Virtual seller program,https://universo.magalu.com/estante-virtual,official_seller_program,seller_plan_acervo_painel_livreiro_support
Brazil,EstudeiVendi,https://play.google.com/store/apps/details?hl=pt_BR&id=br.com.estudeivendi.loja,app_store,education_goods_marketplace_including_books
Brazil,EstudeiVendi,https://www.instagram.com/estudeivendi/,social_profile,used_books_seller_messaging_surface
Brazil,Bazar do Livro Usado,https://www.touchelivros.com.br/sebos/bazar-do-livro/,directory_review_page,single_store_exchange_trade_in_reviews
Brazil,Skoob,https://www.skoob.com.br/,official_site,reader_community_current_surface
Brazil,Skoob / Skoob Plus,https://x.com/skoobnews/status/1952776229569822775,official_social_status,exchange_request_pause_notice
China (mainland),小谷吖,https://www.xiaoguya.com/,official_site,book circularity / sell-idle-books public surface
China (mainland),小谷吖,https://sj.qq.com/appdetail/wx3d65f6c97795bc65,app_store_tencent,"2026 miniprogram description: second-hand bookstore, buyback and low-price resale"
China (mainland),小谷吖循环书仓,https://www.hn.news.cn/20250819/7750ea3c34524b978ff84825d348b3ef/c.html,local_government_media,2025 circular warehouse evidence with used-book recovery/rental/purchase model
China (mainland),漫游鲸,https://www.manyoujing.net/,official_site,idle/old/second-hand book buyback and refurbished second-hand purchase surface
China (mainland),漫游鲸二手书店,https://sj.qq.com/appdetail/wx816dc6e826dcc6b5,app_store_tencent,"current mini-program/app description: one-click buyback, pickup, refurbished second-hand books"
China (mainland),渔书,https://www.22bat.com/pc/cms/index/page_id/55,official_site,"second-hand book recovery/circulation, app/miniprogram, physical shop/borrowing-point network"
China (mainland),有路图书,https://www.douyin.com/user/MS4wLjABAAAAb6BPkqP1QLEotB7v6_8M1UnTPj3DUcTTS2qB876WDzY,official_social_account_trace,16-year second-hand book operations and postal book buyback claim
China (mainland),有路网,https://ai.openi.cn/sites/12712.html,third_party_directory_trace,directory trace for youlu.net as second-hand book trading/buyback site; not enough alone for promotion
China (mainland),孔夫子旧书网,https://pay.kongfz.com/,official_about_or_entry_surface,"13,000 online bookstores / 50,000 stalls / 90 million books old-book trading-platform scale claim"
China (mainland),孔网上门收书,https://shoushu.kongfz.com/,official_buyback_surface,batch idle-book listing and bookstore-owner pickup/buyback mechanics
China (mainland),多抓鱼,https://apps.apple.com/us/app/%E5%A4%9A%E6%8A%93%E9%B1%BC/id1442757335,app_store,"sell idle books, inspection/authentication/refurbishment and second-hand purchase mechanics"
China (mainland),旧书街,https://apps.apple.com/us/app/%E6%97%A7%E4%B9%A6%E8%A1%97-%E4%B9%B0%E5%8D%96%E4%BA%8C%E6%89%8B%E4%B9%A6/id963505449,app_store,book-specific used-book sharing/transfer/trading community
Poland,SkupSzop,https://skupszop.pl/,official_site,strict main evidence: buy/sell used books; ISBN scan/input
Poland,Tezeusz,https://tezeusz.pl/info/skup-ksiazek,official_site,strict main evidence: buyback from private/institutional owners
Czechia,Bookbot / Knihobot,https://bookbot.com/,official_site,strict main evidence: buy and sell used books
Czechia,Bookbot / Knihobot sell-books page,https://bookbot.com/c/selling-books,official_site,seller/buyback flow evidence
Lithuania,SENA.LT homepage,https://www.sena.lt/,official_site,used-goods marketplace posture
Lithuania,SENA.LT Knygos category,https://www.sena.lt/knygos,official_site,books-category/user-upload evidence
Estonia,Raamatuvahetus,https://raamatuvahetus.ee/,official_site,book-exchange concept but zero rendered activity
Estonia,Raamatuhai / BooksShark,https://raamatuhai.ee/,official_site,public snippet: buy/sell/exchange books; needs deeper render
Romania,TargulCartii.ro,https://www.targulcartii.ro/,official_site,online antiquarian used/new books
Romania,PrintreCarti.ro,https://www.printrecarti.ro/,official_site,online antiquarian; 200k+ stock; product/cart flow
Hungary,Rukkola.hu current redirect,https://rukkola.hu/,official_site,current redirect to Publio bookstore; no active exchange proof
Hungary,Rukkola historical profile,https://www.sozialmarie.org/sk/projects/4715,third_party_archival,historical exchange context only
Serbia,Kupindo — Knjige,https://www.kupindo.com/Knjige/artikli/1,live_web_pass149_zero_surface_opening,horizontal marketplace with large books category
Serbia,Limundo — Knjige,https://www.limundo.com/Knjige/aukcije/g6,live_web_pass149_zero_surface_opening,horizontal auction marketplace with used-book inventory
Serbia,KupujemProdajem — Knjige,https://www.kupujemprodajem.com/knjige/kategorija/8,live_web_pass149_zero_surface_opening,horizontal classifieds book category
Serbia,Halo Oglasi — Knjige,https://www.halooglasi.com/knjige,live_web_pass149_zero_surface_opening,horizontal classifieds book category
Serbia,Knjiga na dlanu,https://knjiganadlanu.com/,live_web_pass149_zero_surface_opening,single-store used-bookseller
Serbia,Polovne knjige i udžbenici / PolovneKnjigeSrbija,https://www.polovneknjigesrbija.com/,live_web_pass149_zero_surface_opening,operator-managed used textbook buy/sell surface
Serbia,Knjižara Antikvarnica / Antikvarne Knjige,https://www.antikvarne-knjige.com/knjige/,live_web_pass149_zero_surface_opening,single-store antiquarian/used-bookseller
Slovakia,Bookbot.sk / Knihobot Slovakia,https://bookbot.sk/,live_web_pass150_zero_surface_opening,book-specific recommerce marketplace / consignment rail
Slovakia,Restorio.sk / Vykupujeme-online.sk,https://www.restorio.sk/,live_web_pass150_zero_surface_opening,used-book recommerce shop plus ISBN buyback intake rail
Slovakia,Martinus — Knihovrátok / Čítané knihy,https://www.martinus.sk/l?categories%5B0%5D=6001&specials%5B0%5D=used,live_web_pass150_zero_surface_opening,major bookstore used-book buyback and resale program
Slovakia,Gorila — Bazár kníh / Čítané knihy,https://www.gorila.sk/l?categories%5B0%5D=6001&specials%5B0%5D=used,live_web_pass150_zero_surface_opening,retailer used-book inventory category
Slovakia,Bazoš.sk — Knihy,https://knihy.bazos.sk/,live_web_pass150_zero_surface_opening,horizontal classifieds book category
Slovakia,Bazar.sk — Knihy,https://knihy.bazar.sk/,live_web_pass150_zero_surface_opening,horizontal classifieds book category
Slovakia,Aukro.sk — Knihy / Použité knihy,https://aukro.sk/knihy,live_web_pass150_zero_surface_opening,horizontal auction marketplace with books/used-books rail
Bosnia and Herzegovina,OLX.ba — Literatura / Knjige,https://olx.ba/pretraga?trazilica=knjige,live_web_pass151_zero_surface_opening,Bosnia and Herzegovina horizontal classifieds rail with deep books/literature categories
Bosnia and Herzegovina,OLX.ba user Knjizara_nora — used textbooks/books,https://olx.ba/profil/Knjizara_nora/aktivni,live_web_pass151_zero_surface_opening,single-seller used textbook/book activity inside OLX.ba
Bosnia and Herzegovina,KNJIGE-BIH / prodaja-kupovina-zamjena Facebook group,https://www.facebook.com/groups/1697767866971483/,live_web_pass151_zero_surface_opening,social-media book sale/exchange/giveaway group
Bosnia and Herzegovina,KNJIGE ~ Prodajem/kupujem/mijenjam (BiH) Facebook group,https://www.facebook.com/groups/1579319065614693/,live_web_pass151_zero_surface_opening,social-media book sale/buy/exchange group
Bosnia and Herzegovina,Used Books Sarajevo,https://www.facebook.com/p/Used-Books-Sarajevo-100063791867579/,live_web_pass151_zero_surface_opening,single-seller/social used-book seller in Sarajevo
Bosnia and Herzegovina,books.ba,https://www.books.ba/,live_web_pass151_zero_surface_opening,Bosnia online bookstore / bookshop infrastructure
Bosnia and Herzegovina,Buybook.ba,https://buybook.ba/,live_web_pass151_zero_surface_opening,Bosnia publisher/bookstore ecommerce surface
Bosnia and Herzegovina,myBook.ba,https://mybook.ba/,live_web_pass151_zero_surface_opening,Bosnia bookstore chain / ecommerce surface
Iceland,Bókin ehf. / Bókin Antikvariat,https://www.bokin.is/en,live_web_pass152_zero_surface_opening,Reykjavík antiquarian/used-book bookstore with online searchable stock and collection-intake signal
Iceland,The Old Bookstore in Flateyri / bookstore.is,https://flateyribookstore.com/,live_web_pass152_zero_surface_opening,historic Iceland bookstore and second-hand bookshop with online-store link
Iceland,Bóksala stúdenta / University of Iceland book exchange surfaces,https://english.hi.is/study/support/bookstores,live_web_pass152_zero_surface_opening,campus bookstore plus student second-hand textbook/book exchange infrastructure
Iceland,Bland.is,https://bland.is/,live_web_pass152_zero_surface_opening,Iceland-wide horizontal classifieds/eBay-like marketplace with potential books spillover
Iceland,Used books for sale in Iceland Facebook group,https://www.facebook.com/groups/216951865131576/,live_web_pass152_zero_surface_opening,social used-book sale/swap group for Iceland
Iceland,Safnari.is / Safnarasíðan collectibles auctions,https://safnari.is/,live_web_pass152_zero_surface_opening,Icelandic collectibles auction/webstore surface with book/catalogue categories
Iceland,Bókabúð Gulla / Sólheimar,https://www.south.is/en/travel-info/newsblog/south-iceland-for-book-lovers,live_web_pass152_zero_surface_opening,South Iceland single-store new/second-hand bookshop signal
Iceland,Kolaportið Reykjavík flea market,https://en.wikipedia.org/wiki/Kolaporti%C3%B0,live_web_pass152_zero_surface_opening,offline flea-market used-book/antique spillover layer
Belarus,Kufar — Книги и журналы,https://www.kufar.by/l/knigi-i-zhurnaly,live_web_pass153_zero_surface_opening,Belarus-wide horizontal classifieds rail with a large books/magazines category
Belarus,Ay.by — Books / Букинистика auctions,https://books.ay.by/,live_web_pass153_zero_surface_opening,Belarus auction/marketplace with dedicated books and antiquarian/book-history surfaces
Belarus,Onliner Baraholka — books search/category surface,https://baraholka.onliner.by/search.php?q=%D0%BA%D0%BD%D0%B8%D0%B3%D0%B8,live_web_pass153_zero_surface_opening,Belarus horizontal classifieds/forum rail with live book-sale listings
Belarus,Kupika.by — Книги и журналы,https://kupika.by/knigi-zhurnaly/,live_web_pass153_zero_surface_opening,Belarus classifieds category for private/commercial buying and selling of books and magazines
Belarus,IRR.by — books and papers classifieds,https://irr.by/booksandpapers/buy,live_web_pass153_zero_surface_opening,"Belarus classifieds rail for books, magazines, and newspapers"
Belarus,Cogart.by — book and antiquarian-book auction categories,https://cogart.by/lots/knigi/bukinisticheskie-antikvarnye-knigi,live_web_pass153_zero_surface_opening,Belarus auction surface with book categories and antiquarian-book lots
Belarus,BookSale.by — legacy used-book classifieds board,https://booksale.by/,live_web_pass153_zero_surface_opening,legacy Belarus book-specific used-book classifieds platform; current live status not verified
Belarus,Mybooks.by — Букинистика category,https://mybooks.by/rasprodazha-2/bukinistika/,live_web_pass153_zero_surface_opening,Belarus online bookstore with a Bukinistika/secondhand-antiquarian category signal
Belarus,Bestbooks.by,https://bestbooks.by/,live_web_pass153_zero_surface_opening,"Belarus online bookstore / retail layer, not used/recommerce platform"
Belarus,ДЕТСКАЯ Книжная Барахолка Беларусь Facebook group,https://www.facebook.com/groups/kidsbookssale/,live_web_pass153_zero_surface_opening,"Belarus social group for selling, buying, exchanging, or giving away children’s books"
Ukraine,Bookstock — книжковий маркетплейс,https://bookstock.net/,live_web_pass154_zero_surface_opening,"Ukraine book-specific marketplace with direct seller profiles, book listings, delivery, and used-condition/ISBN metadata"
Ukraine,Liberbee,https://www.liberbee.com/,live_web_pass154_zero_surface_opening,"Ukraine book-specific platform for swapping, selling, and buying books with user/location/listing mechanics"
Ukraine,Bukinist.in.ua — Букініст,https://www.bukinist.in.ua/ukr/pages/view/home,live_web_pass154_zero_surface_opening,Ukraine book/antiquarian marketplace allowing registered sellers to list and sell books and related printed materials
Ukraine,BookFlea,https://www.bookflea.co/,live_web_pass154_zero_surface_opening,Ukrainian-language used-book marketplace with Poland/Germany/Ukraine scope signal but current visible listings skew Poland/zloty
Ukraine,Prom.ua — used-book product surfaces,https://prom.ua/ua/Uchebniki-b-u.html,live_web_pass154_zero_surface_opening,Ukraine-wide horizontal ecommerce marketplace with live used-book categories and multiple seller storefronts
Ukraine,"Ukrlot — Книги, Букіністика auction category",https://ukrlot.com.ua/ua/category/knigi-bukinistika/1/,live_web_pass154_zero_surface_opening,Ukraine auction marketplace with a dedicated Books / Bukinistika buy-sell category
Ukraine,OLX.ua — Bukinistika / books classifieds,https://www.olx.ua/uk/hobbi-otdyh-i-sport/antikvariat-kollektsii/bukinistika/,live_web_pass154_zero_surface_opening,Ukraine-wide horizontal classifieds rail with live books/bukinistika listings and buy/sell/delivery mechanics
Ukraine,Violity — old books / collectibles marketplace,https://violity.com/en,live_web_pass154_zero_surface_opening,Ukraine-centered collectibles/auction marketplace that includes old books among many collectible categories
Ukraine,Bukinist Maximum / bukinist.com.ua,https://bukinist.com.ua/,live_web_pass154_zero_surface_opening,Ukraine single-store/operator-managed used and antiquarian bookseller with active online inventory
Ukraine,Букініст-центр / Book Center Kyiv,https://book-center.kiev.ua/ua/,live_web_pass154_zero_surface_opening,Kyiv bukinist/bookstore online remainder inventory after physical shop closure
Ukraine,Noosfera — used-book buyback page,https://noosfera.biz/vikup-vzhivanih-knig/,live_web_pass154_zero_surface_opening,"Ukraine bookstore/operator used-book buyback program, currently paused"
Ukraine,Petrivka Book Market / Kyiv book market,https://cherylhoward.com/petrivka-book-market/,live_web_pass154_zero_surface_opening,Kyiv offline/open-air book market with large secondhand-book stock and many stalls
Monaco,Click Monaco — Petites Annonces / Livres-Magazines,https://www.clickmonaco.com/fr/annonces/offres/Livres-Magazines,live_web_pass155_zero_surface_opening,local classifieds book/magazine category; no book-specific recommerce platform mechanics
Monaco,SmailAds Monaco — classifieds app,https://play.google.com/store/apps/details?id=com.web_annonces.smailads.com.Monaco.Classifieds,live_web_pass155_zero_surface_opening,Monaco classifieds app; used/new goods posting and messaging; not book-specific
Monaco,La Bookinerie Monaco,https://monaco-hebdo.com/culture/librairie-la-bookinerie-monaco/,live_web_pass155_zero_surface_opening,independent single-store bookstore/cafe; not used/recommerce marketplace
Monaco,Marché de la Condamine book exchange / Parc Princesse Antoinette shelf,https://monacolife.net/new-book-exchange-up-and-running-in-monaco/,live_web_pass155_zero_surface_opening,free public book-exchange / second-life reuse layer; no online marketplace mechanics
Monaco,Hôtel des Ventes de Monte-Carlo — Livres Anciens & Manuscrits,https://hvmc.com/departements/livres-anciens-et-manuscrits/,live_web_pass155_zero_surface_opening,auction-house rare/old books and manuscripts department; not ordinary used-book marketplace
Monaco,Bourse aux livres scolaires et musicaux de Monaco — Facebook group,https://www.facebook.com/groups/114453559273039/,live_web_pass155_zero_surface_opening,social group / schoolbook and book-donation reuse texture; not verified as marketplace
Suriname,Facebook Marketplace — Paramaribo / Suriname Books category,https://www.facebook.com/marketplace/110568348970116/books/?locale=en_GB,live_web_pass156_zero_surface_opening,horizontal social marketplace book category; new/used books; free selling mechanics; not book-specific
Suriname,tweedehandse boeken in Suriname — Facebook group,https://www.facebook.com/groups/1670077309915447/,live_web_pass156_zero_surface_opening,"book-specific social group for second-hand books; requires price/contact/photo rules; social rail, not standalone marketplace"
Suriname,Via2000 — Boeken algemeen / Suriname classifieds,https://www.via2000.sr/,live_web_pass156_zero_surface_opening,Suriname local classifieds with Boeken algemeen category and condition filters; not book-specific platform
Suriname,"ViaMarkt — Muziek, boeken en films / Leerboeken categories",https://viamarkt.com/,live_web_pass156_zero_surface_opening,"Suriname/NL/Belgium classifieds marketplace with book-adjacent categories, account/ad/chat mechanics; thin current book-category depth"
Suriname,Atlantis Books and More,https://atlantis.sr/,live_web_pass156_zero_surface_opening,"Suriname online bookseller with low-priced books, >2,000 titles, used-book-buying signal; not open marketplace"
Suriname,Boekenportaal Suriname,https://www.boekenportaal.sr/zoeken-en-bestellen/,live_web_pass156_zero_surface_opening,nonprofit Suriname book discovery/ordering portal; links low-priced second-hand Atlantis surface; not recommerce marketplace
Guyana,Facebook Marketplace — Georgetown / Guyana Books category,https://www.facebook.com/marketplace/113451641998441/books/,live_web_pass157_zero_surface_opening,horizontal social marketplace books category; new/used books; free selling mechanics; not book-specific or Guyana-native
Guyana,Second Hand and New School Books / Used school books for sale in Guyana — Facebook group surface,https://www.facebook.com/groups/701218517015476/posts/2263798697424109/,live_web_pass157_zero_surface_opening,book-specific social schoolbook resale texture; Facebook-group mechanics; no standalone platform proof
Guyana,The Book Barn — Guyana,https://kaieteurnewsonline.com/2024/01/14/the-book-barn-a-haven-for-book-lovers/,live_web_pass157_zero_surface_opening,Guyana bookstore with online-origin story and physical locations; used-book-sale signal; not open marketplace
Guyana,"Ubuy Guyana — New, Used, and Rental Textbooks",https://www.ubuy.gy/category/new-used-rental-textbooks-465600,live_web_pass157_zero_surface_opening,localized import/cross-border ecommerce textbook category with used/rental/buyback language; not Guyana-native marketplace
Guyana,Desertcart Guyana — Books product/detail surface,https://guyana.desertcart.com/products/508213483-the-echo-of-old-books-a-novel,live_web_pass157_zero_surface_opening,localized import ecommerce book detail surface; exposes ISBN metadata; not local recommerce or marketplace rail
Guyana,Austin’s Bookstore — Georgetown / Guyana,https://villagevoicenews.com/2021/04/12/despite-state-sanctioned-piracy-of-textbooks/,live_web_pass157_zero_surface_opening,longstanding Guyana bookstore/back-to-school original-books layer; not used/recommerce marketplace
Guyana,New Era Book & Gift Shop — Guyana,https://cjairport-gy.com/ova_por/new-era-gift-shop/,live_web_pass157_zero_surface_opening,Guyana book/gift shop with books on Guyana and Guyanese authors; Facebook/current delivery signal; not used/recommerce marketplace
Afghanistan,"Leelam.af — Books, Textbooks and Magazines",https://www.leelam.af/ads/sports-and-recreation/books-textbooks-and-magazines/for-sale,pass158_current_web,Afghanistan horizontal marketplace with dedicated books/textbooks/magazines category and app buy/sell mechanics
Afghanistan,Facebook Marketplace — Kabul / Afghanistan Books category,https://www.facebook.com/marketplace/112948285391177/books/,pass158_current_web,Kabul/Afghanistan new-and-used books marketplace category surface
Afghanistan,Sale.af — Books & Audible department,https://sale.af/,pass158_current_web,Afghanistan localized multi-department ecommerce with Books & Audible category and vendor/store mechanics
Afghanistan,BookPoint.af — Online bookstore Afghanistan,https://bookpointaf.com/product/dream-town/,pass158_current_web,Current Afghanistan online bookstore with product/cart/delivery detail
Afghanistan,Afghanistan Reads / Kabul Reads,https://coffeeandconversations.in/reading-nook/kabul-reads/,pass158_current_web,Afghanistan online bookstore / delivery context with social and article traces
Afghanistan,Aksos Book Store,https://www.facebook.com/aksosbookstore/,pass158_current_web,Kabul bookstore social-retail surface
Afghanistan,Indo Aryana Book Co / Bookseller of Kabul rebuild,https://www.theguardian.com/world/2024/apr/03/i-wanted-to-end-my-life-bookseller-of-kabul-rebuilds-destroyed-business,pass158_current_web,Diaspora / rebuilt Bookseller of Kabul online ordering and Afghanistan delivery context
France,Book Village,https://apps.apple.com/fr/app/book-village-acheter-vendre/id1484503967,fresh_web_pass159,book-specific peer marketplace / app
France,La Bourse aux Livres,https://labourseauxlivres.fr/pages/comment-vendre-ses-livres,fresh_web_pass159,book-specific deposit-sale / used-book recommerce
France,Recyclivre,https://www.recyclivre.com/products/11089-l-etranger,fresh_web_pass159,book-specific used-book buyback/collection/resale
France,Ammareal,https://www.ammareal.fr/,fresh_web_pass159,solidarity used-book resale / collection rail
France,Gibert,https://www.gibert.com/,fresh_web_pass159,national used-book buyback/resale chain
France,Momox France / momox-shop.fr,https://www.momox.fr/vendre-livres/,fresh_web_pass159,localized buyback/resale used-book recommerce
France,Label Emmaüs,https://www.label-emmaus.co/fr/catalogue/livres-et-papeterie/,fresh_web_pass159,broad solidarity/re-use marketplace with used-book vertical
France,Rakuten France — Livres,https://fr.shopping.rakuten.com/event/livres-occasion,fresh_web_pass159,horizontal marketplace with new/used book vertical and pro sellers
France,Leboncoin — Livres,https://www.leboncoin.fr/c/livres,fresh_web_pass159,horizontal classifieds books category
France,Chasse aux livres,https://www.chasse-aux-livres.fr/,fresh_web_pass159,used-book price/search and buyback-offer comparator
United Kingdom,World of Books / Wob,https://www.worldofbooks.com/en-gb,fresh_web_pass160,UK-facing second-hand books retail/recommerce surface
United Kingdom,Ziffit / World of Books sell-flow,https://www.ziffit.com/,fresh_web_pass160,book/media trade-in by ISBN/barcode scanning
United Kingdom,WeBuyBooks.co.uk,https://www.webuybooks.co.uk/sell-books/,fresh_web_pass160,sell books online by ISBN/barcode
United Kingdom,Zapper,https://www.zapper.co.uk/,fresh_web_pass160,UK book/media trade-in surface
United Kingdom,AwesomeBooks,https://www.awesomebooks.com/used-books,fresh_web_pass160,used-book inventory and book-specific retail surface
United Kingdom,AbeBooks UK,https://www.abebooks.co.uk/usedbooks.shtml,fresh_web_pass160,independent-seller used/rare book marketplace
United Kingdom,Biblio UK,https://biblio.co.uk/,fresh_web_pass160,independent bookseller used/rare marketplace
United Kingdom,musicMagpie — Sell Books,https://www.musicmagpie.co.uk/sell-books/,fresh_web_pass160,book barcode valuation/sell surface inside broader recommerce platform
United Kingdom,Oxfam Online Shop — Second Hand Books,https://onlineshop.oxfam.org.uk/books/category/books,fresh_web_pass160,second-hand books category inside charity shop
United Kingdom,"eBay UK — Books, Comics & Magazines",https://www.ebay.co.uk/b/bn_1841734,fresh_web_pass160,horizontal marketplace book category
United Kingdom,Vinted UK — Books,https://www.vinted.co.uk/catalog/2312-books,fresh_web_pass160,pre-owned books category in peer marketplace
United Kingdom,Preloved — Second Hand Books,https://www.preloved.co.uk/classifieds/books,fresh_web_pass160,UK second-hand books classifieds category
United Kingdom,UniBookTrade,https://unibooktrade.co.uk/,fresh_web_pass161,UK student textbook marketplace with seller listing and ISBN scan/title intake
United Kingdom,Sell Your Shelf,https://www.sellyourshelf.com/terms,fresh_web_pass161,UK-oriented P2P used-book marketplace with AI book identification and secondhand book category pages
United Kingdom,Bookloop by Bookshop.org / WeBuyBooks,https://bookloop.webuybooks.co.uk/,fresh_web_pass161,Bookshop.org UK used-book trade-in scheme powered by buyback infrastructure
United Kingdom,WHSmith BookCycle / Zeercle,https://www.theguardian.com/books/2023/nov/02/wh-smith-launches-buy-back-scheme-for-secondhand-books,fresh_web_pass161,WHSmith used-book buyback scheme launched with Zeercle; direct current official endpoint not reverified
United Kingdom,PBFA — Members’ Books for Sale,https://www.pbfa.org/books,fresh_web_pass161,UK/Ireland PBFA member books-for-sale marketplace / fairs surface
United Kingdom,Alibris UK,https://www.alibris.co.uk/search/books/subject/Fiction,fresh_web_pass161,UK-facing Alibris marketplace surface for new/used books from independent sellers
United Kingdom,Better World Books UK / Dunfermline presence,https://www.abebooks.co.uk/Better-World-Books-Ltd-Dunfermline/53572034/sf,fresh_web_pass161,UK-addressed/global used-book recommerce presence with Dunfermline seller/processing signal
United Kingdom,UsedBookSearch.co.uk,https://usedbooksearch.co.uk/isbn-search/,fresh_web_pass161,UK used-book metasearch comparing marketplaces/bookstores by title/ISBN
United Kingdom,JustBooks.co.uk,https://www.justbooks.co.uk/buyback/,fresh_web_pass161,UK book-price comparator and textbook buyback comparison surface
United Kingdom,BooksPrice.co.uk / BookScouter UK,https://www.booksprice.co.uk/,fresh_web_pass161,UK-facing used-book/textbook buyback comparison with multi-ISBN lookup
United Kingdom,Amazon UK Marketplace — Used Books,https://www.amazon.co.uk/Books-Used/s?rh=n%3A266239%2Cp_n_condition-type%3A616997011,fresh_web_pass161,"Amazon UK used-books vertical / seller condition rules, broad horizontal marketplace"
United Kingdom,SellitBack.com,https://sellitback.com/,fresh_web_pass162,UK book/media buyback rail with ISBN/barcode valuation intake
United Kingdom,Reuseabook,https://reuseabook.com/pages/about-us,fresh_web_pass162,UK second-hand book resale and circular-economy stock processor sourcing from charities/businesses/organisations
United Kingdom,World of Rare Books / Wob Old & Rare,https://www.worldofbooks.com/pages/about-old-rare-books,fresh_web_pass162,Wob rare/old-book specialist subrail with large pre-1970 rare/antiquarian inventory
United Kingdom,Barter Books,https://www.barterbooks.co.uk/catalog/,fresh_web_pass162,major UK second-hand bookshop with online catalogue and barter/store-credit mechanics
United Kingdom,Bookbarn International,https://www.bookbarninternational.com/,fresh_web_pass162,historically major UK second-hand/used/rare bookseller; preserved with current-status caution
United Kingdom,British Heart Foundation eBay Shop — Books,https://www.ebay.co.uk/str/britishheartfoundationshop/BOOKS/_i.html,fresh_web_pass162,UK charity second-hand/pre-loved book sales through official eBay shop and specialist book/music shop footprint
United Kingdom,Sue Ryder Pre-loved — Books / eBay charity shop layer,https://www.ebay.co.uk/str/sueryderpreloved,fresh_web_pass162,Sue Ryder pre-loved online/eBay charity resale surface with books category signal
United Kingdom,Shimmy Books,https://shimmybooks.co.uk/,fresh_web_pass163,UK book-only peer marketplace for buying and selling secondhand books
United Kingdom,SecondHand.org.uk — Second Hand Books,https://www.secondhand.org.uk/second-hand-books,fresh_web_pass163,UK secondhand marketplace/books category with seller/business supply across the UK
United Kingdom,Greener Books,https://www.alibris.co.uk/stores/greenerbooks,fresh_web_pass163,large UK-based used-book seller with extensive Alibris inventory and explicit used-book superstore positioning
United Kingdom,Revival Books / Revival Books Limited,https://www.revivalbooks.co.uk/,fresh_web_pass163,UK used-book recycling/resale and collection-buying surface with operator overlap to WeBuyBooks ecosystem
United Kingdom,Bookdonors CIC / Bookdonors,https://www.disabilityscot.org.uk/organisation/bookdonors/,fresh_web_pass163,"legacy UK/Scotland used-book social-enterprise and recycling/resale surface, now current-status constrained"
United Kingdom,Amnesty Bookshops / Amnesty International UK eBay shop,https://www.amnesty.org.uk/get-involved/ethical-shopping/amnesty-bookshops/,fresh_web_pass163,UK charity bookshop/eBay second-hand book resale layer
United Kingdom,British Red Cross charity bookshops / eBay books,https://www.redcross.org.uk/shop/charity-bookshops,fresh_web_pass163,"UK charity specialist bookshops, donations, and eBay used-book resale layer"
United Kingdom,Skoob Books / Psychobabel online shop,https://skoob.com/,fresh_web_pass163,London second-hand bookshop with substantial online stock and appointment-based buying
United Kingdom,The Second Shelf,https://www.thesecondshelf.com/,fresh_web_pass163,UK rare/antiquarian/modern-first specialist bookshop with online inventory
United Kingdom,Wolf Books UK — Preloved book boxes,https://www.wolfbooksuk.com/shop-2,fresh_web_pass163,UK small/niche seller of preloved blind-date/mystery book boxes and bundles
United Kingdom,Anybook.com / Anybook Ltd,https://www.anybook.com/,fresh_web_pass164,UK registered book-specific used/withdrawn academic book redistribution retailer with direct stock and ISBN display
United Kingdom,Bookzangle,https://bookzangle.com/sellers.php,fresh_web_pass164,"professional bookseller marketplace with book listings, seller membership, secure payment forwarding, and United Kingdom active-seller lane"
United Kingdom,SellMyBooks.co.uk,https://www.sellmybooks.co.uk/faq.php,fresh_web_pass164,"UK charity-shop book/game buyback system with ISBN scanning, collection, payments, and nationwide service"
United Kingdom,The Book Rescuers,https://bookrescuers.com/,fresh_web_pass164,UK institutional/library surplus-book reuse and recycling service with online resale/donation pathway
United Kingdom,Brit Books,https://www.abebooks.com/Brit-Books-Milton-Keynes/54148132/sf,fresh_web_pass164,large Milton Keynes/UK used-book seller with AbeBooks/Alibris/storefront evidence
United Kingdom,Goldstone Books,https://www.ebay.co.uk/usr/goldstonebooksuk,fresh_web_pass164,large Carmarthenshire/Wales used/pre-owned book seller with eBay and Bookshop.org shop evidence
United Kingdom,Astley Book Farm,https://astleybookfarm.com/,fresh_web_pass164,"large Midlands second-hand bookshop with 100,000 books and online/eBay sales channel"
United Kingdom,J J Basset Books / bookfarm.co.uk,https://www.addall.com/SuperRare/UsedExact.html?dispCurr=USD&exaAuthor=Chesterton++G.+K&exaTitle=Club+of+Queer+Trades+&id=250111074707595540&match=Y&order=AUTHOR&ordering=DESC,fresh_web_pass164,UK used/out-of-print dealer visible as J J Basset Books / bassettbooks / bookfarm.co.uk on metasearch and marketplace surfaces
United Kingdom,ABA Book Search / Antiquarian Booksellers’ Association,https://aba.org.uk/book-search,fresh_web_pass165,UK/Ireland antiquarian-bookseller association search surface across member inventories
United Kingdom,BookSwap.co.uk,https://bookswap.co.uk/,fresh_web_pass165,UK book-swap/exchange rail with relaunch-waitlist surface and prior public operating evidence
United Kingdom,ReadItSwapIt,https://readitswapit.co.uk/,fresh_web_pass165,UK free second-hand book exchange/swap rail with conflicting current-status evidence
United Kingdom,Escape with a Good Book,https://www.blog.escapewithagoodbook.com/help-needed,fresh_web_pass165,new UK-specific book exchange/swap effort with subscription/beta and support/free-shipping evidence
United Kingdom,The Monster Bookshop,https://www.euro-book.co.uk/book/isbn/1590694015.html,fresh_web_pass165,large Fleckney/UK used/new book seller visible on AbeBooks/metasearch/marketplace result surfaces
United Kingdom,viaLibri,https://www.vialibri.net/,fresh_web_pass165,global old/rare/second-hand book search and bookseller catalogue infrastructure used by UK-facing market participants
Ireland,Biblio.ie,https://biblio.ie/,chat_claimed_pass166_reconstructed,Ireland-localized/global book-specific used/rare marketplace
Ireland,BuyTheBook.ie,https://www.buythebook.ie/,chat_claimed_pass166_reconstructed,Irish-owned author/direct-sales book marketplace
Ireland,Adverts.ie — Books & Magazines,https://www.adverts.ie/for-sale/books-magazines/,chat_claimed_pass166_reconstructed,Irish horizontal classifieds with books category
Ireland,DoneDeal.ie — Books,https://www.donedeal.ie/books,chat_claimed_pass166_reconstructed,Irish horizontal classifieds with books listings
Ireland,Book Swap Ireland,https://www.facebook.com/groups/2515470872052494/,chat_claimed_pass166_reconstructed,Ireland book-swap social group
Ireland,Irish schoolbook swap/sell groups,https://www.facebook.com/groups/639228932832022/,chat_claimed_pass166_reconstructed,schoolbook resale/swap social-group cluster
Ireland,BookWorld Ireland,https://www.bookworld.ie/,chat_claimed_pass166_reconstructed,Irish online new/used bookseller
Ireland,TheBookshop.ie,https://thebookshop.ie/faqs/,chat_claimed_pass166_reconstructed,Irish vintage/used/collectible online bookseller
Ireland,Chapters Bookstore Dublin,https://chaptersbookstore.com/collections/trade-in-now,chat_claimed_pass166_reconstructed_plus_pass167_hardened,Dublin secondhand bookseller with online trade-in
Ireland,Kennys,https://www.kennys.ie/,chat_claimed_pass166_reconstructed,Irish bookseller with used/secondhand inventory signal
Ireland,Charlie Byrne's Bookshop,https://charliebyrne.ie/,chat_claimed_pass166_reconstructed,Irish new/secondhand/antiquarian bookshop layer
Ireland,The Secret Book and Record Store,https://thesecretbookstore.ie/,chat_claimed_pass166_reconstructed,Dublin used/discount book and record shop
Ireland,World of Books Ireland / Wob en-ie,https://www.worldofbooks.com/en-ie,fresh_web_pass167_final_ireland,Ireland-localized used-book recommerce rail
Ireland,ABA Book Search / Antiquarian Booksellers’ Association — Ireland scope,https://aba.org.uk/book-search,fresh_web_pass167_final_ireland,association-mediated UK/Ireland antiquarian book-search rail
Ireland,Vibes & Scribes — Second-Hand Books,https://www.vibesandscribes.ie/bookshop/second-hand-books/,fresh_web_pass167_final_ireland,Cork single-store used-book buy/sell/exchange rail
Ireland,Book Haven — Used School Books,https://www.bookhaven.ie/used-books,fresh_web_pass167_final_ireland,Irish used-schoolbook chain/online seller
Ireland,The Shelf Bookshop — Used Books,https://www.theshelf.ie/collections/used-books,fresh_web_pass167_final_ireland,Cork used-schoolbook online seller
Ireland,Readers Paradise Bookshop Wexford,https://readersparadise.ie/,fresh_web_pass167_final_ireland,Wexford new/second-hand bookshop
Denmark,Bogbasen.dk,https://bogbasen.dk/,fresh_web_pass168_denmark_opening,Danish used-book marketplace for private and antiquarian sellers
Denmark,Saxo — used books / member resale,https://www.saxo.com/dk/side/information/antikvariater,fresh_web_pass168_denmark_opening,Danish book retailer with used-book resale and antiquarian/member inventory
Denmark,Antikvariat.net — Denmark/Scandinavia scope,https://www.antikvariat.net/en/public-content-pages/the-story-of-antikvariat-net,fresh_web_pass168_denmark_opening,Scandinavian antiquarian multi-seller marketplace with Danish association/store scope
Denmark,Bogtorvet.net,https://www.bogtorvet.net/antikvariater,fresh_web_pass168_denmark_opening,Danish antiquarian book aggregator / multi-antikvariat marketplace
Denmark,Pensum.dk / Saxo used textbook rail,https://pensum.dk/,fresh_web_pass168_denmark_opening,student textbook discovery rail for new and used textbooks
Denmark,DBA — Bøger og magasiner,https://www.dba.dk/recommerce/forsale/search?category=0.91&page=2&sub_category=1.86.5209,fresh_web_pass168_denmark_opening,Danish horizontal classifieds / recommerce rail with large books category
Denmark,Gul&Gratis — Bøger & blade,https://www.guloggratis.dk/boger-og-blade/boger/borneboger,fresh_web_pass168_denmark_opening,Danish horizontal classifieds with books and magazines category
Denmark,Reshopper Denmark — family marketplace with books,https://www.trustpilot.com/review/reshopper.com,fresh_web_pass168_denmark_opening,Danish app/social marketplace for families with children’s books signal
Denmark,"Buy, sell and exchange English books in Denmark",https://www.facebook.com/groups/1686183344970404/,fresh_web_pass168_denmark_opening,Denmark English-language book resale/exchange social group
Denmark,DTU Brugte bøger / Used books group,https://www.facebook.com/groups/1014970751849130/,fresh_web_pass168_denmark_opening,Danish university used-book social resale group
Denmark,Vangsgaards Antikvariat,https://www.vangsgaards.dk/en,fresh_web_pass168_denmark_opening,Copenhagen antiquarian / used-book shop with online presence
Denmark,Roskilde Antikvariat / Bogantikken,https://www.bogantikken.dk/,fresh_web_pass168_denmark_opening,Roskilde used-book shop linked to Antikvariat.net inventory
Denmark,BogGaragen.dk,https://boggaragen.dk/product-category/faglitteratur/kunst-kultur/kunstboeger/,fresh_web_pass168_denmark_opening,Danish online antikvariat / used-book seller
Denmark,Pronomen — brugte bøger online,https://pronomen.dk/,fresh_web_pass168_denmark_opening,Danish online used-book shop
Denmark,Lovsamlingen / Juridisk Antikvariat,https://lovsamlingen.dk/,fresh_web_pass168_denmark_opening,specialist legal/society used-book seller with buy/sell language
Denmark,Bøger & Kuriosa,https://kuriosa.dk/,fresh_web_pass168_denmark_opening,Copenhagen antiquarian/used-book shop with online product catalogue
Denmark,voresbøger.dk,https://xn--voresbger-q8a.dk/,fresh_web_pass168_denmark_opening,Danish online used/antiquarian bookshop
Denmark,Kroning International Antikvariat,https://www.kroning-antikvariat.dk/,fresh_web_pass168_denmark_opening,large Danish antiquarian/used-book shop
Sweden,Bokbörsen,https://www.bokborsen.se/,fresh_web_pass169_sweden_hardening,book-specific used/antiquarian/textbook marketplace
Sweden,Bookis Sweden,https://bookis.com/en-se/,fresh_web_pass169_sweden_hardening,book-specific used-book P2P marketplace/app
Sweden,Campusbokhandeln / Adlibris Campus,https://campusbokhandeln.se/sell-books,fresh_web_pass169_sweden_hardening,book-specific student textbook resale / P2P-service rail
Sweden,Studentapan,https://www.studentapan.se/,fresh_web_pass169_sweden_hardening,book-specific used/new textbook marketplace
Sweden,Antikvariat.net — Sweden/Scandinavia scope,https://www.antikvariat.net/sv/,fresh_web_pass169_sweden_hardening,association-mediated antiquarian/used-book marketplace
Sweden,Bokliv.se,https://bokliv.se/pages/bocker,fresh_web_pass169_sweden_hardening,curated Swedish used/antiquarian book marketplace
Sweden,Bookhero.se,https://bookhero.se/,fresh_web_pass169_sweden_hardening,book-forward online discount/cheap-book store; used status unclear
Sweden,Bokfynd.nu / Bokfynd.se,https://www.bokfynd.nu/,fresh_web_pass169_sweden_hardening,book price-comparison / discovery rail
Sweden,Tradera — Böcker & Tidningar,https://www.tradera.com/category/11,fresh_web_pass169_sweden_hardening,horizontal auction/marketplace books category
Sweden,Blocket — books/textbook classifieds rail,https://play.google.com/store/apps/details?hl=en_US&id=se.appcorn.Blocket,fresh_web_pass169_sweden_hardening,horizontal classifieds / used-goods marketplace with books use case
Sweden,Facebook Marketplace — Stockholm Books,https://www.facebook.com/marketplace/stockholm/books/,fresh_web_pass169_sweden_hardening,social marketplace books category
Sweden,Sweden Second-Hand Book Trade,https://www.facebook.com/groups/swedenbook/,fresh_web_pass169_sweden_hardening,social group for second-hand book trade
Sweden,Rönnells Antikvariat,https://ronnells.se/,fresh_web_pass169_sweden_hardening,large Swedish antiquarian/used-book shop
Sweden,Antikvariat Röda Rummet,https://rodarummet.nu/,fresh_web_pass169_sweden_hardening,Swedish antiquarian/used-book shop with search/catalogue
Sweden,Mingus Bok- och skivbutik,https://www.mingusbok.se/,fresh_web_pass169_sweden_hardening,Swedish used/new book and record shop
Sweden,h:ström — Antikvariat & Bokhandel,https://bok.hstrom.se/,fresh_web_pass169_sweden_hardening,Swedish online antiquarian/used/new bookshop
Sweden,Langhof Rare Books,https://www.antikvariat.net/en/booksellers/langhos-rare-books,fresh_web_pass169_sweden_hardening,Swedish online-only rare/antiquarian bookseller on Antikvariat.net
Sweden,Antikvariat Hundörat,https://www.hundorat.se/,fresh_web_pass169_sweden_hardening,Swedish antiquarian/used-book shop
Sweden,Bokvännens Second Hand,https://www.bokvannen.se/bokvannens-second-hand/,fresh_web_pass169_sweden_hardening,booklover second-hand webshop / bookstore-adjacent surface
Norway,Bookis Norway,https://bookis.com/no/,fresh_web_pass170_norway_hardening,Norway-native book-specific used/new P2P marketplace/app with seller onboarding and barcode/ISBN mechanics
Norway,Antikvariat.net — Norway/Scandinavia scope,https://www.antikvariat.net/no/,fresh_web_pass170_norway_hardening,association-mediated Scandinavian antiquarian/used-book multi-seller marketplace with Norwegian member-store scope
Norway,iBok.no,https://ibok.no/,fresh_web_pass170_norway_hardening,Norway book-specific used textbook marketplace with seller contact/chat flow
Norway,FINN Torget — Bøker og blader,https://www.finn.no/recommerce/forsale/search?sub_category=1.86.5209,fresh_web_pass170_norway_hardening,horizontal recommerce/classifieds marketplace with very large books-and-magazines category
Norway,BenBig — Bøker Norway,https://benbig.com/boker/norway,fresh_web_pass170_norway_hardening,Norway marketplace/category page for mostly used books; book-first category but platform status thin
Norway,Bokia.no,https://bokia.no/,fresh_web_pass170_norway_hardening,"large single-operator Norwegian online used-book store, donation/store-owned inventory"
Norway,Boklibris.no,https://boklibris.no/,fresh_web_pass170_norway_hardening,large single-operator Norwegian online used bookstore
Norway,Bokloftet.no,https://bokloftet.no/,fresh_web_pass170_norway_hardening,single-store online used/new bookshop with large catalogue
Norway,Bokbua.no,https://bokbua.no/brukte_boker/brukte_boker.shtml,fresh_web_pass170_norway_hardening,single-store used-book seller with warehouse inventory
Norway,Norsk Antikvarbokhandlerforening / Antikvariat.no,https://antikvariat.no/,fresh_web_pass170_norway_hardening,Norwegian professional antiquarian bookseller association / directory context
Norway,Norlis Antikvariat,https://norlis.no/,fresh_web_pass170_norway_hardening,Norwegian antiquarian bookseller with catalogue/search via Antikvariat.net and selling/buying intake
Norway,Antikvariat Bryggen,https://antikvariat-bryggen.no/,fresh_web_pass170_norway_hardening,Norwegian antiquarian bookseller buying/selling rare books and first editions
Norway,Antikvariat Soon,https://antikvariatsoon.net/,fresh_web_pass170_norway_hardening,specialist Norwegian antiquarian bookseller with public category catalogue
Norway,Toftes Antikvariat,https://www.toftesantikvariat.no/,fresh_web_pass170_norway_hardening,Norwegian antikvariat buying/selling old and used books through Finn/QXL rails
Norway,Nynorsk Antikvariat catalogue,https://katalog.nynorskantikvariat.no/,fresh_web_pass170_norway_hardening,Norwegian antiquarian catalogue with ISBN-level item metadata
Norway,Bokbyen Skagerrak nettbutikk,https://nettbutikk.bokbyen-skagerrak.no/,fresh_web_pass170_norway_hardening,Norwegian book-town/antikvariat online catalogue with ISBN-level item listings
Norway,Facebook groups — Norway books/textbooks buy-sell,https://www.facebook.com/groups/508233009268004/,fresh_web_pass170_norway_hardening,social buy/sell/exchange groups for books and textbooks in Norway
Norway,Mammutsalget / Adlibris Norway sale rail,https://www.adlibris.com/no/salg,fresh_web_pass170_norway_hardening,"national book-sale / discount ecology context, not used-book recommerce"
Finland,Antikvaari.fi,https://www.antikvaari.fi/,fresh_web_pass171_finland_hardening,Finland book-specific multi-antiquarian/multi-merchant marketplace for new and used books
Finland,Antikvariaatti.net,https://www.antikvariaatti.net/,fresh_web_pass171_finland_hardening,"Finnish used-book/collectibles marketplace with cart, merchant, condition, availability and item ISBN metadata"
Finland,Antikka.net,https://antikka.net/,fresh_web_pass171_finland_hardening,shared Finnish antikvariat/divari database and multi-merchant used-book order-routing platform
Finland,Booky.fi Omakauppa,https://www.booky.fi/omakauppa,fresh_web_pass171_finland_hardening,"bookstore-integrated C2C customer marketplace/search for used or new books/products with platform supervision, buyer protection and ISBN search"
Finland,Finlandia Kirja,https://www.finlandiakirja.fi/en/,fresh_web_pass171_finland_hardening,large single-operator Finnish new-and-used online bookstore / antiquarian bookstore
Finland,Jamera legacy / absorbed into Suomalainen Kirjakauppa,https://www.suomalainen.com/pages/jamera-on-nyt-osa-suomalaista-kirjakauppaa,fresh_web_pass171_finland_hardening,closed legacy Finnish used textbook operator absorbed/redirected to Suomalainen Kirjakauppa
Finland,Suomalainen Kirjakauppa — Second hand in-store rail,https://www.suomalainen.com/pages/second-hand-kirjat,fresh_web_pass171_finland_hardening,"national bookstore-chain second-hand buyback/resale program, store-only resale and voucher model"
Finland,Tori.fi — Kirjat ja lehdet / Oppikirjat,https://www.tori.fi/recommerce/forsale/search?product_category=2.86.5209.513,fresh_web_pass171_finland_hardening,large Finnish horizontal recommerce/classifieds marketplace with books and textbook categories
Finland,Huuto.net — Kirjat ja lehdet,https://www.huuto.net/osasto/kirjat-ja-lehdet,fresh_web_pass171_finland_hardening,large Finnish horizontal auction/buy-now marketplace with book and magazine categories and merchant/private sellers
Finland,Pääkaupunkiseudun Kierrätyskeskus verkkokauppa — Käytetyt kirjat,https://kauppa.kierratyskeskus.fi/kirjat/,fresh_web_pass171_finland_hardening,charity/reuse operator online used-book category and store-owned donated inventory
Finland,Sumashop / Antikvariaatti Suma,https://sumashop.fi/collections/kirjat,fresh_web_pass171_finland_hardening,"single-operator Finnish online antikvariaatti for used books, comics, media and collectibles"
Finland,Arkadia International Bookshop,https://arkadiabookshop.fi/,fresh_web_pass171_finland_hardening,large Helsinki second-hand/international bookshop with online/in-store selection and cultural event layer
Finland,Suomen Antikvariaattiyhdistys / Finska Antikvariatföreningen,https://ilab.org/association/suomen-antikvariaattiyhdistys-finska-antikvariatforeningen,fresh_web_pass171_finland_hardening,Finnish antiquarian booksellers association and fair/trade infrastructure
Estonia,Raamatuhai / BooksShark,https://raamatuhai.ee/,fresh_web_pass172_estonia_hardening,"Estonian book-specific cultural marketplace for buying, selling and exchanging new and used books/board games"
Estonia,Raamatuvahetus / Bookswap,https://raamatuvahetus.ee/,fresh_web_pass172_estonia_hardening,"Estonian book-specific user-to-user book-exchange platform using points, parcel delivery codes and app/barcode listing support"
Estonia,Raamatukoi,https://raamatukoi.ee/,fresh_web_pass172_estonia_hardening,large Estonian single-operator new-and-used online bookstore with condition metadata and item EAN/ISBN fields
Estonia,Vanaraamat.ee / Biblio OÜ,https://www.vanaraamat.ee/,fresh_web_pass172_estonia_hardening,large Estonian single-operator online used-book catalogue / antiquarian bookstore
Estonia,Rahva Raamat — kasutatud raamatud,https://rahvaraamat.ee/et/kasutatud-raamatud,fresh_web_pass172_estonia_hardening,Estonian bookstore-chain used-book e-shop/store resale and buyback layer
Estonia,Antikvariaat.eu / Antikvariaat OÜ,https://www.antikvariaat.eu/,fresh_web_pass172_estonia_hardening,Tartu-based online antiquarian/used-book bookstore with cart and delivery options
Estonia,Kasutatudraamat.ee,https://kasutatudraamat.ee/,fresh_web_pass172_estonia_hardening,Estonian online shop for used and new books with cart/checkout and book intake page
Estonia,Vana ja Hea,https://www.vanajahea.ee/,fresh_web_pass172_estonia_hardening,Estonian online bookstore with new and used books and cart/account mechanics
Estonia,Osta.ee — Raamatud / haruldased raamatud,https://www.osta.ee/raamatud,fresh_web_pass172_estonia_hardening,"Estonian general auction/e-commerce marketplace with books and rare-book categories, seller accounts, condition and delivery filters"
Estonia,Yaga.ee — raamatud & ajakirjad,https://www.yaga.ee/kategooria/raamatud-%26-ajakirjad/tooted,fresh_web_pass172_estonia_hardening,"Estonian horizontal recommerce marketplace with books & magazines category, buyer protection, payments and parcel delivery"
Estonia,Facebook used-book groups — Estonia,https://www.facebook.com/groups/1276587955819793/,fresh_web_pass172_estonia_hardening,Estonian social used-book sale/swap group layer
Estonia,Tallinn Central Library booksale,https://keskraamatukogu.ee/en/booksale/,fresh_web_pass172_estonia_hardening,library deaccessioned-book sale/offline literacy layer
Estonia,Uuskasutuskeskus used-book charity/second-hand layer,https://www.reddit.com/r/Eesti/comments/715059/books_in_estonia/,fresh_web_pass172_estonia_hardening,"Estonian reuse/charity-store used-book signal, mostly offline/general second-hand rather than book-first online rail"
Latvia,myBook.lv,https://www.mybook.lv/,fresh_web_pass173_latvia_hardening,"Latvian book-specific marketplace/community for buying, selling and exchanging books with profile/listing and delivery coordination"
Latvia,Book.id.LV,https://book.id.lv/,fresh_web_pass173_latvia_hardening,"Latvian book-exchange marketplace / free-ad platform for buying, selling and exchanging books"
Latvia,iBook.lv,https://www.ibook.lv/,fresh_web_pass173_latvia_hardening,"Latvian used-book trading platform where readers buy, sell and exchange books; part of Sena group"
Latvia,Luta.lv,https://www.luta.lv/,fresh_web_pass173_latvia_hardening,"Latvian second-hand book trading platform with protected payment, seller/purchaser protection and Omniva parcel-label workflow"
Latvia,GUNAS GRĀMATAS / GunasGramatas,https://www.gunasgramatas.lv/,fresh_web_pass173_latvia_hardening,Riga rare/used-book antiquarian bookstore with online shop signal and book-buying/selling activity
Latvia,Buki.lv — Lietotas grāmatas,https://buki.lv/lietotas-gramatas,fresh_web_pass173_latvia_hardening,Latvian bookstore/e-commerce used-book category with current priced used inventory
Latvia,SS.COM — Grāmatas,https://www.ss.com/lv/entertainment/books/,fresh_web_pass173_latvia_hardening,Latvian general classifieds platform with a large books category and subcategories
Latvia,Andele Mandele — Grāmatas,https://www.andelemandele.lv/perles/home/gramatas/,fresh_web_pass173_latvia_hardening,Latvian horizontal second-hand marketplace with a books category including new and used books
Latvia,Facebook Marketplace — Riga books,https://www.facebook.com/marketplace/riga/books/,fresh_web_pass173_latvia_hardening,Facebook Marketplace local books category for Riga/Latvia with new and used book listings
Latvia,VintageBooksLatvia — Etsy shop,https://www.etsy.com/shop/VintageBooksLatvia,fresh_web_pass173_latvia_hardening,Latvia-based vintage/antiquarian book seller operating through Etsy external marketplace
Latvia,Coinstore.lv — second-hand bookseller auction category,https://www.coinstore.lv/en/auctions/knigi/,fresh_web_pass173_latvia_hardening,Latvian collectibles/auction site with second-hand bookseller / old-books and antique-prints category
Latvia,Robert's Books / Ex Libris Riga used-book shop layer,https://www.tripadvisor.com/Attraction_Review-g274967-d9762140-Reviews-or10-Robert_s_Books-Riga_Riga_Region.html,fresh_web_pass173_latvia_hardening,Riga second-hand English bookshop / used-book shop signal from travel/social surfaces
Lithuania,Knygos.lt seller onboarding / Skaitytos knygos,https://www.knygos.lt/parduok/,official_site,used-book seller onboarding and private seller flow
Lithuania,Knygos.lt used-book item sample — Midnight's Children,https://www.knygos.lt/lt/knygos/midnight-s-children-8rw8n/,official_item_detail,private seller plus ISBN-10/ISBN-13 sample
Lithuania,NaudotosKnygos.lt homepage,https://www.naudotosknygos.lt/,official_site,book-specific P2P listing categories
Lithuania,NaudotosKnygos.lt FAQ,https://www.naudotosknygos.lt/duk,official_help,"safe payment, shipping, seller, condition, virtual wallet mechanics"
Lithuania,Bookswap.lt homepage,https://bookswap.lt/,official_site,book-exchange platform surface
Lithuania,Bookswap.lt help,https://bookswap.lt/help,official_help,"book offer, points, shipping, app, exchange mechanics"
Lithuania,Bookswap.lt terms,https://bookswap.lt/terms,official_terms,user/business-client book transfer and content mechanics
Lithuania,SENA.LT FAQ,https://www.sena.lt/d-u-k,official_help,platform fee/order/support mechanics
Lithuania,SENA.LT item sample — Momo,https://www.sena.lt/istoriniai-romanai/momo-2/2684428,official_item_detail,"ISBN, platform fee, cart/offer/contact evidence"
Lithuania,"Skelbiu.lt Knygos, kinas category",https://www.skelbiu.lt/skelbimai/pramogos/knygos-kinas/,classifieds_category,large horizontal books/category annex
Lithuania,Antra knyga / Perskaityta,https://antraknyga.lt/,official_site,single-store used-book layer
Lithuania,KnygosPigiau.lt,https://knygospigiau.lt/,official_site,single-store new/used book retail layer
Lithuania,Facebook Marketplace — Vilnius books,https://www.facebook.com/marketplace/vilnius/books/?locale=lt_LT,social_marketplace,local horizontal books marketplace annex
Lithuania,Facebook group — NAUDOTOS KNYGOS,https://www.facebook.com/groups/1905803243007195/,social_group,book buy/sell/exchange/give-away social annex
Iceland,Bókalind antikbókabúð,https://bokalind.is/vara/matturinn-i-nuinu-eckhart-tolle/,live_web_pass175_iceland_targeted_cleanup,Iceland online antiquarian/used-book store with structured item pages and ISBN sample
Iceland,Skálda bókabúð,https://skalda.is/voruflokkur/baekur/notadar-baekur/,live_web_pass175_iceland_targeted_cleanup,Reykjavík independent bookstore with live used-books category and online cart
Iceland,Bókakaffið Selfoss/Reykjavík,https://bokakaffid.is/product/sjalfstaett-folk/,live_web_pass175_iceland_targeted_cleanup,Iceland book-café/bookstore with structured used-book item pages
Iceland,Bókabúð Gulla / Sólheimar,https://www.solheimar.is/pages/nytjamarkadur,live_web_pass175_iceland_targeted_cleanup,official single-store new/used bookshop page with used-books specialty statement
Iceland,The Old Bookstore in Flateyri / bookstore.is,https://www.icelandreview.com/travel/partnerships/step-back-in-time-at-icelands-oldest-bookstore/,live_web_pass175_iceland_targeted_cleanup,current feature confirming two-store Old Bookstore operation and second-hand Flateyri stock
Iceland,Bóksala stúdenta / University of Iceland book exchange surfaces,https://thjonusta.hi.is/hc/is-is/articles/25099676421787-B%C3%B3kalistar,live_web_pass175_iceland_targeted_cleanup,current University of Iceland textbook-sale and student used-book exchange guidance
Iceland,Bókin ehf. / Bókin Antikvariat,https://www.bokin.is/en,live_web_pass175_iceland_targeted_cleanup,current Bókin official antiquarian/used bookstore and product-card evidence
Luxembourg,Letzshop — Books & Media / Books category,https://letzshop.lu/en/medien/buecher,live_web_pass176_luxembourg_targeted_cleanup,local-commerce marketplace books category; weak-fit only
Luxembourg,Letzshop — example product with local bookseller sale / multiple offers,https://letzshop.lu/en/products/woelke-alexandra-franz-kafka-die-verwandlung-einfach-deutsch-verstehen-1020-interpretationshilfen-92ab92-ddb830,live_web_pass176_luxembourg_targeted_cleanup,product-level books evidence; seller and shipping/click-collect mechanics; ISBN mention in description
Luxembourg,Luxembourg public portal — Letzshop local retailer marketplace framing,https://luxembourg.public.lu/en/invest/innovation/letzshop-commerce.html,live_web_pass176_luxembourg_targeted_cleanup,official public-sector framing of Letzshop as marketplace for local retailers
Luxembourg,Ernster — Luxembourg bookshop chain / online catalogue,https://www.ernster.com/en/home,live_web_pass176_luxembourg_targeted_cleanup,single-store/chain bookstore anchor with large online catalogue
Luxembourg,Ernster — ISBN/GTIN product detail sample,https://www.ernster.com/en/detail/ISBN-9780241446676/Knowledge-Encyclopedia-Space,live_web_pass176_luxembourg_targeted_cleanup,ISBN/GTIN-rich product detail sample; ISBN 978-0-241-44667-6
Luxembourg,Bouquins Malins — online second-hand bookstore,https://www.bouquinsmalins.com/books-for-children-in-english,live_web_pass176_luxembourg_targeted_cleanup,online second-hand bookstore; item cards and prices; no ISBN captured
Luxembourg,Luxembourg Times — second-hand bookshop roundup,https://www.luxtimes.lu/yourluxembourg/leisureandtravel/english-language-bookshops-and-libraries/1327540.html,live_web_pass176_luxembourg_targeted_cleanup,"secondary roundup naming Bicherfrënn outlets, Book Nook, Bazar book stand, Bouquins Malins"
Luxembourg,Bicherfrënn official site,https://www.bicherfrenn.lu/,live_web_pass176_luxembourg_targeted_cleanup,volunteer association selling donated second-hand books
Luxembourg,University of Luxembourg — Bicherfrënn donation/outlets description,https://www.uni.lu/lcsb-en/news/letzebuerger-bicherfrenn-donates-to-lcsb/,live_web_pass176_luxembourg_targeted_cleanup,confirms donated books sorted/sold and two outlets
Luxembourg,Commune de Wiltz — Bicherstuff Wooltz,https://www.wiltz.lu/fr/vie-locale/arts-et-culture/bicherstuff-wooltz,live_web_pass176_luxembourg_targeted_cleanup,official page for Bicherstuff Wooltz used-book outlet
Luxembourg,Visit Luxembourg — Spring Book Sale,https://www.visitluxembourg.com/event/spring-book-sale,live_web_pass176_luxembourg_targeted_cleanup,recurring Spring Book Sale; second-hand books; proceeds to humanitarian projects
Luxembourg,RTL Today — The Green Library,https://today.rtl.lu/news/luxembourg/the-green-library-luxembourgs-first-second-hand-bookshop-1845004,live_web_pass176_luxembourg_targeted_cleanup,historical/current-uncertain online second-hand bookshop with buy/sell pre-loved books
Luxembourg,Enchères Luxembourg / Kanerz Art — Old books online sale,https://www.encheres-luxembourg.lu/en/results/juillet-2023-bibliophilie-livres-anciens,live_web_pass176_luxembourg_targeted_cleanup,auction-house antiquarian/collectibles book spillover
Luxembourg,Book Nook Luxembourg — Facebook group,https://www.facebook.com/groups/luxbooknook/,live_web_pass176_luxembourg_targeted_cleanup,social group for gently used book sales; access-limited social annex
Luxembourg,Book Swap Luxembourg — Facebook group,https://www.facebook.com/groups/2868236403289206/,live_web_pass176_luxembourg_targeted_cleanup,social group for exchanging/selling used books; access-limited social annex
Belgium,Books in Belgium,https://www.booksinbelgium.be/,live_web_pass177_belgium_hardening_opening,main universe evidence
Belgium,2ememain — Livres,https://www.2dehands.be/l/boeken/q/verkopen/,live_web_pass177_belgium_hardening_opening,annex / classifieds evidence
Belgium,Boekwinkeltjes.be,https://www.boekwinkeltjes.be/,live_web_pass177_belgium_hardening_opening,main universe evidence
Belgium,Stubooks.be,https://www.stubooks.be/,live_web_pass177_belgium_hardening_opening,main universe evidence
Belgium,BoekenBalie Belgium,https://boekenbalie.be/,live_web_pass177_belgium_hardening_opening,single-store used booksellers evidence
Belgium,Recyclivre Belgium / Recyclivre used-book buyback,https://www.recyclivre.be/,live_web_pass177_belgium_hardening_opening,single-store used booksellers evidence
Belgium,De Slegte Belgium / Netherlands used-book chain,https://www.deslegte.be/,live_web_pass177_belgium_hardening_opening,single-store used booksellers evidence
Belgium,Pêle-Mêle Belgium cultural recycling bookshops,https://www.pele-mele.be/,live_web_pass177_belgium_hardening_opening,single-store used booksellers evidence
Belgium,Livr'Ensemble,https://www.livrensemble.be/,live_web_pass177_belgium_hardening_opening,single-store used booksellers evidence
Belgium,Fnac Belgium used books / marketplace,https://www.fr.fnac.be/s228782/Livres-d-occasion,live_web_pass177_belgium_hardening_opening,weak-fit core evidence
Belgium,Studieshop.be second-hand textbook buyback,https://www.studieshop.be/boeken-verkopen,live_web_pass177_belgium_hardening_opening,weak-fit core evidence
Belgium,CLAM-BBA / Belgian Antiquarian Booksellers Association,https://www.clam-bba.be/,live_web_pass177_belgium_hardening_opening,single-store used booksellers evidence
Belgium,Aanbod.be / Tekoopjes.be — Boeken,https://boeken.aanbod.be/,live_web_pass177_belgium_hardening_opening,annex / classifieds evidence
Belgium,Belgium Facebook book-sale and book-swap groups,https://www.facebook.com/groups/559212920767342/,live_web_pass177_belgium_hardening_opening,annex / social classifieds evidence
Belgium,Books in Belgium seller instructions,https://www.booksinbelgium.be/nl/boeken-verkopen,live_web_pass177_belgium_hardening_opening,strict/main seller onboarding and process evidence
Belgium,Fnac Belgium marketplace explanation,https://www.nl.fnac.be/marketplace,live_web_pass177_belgium_hardening_opening,partner-seller marketplace evidence
Belgium,Boekwinkeltjes.be ISBN sample item,https://www.boekwinkeltjes.be/b/238167472/De-aarde-draagt/,live_web_pass177_belgium_hardening_opening,item-level ISBN sample evidence
Belgium,BoekenBalie Belgium ISBN sample item,https://boekenbalie.be/leonard-cohen-and-philosophy/9780812698565,live_web_pass177_belgium_hardening_opening,item-level ISBN sample evidence
Netherlands,Boekwinkeltjes.nl,https://www.boekwinkeltjes.nl/,official_home,strict_main_evidence
Netherlands,Boekwinkeltjes.nl ISBN sample,https://www.boekwinkeltjes.nl/b/238167472/De-aarde-draagt/,item_page,isbn_sample
Netherlands,Bookmatch.nl,https://www.bookmatch.nl/,official_home,strict_main_evidence
Netherlands,Bookmatch.nl ISBN sample,https://www.bookmatch.nl/studieboeken/9789493326491-Beveiliger-2-Wet-en-Regelgeving,item_page,isbn_sample
Netherlands,Bookmatch app,https://play.google.com/store/apps/details?id=nl.bookmatch.app,app_store,isbn_scan_capability
Netherlands,Booknext.nl seller flow,https://www.booknext.nl/boeken-verkopen,official_seller_flow,strict_main_evidence
Netherlands,Booknext.nl ISBN sample,https://www.booknext.nl/boeken/9783548243528-Ich-liebe-dich,item_page,isbn_sample
Netherlands,Antiqbook,https://www.antiqbook.com/,official_home,strict_main_evidence
Netherlands,Marelibri About Antiqbook,https://www.marelibri.com/AboutAntiqbook.html,third_party_about,history_scope_note
Netherlands,BoekenBalie app,https://play.google.com/store/apps/details?id=com.boekenbalie.app,app_store,operator_buyback_evidence
Netherlands,bol second-hand books,https://www.bol.com/nl/nl/l/tweedehands-boeken/8299/1426/,retailer_marketplace_category,weak_fit_evidence
Netherlands,Marktplaats books,https://www.marktplaats.nl/l/boeken/,classifieds_category,annex_evidence
Netherlands,De Slegte Netherlands,https://www.deslegte.com/,official_home,single_store_evidence
Netherlands,De Slegte second-hand books,https://www.deslegte.com/boeken/tweedehands/,category_page,single_store_inventory_evidence
Netherlands,Boek2 Antiquariaat,https://boek2.nl/,official_home,single_store_evidence
Netherlands,The Book Exchange Amsterdam,https://bookexchange.nl/,official_home,single_store_evidence
Austria,Bookbot Austria,https://bookbot.at/,live_web_verified_2026-05-06,Austria Bookbot used-book storefront; used-book buying/selling and inventory surface
Austria,Bookbot Austria sell flow,https://bookbot.at/bucher-verkaufen,live_web_verified_2026-05-06,Austrian buy/sell flow with courier/shipping and seller payout mechanics
Austria,Bookbot Austria ISBN scanner,https://bookbot.at/-/buchscanner,live_web_verified_2026-05-06,ISBN scanner/source for capture capability
Austria,willhaben books category,https://www.willhaben.at/iad/kaufen-und-verkaufen/marktplatz/buecher-zeitschriften/buecher-6467/a/zustand-gebraucht-23,live_web_verified_2026-05-06,Horizontal classifieds books category
Austria,willhaben antique books category,https://www.willhaben.at/iad/kaufen-und-verkaufen/marktplatz/antike-buecher-zeitschriften-6942/a/zustand-gebraucht-23,live_web_verified_2026-05-06,Large antique-books/periodicals used-condition category
Austria,ZVAB Austria antiquarian dealers,https://www.zvab.com/antiquariate/oesterreich.shtml,live_web_verified_2026-05-06,Austria-specific ZVAB dealer discovery and book search
Austria,booklooker.de,https://www.booklooker.de/,live_web_verified_2026-05-06,DACH used/antiquarian marketplace with buy/sell/buyer protection
Austria,Buchfreund marketplace,https://www.buchfreund.de/de/,live_web_verified_2026-05-06,Used/new/antiquarian marketplace with millions of offers
Austria,Buchfreund seller registration,https://www.buchfreund.de/de/service/verkaufen,live_web_verified_2026-05-06,Marketplace seller registration / cart sale mechanics
Austria,Morawa BuchCycling,https://www.morawa.at/buchcycling,live_web_verified_2026-05-06,Morawa/Zeercle used-book buyback flow
Austria,Tyrolia Lesestoffwechsel,https://www.tyrolia.at/lesestoffwechsel,live_web_verified_2026-05-06,Tyrolia used-book return/voucher flow
Austria,Tyrolia launch reporting,https://www.boersenblatt.net/news/buchhandel-news/tyrolia-startet-rueckkaufprogramm-fuer-gebrauchte-buecher-335851,live_web_verified_2026-05-06,ISBN registration/scanning and 21-store Austrian program evidence
Austria,Thalia Austria used-book pilot closure,https://www.heute.at/s/zu-aufwendig-thalia-macht-schluss-mit-gebrauchtbuechern-120067011,live_web_verified_2026-05-06,Legacy/closed status evidence for former Thalia Austria used-book pilot
Austria,Eurobuch.at,https://www.eurobuch.at/,live_web_verified_2026-05-06,Austrian book metasearch/comparator over used and antiquarian books
Austria,VDAÖ at ILAB,https://ilab.org/association/verband-der-antiquare-osterreichs,live_web_verified_2026-05-06,National antiquarian-booksellers association evidence
Austria,VDAÖ member page at buecher.at,https://buecher.at/antiquariate/,live_web_verified_2026-05-06,Association/member layer and Austrian book-trade organization evidence
Austria,INLIBRIS,https://inlibris.com/,live_web_verified_2026-05-06,Austria-based rare books/maps/manuscripts seller with online shop
Austria,Antiquariat Deinbacher,https://www.antiquariat-deinbacher.at/index.php/shop,live_web_verified_2026-05-06,Single-store online antiquarian/used-book inventory
Austria,Der Buchfreund / Walter R. Schaden,https://buch-schaden.at/,live_web_verified_2026-05-06,Vienna antiquarian/used-book seller catalogue
Switzerland,Exsila,https://www.exsila.ch/,web,pass180_evidence::legacy / closed marketplace
Switzerland,Ricardo,https://www.ricardo.ch/de/s/b%C3%BCcher/,web,pass180_evidence::annex / horizontal marketplace
Switzerland,ZVAB — Swiss antiquarian dealer surface,https://www.zvab.com/antiquariate/schweiz.shtml,web,pass180_evidence::main universe
Switzerland,booklooker.de — Switzerland-facing DACH used-book marketplace,https://www.booklooker.de/gebrauchte-buecher,web,pass180_evidence::main universe
Switzerland,Buchfreund — Swiss dealer/antiquarian marketplace surface,https://www.buchfreund.de/de/vk/antiquariat-peter-petrej,web,pass180_evidence::main universe
Switzerland,Antiqbook — Swiss dealer / international antiquarian marketplace surface,https://www.antiqbook.com/index.php?l=&o=alt,web,pass180_evidence::main universe
Switzerland,Loopsy.ch,https://loopsy.ch/,web,pass180_evidence::main universe
Switzerland,Buchplanet.ch,https://www.buchplanet.ch/,web,pass180_evidence::single-store used booksellers
Switzerland,Bücher-Brocky,https://www.buecher-brocky.ch/en/,web,pass180_evidence::single-store used booksellers
Switzerland,Melando.ch,https://www.melando.ch/de/gebrauchte-buecher-kaufen/reset,web,pass180_evidence::weak-fit core
Switzerland,Bourse aux livres.ch,https://bourseauxlivres.ch/,web,pass180_evidence::single-store used booksellers
Switzerland,Livres-occaz.ch,https://livres-occaz.ch/,web,pass180_evidence::single-store used booksellers
Switzerland,Les Recyclables,https://www.recyclables.ch/newshop,web,pass180_evidence::single-store used booksellers
Switzerland,EOS Antiquariat Zürich,https://www.eosbooks.ch/en/purchase/,web,pass180_evidence::single-store used booksellers
Switzerland,tutti.ch — Bücher/Livres,https://www.tutti.ch/de/cat/books/buecher,web,pass180_evidence::annex / classifieds
Switzerland,Galaxus Secondhand Books,https://www.galaxus.ch/fr/s18/secondhand/tag/livres-en-francais-1556,web,pass180_evidence::annex / horizontal marketplace
Switzerland,Facebook book buy/sell/swap groups — Switzerland,https://www.facebook.com/groups/bookclub.ch/,web,pass180_evidence::annex / social classifieds
Switzerland,Eurobuch.ch,https://www.eurobuch.ch/,web,pass180_supporting_comparator_infrastructure
Italy,Maremagnum,https://www.maremagnum.com/it/,official/live web,main universe
Italy,Maremagnum,https://www.marelibri.com/AboutMaremagnum.html,official/live web,main universe
Italy,ComproVendoLibri.it,https://www.comprovendolibri.it/,official/live web,main universe
Italy,ComproVendoLibri.it,https://it.trustpilot.com/review/www.comprovendolibri.it,supporting web,main universe
Italy,AbeBooks.it,https://www.abebooks.it/vendere-libri/,official/live web,main universe
Italy,AbeBooks.it,https://www.abebooks.it/libri-usati/,official/live web,main universe
Italy,RebelBooks / AccioBooks successor,https://beta.rebelbooks.com/,official/live web,weak-fit core
Italy,Bookbot Italy,https://bookbot.it/,official/live web,weak-fit core
Italy,Bookbot Italy,https://bookbot.com/c/info,official/live web,weak-fit core
Italy,Libraccio.it used-book buyback/sales,https://www.libraccio.it/offerte/vendita-libri-usati,official/live web,weak-fit core
Italy,Libraccio.it used-book buyback/sales,https://www.libraccio.it/,official/live web,weak-fit core
Italy,LibreriaUniversitaria.it used textbook buyback,https://www.libreriauniversitaria.it/aiuto_procedura-vendita-libri-usati.htm,official/live web,weak-fit core
Italy,Subito.it — Libri/book listings,https://www.subito.it/,official/live web,annex / classifieds
Italy,Subito.it — Libri/book listings,https://apps.apple.com/it/app/subito-it-vendi-di-tutto/id450775137,supporting web,annex / classifieds
Italy,eBay.it — Libri usati,https://www.ebay.it/b/Libri-Usati/268/bn_7032139289,official/live web,annex / classifieds
Italy,ALAI / ILAB Italian antiquarian bookseller network,https://ilab.org/association/associazione-librai-antiquari-ditalia,supporting web,offline / association / dealer network
Italy,Comprovendolibriusati.it Livorno/Pisa,https://www.comprovendolibriusati.it/,official/live web,single-store used booksellers
Italy,Libraccio.it app/catalog ISBN capability,https://play.google.com/store/apps/details?hl=en_US&id=it.libraccio.android,supporting web,weak-fit core
Spain,Wallapop,https://es.wallapop.com/libros-pelis-musica/libros,web,pass182_existing_spain_hardening::annex / classifieds
Spain,IberLibro,https://www.iberlibro.com/libros-segunda-mano/,web,pass182_existing_spain_hardening::main universe
Spain,Uniliber,https://www.uniliber.com/,web,pass182_existing_spain_hardening::main universe
Spain,Feria del Libro de Madrid,https://www.ferialibromadrid.com/,web,pass182_existing_spain_hardening::offline / fair / literacy layer
Spain,Liber,https://www.liber.es/,web,pass182_existing_spain_hardening::offline / fair / literacy layer
Spain,State/public library infrastructure,https://www.cultura.gob.es/cultura/areas/bibliotecas.html,web,pass182_existing_spain_hardening::offline / fair / literacy layer
Spain,CEGAL independents,https://www.cegal.es/,web,pass182_existing_spain_hardening::single-store bookstore layer
Spain,Casa del Libro,https://www.casadellibro.com/libros-segunda-mano,web,pass182_existing_spain_hardening::weak-fit core
Spain,Fnac Marketplace,https://www.fnac.es/Vende-tus-libros-usados-con-Fnac-Segunda-2%C2%AA-Vida-y-apoya-la-lectura-sostenible/cp15427/w-4,web,pass182_existing_spain_hardening::weak-fit core
Spain,TodosTusLibros,https://www.todostuslibros.com/,web,pass182_existing_spain_hardening::weak-fit core
Spain,todocoleccion,https://www.todocoleccion.net/s/libros,web,pass182_existing_spain_hardening::weak-fit core
Spain,Relibrea,https://www.relibrea.com/,web,pass182_new_spain_row::main universe
Spain,QuieroLibros,https://www.quierolibros.com/,web,pass182_new_spain_row::main universe
Spain,Biblio.es,https://biblio.es/,web,pass182_new_spain_row::main universe
Spain,Hamelyn,https://hamelyn.com/,web,pass182_new_spain_row::weak-fit core
Spain,Fnac Segunda Vida / Libros de 2ª Vida,https://www.fnac.es/Vende-tus-libros-usados-con-Fnac-Segunda-2%C2%AA-Vida-y-apoya-la-lectura-sostenible/cp15427/w-4,web,pass182_new_spain_row::weak-fit core
Spain,Re-Read España,https://www.re-read.com/en/,web,pass182_new_spain_row::single-store used booksellers
Spain,Reciclibros,https://www.reciclibros.com/,web,pass182_new_spain_row::single-store used booksellers
Spain,Plataforma del Estudiante,https://www.plataformadelestudiante.com/,web,pass182_new_spain_row::single-store used booksellers
Spain,Milanuncios — Libros,https://www.milanuncios.com/libros/,web,pass182_new_spain_row::annex / classifieds
Spain,Feria del Libro Antiguo y de Ocasión de Madrid,https://www.esmadrid.com/agenda/feria-del-libro-antiguo-y-de-ocasion-paseo-de-recoletos,web,pass182_new_spain_row::offline / fair / literacy layer
Spain,Fira del Llibre d’Ocasió Antic i Modern de Barcelona,https://www.uniliber.com/noticias/74-fira-del-llibre-d-ocasio-antic-i%25A0modern-barcelona-2025_557,web,pass182_new_spain_row::offline / fair / literacy layer
Spain,Booky Pamplona / former Bolsabooks successor,https://www.diariodenavarra.es/noticias/navarra/pamplona-comarca/2025/05/16/iturrama-vuelve-tienda-libros-texto-segunda-mano-647576-1002.html,web,pass182_new_spain_row::single-store used booksellers
Spain,Bolsabooks,https://www.diariodenavarra.es/noticias/navarra/pamplona-comarca/2025/05/16/iturrama-vuelve-tienda-libros-texto-segunda-mano-647576-1002.html,web,pass182_new_spain_row::legacy / closed marketplace
Portugal,Trade Stories,https://tradestories.pt/,web,pass183_existing_portugal_hardening::main universe
Portugal,OLX Portugal,https://www.olx.pt/lazer/livros-revistas/,web,pass183_existing_portugal_hardening::annex / classifieds
Portugal,445 municipal libraries in RNBP,https://bibliotecas.dglab.gov.pt/pt/Paginas/default.aspx,web,pass183_existing_portugal_hardening::offline / fair / literacy layer
Portugal,Feira do Livro de Lisboa,https://feiradolivrodelisboa.pt/,web,pass183_existing_portugal_hardening::offline / fair / literacy layer
Portugal,PNL2027,https://pnl2027.gov.pt/,web,pass183_existing_portugal_hardening::offline / fair / literacy layer
Portugal,Almedina,https://www.almedina.net/,web,pass183_existing_portugal_hardening::single-store bookstore layer
Portugal,Bertrand,https://www.bertrand.pt/,web,pass183_existing_portugal_hardening::single-store bookstore layer
Portugal,Ler Devagar,https://www.lerdevagar.com/,web,pass183_existing_portugal_hardening::single-store bookstore layer
Portugal,FNAC Marketplace,https://www.fnac.pt/marketplace,web,pass183_existing_portugal_hardening::weak-fit core
Portugal,WOOK,https://www.wook.pt/Marketplace/criaregisto,web,pass183_existing_portugal_hardening::weak-fit core
Portugal,Book in Loop,https://bookinloop.pt/pages/quero-vender,web,pass183_new_portugal_row::legacy / closed marketplace
Portugal,Ecolivros.pt,https://ecolivros.pt/,web,pass183_new_portugal_row::single-store used booksellers
Portugal,Esconderijo dos Livros,https://esconderijodoslivros.pt/,web,pass183_new_portugal_row::single-store used booksellers
Portugal,Alfarrabista.com,https://alfarrabista.com/,web,pass183_new_portugal_row::single-store used booksellers
Portugal,Livraria Alfarrabista Manuel Ferreira,https://livrariaferreira.pt/,web,pass183_new_portugal_row::single-store used booksellers
Portugal,Livraria Trindade,https://www.livraria-trindade.pt/,web,pass183_new_portugal_row::single-store used booksellers
Portugal,Livraria Miguel de Carvalho,https://www.livrariamigueldecarvalho.com/,web,pass183_new_portugal_row::single-store used booksellers
Portugal,Bokay Livraria Alfarrabista,https://www.bokay.pt/,web,pass183_new_portugal_row::single-store used booksellers
Portugal,CustoJusto — Livros,https://www.custojusto.pt/portugal/desporto-lazer/livros,web,pass183_new_portugal_row::annex / classifieds
Portugal,Facebook Marketplace Portugal — Books,https://www.facebook.com/marketplace/category/books/?locale=pt_PT,web,pass183_new_portugal_row::annex / classifieds
Portugal,Feira de Alfarrabistas do Chiado / Rua da Anchieta,https://www.visitlisboa.com/en/places/feira-de-alfarrabistas-antique-book-fair,web,pass183_new_portugal_row::offline / fair / literacy layer
Portugal,Salão do Livro Antigo — Coimbra/Porto seam,https://www.finebooksmagazine.com/fine-books-news/salao-do-livro-antigo-antiquarian-book-fair-returns-portugal,web,pass183_new_portugal_row::offline / fair / literacy layer
Portugal,Trade Stories rules,https://tradestories.pt/regras-do-site,web,pass183_support_trade_stories_book_only_rules
Portugal,Trade Stories wanted/seller/user evidence,https://tradestories.pt/procuro,web,pass183_support_trade_stories_wanted_book_mechanics
Portugal,Book in Loop circular economy historical source,https://economiacircular.gov.pt/pt/exemplos/bookinloop,web,pass183_support_bookinloop_historical_used_textbook_model
Portugal,Book in Loop official closure state,https://bookinloop.pt/pages/quero-vender,web,pass183_support_bookinloop_closed_current_page
Portugal,Ecolivros terms,https://ecolivros.pt/termos-e-condicoes/,web,pass183_support_ecolivros_operator_not_marketplace
Portugal,Ecolivros donate/sell intake,https://ecolivros.pt/doar-vender/,web,pass183_support_ecolivros_intake_model
Portugal,Visit Lisboa Feira de Alfarrabistas,https://www.visitlisboa.com/en/places/feira-de-alfarrabistas-antique-book-fair,web,pass183_support_lisbon_secondhand_book_fair
Portugal,Book in Loop official homepage/closure copy,https://bookinloop.pt/pages/quero-vender,web,pass183_support_bookinloop_2025_closure_and_counts
Greece,metabook,https://metabook.gr/,web,pass184_existing_greece_hardening::strict_main_native
Greece,Biblio.com Greece / Athens bookseller surface,https://www.biblio.com/bookstores/Greece/%20none/Athens,web,pass184_new_greece_row::main universe
Greece,Vendora Greece — Used Books,https://vendora.gr/categories/4v377r/metaxeirismena-biblia.html,web,pass184_new_greece_row::annex / horizontal marketplace
Greece,Protoporia — Metaxeirismena Vivlia,https://www.protoporia.gr/metaxeirismena-biblia,web,pass184_new_greece_row::single-store used booksellers
Greece,Politeia — Metaxeirismena product surface,https://www.politeianet.gr/el/products/emil-loudbix-idiotikh-napoleon-metaxeirismena,web,pass184_new_greece_row::single-store used booksellers
Greece,Palaio Bibliopoleio Nikos Chrysos / oldbooks.gr,https://oldbooks.gr/,web,pass184_new_greece_row::single-store used booksellers
Greece,Book Garden Athens,https://www.bookgardenathens.com/,web,pass184_new_greece_row::single-store used booksellers
Greece,Atlantis Books Santorini,https://atlantisbooks.org/,web,pass184_new_greece_row::single-store used booksellers
Greece,XO.gr Rare and Secondhand Books Athens directory,https://www.xo.gr/dir-az/R/Rare-and-Secondhand-Books/Athens/?lang=en,web,pass184_new_greece_row::directory / market map
Greece,Facebook / social second-hand book groups Greece,https://www.facebook.com/groups/983616945825132/,web,pass184_new_greece_row::annex / social classifieds
Greece,metabook item ISBN sample,https://metabook.gr/books/the-body-economic-sanjay-basu-430902,web,pass184_support_metabook_item_isbn_9781846147838
Greece,metabook wanted-books surface,https://metabook.gr/wanted-books?page=3,web,pass184_support_metabook_demand_wanted_mechanics
Greece,metabook seller profile sample,https://metabook.gr/sotirisr?page=6&price=10-20&sort=omega&year=1970-1990,web,pass184_support_metabook_seller_pay_delivery_methods
Greece,BOX NOW metabook merchant description,https://boxnow.gr/en/books,web,pass184_support_metabook_largest_online_used_book_marketplace_claim
Greece,Vendora app store country/platform evidence,https://apps.apple.com/gr/app/vendora-buy-sell/id1499831597,web,pass184_support_vendora_greece_cyprus_bulgaria_horizontal_marketplace
Greece,Vendora Google Play platform evidence,https://play.google.com/store/apps/details?hl=en_US&id=gr.vendora.app,web,pass184_support_vendora_horizontal_c2c_marketplace
Greece,Vendora used book item sample,https://vendora.gr/items/p4xo812/piso-ap-tin-avlea-tou-polemou-metachirismeno-vivlio.html?lang=en,web,pass184_support_vendora_used_book_listing
Greece,Politeia FAQ used-books question,https://www.politeianet.gr/el/Faqs,web,pass184_support_politeia_used_books_question_surface
Greece,Politeia used-product ISBN surface,https://www.politeianet.gr/el/products/emil-loudbix-idiotikh-napoleon-metaxeirismena,web,pass184_support_politeia_used_product_bibliographic_fields
Greece,Protoporia used-books program,https://www.protoporia.gr/metaxeirismena-biblia,web,pass184_support_protoporia_used_book_trade_in_program
Greece,Book Garden Athens homepage,https://www.bookgardenathens.com/,web,pass184_support_book_garden_secondhand_shop
Greece,Atlantis Books homepage,https://atlantisbooks.org/,web,pass184_support_atlantis_new_used_rare_bookshop
Greece,oldbooks.gr homepage,https://oldbooks.gr/,web,pass184_support_oldbooks_cart_catalogue_used_rare_books
Greece,XO.gr Athens rare-secondhand books directory,https://www.xo.gr/dir-az/R/Rare-and-Secondhand-Books/Athens/?lang=en,web,pass184_support_athens_used_bookshop_density_directory
Greece,Biblio Greece bookseller surface,https://www.biblio.com/bookstores/Greece/%20none/Athens,web,pass184_support_biblio_greece_dealer_marketplace_surface
Cyprus,READ Digital Library,https://www.read-library.com/,live_web,READ official home
Cyprus,READ Digital Library,https://www.bankofcyprus.com/en-gb/group/sustainability/society/csr-pillars/impact-in-education/read2/,live_web,Bank of Cyprus READ page
Cyprus,SREDA Books,https://sredabooks.com/,live_web,SREDA official home
Cyprus,Moufflon Bookshop,https://moufflon.com.cy/,live_web,Moufflon official home
Cyprus,Moufflon Bookshop,https://moufflon.com.cy/product-category/rare-books-3/,live_web,Moufflon Rare and Out of Print category
Cyprus,Soloneion Book Centre,https://soloneion.com/,live_web,Soloneion official home
Cyprus,Soloneion Book Centre,https://soloneion.com/soloneion/our-story,live_web,Soloneion story/category surface
Cyprus,Vendora.cy Used Books,https://vendora.cy/categories/4v377r/metaxeirismena-biblia.html,live_web,Vendora.cy used books category
Cyprus,Vendora.cy Used Books,https://play.google.com/store/apps/details?hl=en_US&id=gr.vendora.app,live_web,Vendora app description
Cyprus,Bazaraki Books,https://www.bazaraki.com/hobbies-sports-leisure-and-travel/hobbies/books/,live_web,Bazaraki Books category
Cyprus,Bazaraki Books,https://www.bazaraki.com/hobbies-sports-leisure-and-travel/hobbies/books/body-type---3/colour---5/seats---8/,live_web,Bazaraki category counts
Cyprus,Anna's Bookshop / Anna's Second-hand Book Swap,https://www.facebook.com/annassecondhandbookshop/,live_web,Anna Facebook page
Cyprus,Anna's Bookshop / Anna's Second-hand Book Swap,https://www.tripadvisor.com/Attraction_Review-g190382-d24874989-Reviews-Anna_s_Second_hand_Book_Swap-Limassol_City_Limassol.html,live_web,Tripadvisor Anna listing
Cyprus,Rüstem's Bookshop / Rüstem Kitabevi,https://lithub.com/a-visit-to-rustems-bookshop-cypruss-historic-bookstore-cafe/,live_web,LitHub Rüstem profile
Cyprus,Thrift Store Cyprus — Books,https://thriftstorecyprus.com/product-category/books/,live_web,Thrift Store Cyprus books category
Cyprus,Secondhand Books in Cyprus / Cyprus Book Swap,https://www.facebook.com/groups/CyprusBookSwap/,live_web,Cyprus Book Swap group
Cyprus,Buy a Book Save a Stray charity book bazaar,https://cyprus-mail.com/2025/10/29/buy-a-book-save-a-stray-is-back,live_web,Cyprus Mail charity book bazaar
Cyprus,Moufflon Bookshop,https://moufflon.com.cy/isbn/9781850434283/,live_web,ISBN sample page: 9781850434283
Malta,Malta Book Festival / National Book Council,https://ktieb.org.mt/exhibitors/,live_web,Ktieb/Malta Book Festival exhibitors
Malta,Merlin Library,https://www.merlinlibrary.com/,live_web,Merlin official home
Malta,Merlin Library,https://www.merlinlibrary.com/shop/textbooks/grammatik-aktiv-a1-b1-2/,live_web,Merlin ISBN sample
Malta,Agenda,https://agendabookshop.com/,live_web,Agenda official home
Malta,Agenda,https://ps.agendatextbooks.com/en/textbooks/,live_web,Agenda textbook ISBN search
Malta,Malta Online Bookshop,https://maltaonlinebookshop.com/about-us/,live_web,Malta Online About
Malta,Malta Online Bookshop,https://maltaonlinebookshop.com/product-category/rare-books/,live_web,Malta Online rare books category
Malta,Maltapark Books,https://maltapark.com/listings/category/5,live_web,Maltapark books category
Malta,Maltapark Books,https://maltapark.com/listings/category/5/?bn=54&nr=4863&page=98&sortby=3&wr=9,live_web,Maltapark listing-count evidence
Malta,Facebook Marketplace Malta Books,https://www.facebook.com/marketplace/110424432310730/books/,live_web,Facebook Marketplace Luqa books
Malta,Malta book-sale Facebook groups,https://www.facebook.com/groups/696357313886832/,live_web,Books For Sale Malta group
Malta,Malta book-sale Facebook groups,https://www.facebook.com/groups/160748344361188/,live_web,Malta Pre Owned Books group
Malta,YMCA Malta Books 4 Charity,https://ymcamalta.org/books-4-charity/,live_web,YMCA Books 4 Charity
Malta,Bookstop MLT,https://bookshop.org/shop/bookstopMLT,live_web,Bookstop MLT Bookshop.org page
Malta,Books 'n' Bits / Holy Trinity Sliema,https://holytrinitysliema.com/books-n-bits-1,live_web,Holy Trinity Books n Bits
Malta,ALS Malta Store / MaltaOutlet Books,https://maltaoutlet.com/collections/books,live_web,ALS Malta Store books collection
Malta,Wise Owl Bookshop,https://www.wise-owl-bookshop.com/,live_web,Wise Owl official home
Malta,Malta second-hand bookshop context,https://www.tripadvisor.co.uk/ShowTopic-g190311-i348-k14759849-Valletta_second_hand_book_store-Malta.html,live_web,Tripadvisor secondhand bookshop thread
Malta,Malta thrift/second-hand texture,https://foemalta.org/blog/malta-thrift-shops-map-2/,live_web,"2026 Malta thrift shops map; shops selling clothes, books and houseware"
Albania,Adrion LTD,https://adrionltd.com/en,pass187_current_web,official homepage: Albania biggest bookstore / online book retail
Albania,Adrion LTD order online,https://adrionltd.com/en/info/order-online,pass187_current_web,"official order-online page: 32,000+ products/catalogue"
Albania,Adrion LTD about,https://adrionltd.com/en/about,pass187_current_web,official about page: history/major Tirana bookstore
Albania,Adrion LTD ISBN sample,https://adrionltd.com/en/p/olcxfuweto,pass187_current_web,product page with ISBN 9781107662186
Albania,Albas,https://albas.al/,pass187_current_web,official publisher/book retail homepage/order testimony
Albania,Bukinist.al,https://bukinist.al/,pass187_current_web,official Albania online bookstore homepage
Albania,Bukinist books category,https://bukinist.al/en/14-books,pass187_current_web,books category count and catalog structure
Albania,Bukinist delivery,https://bukinist.al/en/content/1-delivery,pass187_current_web,delivery/ordering mechanics
Albania,Bukinist antikuar/ISBN sample,https://bukinist.al/en/111-vjet-shqiperi-111-libra/2205-libri-antikuar-per-shqipnine-ne-biblioteken-franceskane.html,pass187_current_web,product page with ISBN 9789995697389 and Antikuar menu context
Albania,ShtepiaeLibrit used category,https://www.shtepiaelibrit.com/store/en/115-used-albanian-books,pass187_current_web,"official used Albanian books category, 332 products"
Albania,ShtepiaeLibrit ISBN sample 1,https://www.shtepiaelibrit.com/store/en/used-albanian-books/4775-shqiperia-fulvio-kordinjano-978992820059.html,pass187_current_web,used-book product page with ISBN 978992820059
Albania,ShtepiaeLibrit ISBN sample 2,https://www.shtepiaelibrit.com/store/en/used-albanian-books/5520-kritike-dhe-estetike-ernest-koliqi-978999276189.html,pass187_current_web,used-book product page with ISBN 978999276189
Albania,MerrJep Albania homepage,https://www.merrjep.al/,pass187_current_web,official Albania classifieds homepage: largest trade/classifieds framing
Albania,MerrJep books category,https://www.merrjep.al/njoftime/sport-rekreacion/libra-revista,pass187_current_web,books and magazines category with live listings
Albania,MerrJep books for sale,https://www.merrjep.al/njoftime/sport-rekreacion/libra-revista/ne-shitje,pass187_current_web,category text explicitly names new/used books and many book types
Albania,MerrJep Albania app,https://apps.apple.com/us/app/merrjep-albania/id1484653154,pass187_current_web,app listing: free buy/sell app for Albania with 1.5M+ ads
Albania,B-books on MerrJep,https://www.merrjep.al/b-books,pass187_current_web,shop/profile offering used books in good condition
Albania,Libra te perdorura Facebook,https://www.facebook.com/libraperdorura/,pass187_current_web,public used-books social storefront signal
Albania,Libra te perdorura Instagram,https://www.instagram.com/librat_e_perdorur/,pass187_current_web,Instagram used-books social storefront snippet
Albania,Bookland.al,https://bookland.al/,pass187_current_web,online bookstore/catalogue layer
Albania,Leximtari.al,https://leximtari.al/,pass187_current_web,online bookstore/catalogue layer
Albania,Librari Babel official,https://libraribabel.com/,pass187_current_web,official site under construction but live brand surface
Albania,Librari Babel InYourPocket,https://inyourpocket.com/albania/tirana/venues/librari-babel,pass187_current_web,third-party listing identifying Babel as bookshop/cafe
Albania,Tirana Book Fair 2025,https://www.visit-tirana.com/events/book-fair-tirana-2025/,pass187_current_web,2025 book fair dates/location
Albania,National Academic Book Fair 2026,https://en.ata.gov.al/2026/04/22/fifth-national-academic-book-fair-opens-in-tirana-akademia-printing-house-inaugurated/,pass187_current_web,2026 academic/scientific book fair context
Kosovo,Dukagjini Books / Libraria Dukagjini,https://dukagjinibooks.com/,official_site,bookstore_layer
Kosovo,Dukagjini Books / Libraria Dukagjini,https://dukagjinibooks.com/en/books/17449,product_page,isbn_sample
Kosovo,Dukagjini Books / Libraria Dukagjini,https://dukagjinibooks.com/en/books/1284340,product_page,isbn_sample
Kosovo,Educational Centre Kosova,https://educationalcentre-ks.com/shop/,official_site,bookstore_layer
Kosovo,Educational Centre Kosova,https://educationalcentre-ks.com/shop/index.php?information_id=4&route=information%2Finformation,official_about,bookstore_layer
Kosovo,Educational Centre Kosova,https://educationalcentre-ks.com/shop/index.php?path=1093&route=product%2Fcategory,product_category,bookstore_layer
Kosovo,Educational Centre Kosova,https://wolt.com/en/xkx/pristina/venue/educational-center,delivery_platform,bookstore_layer
Kosovo,MerrJep Kosovo — Libra dhe Revista,https://www.merrjep.com/shpallje/sport-rekreacion/libra-revista/q-libri/,classifieds_category,annex_classifieds
Kosovo,MerrJep Kosovo app,https://play.google.com/store/apps/details?hl=en_US&id=com.merrjep,app_store,annex_classifieds
Kosovo,Bookey Kosovo book-swap app signal,https://www.facebook.com/KosovoInnovations/posts/kosovo-now-has-a-mobile-platform-that-enables-the-exchange-and-sharing-of-books-/1780054105348346/,social_post,historical_provisional
Kosovo,Libraria Buzuku,https://www.instagram.com/librariabuzuku/,social_profile,bookstore_layer
Kosovo,Libraria Buzuku,https://pikark.com/en/listing/librari-buzuku/,third_party_listing,bookstore_layer
Kosovo,Libraria Artini - Toena,https://wolt.com/en/xkx/pristina/venue/libraria-artini,delivery_platform,bookstore_layer
Kosovo,Libraria Artini - Toena,https://www.facebook.com/librariaartinitoena/,social_profile,bookstore_layer
Kosovo,Soma Book Station,https://www.facebook.com/bookstationsoma/,social_profile,cultural_bookstore_layer
Kosovo,Soma Book Station,https://www.tripadvisor.com/Restaurant_Review-g295385-d8364416-Reviews-Soma_Book_Station-Pristina.html,third_party_listing,cultural_bookstore_layer
Kosovo,Librashqipe app / Albanian digital library,https://play.google.com/store/apps/details?id=branded.m1f92388e2ee14eadbdaf73def153a17b.librashqipecom,app_store,digital_library_context
Kosovo,Prishtina Book Fair / Kosovo Publishers Association,https://www.gazetaexpress.com/en/panairi-i-25-te-i-librit-dhe-aktivitetet-qe-pritet-ta-shenojne-kete-edicion/,news_report,offline_fair_literacy
Kosovo,Prishtina Book Fair / Kosovo Publishers Association,https://www.koha.net/en/kulture/hapet-panairi-i-librit-ne-prishtine-1,news_report,offline_fair_literacy
Kosovo,Gjirafa50 — e-reader/book-adjacent ecommerce,https://gjirafa50.com/lexues-e-book,ecommerce_category,book_adjacent_context
North Macedonia,North Macedonia overall,https://www.pazar3.mk/ads/sports-recreation/books-textbooks-magazines/for-sale-wanted-exchange,pass189_current_web,countrywide classifieds books/textbooks/magazines category
North Macedonia,Pazar3.mk,https://www.pazar3.mk/ads/sports-recreation/books-textbooks-magazines/for-sale-wanted-exchange/q-steve-jobs,pass189_current_web,classifieds item/category render with book listing and post-ad copy
North Macedonia,Reklama5.mk,https://reklama5.mk/Search/?cat=988&pageView=1,pass189_current_web,books category live listing/pagination surface
North Macedonia,Reklama5.mk,https://reklama5.com/Search/?cat=262&subcat=,pass189_current_web,classifieds category taxonomy source for books/school textbooks/magazines
North Macedonia,Buy and sell books — Macedonia Facebook group,https://www.facebook.com/groups/868625999947290/,pass189_current_web,social book-sale group evidence
North Macedonia,Antolog Books,https://antolog.mk/,pass189_current_web,official bookstore/publisher surface
North Macedonia,kniga.mk / TRI Publishing Centre,https://kniga.mk/,pass189_current_web,online bookstore home/category surface
North Macedonia,kniga.mk / TRI Publishing Centre,https://kniga.mk/p/10631/magical-macedonian-sights,pass189_current_web,product page with ISBN metadata
North Macedonia,kupikniga.mk,https://www.kupikniga.mk/,pass189_current_web,major Macedonian online bookstore surface
North Macedonia,literatura.mk,https://www.literatura.mk/,pass189_current_web,major virtual/online bookstore surface
North Macedonia,Matica / Klub Matica,https://matica.com.mk/,pass189_current_web,major bookstore home/catalogue surface
North Macedonia,Matica / Klub Matica,https://matica.com.mk/najcesto-postavuvani-prasanja/,pass189_current_web,online ordering/payment/delivery FAQ
North Macedonia,Akademska Kniga,https://www.akademskakniga.mk/,pass189_current_web,official online bookstore surface
North Macedonia,Akademska Kniga,https://inyourpocket.com/north-macedonia/skopje/venues/bookstore-akademska-kniga,pass189_current_web,venue/bookstore context
North Macedonia,Bad Wolf Bookstore,https://www.badwolf.mk/en,pass189_current_web,English bookstore in Skopje / online shopping surface
North Macedonia,Bookcorner.mk,https://bookcorner.mk/,pass189_current_web,online English bookshop surface
North Macedonia,sakamknigi.mk,https://sakamknigi.mk/,pass189_current_web,Macedonian bookstore/catalogue surface
North Macedonia,Skopje Book Fair / MAI,https://mai.org.mk/2025/02/27/2025-skopje-book-fair-fellowship-program/,pass189_current_web,publishing-scene/book-fair context
North Macedonia,Skopje Book Fair / MIA,https://new.mia.mk/en/story/110-book-launches-at-skopje-book-fair-on-may-814,pass189_current_web,2025 fair dates/launches/publisher count
North Macedonia,Skopje Book Fair / TNPS,https://thenewpublishingstandard.com/2025/02/28/publishing-advisory-north-macedonia-apply-now-for-2025-skopje-book-fair-fellowship-programme/,pass189_current_web,annual fair scale/visitors/publisher context
Serbia,KupujemProdajem — Knjige,https://www.kupujemprodajem.com/knjige/kategorija/8,live_web_pass190_targeted_reverification,horizontal classifieds book category; dedicated books category and ad-posting mechanics
Serbia,Halo Oglasi — Knjige,https://www.halooglasi.com/knjige,live_web_pass190_targeted_reverification,horizontal classifieds category explicitly covering new and used books
Serbia,Kupindo — Knjige,https://www.kupindo.com/Knjige/artikli/1,live_web_pass190_targeted_reverification,horizontal marketplace with very large books subcategory counts
Serbia,Limundo — Knjige,https://www.limundo.com/Knjige/aukcije/g6,live_web_pass190_targeted_reverification,horizontal auction marketplace with books category
Serbia,Knjiga na dlanu,https://knjiganadlanu.com/,live_web_pass190_targeted_reverification,"single-store used bookseller with 10,000+ title claim/category surface"
Serbia,Polovne knjige i udžbenici / PolovneKnjigeSrbija,https://www.polovneknjigesrbija.com/,live_web_pass190_targeted_reverification,operator-managed used textbook/book resale/buyback surface
Serbia,Knjižara Antikvarnica / Antikvarne Knjige,https://www.antikvarne-knjige.com/knjige/,live_web_pass190_targeted_reverification,single-store antiquarian/used bookseller
Serbia,Knjizara.com — Antikvarnica,https://www.knjizara.com/antikvarnica/,runtime_gap_bridge_web_2026_05_06_pass190_serbia_targeted_hardening,book-specific operator-managed used/antiquarian aggregation
Serbia,Knjižara Obradović / PolovneKnjige.rs,https://polovneknjige.rs/,runtime_gap_bridge_web_2026_05_06_pass190_serbia_targeted_hardening,single-store used/textbook bookseller
Serbia,Sigedon Books & Antiques,https://sigedon.com/about-us/,runtime_gap_bridge_web_2026_05_06_pass190_serbia_targeted_hardening,single-store antiquarian bookseller
Serbia,Otkupknjiga.com — Otkup knjiga Beograd/Srbija,https://www.otkupknjiga.com/,runtime_gap_bridge_web_2026_05_06_pass190_serbia_targeted_hardening,operator buyback / antiquarian intake
Serbia,Kuća za sunce,https://www.kucazasunce.com/,runtime_gap_bridge_web_2026_05_06_pass190_serbia_targeted_hardening,single-store used/antiquarian bookseller
Serbia,Goglasi.com — Polovne knjige search,https://www.goglasi.com/search?q=Polovne+knjige+,runtime_gap_bridge_web_2026_05_06_pass190_serbia_targeted_hardening,horizontal classifieds/search aggregator for used-book ads
Serbia,"Facebook Marketplace Belgrade — Books, Movies & Music",https://www.facebook.com/marketplace/109920975697736/media/,runtime_gap_bridge_web_2026_05_06_pass190_serbia_targeted_hardening,social horizontal marketplace book/media category
Serbia,Polovni udžbenici Srbija Facebook group,https://www.facebook.com/groups/835753803172878/,runtime_gap_bridge_web_2026_05_06_pass190_serbia_targeted_hardening,social textbook resale/exchange group
Serbia,International Belgrade Book Fair — Hall 4 gallery used/antiquarian books,https://sajamknjiga.rs/sr/hala-4-galerija/,runtime_gap_bridge_web_2026_05_06_pass190_serbia_targeted_hardening,offline used/antiquarian fair layer
Serbia,International Belgrade Book Fair — official fair news used-book note,https://sajam.rs/en/the-67th-international-belgrade-book-fair-has-begun-the-word-is-free/,runtime_gap_bridge_web_2026_05_06_pass190_serbia_targeted_hardening,official English corroboration that Hall 4 gallery is used/antiquarian books
Serbia,Knjizara.com — main site context,https://www.knjizara.com/,runtime_gap_bridge_web_2026_05_06_pass190_serbia_targeted_hardening,Serbia online bookstore context with antikvarnica navigation
North Macedonia,VIPMarket5.mk,https://www.vipmarket5.mk/search/%D0%9A%D0%BD%D0%B8%D0%B3%D0%B8-%D1%81%D0%BF%D0%B8%D1%81%D0%B0%D0%BD%D0%B8%D1%98%D0%B0-%D1%81%D1%82%D1%80%D0%B8%D0%BF%D0%BE%D0%B2%D0%B8/cid/49,pass191_current_web,books/magazines/comics classifieds category and about/platform copy
North Macedonia,VIPMarket5.mk / Chitam listing,https://www.vipmarket5.mk/products/%D0%9F%D1%80%D0%BE%D0%B4%D0%B0%D0%B6%D0%B1%D0%B0-%D0%BD%D0%B0-%D0%BD%D0%BE%D0%B2%D0%B8-%D0%B8-%D0%BF%D0%BE%D0%BB%D0%BE%D0%B2%D0%BD%D0%B8-%D0%BA%D0%BD%D0%B8%D0%B3%D0%B8/pid/811272,pass191_current_web,listing copy for new and second-hand books / Chitam used-book signal
North Macedonia,Starokupujem.mk,https://www.starokupujem.mk/oglasi/knigi_ucebnici_spisanija,pass191_current_web,books/textbooks/magazines classifieds aggregator surface
North Macedonia,Chitam.mk Facebook,https://www.facebook.com/chitam.mk/posts/%EF%B8%8F-%EF%B8%8F-%EF%B8%8F-%D0%BA%D1%83%D0%BF%D0%B8-%D0%BA%D0%BD%D0%B8%D0%B3%D0%B0-%D1%87%D0%B8%D1%82%D0%B0%D0%BC%D0%BC%D0%BA-%D0%B0%D0%BB%D0%B1%D1%83%D0%BC-%D0%BF%D1%80%D0%BE%D0%B4%D0%B0%D0%B6%D0%B1%D0%B0-%D0%BD%D0%B0-%D0%BF%D0%BE%D0%BB%D0%BE%D0%B2%D0%BD%D0%B8-%D0%BA%D0%BD%D0%B8%D0%B3%D0%B8-%D0%BA%D0%BE%D1%80%D0%B8%D1%81%D1%82%D0%B5%D0%BD%D0%B8-%D0%BA%D0%BD%D0%B8%D0%B3%D0%B8-%D0%BE%D0%B4%D0%BB%D0%B8%D1%87%D0%BD%D0%B8/747265997503162/,pass191_current_web,used-book album/social storefront evidence
North Macedonia,Chitam.mk Instagram,https://www.instagram.com/p/DGA-y0lCKwI/,pass191_current_web,2025/2026 used-book antikvarnica post evidence
North Macedonia,"Продажба, подарување и размена на стари и нови книги",https://www.facebook.com/groups/1047338695422201/,pass191_current_web,Facebook group sale/request/gift/exchange evidence
North Macedonia,Okno / Meta old-book sellers reporting,https://okno.mk/node/93041,pass191_current_web,old-book/antiquarian-stall displacement and infrastructure context
North Macedonia,Pazar3.mk,https://www.pazar3.mk/oglasi/sport-rekreacija/knigi-ucebnici-spisanija,pass191_current_web,hardening evidence for already-existing Pazar3 books/textbooks/magazines classifieds row
North Macedonia,Pazar3.mk stari knigi search,https://www.pazar3.mk/oglasi/q-stari-knigi,pass191_current_web,old-books keyword classifieds evidence for already-existing Pazar3 row
North Macedonia,VipMarket5 page 6 Chitam trace,https://www.vipmarket5.mk/search/category/%D0%9A%D0%BD%D0%B8%D0%B3%D0%B8%2C%2B%D1%81%D0%BF%D0%B8%D1%81%D0%B0%D0%BD%D0%B8%D1%98%D0%B0%2C%2B%D1%81%D1%82%D1%80%D0%B8%D0%BF%D0%BE%D0%B2%D0%B8/cid/49/sortby/nameAsc/resultsperpage/20/page/6,pass191_current_web,Chitam new/used books trace in classifieds result
North Macedonia,Femina forum book market,https://forum.femina.mk/threads/%D0%A4%D0%B5%D0%BC%D0%B8%D0%BD%D1%81%D0%BA%D0%B8-%D0%BF%D0%B0%D0%B7%D0%B0%D1%80-%D0%BD%D0%B0-%D0%BA%D0%BD%D0%B8%D0%B3%D0%B8.5101/,pass191_current_web,historical/forum book-sale texture not promoted to row
North Macedonia,Kajgana forum book exchange,https://forum.kajgana.com/threads/berza-za-knigi-kupuvam-prodavam.7565/page-3,pass191_current_web,historical/forum book-exchange texture not promoted to row
Montenegro,National Library of Montenegro,https://www.nb-cg.me/en,official_institution_site,official heritage/library context
Montenegro,Square of the Book / Trg od knjige,https://hercegnovi.travel/en/single-news/german-writer-clemens-mayer-opened-the-23rd-book-square-literature-is-both-avant-garde-and-tradition,official_tourism_event_report,2025 fair confirmation
Montenegro,Square of the Book / Trg od knjige,https://www.hercegnovi.me/en/2014-03-01-15-51-26/2014-03-01-15-57-52/93-2014,municipal_event_context,fair history and annual schedule
Montenegro,Platforma knjiga,https://www.platformaknjiga.me/,online_bookstore,front page/category signal including used/antiquarian category
Montenegro,Platforma knjiga,https://www.platformaknjiga.me/en/about-us,about_page,first specialized online bookstore claim
Montenegro,Platforma knjiga,https://www.platformaknjiga.me/en/shipping-returns,shipping_page,retail/order mechanics
Montenegro,Tabernakl,https://tabernakl.me/,publisher_bookstore,publisher/bookstore home and product/cart surface
Montenegro,Tabernakl,https://tabernakl.me/knjizara/page/2/,bookstore_catalog,catalog/cart/product pages
Montenegro,Patuljak.me — Books category,https://patuljak.me/c/knjige,classifieds_category,buy/sell new and used books category
Montenegro,Patuljak.me — textbooks category,https://patuljak.me/c/srednja-skola,classifieds_category,used/new textbook listing mechanics
Montenegro,Pazar3.me Montenegro — Books,https://www.pazar3.me/oglasi/sport-razonoda/knjige-udzbenici-casopisi,classifieds_category,books/textbooks/magazines category
Montenegro,Pazar3.me Montenegro — Podgorica used books query,https://www.pazar3.me/oglasi/sport-razonoda/knjige-udzbenici-casopisi/podgorica/q-polovne-knjige,classifieds_search,used-book listing examples
Montenegro,Oglasi.me — Literature / Books,https://oglasi.me/literatura/knjige,classifieds_category,literature/books category and subcategories
Montenegro,Oglasi.me — textbooks/lektirе,https://oglasi.me/biro-oprema/udzbenici-i-lektire,classifieds_category,used textbook listing examples
Montenegro,Narodna knjiga Podgorica,https://narodna-knjiga.com/,local_online_bookstore,store catalogue and contact details
Montenegro,Gradska knjižara Montenegro,https://gradskaknjizara.me/,local_online_bookstore,store catalogue/e-commerce
Montenegro,Knjižara Karver Podgorica,https://www.facebook.com/karverknjizara/,bookstore_social_surface,active bookstore social/store trace
Montenegro,Knjižara Karver Podgorica,https://www.myguidemontenegro.com/things-to-do/karver,tourism_bookstore_context,bookstore/cafe/cultural context
Montenegro,Prodaja knjiga Podgorica social storefront,https://www.instagram.com/prodajaknjigapodgorica/?hl=en,social_storefront,new/used/antiquarian books and buyback claim
Montenegro,Otkup knjiga Crna Gora,https://www.facebook.com/otkupknjigacg/?locale=sr_RS,social_buyback_operator,book buyback social operator signal
Montenegro,Prodaja Polovnih Knjiga Anastasija,https://www.facebook.com/prodajapolovnihknjiga.anastasija/,social_used_book_resale_page,used-book resale social page
Croatia,Hoću knjigu,https://www.hocuknjigu.hr/,official_bookstore_webshop,bookstore-chain webshop and catalogue
Croatia,Hoću knjigu store list,https://www.hocuknjigu.hr/knjizare,official_store_list,physical shops and online-pickup infrastructure
Croatia,Znanje,https://znanje.hr/,official_publisher_bookstore_webshop,publisher/bookstore web shop
Croatia,Znanje books category,https://znanje.hr/kategorija-proizvoda/knjige/500,official_book_category,large book category/product surface
Croatia,Njuškalo — Literatura / Knjige,https://www.njuskalo.hr/knjige,classifieds_category,literature/books category; ads with images/prices
Croatia,Njuškalo — used textbooks,https://www.njuskalo.hr/udzbenici,classifieds_textbook_category,used school textbook classifieds category
Croatia,Aukcije.hr — Knjige i tisak,https://www.aukcije.hr/prodaja/Knjige-i-tisak/10/,auction_marketplace_category,large book/print category with sell/registration mechanics
Croatia,Aukcije.hr — antiquarian books,https://www.aukcije.hr/prodaja/knjige-i-tisak/antikvarne-knjige/270,auction_marketplace_category,antiquarian-books category and live auction/buy-now listings
Croatia,Aukcije.hr — literature auctions,https://www.aukcije.hr/prodaja/novo/knjige-i-tisak/knjizevnost/13/,auction_marketplace_category,literature category and live listings
Croatia,Facebook Marketplace Zagreb Books,https://www.facebook.com/marketplace/zagreb/books/,social_marketplace_category,new and used books for sale in Zagreb/Croatia
Croatia,Rabljene knjige Facebook group,https://www.facebook.com/groups/271889332880958/,social_used_book_group,social group for selling/buying books
Croatia,Knjiga.hr / Antikvarijat Ex Libris,https://knjiga.hr/,single_operator_used_bookstore,online store/cart surface
Croatia,Knjiga.hr / Antikvarijat Ex Libris social proof,https://www.facebook.com/ri.exlibris/,social_storefront,Facebook snippet identifies used/old/second-hand books/comics/vinyl online store
Croatia,Antikvarijat Biblos,https://www.antikvarijat-biblos.hr/,single_operator_antiquarian_store,used/rare books and maps webshop
Croatia,Antikvarijat Biblos Zagreb antikvarijati overview,https://www.antikvarijat-biblos.hr/blog/zagrebacki-knjizni-antikvarijati-cuvari-rijetkih-i-vrijednih-knjiga,bookstore_ecosystem_context,Zagreb antiquarian/store ecosystem and Superknjižara shared webshop context
Croatia,Knjigoria Planet,https://www.knjigoriaplanet.hr/,single_operator_secondhand_webshop,second-hand books in good/very good condition
Croatia,Knjigoria Planet product sample,https://www.knjigoriaplanet.hr/trilogija-snova-nora-roberts/13706/product/,product_page,used-condition item/cart/sample
Croatia,Antikvarijat Midas Rijeka,https://antikvarijat-midas.hr/kategorija-proizvoda/knjige/,single_operator_antiquarian_store,used books sale/buyback across genres
Croatia,Arka knjiga Osijek,https://arka-knjiga.hr/,single_operator_antiquarian_store,rare/unique/antiquarian book categories
Croatia,Ezop Antikvarijat Osijek,https://ezop-antikvarijat.hr/,single_operator_antiquarian_textbook_store,used books/textbooks/records/postcards buy/sell
Croatia,Ezop Antikvarijat used books page,https://ezop-antikvarijat.hr/rabljene-knjige/,single_operator_antiquarian_store,used-book category and store context
Croatia,Superknjižara / Antikvarijat Jesenski i Turk context,https://www.antikvarijat-biblos.hr/blog/zagrebacki-knjizni-antikvarijati-cuvari-rijetkih-i-vrijednih-knjiga,bookstore_ecosystem_context,shared webshop for new/used/antiquarian books
Croatia,Interliber 2025 / Zagreb book fair,https://historiografija.hr/?p=49434,book_fair_report,47th Interliber date and fair role
Croatia,Interliber 2025 / Croatia Week,https://www.croatiaweek.com/interliber-2025-croatias-biggest-book-fair-set-to-start/,book_fair_report,Croatia biggest book fair report
Slovenia,Bolha,https://www.bolha.com/knjige-revije-stripi,live_web,annex / classifieds
Slovenia,Antikvariat Glavan,https://www.antikvariat-glavan.si/,live_web,single-store used booksellers
Slovenia,Bukvarna.net,https://www.bukvarna.net/,live_web,single-store used booksellers
Slovenia,Emka.si,https://emka.si/,live_web,weak-fit core
Slovenia,Rabljene-Knjige.si,https://www.rabljene-knjige.si/,live_web,single-store used booksellers
Slovenia,Knjigoljub.com,https://www.knjigoljub.com/,live_web,single-store used booksellers
Slovenia,Antikvariat Vodnik,https://www.antikvariat-vodnik.si/,live_web,single-store used booksellers
Slovenia,Antikvariat Alef,https://www.antikvariatalef.si/,live_web,single-store used booksellers
Slovenia,Antikvariat Antiqua,https://www.antikvariatantiqua.si/,live_web,single-store used booksellers
Slovenia,Trubarjev antikvariat / Mladinska knjiga,https://www.mladinska-knjiga.si/trgovine/ljubljana-trubarjev-antikvariat,live_web,single-store used booksellers
Slovenia,Rabljeni-ucbeniki.com / Svoj svet,https://www.rabljeni-ucbeniki.com/,live_web,single-store used booksellers
Slovenia,Antikvariat Stara bukla on Bolha,https://www.bolha.com/trgovina/antikvariatstarabukla?categoryId=28446,live_web,annex / classifieds
Slovenia,Bolha textbook category,https://www.bolha.com/solski-ucbeniki,live_web,annex / classifieds depth
Slovenia,Bolha sample private book listing,https://www.bolha.com/knjige-revije-stripi-ostalo/knjige-knjizna-zbirka-zbirka-knjig-oglas-10163643,live_web,annex / classifieds sample
Slovenia,Bolha books wanted category,https://www.bolha.com/knjige-revije-stripi/knjige-kupim/,live_web,annex / classifieds buy requests
Slovenia,Antikvariat Alef Bukvarna explainer,https://www.antikvariatalef.si/bukvarna/,live_web,single-store used booksellers context
Slovenia,Antikvariat Vodnik offer page,https://www.antikvariat-vodnik.si/?page_id=809,live_web,single-store used booksellers context
Venezuela,MercadoLibre Venezuela — libros físicos usados category,https://listado.mercadolibre.com.ve/libros-revistas-y-comics/libros-fisicos/usados/venta-de-libros-usados-variados,live_web_pass195_venezuela_recon_2026_05_06,horizontal marketplace with used-book category/listings
Venezuela,Facebook Marketplace Caracas — Books category,https://www.facebook.com/marketplace/caracas/books/,live_web_pass195_venezuela_recon_2026_05_06,social marketplace books category
Venezuela,Locanto Venezuela — Libros usados,https://www.locanto.com.ve/g/Libros/412/,live_web_pass195_venezuela_recon_2026_05_06,horizontal classifieds used-book category
Venezuela,Evisos Venezuela — Libros y revistas classifieds,https://www.evisos.com.ve/compra-venta/libros-revistas/libros/clasificados/4,live_web_pass195_venezuela_recon_2026_05_06,horizontal classifieds book listings
Venezuela,Libros.ccs,https://librosccs.com/,live_web_pass195_venezuela_recon_2026_05_06,operator buy/sell/exchange used-book catalogue
Venezuela,Puerto de Libros,https://puertodelibros.com.ve/,live_web_pass195_venezuela_recon_2026_05_06,online bookstore / cultural bookstore infrastructure
Venezuela,"Compra, Venta e Intercambio de Libros en Venezuela — Facebook group",https://www.facebook.com/groups/delibros/,live_web_pass195_venezuela_recon_2026_05_06,social group for book buy/sell/exchange
Venezuela,Mercado Libro Compra Venta Intercambio de Libros (Venezuela) — Facebook group,https://www.facebook.com/groups/1065286110218534/,live_web_pass195_venezuela_recon_2026_05_06,social group for book buy/sell/exchange
Venezuela,Museo del Libro Venezolano — cambalaches literarios,https://eldiario.com/2025/07/24/opciones-segunda-vida-libros-en-caracas/,live_web_pass195_venezuela_recon_2026_05_06,institutional book donation/exchange layer
Venezuela,Fundación Mariana Flores Melo / MFM lectura — donation and exchange layer,https://eldiario.com/2025/07/24/opciones-segunda-vida-libros-en-caracas/,live_web_pass195_venezuela_recon_2026_05_06,book donation/exchange/literacy layer
Venezuela,Buscadores de Libros,https://buscadoresdelibros.com/,live_web_pass196_venezuela_targeted_hardening_2026_05_06,offline / fair / literacy layer
Venezuela,El Emporio del Libro — Maracaibo,https://www.facebook.com/p/El-emporio-del-libro-100069422606888/,live_web_pass196_venezuela_targeted_hardening_2026_05_06,single-store used booksellers
Venezuela,FILUC / AEEC Mercado de Libros Usados “Libros que perduran”,https://vallealto.com.ve/mercado-libros-usados-libros-que-perduran/,live_web_pass196_venezuela_targeted_hardening_2026_05_06,offline / fair / literacy layer
Venezuela,El Consolidado — Valencia librería de viejo,https://www.notitarde.com.ve/cultura/39323/una-libreria-de-viejo-en-valencia,live_web_pass196_venezuela_targeted_hardening_2026_05_06,single-store used booksellers
Venezuela,Book Garage Mgta,https://islaguia.com.ve/margarita/libros,live_web_pass196_venezuela_targeted_hardening_2026_05_06,single-store used / bookstore signal
Venezuela,Librería del Lobo — intercambio de libros usados,https://islaguia.com.ve/margarita/libros,live_web_pass196_venezuela_targeted_hardening_2026_05_06,single-store used / bookstore signal
Venezuela,Libros.ccs,https://eldiario.com/2025/07/24/opciones-segunda-vida-libros-en-caracas/,live_web_pass196_venezuela_targeted_hardening_2026_05_06,weak-fit core
Venezuela,Puerto de Libros,https://letralia.com/agenda-pasados/2017/06/29/puerto-de-libros-la-libreria-de-maracaibo-que-atendera-a-clientes-de-toda-venezuela/,live_web_pass196_venezuela_targeted_hardening_2026_05_06,single-store used / bookstore signal
Venezuela,Venezuela online sale rails — Marketplace/MercadoLibre,https://eldiario.com/2025/07/24/opciones-segunda-vida-libros-en-caracas/,live_web_pass196_venezuela_targeted_hardening_2026_05_06,annex / horizontal marketplace
Hong Kong,BookDaddy / bookdaddyhk.com,https://www.bookdaddyhk.com/,pass197_current_web_hong_kong_recon,Hong Kong used-books/items marketplace; used textbook page; direct seller contact; zero-fee/AI-assisted matching
Hong Kong,BookDaddy / bookdaddyhk.com,https://www.bookdaddyhk.com/zh-hk/used/textbook,pass197_current_web_hong_kong_recon,Used textbook search/listings page; direct seller-contact evidence
Hong Kong,大世界書店 / Big World Bookstore,https://www.bigworldbookstore.com/,pass197_current_web_hong_kong_recon,Hong Kong secondhand secondary-school textbook operator; buy/sell used textbooks; online bookstore
Hong Kong,檸檬書店 / Lemon Bookstore,https://www.lemonbookstore.com/,pass197_current_web_hong_kong_recon,Hong Kong secondary used textbook operator; public buyback pricing; online ordering/delivery
Hong Kong,漢文書店 / Hon Man Bookstore,https://honmanbookstore.com/,pass197_current_web_hong_kong_recon,established 1998; buy/sell secondhand secondary-school textbooks; member retail model
Hong Kong,Don't Throw Me — books marketplace,https://dontthrowme.com/en/marketplace/books,pass197_current_web_hong_kong_recon,Hong Kong P2P buy/sell/swap/donate marketplace; books category; registered users; DTM credits
Hong Kong,香港二手書買賣區,https://www.facebook.com/groups/2handbookmarket/,pass197_current_web_hong_kong_recon,Facebook group; Hong Kong secondhand-book buy/sell; textbook posts
Hong Kong,二手教科書/補充練習/圖書買賣區（香港）,https://www.facebook.com/groups/examfighting/,pass197_current_web_hong_kong_recon,Facebook group; Hong Kong secondhand textbook/supplement/book trading
Hong Kong,二手“書” 📖（香港）交換/買賣/免費***只限書籍,https://www.facebook.com/groups/388292324642724/,pass197_current_web_hong_kong_recon,Facebook group; books-only exchange/sale/free-giveaway
Hong Kong,Thryft — Hong Kong delivery surface,https://thryft.asia/,pass197_current_web_hong_kong_recon,Singapore-based regional preloved bookstore; shipping/market selector includes Hong Kong SAR
Hong Kong,Sparktake / 二手書買賣及閱讀分享平台,https://apps.apple.com/hk/app/sparktake-%E4%BA%8C%E6%89%8B%E6%9B%B8%E8%B2%B7%E8%B3%A3%E5%8F%8A%E9%96%B1%E8%AE%80%E5%88%86%E4%BA%AB%E5%B9%B3%E5%8F%B0/id1195472886,pass197_current_web_hong_kong_recon,App Store trace; secondhand-book buy/sell and reading-sharing app; Hong Kong/Taiwan/Malaysia/Singapore regions; last visible update 2019
Hong Kong,BookDaddy / bookdaddyhk.com,https://www.bookdaddyhk.com/,pass198_current_web_hong_kong_targeted_hardening,current indexed homepage: Hong Kong used books/items marketplace; direct-contact model
Hong Kong,BookDaddy / bookdaddyhk.com,https://www.bookdaddyhk.com/zh-hk/used/textbook,pass198_current_web_hong_kong_targeted_hardening,used-textbook page; checked public render/search visibility
Hong Kong,BookDaddy / bookdaddyhk.com,https://forum.freemdict.com/t/topic/24012,pass198_current_web_hong_kong_targeted_hardening,third-party Chinese forum snippet describing BookDaddy as free transparent secondhand-book platform
Hong Kong,Carousell Hong Kong — 教科書 / 二手書 textbook category,https://www.carousell.com.hk/%E8%88%88%E8%B6%A3%E5%8F%8A%E9%81%8A%E6%88%B2/%E6%95%99%E7%A7%91%E6%9B%B8/%E4%BA%8C%E6%89%8B%E6%9B%B8/q-15/,pass198_current_web_hong_kong_targeted_hardening,"Hong Kong Carousell textbook category; 1,000+ secondhand book listings; seller chat mechanics"
Hong Kong,ReadBooksHK / Read Books HK,http://www.readbookshk.com/,pass198_current_web_hong_kong_targeted_hardening,directory-discovered secondhand English bookshop; trade-in/consignment layer
Hong Kong,ReadBooksHK / Read Books HK,https://www.greenqueen.com.hk/green-queen-guide-hong-kong/gq-category/second-hands-books/,pass198_current_web_hong_kong_targeted_hardening,Green Queen listing for second-hand books / ReadBooksHK
Hong Kong,校友書局 / Hau Yau Book Store,https://www.hauyau-bookstore.com/,pass198_current_web_hong_kong_targeted_hardening,official homepage / secondhand textbook and book buyback
Hong Kong,校友書局 / Hau Yau Book Store,https://www.hauyau-bookstore.com/books.html,pass198_current_web_hong_kong_targeted_hardening,official books/buyback categories
Hong Kong,校友書局 / Hau Yau Book Store,https://hk.news.yahoo.com/%E4%BA%8C%E6%89%8B%E6%9B%B8%E5%BA%97-%E5%9B%9E%E6%94%B6%E8%88%8A%E6%9B%B8-%E4%BA%8C%E6%89%8B%E6%9B%B8%E5%BA%97%E6%95%99%E7%A7%91%E6%9B%B8-%E4%BA%8C%E6%89%8B%E6%9B%B8%E5%BA%97%E6%8E%A8%E8%96%A6-%E4%BA%8C%E6%89%8B%E6%9B%B8%E5%BA%97%E5%9B%9E%E6%94%B6-%E4%BA%8C%E6%89%8B%E6%9B%B8%E5%BA%97%E6%97%BA%E8%A7%92-%E4%BA%8C%E6%89%8B%E6%9B%B8%E5%BA%97%E9%A6%99%E6%B8%AF-%E4%BA%8C%E6%89%8B%E6%9B%B8%E5%BA%97%E6%94%B6%E6%9B%B8-%E4%BA%8C%E6%89%8B%E6%9B%B8%E5%9B%9E%E6%94%B62025-032955505.html,pass198_current_web_hong_kong_targeted_hardening,2025 secondhand-bookshop profile / used textbook recycling
Hong Kong,香港二手童書/教材/教具買賣谷,https://www.facebook.com/groups/776214026230912/,pass198_current_web_hong_kong_targeted_hardening,Facebook group social resale for secondhand childrens books / teaching materials
Hong Kong,易搜書 EasysBook,https://apkpure.com/cn/%E6%98%93%E6%90%9C%E6%9B%B8-easysbook-second-hand-t/com.hk2sale.easysbook,pass199_current_web_hong_kong_chinese_language_platform_closure,app-store mirror / feature description
Hong Kong,易搜書 EasysBook,https://www.hk01.com/%E7%A4%BE%E6%9C%83%E6%96%B0%E8%81%9E/96628/%E8%88%8A%E6%9B%B8%E4%BD%95%E5%83%B9-%E5%BA%97%E8%88%96%E5%A3%93%E5%83%B9%E8%B3%BA%E5%88%B0%E7%9B%A1-%E4%BA%8C%E6%89%8B%E6%95%99%E7%A7%91%E6%9B%B8app%E6%90%B6%E7%81%98%E6%95%91%E6%9B%B8,pass199_current_web_hong_kong_chinese_language_platform_closure,HK01 launch/profile coverage
Hong Kong,易搜書 EasysBook,https://blog.tutorcircle.hk/29695/%E4%BA%8C%E6%89%8B%E6%95%99%E7%A7%91%E6%9B%B8-%E8%B2%B7%E8%B3%A3-%E5%B9%B3%E5%8F%B0/,pass199_current_web_hong_kong_chinese_language_platform_closure,TutorCircle secondhand-textbook platform roundup
Hong Kong,我的書房 / My Bookroom,https://mybookroomhk.wixsite.com/english,pass199_current_web_hong_kong_chinese_language_platform_closure,official used-book shop / sell/donate/consignment
Hong Kong,我的書房 / My Bookroom,https://www.facebook.com/mybookroom/,pass199_current_web_hong_kong_chinese_language_platform_closure,Facebook current social presence
Hong Kong,貳叄書房 / Jisaam Books,https://www.elle.com.hk/life/second-hand-bookstores-in-hk,pass199_current_web_hong_kong_chinese_language_platform_closure,ELLE HK secondhand-bookstore roundup
Hong Kong,界限書店 / Boundary Bookstore,https://www.elle.com.hk/life/second-hand-bookstores-in-hk,pass199_current_web_hong_kong_chinese_language_platform_closure,ELLE HK secondhand-bookstore roundup
Hong Kong,神話書店 / Mythology Bookstore,https://www.elle.com.hk/life/second-hand-bookstores-in-hk,pass199_current_web_hong_kong_chinese_language_platform_closure,ELLE HK secondhand-bookstore roundup
Hong Kong,九龍舊書店 / Kowloon Old Bookstore,https://hkbookaddict.wordpress.com/2015/04/30/%E9%A6%99%E6%B8%AF%E4%BA%8C%E6%89%8B%E6%9B%B8%E5%BA%97/,pass199_current_web_hong_kong_chinese_language_platform_closure,Hong Kong Chinese secondhand-bookshop directory
Hong Kong,九龍舊書店 / Kowloon Old Bookstore,https://www.threads.com/%40kowloonbookstore/post/DTg4pGCAVLN/%E9%AB%98%E5%83%B9%E6%94%B6%E8%B3%BC%E4%BA%8C%E6%89%8B%E8%88%8A%E6%9B%B8%E4%B8%8D%E9%99%90%E5%9C%B0%E5%8D%80%E6%B5%B7%E5%A4%96%E4%BA%A6%E5%8F%AF%E9%A6%99%E6%B8%AF%E5%8D%80%E5%8F%AF%E4%B8%8A%E9%96%80%E6%94%B6%E6%9C%89%E8%88%88%E8%B6%A3%E8%AB%8Bwhatsapp852-97908964%E6%88%96fb-%E7%A7%81%E8%A8%8A%E4%B9%9D%E9%BE%8D%E8%88%8A%E6%9B%B8%E5%BA%97%E6%9B%B8%E5%BA%97%E5%9C%B0%E5%9D%80-%E6%97%BA%E8%A7%92%E7%85%99%E5%BB%A0%E8%A1%979%E8%99%9F%E8%88%88%E7%99%BC%E5%95%86%E6%A5%AD%E5%A4%A7%E5%BB%885%E6%A8%9350,pass199_current_web_hong_kong_chinese_language_platform_closure,2026 Threads buyback/current snippet
Hong Kong,BookDaddy / bookdaddyhk.com,https://www.bookdaddyhk.com/zh-hk,pass199_current_web_hong_kong_chinese_language_platform_closure,official homepage / used books and items direct-contact marketplace
Hong Kong,BookDaddy / bookdaddyhk.com,https://www.bookdaddyhk.com/zh-hk/used/textbook,pass199_current_web_hong_kong_chinese_language_platform_closure,official used textbook category / direct seller contact
Hong Kong,BookDaddy / bookdaddyhk.com,https://blog.tutorcircle.hk/29695/%E4%BA%8C%E6%89%8B%E6%95%99%E7%A7%91%E6%9B%B8-%E8%B2%B7%E8%B3%A3-%E5%B9%B3%E5%8F%B0/,pass199_current_web_hong_kong_chinese_language_platform_closure,third-party roundup confirming bulk upload and no intermediary fee
Philippines,Biblio,https://biblio.ph/,live_web,url/classification backfill
Philippines,Bookchigo,https://bookchigo.ph/,live_web,url/classification backfill
Philippines,Books for Less,https://booksforless.ph/,live_web,url/classification backfill
Philippines,Booksale,https://www.facebook.com/booksalephils/,live_web,url/classification backfill
Philippines,Bookshelf PH,https://bookshelf.com.ph/pages/sell,live_web,url/classification backfill
Philippines,Carousell Philippines,https://www.carousell.ph/categories/hobbies-toys-5136/books-magazines-5/,live_web,url/classification backfill
Philippines,Chapters,https://chaptersph.net/,live_web,url/classification backfill
Philippines,Shopee Philippines — preloved books search,https://shopee.ph/search?category=11044709&keyword=preloved+books,live_web,pass200 Philippines recon evidence
Philippines,Facebook SecondHand Books Philippines,https://www.facebook.com/groups/900294757299567/,live_web,pass200 Philippines recon evidence
Philippines,Facebook Buy And Sell Books Philippines,https://www.facebook.com/groups/360742020786047/,live_web,pass200 Philippines recon evidence
Philippines,Booklat-Aklat Bookshop,https://shopee.ph/booklataklatbookshop,live_web,pass200 Philippines recon evidence
Philippines,Chapter IX Bookstore,https://www.facebook.com/chapterninebooks/,live_web,pass200 Philippines recon evidence
Philippines,Roel's Bookshop,https://roelsbookshop.com/,live_web,pass200 Philippines recon evidence
Philippines,Porch Reader Philippines,https://www.porchreader.com/,live_web,pass200 Philippines recon evidence
Philippines,Bookay-Ukay,https://iskomunidad.upd.edu.ph/index.php/Bookay-_Ukay,live_web,pass200 Philippines recon evidence
Philippines,Secondhand Books Philippines,https://www.instagram.com/secondhandbooksph_/,live_web,pass200 Philippines recon evidence
Philippines,PhilippineBooks.com buyback / sell us your books,https://www.philippinebooks.com/pages/sell-us-your-books,live_web,pass200 Philippines recon evidence
Philippines,Bookchigo Cebu feature,https://cebuinsights.com/explore-cebu/shopping/bookchigo-bookstore-in-cebu/,live_web,supporting used/secondhand books-per-kilo evidence
Philippines,Esquire Bookchigo Cebu,https://www.esquiremag.ph/culture/books-and-art/bookchigo-cebu-books-by-the-kilo-a7879-20240623-lfrm,live_web,supporting inventory/depth evidence
Philippines,PhilstarLife secondhand bookstore list,https://philstarlife.com/geeky/638009-list-7-secondhand-bookstores-around-metro-manila,live_web,supporting Manila secondhand bookstore list
Philippines,IPOPHL secondhand bookstore list,https://www.ipophil.gov.ph/news/cheap-reads-five-secondhand-bookstores-for-your-next-book-binge/,live_web,supporting Bookay-Ukay/secondhand bookstore context
Philippines,Chapters official home,https://chaptersph.net/,live_web,official current marketplace language
Philippines,Chapters official home alt,https://chaptersph.net/home,live_web,official current marketplace language
Philippines,Reddit PHBookClub Chapters user report,https://www.reddit.com/r/PHBookClub/comments/1q9ldwn/new_pinoy_platform_to_buy_sell_donate_preloved/,live_web,"third-party user mechanics report; shop page, GCash payment, community-driven marketplace language"
Philippines,Chapters Book Market Facebook page,https://www.facebook.com/chaptersphilippines/,live_web,supporting current social identity for Chapters Book Market
Philippines,Si Jonas at ang Malaking Isda Chapters shop post,https://www.facebook.com/SiJonasAtAngMalakingIsda.book/photos/httpschaptersphnetshopgianerikadao-visit-my-bookshop-at-the-chapters-book-market/122198616110840677/,live_web,external seller/shop link evidence
Philippines,Facebook Books Buy and Sell (PH),https://www.facebook.com/groups/BooksBuyandSellPh/,live_web,pass201 social-control evidence
Philippines,Facebook Books and E-Books Marketplace Philippines,https://www.facebook.com/groups/628745122434250/,live_web,pass201 social-control evidence
Philippines,Facebook BOOKLOVERS HUB (Buy and Sell PH),https://www.facebook.com/groups/1052810878482602/,live_web,pass201 social-control evidence
Egypt,dubizzle Egypt / OLX — Books,https://www.dubizzle.com.eg/books-sports-hobbies/books/,live_source_checked,primary_evidence
Egypt,4swapp Egypt — books,https://4sw.app/ar-eg/category/9/81/books,live_source_checked,primary_evidence
Egypt,Facebook Used books Egypt,https://www.facebook.com/groups/UsedBooksEgypt/,social_source_checked,primary_evidence
Egypt,Facebook Egypt's Used Books club,https://www.facebook.com/groups/595497683968819/,social_source_checked,primary_evidence
Egypt,Facebook Sell/Borrow used books — Ladies Only Egypt,https://www.facebook.com/groups/539767987699954/,social_source_checked,primary_evidence
Egypt,Facebook Marketplace Cairo — children’s books,https://www.facebook.com/marketplace/cairo/childrens-books/,social_source_checked,primary_evidence
Egypt,Azbakeya Delivery,https://azbakeyadelivery.com/,live_source_checked,primary_evidence
Egypt,Azbakeya Online,https://www.facebook.com/AzbakeyaOnline/,social_source_checked,primary_evidence
Egypt,EgyBookstore / متجر كتب مصر,https://egybookstore.com/,live_source_checked,primary_evidence
Egypt,Elmaktaba.net — كتب مستعملة,https://elmaktaba.net/collections/%D9%83%D8%AA%D8%A8-%D9%85%D8%B3%D8%AA%D8%B9%D9%85%D9%84%D8%A9,live_source_checked,primary_evidence
Egypt,Egyptian Book Fair — used and rare collection,https://egbookfair.com/collections/%D9%83%D8%AA%D8%A8-%D9%85%D8%B3%D8%AA%D8%B9%D9%85%D9%84%D8%A9-%D9%88%D9%86%D8%A7%D8%AF%D8%B1%D8%A9,live_source_checked,primary_evidence
Egypt,Maadi Used Books,https://enterpriseam.com/egypt/2025/08/22/a-bookworms-guide-to-cairo/,live_source_checked,primary_evidence
Egypt,BookEgypt / Baccah IT used-book plan,https://baccahit.com/,live_source_checked,primary_evidence
Egypt,BookSpot Egypt Instagram identity,https://www.instagram.com/bookspotegypt/,live_source_checked,primary_evidence
Egypt,The BookSpot,https://www.bookspotonline.com/middle.php?file=screen&screenid=5,hardening_source_checked,supporting_evidence
Egypt,The BookSpot,https://www.dailynewsegypt.com/2012/11/20/buying-used-books-anywhere-in-egypt/,hardening_source_checked,supporting_evidence
Egypt,The BookSpot,https://www.instagram.com/bookspotegypt/,hardening_source_checked,supporting_evidence
Egypt,Bookworm Egypt,https://www.bookwormegy.com/used-books,hardening_source_checked,supporting_evidence
Egypt,Azbakeya Wall / Soor el-Azbakeya,https://cairobookstop.wordpress.com/find-a-book-in-cairo/soor-el-azbakeya/,hardening_source_checked,supporting_evidence
Egypt,Azbakeya Wall / official page,https://www.facebook.com/Theofficialpagetheazbakeyawall/,hardening_source_checked,supporting_evidence
Egypt,Diwan,https://diwanegypt.com/,hardening_source_checked,supporting_evidence
Egypt,AUC Bookstores Egypt,https://aucbookstores.com/,hardening_source_checked,supporting_evidence
Egypt,4swapp Egypt — books,https://4sw.app/en-us/category/9/81/books,live_source_checked,pass203 hardening evidence
Egypt,dubizzle Egypt / OLX — Books,https://www.dubizzle.com.eg/en/books-sports-hobbies/books/q-used-books/,live_source_checked,pass203 hardening evidence
Egypt,Maadi Used Books,https://yellowpages.com.eg/en/profile/maadi-used-books/395972,live_source_checked,pass203 hardening evidence
Egypt,Ay7aaga Books / متجر كتب أي حاجة,https://books.ay7aaga.com/shop/,live_source_checked,pass203 new surface evidence
Egypt,Rahaala Bookstore — Alexandria,https://www.facebook.com/rahaala.bookstore/,live_source_checked,pass203 new surface evidence
Egypt,Facebook Soor al-Azbakeya used books group,https://www.facebook.com/groups/793261402599663/,live_source_checked,pass203 new surface evidence
Egypt,MISR Public Library used-book fair,https://www.facebook.com/mpl.egypt/posts/919258276976540/,live_source_checked,pass203 new surface evidence
Egypt,4Swapp Google Play app page,https://play.google.com/store/apps/details?id=com.forswapp.forswappandroid&hl=en_US,live_source_checked,4Swapp app-wide horizontal swap/sell mechanics
Egypt,4Swapp App Store page,https://apps.apple.com/eg/app/4swapp/id6673908461,live_source_checked,4Swapp listing creation and horizontal category evidence
Egypt,4Swapp used-book listing — مجلات قديمة,https://4sw.app/en-us/advertisement/238434-%D9%85%D8%AC%D9%84%D8%A7%D8%AA-%D9%82%D8%AF%D9%8A%D9%85%D8%A9,live_source_checked,detail-level used-book listing evidence
Egypt,4Swapp used-book listing — كتاب قديم,https://4sw.app/en-us/advertisement/258392-%D9%83%D8%AA%D8%A7%D8%A8-%D9%82%D8%AF%D9%8A%D9%85,live_source_checked,detail-level used-book listing evidence
Egypt,Ahram Weekly new Azbakeya Book Market,https://english.ahram.org.eg/NewsContent/50/1208/554119/AlAhram-Weekly/Features/The-new-Azbakeya-Book-Market.aspx,live_source_checked,current 2025 Azbakeya used-book-market context
Egypt,Bookworm Egypt used books page,https://www.bookwormegy.com/used-books,live_source_checked,operator used-book catalogue/detail surface
Egypt,Ay7aaga shop,https://books.ay7aaga.com/shop/,live_source_checked,new Egypt used-book ecommerce surface
Egypt,Ay7aaga old/rare used category,https://books.ay7aaga.com/book-category/%D8%B7%D8%A8%D8%B9%D8%A7%D8%AA-%D9%88%D9%83%D8%AA%D8%A8-%D9%82%D8%AF%D9%8A%D9%85%D8%A9-%D9%88%D9%86%D8%A7%D8%AF%D8%B1%D8%A9/,live_source_checked,used/old/rare category evidence
Egypt,Rahaala Bookstore Facebook,https://www.facebook.com/rahaala.bookstore/,live_source_checked,Alexandria used-book buy/sell bookstore evidence
Egypt,Rahaala used-book description post,https://www.facebook.com/rahaala.bookstore/photos/1205755556107054/,live_source_checked,specialized buy/sell used/new books evidence
Egypt,Soor al-Azbakeya Facebook group,https://www.facebook.com/groups/793261402599663/,live_source_checked,social resale control evidence
Egypt,MISR Public Library used-book sale,https://www.facebook.com/mpl.egypt/posts/919258276976540/,live_source_checked,offline/fair/literacy layer evidence
Egypt,Yellow Pages Egypt Maadi Used Books,https://yellowpages.com.eg/ar/category/books/378/p3,live_source_checked,current directory evidence for Maadi Used Books
Romania,Cărturești,https://carturesti.ro/,live_source_checked,pass204 backfill/hardening
Romania,Elefant,https://www.elefant.ro/,live_source_checked,pass204 backfill/hardening
Romania,Libris,https://www.libris.ro/,live_source_checked,pass204 backfill/hardening
Romania,Okazii.ro — Cărți / Cărți vechi,https://www.okazii.ro/carti/,live_source_checked,pass204 new surface evidence
Romania,OLX Romania — Cărți vechi / second hand,https://www.olx.ro/hobby-sport-turism/carti-muzica-filme/carti/q-carti-vechi/,live_source_checked,pass204 new surface evidence
Romania,Vinted Romania — Cărți,https://www.vinted.ro/catalog/2312-books,live_source_checked,pass204 new surface evidence
Romania,Facebook Marketplace Romania — Cărți,https://www.facebook.com/marketplace/category/books/?locale=ro_RO,live_source_checked,pass204 new surface evidence
Romania,Facebook ANTICARIAT — Cărți de vânzare / vând / cumpăr,https://www.facebook.com/groups/anticariat/,live_source_checked,pass204 new surface evidence
Romania,Anticariat.net,https://www.anticariat.net/,live_source_checked,pass204 new surface evidence
Romania,Anticariatonline.ro,https://www.anticariatonline.ro/,live_source_checked,pass204 new surface evidence
Romania,Trored Anticariat,https://trored.ro/,live_source_checked,pass204 new surface evidence
Romania,Anticariat UNU,https://www.anticariat-unu.ro/,live_source_checked,pass204 new surface evidence
Romania,Anticariat.org,https://www.anticariat.org/,live_source_checked,pass204 new surface evidence
Romania,CumparVandCarti.ro,https://cumparvandcarti.ro/,live_source_checked,pass204 new surface evidence
Romania,Historiarum,https://historiarum.ro/,live_source_checked,pass204 new surface evidence
Romania,Publi24 Romania — vând cărți vechi,https://www.publi24.ro/anunturi/?q=vand+carti+vechi,live_source_checked,pass204 new surface evidence
Romania,Raftul cu BOOKate,https://raftulcubookate.ro/,live_source_checked,pass204 new surface evidence
Romania,PrintreCarti.ro homepage/current product grid,https://www.printrecarti.ro/,live_source_checked,"200,000+ stock/current cart evidence"
Romania,TargulCartii.ro homepage,https://www.targulcartii.ro/,live_source_checked,operator online anticariat evidence
Romania,TargulCartii.ro buyback page,https://vand-cumpar-carti.targulcartii.ro/,live_source_checked,operator buys second-hand collections/donations evidence
Romania,Okazii anticariat cărți search,https://www.okazii.ro/cautare/anticariat%2Bcarti.html,live_source_checked,seller ratings/delivery guarantee/listing evidence
Romania,Okazii bibliofilie/cărți vechi category,https://www.okazii.ro/bibliofilie/carti-vechi/,live_source_checked,deep old-book marketplace category
Romania,OLX cărți vechi query,https://www.olx.ro/oferte/q-carti-vechi/,live_source_checked,horizontal used-book classifieds evidence
Romania,Vinted Romania info board books category,https://www.vinted.ro/infoboard,live_source_checked,books category update/platform recommerce evidence
Romania,Publi24 anticariat query,https://www.publi24.ro/anunturi/?q=anticariat,live_source_checked,classifieds/control evidence
Romania,Anticariat UNU Okazii shop,https://magazine.okazii.ro/anticariat1,live_source_checked,operator storefront on Okazii evidence
Romania,Trored Okazii shop,https://magazine.okazii.ro/trored_anticariat,live_source_checked,operator storefront on Okazii evidence
Romania,Okazii.ro books category,https://www.okazii.ro/carti/,current_web,"hardening: horizontal marketplace depth, seller ratings/Guarantee controls"
Romania,Okazii.ro product examples,https://www.okazii.ro/texte-din-literatura-economica-in-romania-secolul-xix-vol-i-a256080139,current_web,"hardening: product-level seller responsibility, payment/return mechanics, second-hand condition"
Romania,Anticariat.net product ISBN examples,https://www.anticariat.net/p/30181/Gramatica-baza-limbii-romane-Ion-Coteanu,current_web,isbn_capture: exposed ISBN field on product detail
Romania,PrintreCarti.ro product ISBN examples,https://www.printrecarti.ro/29261-romania-viata-politica-in-documente-1947.html,current_web,isbn_capture: exposed ISBN field on product detail
Romania,TargulCartii.ro buyback page,https://vand-cumpar-carti.targulcartii.ro/,current_web,"hardening: operator buyback/intake, not marketplace"
Romania,Anticariat UNU buyback page,https://www.anticariat-unu.ro/cumparam-articole-vechi-pg23,current_web,hardening: operator buys from individuals/businesses
Romania,Anticariat Arhaic,https://www.anticariatarhaic.ro/,current_web,new operator anticariat surface
Romania,Carti-online.ro,https://www.carti-online.ro/,current_web,new operator anticariat surface
Romania,Anticariat Online Doamnei,https://www.anticariat-doamnei.com/,current_web,new operator anticariat surface
Romania,Facebook Vand/Cumpar/Schimb carti,https://www.facebook.com/groups/198613450788805/,current_web,social control: book buy/sell/swap group
Indonesia,Bukukita current site,https://bukukita.com/,current_web,"backfill: operator online bookstore, not used/open marketplace"
Indonesia,Gramedia current site,https://www.gramedia.com/,current_web,"backfill: operator chain online bookstore, not used/open marketplace"
Indonesia,Shopee Indonesia buku bekas search,https://shopee.co.id/search?category=11044123&keyword=buku%20bekas,current_web,horizontal marketplace control: used/preloved book listings
Indonesia,OLX Indonesia buku bekas / buku cetak digital,https://www.olx.co.id/buku-cetak-digital_c220/q-buku-bekas,current_web,horizontal classifieds control: used/new book listings and local contact
Indonesia,Jualo.com used/rare book listing examples,https://www.jualo.com/buku-langka-tjerita-rakjat-ii-balai-pustaka-cet-1-1963-kota-bandung-1789073446,current_web,horizontal classifieds/e-marketplace control
Indonesia,Carousell Indonesia books category,https://id.carousell.com/categories/books-and-stationery-5/books-314/,current_web,horizontal marketplace/classifieds control
Indonesia,Facebook Marketplace Jakarta books,https://www.facebook.com/marketplace/jakarta/books/,current_web,social/horizontal marketplace control
Indonesia,Facebook group Jual Beli Buku Online Baru-Bekas,https://www.facebook.com/groups/pustakafe.books/,current_web,social resale control
Indonesia,Preloved.co.id Books category,https://preloved.co.id/categories/hiburan/books,current_web,general secondhand marketplace with books category
Indonesia,Aksiku used-book store,https://www.aksiku.com/,current_web,operator used-book store
Indonesia,Aksiku Shopee store,https://shopee.co.id/djefi,current_web,operator used-book store on horizontal marketplace
Indonesia,Bekas Bookstore,https://bekasbookstore.id/,current_web,operator used/antique/rare bookstore
Indonesia,Bekas Bookstore social/marketplace sales note,https://www.facebook.com/bekasbookstore/photos/toko-buku-bekas-antik-langkapenjualan-melalui-ig-fb-bukalapak-tokopediakunjungi-/2921916017885595/,current_web,operator uses multiple sales channels
Indonesia,TIKII Bookstore Instagram,https://www.instagram.com/tikii_bookstore/,current_web,operator consignment/preloved book store trace
Indonesia,Bukalapak physical goods discontinuation report,https://www.reuters.com/business/retail-consumer/indonesia-e-commerce-firm-bukalapak-stop-selling-physical-goods-competition-2025-01-08/,current_web,negative/current-status control: broad marketplace ceased physical goods; do not treat as current used-book rail
Indonesia,Bukubekas.id current homepage,https://bukubekas.id/,current_web,book-specific secondhand marketplace; direct seller contact; sell a book/dashboard/all listings
Indonesia,Bukubekas.id community post trace,https://www.facebook.com/groups/1311298042299821/posts/25530215469981407/,current_web,public group post says bukubekas.id is a marketplace buku bekas with buyer/seller direct chat
Indonesia,Preloved.co.id seller instructions,https://preloved.co.id/help/cara-menjual,current_web,"seller upload instructions: photo, description, price for used goods"
Indonesia,Preloved.co.id payment/shipping blog,https://preloved.co.id/blog/mau-jual-barang-bekas-dimana,current_web,integrated payment and shipping claim for general Preloved marketplace
Indonesia,Preloved.co.id books category/control,https://preloved.co.id/categories/hiburan/books,current_web,books category inside general secondhand/preloved marketplace
Indonesia,Preloved app store description,https://play.google.com/store/apps/details?hl=id&id=id.co.preloved,current_web,"app positioned as fashion secondhand marketplace, confirming general/fashion-led platform identity"
Indonesia,Jualo book detail ISBN example,https://www.jualo.com/buku-hermeneutika-hadis-hadis-hukum-kota-semarang-1786202147,current_web,horizontal marketplace book detail page with ISBN 978-979-18843-7-2
Indonesia,Jualo used comic detail metadata example,https://www.jualo.com/monika-dan-kawan-kawan-103-by-mauricio-de-sousa-kab-ngawi-1778724252,current_web,horizontal marketplace used-book/comic detail page; condition and ISBN-like field exposed
Indonesia,Aksiku/Pasar Buku ISBN example,https://pasarbuku.aksiku.com/?m=0,current_web,operator used-book listing/details include ISBN example 9797575438
Indonesia,Bekas Bookstore current site,https://bekasbookstore.id/,current_web,operator used/antique/rare bookstore with cart purchase flow
Indonesia,Bukubekasku current site,https://bukubekasku.com/,current_web,operator used-book ecommerce/store surface
Indonesia,Leksika Bookstore used-books category,https://leksikabookstore.com/product-category/buku-bekas,current_web,operator bookstore used-book category
Indonesia,Buku Bekas Gratis ID,https://www.bukubekasgratisid.com/,current_web,donation/literacy used-book intermediation layer
Malaysia,Bookurve FAQ sell/trade-in hardening,https://www.bookurve.com/faq,current_web,FAQ says Bookurve does not buy used books from customers/outside; use GoGreen trade-in path
Malaysia,Bookurve GoGreen trade-in surface,https://www.bookurve.com/gogreen,current_web,trade-in navigation/surface for clearing pre-loved books
Malaysia,Bookurve used-book collection,https://www.bookurve.com/used-book/en,current_web,used-book purchase/rent/trade-in operator collection
Malaysia,Carousell Malaysia used books,https://www.carousell.com.my/used-books/q/,current_web,used-books listings and direct seller chat in broad marketplace
Malaysia,Carousell Malaysia app identity,https://play.google.com/store/apps/details?hl=en_SG&id=com.thecarousell.Carousell,current_web,Carousell broad community marketplace countries include Malaysia
Malaysia,Shopee Malaysia secondhand books search,https://shopee.com.my/search?keyword=secondhand%20books,current_web,secondhand/preloved book listings in broad marketplace
Malaysia,Thryft Asia Malaysia coverage,https://thryft.asia/,current_web,regional preloved bookstore with Malaysia currency/delivery coverage
Malaysia,Bookaholics Hub homepage,https://bookaholicshub.com/,current_web,secondhand bookstore with searchable catalogue
Malaysia,Bookaholics Hub about/ISBN,https://bookaholicshub.com/about/,current_web,"catalogue searchable by title, author, or ISBN; order for delivery"
Malaysia,BooKu donate/sell page,https://www.bookumy.com/donate-sell-books,current_web,"donate/sell surface, limited render"
Malaysia,BooKu secondhand bookstore social trace,https://www.facebook.com/booku6/posts/hi-all-booku-is-a-malaysia-secondhand-bookstore-we-currently-are-having-a-year-e/298188536512907/,current_web,public trace calls BooKu a Malaysia secondhand bookstore
Malaysia,KLBAC Book Marketplace,https://www.facebook.com/groups/KLBEC/,current_web,book buy/sell/exchange Facebook group
Malaysia,KL Book Exchange Facebook,https://www.facebook.com/klbookexchange/,current_web,offline recurring book exchange event
Malaysia,KL Book Exchange place/review trace,https://wanderlog.com/place/details/9145398/kl-book-exchange--taman-desa-every-4th-sunday-845-1045am-only,current_web,exchange/buy/donate used books in recurring event context
Malaysia,The Sleepy Cat Bookshop Instagram,https://www.instagram.com/thesleepycatbookshop/,current_web,preloved books Malaysia social seller
Malaysia,The Sleepy Cat Bookshop Facebook,https://www.facebook.com/thesleepycatbookshop/,current_web,"preloved books, nationwide shipping social/store trace"
Malaysia,Buku-buku Effi current site,https://www.bukubukueffi.com/,current_web,operator online bookstore current surface
Malaysia,Buku-buku Effi about page,https://bukubukueffi.com/pages/about-me,current_web,says no longer sells used books; current old-stock/new caveat
Malaysia,Chaplang Store Facebook,https://www.facebook.com/chaplangstore/,current_web,social/operator bookseller trace
Malaysia,Malaysia pre-loved websites article,https://risemalaysia.com.my/pre-loved-books-malaysia-websites/,current_web,"secondary overview of Carousell, Bookurve, Thryft, Books n Bobs, Dokusho Malaysia preloved book options"
Malaysia,BooKu / BookuMY,https://www.bookumy.com/,official_site,operator secondhand bookstore current site
Malaysia,BooKu / BookuMY,https://www.bookumy.com/donate-sell-books,official_site,donate/sell books page; operator intake workflow
Malaysia,Bookaholics Hub,https://bookaholicshub.com/,official_site,"catalogue searchable by title, author, or ISBN; operator secondhand bookstore"
Malaysia,Bookaholics Hub catalogue,https://bookaholicshub.com/bookstore-catalogue/,official_site,secondhand bookstore catalogue page
Malaysia,Books For A Better World / BFBW,https://www.bfbwsb.com/,official_site,operator used-book shop and online/Carousell channel
Malaysia,Books n Bobs Shopee,https://shopee.com.my/booksnbobs,marketplace_storefront,operator secondhand bookstore storefront on horizontal marketplace
Malaysia,KLBAC Book Marketplace,https://www.facebook.com/groups/KLBEC/,facebook_group,book buy/sell/exchange social marketplace group
Malaysia,SPM/IGCSE/O-Level Books Sales Group — Peninsular Malaysia,https://www.facebook.com/groups/1881079498849395/,facebook_group,textbook/student social resale control
Ukraine,Bookstock,https://bookstock.net/,official_site,hardened current strict/main candidate; buy/sell new and used books without commission
Ukraine,BookFlea,https://www.bookflea.co/,official_site,crossborder Ukrainian-language used-book buy/sell surface with Ukraine in scope
Ukraine,Bukinist.in.ua,https://www.bukinist.in.ua/ukr/pages/view/home,official_site,seller registration and sale/listing proof for books and bukinist goods
Ukraine,Bukinist.in.ua ISBN example,https://www.bukinist.in.ua/books/rubric/2/240/page%3A1/sort%3ABook.price/direction%3Adesc/limit%3A100,official_site,ISBN and seller examples on bukinist marketplace category/listings
Ukraine,Liberbee,https://www.liberbee.com/en,official_site,swap/sell/buy books surface with large book-language counts
Ukraine,BOOKMARKET.IN.UA,https://www.bookmarket.in.ua/,official_site,book-specific multiseller bukinist marketplace/directory
Ukraine,BOOKMARKET.IN.UA about,https://www.bookmarket.in.ua/pages/about,official_site,"states books are listed by companies, publishers, bookstores and private persons"
Ukraine,BOOKMARKET.IN.UA buying help,https://www.bookmarket.in.ua/pages/buy,official_site,states site does not buy/sell itself; buyers contact sellers
Ukraine,BOOKMARKET.IN.UA registration,https://www.bookmarket.in.ua/registration/,official_site,registration required to place sale ads
Ukraine,Ukrlot books / bukinistika,https://ukrlot.com.ua/ua/category/knigi-bukinistika/1/,marketplace_category,horizontal auction with books/bukinistika category
Ukraine,NewAuction.org,https://newauction.org/,official_site,Ukrainian horizontal internet auction; buy/sell everything
Ukraine,Prom.ua ISBN used-book example,https://prom.ua/p2429137770-anglo-norvezhskij-norvezhsko.html,marketplace_listing,Prom.ua used-book listing with ISBN and used condition
Ukraine,Ogolosha.ua books/journals,https://m.ogolosha.ua/hobby/knigi-zhurnaly/,classifieds_category,horizontal books/journals classifieds category
Ukraine,Ogolosha.ua books ISBN example,https://m.ogolosha.ua/hobby/knigi-zhurnaly/lugove-16/?page=17,classifieds_listing,used book classifieds examples including ISBN metadata
Ukraine,AvizInfo Ukraine Bukinist,https://www.avizinfo.com.ua/ru-i-category-i-bukinist.html,classifieds_category,bukinist buy/sell category; mixed freshness
Ukraine,Buksukar.com.ua ISBN example,https://buksukar.com.ua/p2148648967-anglo-russkij-biologicheskij.html,operator_listing,used/bukinist book detail with ISBN value
Ukraine,BooksSecondLife.com.ua ISBN example,https://bookssecondlife.com.ua/ru/product/viyskovi-mediki-na-poli-boyu/,operator_listing,book detail page with ISBN and EAN metadata
Ukraine,ALPACA/Ranok exchange program coverage,https://tykyiv.com/news/u-kiievi-mozhna-obminiati-stari-rosiiskomovni-knigi-na-novi-ukrayinskoiu-de-ta-iak/,news/current_program,Russian-language book exchange/recycling discount program
Ukraine,Guardian Ukraine book culture context,https://www.theguardian.com/world/2025/sep/02/tainted-love-how-ukrainians-are-ridding-themselves-of-russian-language-books,news/context,context on ALPACA program and current Ukraine book-disposal/recycling context
Ukraine,Bookstock,https://bookstock.net/,official_site,"strict/main recheck: marketplace language, register/login/cart/categories"
Ukraine,Liberbee,https://www.liberbee.com/en,official_site,"strict/main recheck: swap, buy or sell books; sell book/login; 63k+ found books"
Ukraine,Bukinist.in.ua,https://www.bukinist.in.ua/ukr/pages/view/home,official_site,"strict/main recheck: registered sellers can list and sell books, magazines and bukinist goods"
Ukraine,BOOKMARKET.IN.UA,https://www.bookmarket.in.ua/pages/about,official_site,strict/main recheck: book-specific multiseller/direct-contact basis from pass210; site intermittently fetch-limited
Ukraine,UNC.UA,https://unc.ua/uk/auctions/bukinistika-knigi-zhurnaly-2024,official_site,pass211 add: broad collectibles auction with bukinistika/books-and-magazines vertical
Ukraine,Stara.com.ua,https://stara.com.ua/about-our-company/about-us/,official_site,pass211 add: operator old/bukinist books shop
Ukraine,Modnitsa,https://modnitsa.in.ua/,official_site,pass211 add: Chernihiv bukinist/old-books shop
Ukraine,Ukrlot,https://ukrlot.com.ua/ua/category/knigi-bukinistika/1/,official_site,rechecked as weak-fit/horizontal auction category; already present from pass154
Ukraine,Petrivka Book Market,https://cherylhoward.com/petrivka-book-market/,travel_report,offline secondhand market texture retained
Ukraine,Lviv Book Market,https://www.gpsmycity.com/attractions/book-market-39097.html,travel_report,offline secondhand/dealer texture retained
Russia,Alib.ru,https://www.alib.ru/,live_web_pass212,Book-specific multiseller bukinist marketplace homepage
Russia,Alib.ru sellers rules,https://www.alib.ru/sellers.phtml,live_web_pass212,Seller rules / seller mechanics
Russia,Alib.ru about,https://www.alib.ru/osaite.phtml,live_web_pass212,About page supporting registered sellers
Russia,LibeX,https://new.libex.ru/?pg=49084,live_web_pass212,Book-specific buy/sell marketplace public copy
Russia,LibeX third-party profile,https://www.minimum-price.ru/shops/libex/,live_web_pass212,Corroborating many-seller/private/store buy-sell description
Russia,RusBuk,https://rusbuk.ru/,live_web_pass212,Bukinist platform listings and seller profiles
Russia,RusBuk help,https://rusbuk.ru/page/customer_help,live_web_pass212,Trading platform definition
Russia,RusBuk sellers,https://rusbuk.ru/all_sellers,live_web_pass212,Seller list / sales statistics
Russia,Meshok bukinist listings,https://meshok.net/listing?search=%D0%91%D0%A3%D0%9A%D0%98%D0%9D%D0%98%D0%A1%D0%A2,live_web_pass212,Broad auction marketplace book/bukinistika listings
Russia,Meshok seller help,https://kb.meshok.net/help/ru/16-/56-,live_web_pass212,Seller listing mechanics
Russia,Auction.ru books/bukinistika,https://auction.ru/listing/offer/knigi_bukinistika-108682,live_web_pass212,Broad collectibles auction book/bukinistika category
Russia,Ozon bukinist books category,https://www.ozon.ru/category/knigi-bukinisticheskie/,live_web_pass212,Broad marketplace bukinist category
Russia,Ozon seller guide,https://mpmgr.ru/blog/business/kak-prodavat-knigi-na-ozon,live_web_pass212,Seller/card/ISBN mechanics for Ozon book sales
Russia,Avito/Youla guide,https://news.mail.ru/guide/kuda-prodat-knigi-41/,live_web_pass212,Russia-wide classifieds book resale control
Russia,Youla books listings,https://youla.ru/all/hobbi-razvlecheniya/knigi-zhurnaly,live_web_pass212,Broad classifieds books/magazines category
Russia,FindBook.ru,https://findbook.ru/search/d0?null=,live_web_pass212,Russian book search/metasearch
Russia,Litamarket,https://litamarket.ru/,live_web_pass212,Operator bukinist/rare book store
Russia,BukinistKniga.ru,https://bukinistkniga.ru/,live_web_pass212,Operator bukinist store
Russia,KnigaLavka,https://knigalavka.ru/,live_web_pass212,St. Petersburg operator bukinist shop
Russia,Alib.ru seller rules,https://www.alib.ru/sellers.phtml,official_site,seller onboarding / registered seller hardening
Russia,Alib.ru about site,https://www.alib.ru/osaite.phtml,official_site,registered sellers and book marketplace hardening
Russia,LibeX book detail / seller terms,https://new.libex.ru/detail/book1240678.html,official_site,seller delivery/payment detail hardening
Russia,RusBuk catalogue / seller terms,https://rusbuk.ru/,official_site,seller payment/delivery mechanics hardening
Russia,Rambler guide to selling old books,https://life.rambler.ru/instructions/55439977-kuda-sdat-ili-prodat-starye-knigi/,secondary_guide,external confirmation of Alib/Libex as specialized book sale portals
Russia,Старый Ростов / Stary Rostov,https://antik-books.ru/,official_site,operator bukinist buyback/store control
Russia,Академия / Academics.ru,https://www.academics.ru/,official_site,operator bukinist store control
Russia,Litamarket,https://litamarket.ru/,official_site,operator store carry-forward hardening
Russia,Книга Плюс / KnigaPlus.ru,https://knigaplus.ru/,official_site,operator bukinist shop with sell-your-books prompt
Russia,Книга Плюс / KnigaPlus.ru,https://www.instagram.com/knigaplus/,social_profile,operator identity/address control
Russia,Books-Life.ru,https://books-life.ru/category/knigi/,official_category,bukinist category with ISBN-visible product snippets
Russia,Slovobooks.ru,https://slovobooks.ru/publisher/vintazh/,official_category,vintage/bukinist condition category
Russia,KnigAnt / КнигАнт,https://knigant.ru/products/vidy-goroda-novo-nikolaevska-1895-1913/,official_product,operator antiquarian/bukinist product page
Russia,KnigAnt / КнигАнт,https://knigant.ru/products/koran-1907/,official_product,operator antiquarian product page
Russia,Yandex Market,https://partner.market.yandex.ru/chtojournal/grow-on-marketplaces_knigi_marketpleys/,marketplace_partner_guidance,broad marketplace books/bukinistika seller control
Russia,Auction.ru,https://auction.ru/,official_marketplace,broad auction book/bukinistika control
Russia,Alib.ru,https://www.alib.ru/oplatall.phtml,official_seller_list,seller list / regional bukinist network evidence
Russia,RusBuk / Русбук,https://rusbuk.ru/catalog/prikliuchieniia_i_fantastika_sborniki_2630s?page=75&sort_v=b.publishedAt-desc,official_catalog,strict-candidate detail/category ISBN evidence
Russia,RusBuk / Русбук,https://rusbuk.ru/catalog/hudozestvennaa_literatura_otecestvennaa_s3269s?page=922&sort_v=b.createdAt-desc,official_catalog,seller profile/city evidence
Russia,Alib.ru,https://www.alib.ru/osaite.phtml,official_about,registered sellers and site purpose
Russia,Rambler/Life guide,https://life.rambler.ru/instructions/55439977-kuda-sdat-ili-prodat-starye-knigi/,secondary_guide,specialized portals Alib/Libex after registration
Russia,Books.ru — user book selling / Продаю,https://www.books.ru/sell/,official_selling_page,public user-selling flow for any quantity of books
Russia,Books.ru — how to sell books,https://www.books.ru/pages.php?id=558,official_help,"detailed flow: register, add shelf/books, set price/condition/copies/method, moderation"
Russia,Books.ru — cooperation/selling,https://www.books.ru/cooperation/how_to_sell_books,official_help,"physical person/small assortment, old/antique/home-library books, role in deal"
Russia,МоиКниги / Moiknigi.com,https://moiknigi.com/,official_home,book-specific exchange/sale/gift service; recent sales; user library offers
Russia,МоиКниги / Moiknigi.com detail,https://moiknigi.com/book_136109/,official_detail,user listing with price/condition/city/ISBN field
Russia,МоиКниги / Moiknigi.com detail,https://moiknigi.com/book_160944/,official_detail,recent 2026 listing with seller/price/status
Russia,Букшеринг / Booksharing.app,https://ru.booksharing.app/,official_home,P2P booksharing/resale with managed payment and owner/location/condition choice
Russia,LiveLib Книгообмен,https://www.livelib.ru/bookswap,official_bookswap,sell/swap/gift/find paper books; large proposal count
Russia,Ballycumber / BookPost,https://ballycumber.ru/,official_bookcrossing,Russian bookcrossing/bookpost exchange culture
Russia,Ballycumber book exchange,https://ballycumber.ru/change.php,official_exchange,exchange books by mail
Russia,Bookcrossing.ru,https://bookcrossing.ru/,official_bookcrossing,official Russian bookcrossing site
Russia,Bukinist.com,https://www.bukinist.com/,official_store,operator books/music/films store
Russia,Bukinist.com catalogue,https://www.bukinist.com/ShowCatalog.aspx?c=0.03.02,official_catalog,book category with ISBN exposure
Russia,Книжный магазин Букинист — Telegram/VK,https://t.me/s/bukinist34,social_channel,Telegram regional shop/intake channel; social/operator boundary
Russia,Alib.ru,https://www.alib.ru/,official_marketplace,carry-forward strict/main comparison point
Russia,RusBuk / Русбук,https://rusbuk.ru/page/kak_prodovat,official_seller_rules,carry-forward strict/main seller rules / trading platform
Russia,National Library RM specialized sites guide,https://natlibraryrm.ru/%D1%82%D0%BE%D0%BF-%D1%81%D0%BF%D0%B5%D1%86%D0%B8%D0%B0%D0%BB%D0%B8%D0%B7%D0%B8%D1%80%D0%BE%D0%B2%D0%B0%D0%BD%D0%BD%D1%8B%D1%85-%D0%BA%D0%BD%D0%B8%D0%B6%D0%BD%D1%8B%D1%85-%D1%81%D0%B0%D0%B9/,secondary_guide,specialized Russian book exchange/sale sites context
Russia,Rambler/Life guide,https://life.rambler.ru/instructions/55439977-kuda-sdat-ili-prodat-starye-knigi/,secondary_guide,modern guide to selling old books and specialized portals
Russia,Ofeni.ru / Офени,https://ofeni.ru/,live_web_pass216,Book-specific P2P used-book marketplace home / buy-sell positioning
Russia,Ofeni.ru / Офени,https://ofeni.ru/rules,live_web_pass216,Rules/add-listing support for user sale controls
Russia,Ofeni.ru / Офени,https://ofeni.ru/user/?id=290,live_web_pass216,Seller profile / books in sale example
Russia,Antkniga.ru / Антикварно-букинистический магазин СПб,https://antkniga.ru/,live_web_pass216,SPB operator buyback / online evaluation / pickup
Russia,Books-Magazin.ru — скупка книг Москва,https://books-magazin.ru/,live_web_pass216,Moscow home-library buyback / evaluation / pickup operator
Russia,Oldbooks.ru / Старая книга,https://oldbooks.ru/,live_web_pass216,Moscow old/antiquarian book operator catalogue
Russia,КупимКниги.рф — купим книги,https://www.xn--c1ajabgbnjo3b.xn--p1ai/,live_web_pass216,Book/journal/newspaper buyback operator surface
Russia,RusBuk / Русбук,https://rusbuk.ru/,live_web_pass216_isbn_carryforward,Strict candidate ISBN-positive detail/category evidence carried forward
Russia,LibeX / Либекс,https://new.libex.ru/detail/book1240678.html,live_web_pass216_hardening,Strict candidate detail-page seller/payment/delivery control rechecked
Russia,Alib.ru,https://www.alib.ru/sellers.phtml,live_web_pass216_hardening,Seller rules / registered seller control rechecked
Russia,МоиКниги / Moiknigi.com,https://moiknigi.com/book_136109/,live_web_pass216_isbn_carryforward,Strict candidate ISBN-positive detail evidence carried forward
Russia,RE:BOOKS / shop-re-books.ru,https://shop-re-books.ru/,live_web,offline/literacy bookcrossing layer
Russia,RE:BOOKS / shop-re-books.ru,https://re-books.ru/,live_web,offline/literacy bookcrossing layer
Russia,ДаруДар — книги и журналы gift listings,https://darudar.org/gift/4714001/,live_web,social resale/group layer
Russia,ДаруДар — книги и журналы gift listings,https://darudar.org/gift/753762/,live_web,social resale/group layer
Russia,Барахла.НЕТ — books on paper in Russia,https://www.barahla.net/258.html,live_web,annex / classifieds
Russia,Барахла.НЕТ — books on paper in Russia,https://www.barahla.net/258.html/2/,live_web,annex / classifieds
Russia,FarPost — books / used books classifieds,https://www.farpost.ru/hobby/books-music-video/media/,live_web,annex / classifieds
Russia,FarPost — books / used books classifieds,https://www.farpost.ru/vladivostok/hobby/books-music-video/media/?condition%5B%5D=used,live_web,annex / classifieds
Uzbekistan,Kitobxon.com — e-library and online bookstore,https://kitobxon.com,supporting_classification_evidence,"Online platform in Uzbekistan functioning as both an e-library and a bookstore. Offers e-books, audiobooks, and paper books."
Uzbekistan,Mehr Kutubxonasi,https://mehrkutubxonasi.uz,supporting_classification_evidence,Volunteer-run free public library and book-sharing project in Tashkent. Users borrow books for free.
Cameroon,Librairie Papeterie Bilingue Audrey — Douala,https://mont-pandi.com/librairie-audrey-douala,supporting_classification_evidence,"Bilingual bookstore in Akwa, Douala offering new and used books and educational supplies."
Cameroon,Librairie Saint Paul — Yaoundé,https://www.facebook.com/LibrairieSaintPaulYaounde/,supporting_classification_evidence,Major historic bookstore in downtown Yaoundé supplying educational manuals and literature.
Gabon,La Maison Gabonaise du Livre — Libreville,https://www.facebook.com/LaMaisonGabonaiseDuLivre/,supporting_classification_evidence,Local publisher and book distributor in Libreville promoting Gabonese literature and essays.
Gabon,Librairie Livre + — Libreville,https://www.goafricaonline.com/ga/40113-livre-librairies-libreville-gabon,supporting_classification_evidence,Major bookstore and stationery store located in downtown Libreville.
Bangladesh,Book Loop BD — student secondhand textbook marketplace,https://bookloopbd.com,supporting_classification_evidence,"Student-first structured secondhand textbook marketplace founded March 2026. Peer-to-peer exchange for classes 1–12, SSC/HSC/O-Level/A-Level."
Pakistan,Saeed Book Bank — Islamabad bookstore,https://saeedbookbank.com,supporting_classification_evidence,Major historic bookstore and online book retailer based in Islamabad.
Pakistan,Booknet Pakistan — online bookstore,https://booknet.com.pk,supporting_classification_evidence,"Online bookstore offering novels, magazines, and educational books across Pakistan."
Sri Lanka,Sarasavi The Bookshop — online & retail chain,https://sarasavi.lk,supporting_classification_evidence,"Largest bookstore chain and online book store in Sri Lanka with Sinhala, English, and Tamil books."
Sri Lanka,Vijitha Yapa Bookshop — online & retail chain,https://srilankanbooks.com,supporting_classification_evidence,Major established bookstore chain and online retailer in Sri Lanka.
United Arab Emirates,House of Prose — Dubai used bookstore institution,https://houseofprose.ae,supporting_classification_evidence,Long-standing secondhand bookstore institution in Dubai with a 50% buyback model.
United Arab Emirates,Books Kinokuniya Dubai — flagship bookstore,https://uae.kinokuniya.com,supporting_classification_evidence,Flagship bookstore in Dubai Mall and largest retail bookstore in the UAE.
Saudi Arabia,Stoor / متجر سطور — new and used books,https://sto1or.com,supporting_classification_evidence,Online store in Saudi Arabia specialized in buying and selling new and used books.
Saudi Arabia,Nwas Store / متجر نواس — used books section,https://nwwas.com,supporting_classification_evidence,Online book store in Saudi Arabia offering a dedicated used-books section.
Syria,Maktabat Al-Nouri — Damascus historic bookstore,https://alnouri.sy,supporting_classification_evidence,Historic bookstore in Damascus established in 1932 supplying literature and law titles.
Syria,Maktabat Al-Nobles — Syrian online book platform & library,https://nobles.com.sy,supporting_classification_evidence,"Syrian online book platform offering physical paper books, e-books, and audiobooks."
Iraq,Amazon Book Erbil — Kurdistan bookstore & delivery,https://amazonbook-erbil.com,supporting_classification_evidence,Established bookstore in Erbil offering online book ordering and delivery across Iraq.
Iraq,Haval Bookstore Erbil — Kurdistan online bookstore,https://havalbookstore.com,supporting_classification_evidence,Bookstore in Erbil offering a dedicated online store.
Libya,Dar Al-Ruwad / دار الرواد للنشر والتوزيع — Tripoli bookstore-publisher,https://alruwad.ly,supporting_classification_evidence,Established bookstore and publisher in Tripoli providing academic and international literature.
Libya,Tripoli International Library — Hay Al-Andalous flagship,https://tripolibooks.ly,supporting_classification_evidence,"Major retail bookstore in Hay Al-Andalous, Tripoli."
Libya,Tripoli International Library — 2025 distribution partnership,https://lana.gov.ly/post.php?id=330895&lang=en,supporting_identity_evidence,LANA evidence for the same Tripoli International Library identity; retained as a source facet after canonical consolidation.
Palestine,Watan Books storefront,https://watanbooks.com/,supporting_classification_evidence,"Live first-party catalogue with ILS prices, cart, wishlist and checkout."
Palestine,Watan Books about page,https://watanbooks.com/%D9%85%D9%86-%D9%86%D8%AD%D9%86/,supporting_identity_evidence,"Store history, imported publisher stock and book-fair activity; no seller-marketplace claim."
Palestine,Yamameh Lilkitab about page,https://www.yamameh.com/about-us,supporting_classification_evidence,Al-Bireh independent publisher and online book store launched in 2022.
Palestine,Dawerha Books & Novels category,https://dawerha.co/category/10/%D9%83%D9%8F%D8%AA%D8%A8-%D9%88-%D8%B1%D9%88%D8%A7%D9%8A%D8%A7%D8%AA,horizontal_resale_category,Books and novels within a Palestinian horizontal used-goods marketplace.
Palestine,Dawerha used-book listing,https://www.dawerha.co/product_detail/656/%D8%A7%D9%84%D8%AC%D8%AD%D9%8A%D9%85-%D8%B1%D9%88%D8%A7%D9%8A%D8%A9-%D9%84%D8%AF%D8%A7%D9%86-%D8%A8%D8%B1%D8%A7%D9%88%D9%86,supporting_listing_evidence,"Named seller, Ramallah location, ILS price, cart and checkout on an individual used-book listing."
Palestine,PS Mall used-market boundary audit,https://psmall.ps/,supporting_boundary_evidence,"Palestinian general used-goods seller onboarding, escrow wallet and delivery; no verified book-specific category, so not canonicalized."
Palestine,Al-Haq publications,https://www.alhaq.org/publications,institutional_publications_repository,Current downloadable human-rights reports and publications; not a retail bookstore.
