territory,region_block,dominant_category,categories_present,site_count,row_count,main_universe,weak_fit_core,single_store_used_booksellers,single_store_bookstore_layer,single_store_used_bookstore_signal,annex_classifieds,used_book_signal_note,offline_fair_literacy_layer,confidence_mix,territory_profile,notes_compact
Afghanistan,South Asia / Central Asia,single-store bookstore layer,annex / diaspora spillover; annex / social marketplace; single-store bookstore layer; weak-fit core,7,7,0,2,0,3,0,1,Leelam exposes a books/textbooks/magazines classifieds category with for-sale/wanted/exchange controls and app-store wording for new/used local buy-sell activity; Facebook Marketplace exposes new/used books in Kabul/Afghanistan.,0,high:4; medium-high:2; medium:1,Weak-fit / book-forward territory without enough concentration to dominate as main universe.,Opened as a zero-surface country in pass158. Strongest current surface is Leelam horizontal classifieds/books category; Sale.af and BookPoint add local ecommerce/bookstore depth; no standalone Afghanistan-native book-specific used/recommerce marketplace or visible ISBN values were verified.
Albania,CEE/Balkans,single-store bookstore layer,annex / classifieds; annex / social book-sale groups; offline / fair / literacy layer; single-store bookstore layer; single-store used / bookstore signal; single-store used booksellers; weak-fit core,12,12,0,1,1,5,2,1,"No Albania-native standalone book-specific recommerce marketplace verified. Used-book texture is real but operator/horizontal/social: ShtepiaeLibrit exposes 332 old/used Albanian books, MerrJep explicitly lists used books in a broad classifieds category, and B-books/Libra te perdorura add profile/social used-book signals.",2,high:7; medium-high:3; medium:2,"No-strict-main territory with strong online bookstore infrastructure, a clear single-operator used-book catalogue, broad classifieds used-book category, social/storefront used-book texture, and major book-fair/literacy infrastructure. No open Albania-native book-specific third-party used/recommerce marketplace verified.",Pass187 hardened Albania from three URL-less frontier shorthand rows (Adrion/Albas/Bukinist) into a source/evidence-backed no-strict-main profile; targeted revisit only for any future Albania-native book-first recommerce platform or stronger used-book seller dashboard evidence.
Algeria,North Africa / Maghreb,weak-fit core,annex / classifieds; offline / fair / literacy layer; single-store bookstore layer; single-store used booksellers; weak-fit core,8,8,0,4,1,1,0,1,"Vitamine.dz explicitly includes new and used books, while readSina is a dedicated pre-loved-books marketplace across all 58 wilayas.",1,high:7; medium:1,Weak-fit / book-forward territory without enough concentration to dominate as main universe.,"Multiple native online rails, a meaningful digital-book layer, a dedicated used-book marketplace, broad classifieds spillover, and SILA national fair infrastructure make Algeria a strong weak-fit closure rather than a bookstore-only case."
Andorra,Iberia,offline / fair / literacy layer,annex / classifieds; offline / fair / literacy layer; single-store bookstore layer,7,7,0,0,0,3,0,1,,3,high:7,Territory anchored mainly by bookstore layer rather than marketplace depth.,Strong bookstore and library ecology without a clear native multi-seller marketplace.
Angola,Southwest / Lusophone Africa,single-store bookstore layer,annex / classifieds; main universe; single-store bookstore layer; weak-fit core,11,11,2,2,0,4,0,3,"Strong used-book/recommerce signal in Angolivros and Sebo Talatona; strict core limited to book-specific buy/sell/used-trade rails, not ordinary retail or general classifieds.",0,high:1; low:1; low-medium:3; medium:3; medium-high:2; medium-low:1,"Angola now has two strict-main candidates: Angolivros as a current official buy/sell/used-trade book platform, and Sebo Talatona/Sebo Livros Usados as a social/WhatsApp-mediated online used-book intermediation platform.","Targeted revisit only for Angolivros active listings/seller dashboard capture, Sebo non-social proof, and social group volume; ordinary online bookstores/classifieds remain outside strict main."
Anguilla,Caribbean,offline / fair / literacy layer,offline / fair / literacy layer; single-store used / bookstore signal,3,3,0,0,0,0,1,0,,2,medium:3,"Territory with mixed store-owned used-book or exchange signal, but not a clean marketplace case.",one notable bookstore + literary ecosystem
Antigua and Barbuda,Caribbean,single-store used / bookstore signal,annex / classifieds; offline / fair / literacy layer; single-store used / bookstore signal,7,7,0,0,0,0,3,2,,2,medium:7,"Territory with mixed store-owned used-book or exchange signal, but not a clean marketplace case.",thin marketplace depth
Argentina,South America,main universe,annex / classifieds; annex / social resale; main universe; single-store used booksellers; weak-fit core,11,11,3,2,3,0,0,2,"Pass137 hardened Argentina: strict spine is BiblioMarket + Tubuc + Pila de Libros; Buscalibre demoted to weak-fit used-filter retail/import rail; MercadoLibre/Anuto/Facebook stay horizontal/social annex; single-store used-book depth added via Aguilar, LibreriaUsados.com and La Libre.",0,high:4; medium:3; medium-high:4,Strict-main book-specific used/reuse platform territory with strong Argentina-native C2C marketplace and exchange spine plus large horizontal/social and single-store shadow layers.,Pass137 converted Argentina from transcript-carried thin state into evidence-backed spine: BiblioMarket and Tubuc retained high strict main; Pila de Libros promoted as book-exchange/reuse rail; Buscalibre demoted to weak-fit; seven shadow-layer rows added.
Armenia,Caucasus,weak-fit core,annex / classifieds; offline / fair / literacy layer; single-store used booksellers; weak-fit core,7,7,0,4,1,0,0,1,,1,medium:5; medium-high:1; medium-low:1,Classifieds/social resale plus single-store or offline used-book nodes; no verified book-specific marketplace mechanics.,Pass 58-65 hardening added 4 row(s) under strict South America-style governance; no ordinary bookstore promoted to core. No strict-main promotion in this sprint.
Aruba,Caribbean,annex / classifieds,annex / classifieds; offline / fair / literacy layer; single-store used / bookstore signal,6,6,0,0,0,0,2,2,,2,medium:6,"Territory with mixed store-owned used-book or exchange signal, but not a clean marketplace case.",store + library/event ecosystem
Austria,DACH,main universe,annex / classifieds; comparator / discovery infrastructure; legacy / dormant / closed; main universe; offline / fair / literacy layer; single-store bookstore layer; single-store used-bookseller; used-book signal (territory note); weak-fit core,21,21,4,4,3,2,0,1,"Strong Austrian used/antiquarian and recommerce layer, but native open third-party strict-main remains less clear than Germany; main-universe fit is mostly DACH/antiquarian portal infrastructure.",4,high:15; medium:1; medium-high:5,"DACH edge territory with mature antiquarian/used-book infrastructure, Austria-facing cross-border strict-main portals, strong operator/retailer buyback programs, and horizontal classifieds shadow layer.","Pass179 hardened Austria: strict-main coverage now comes from Austria-facing DACH/antiquarian marketplaces/portals (ZVAB, booklooker, Buchfreund, Antiquariate in Österreich/Antiquariatsportal), while Austria-native active recommerce is strongest in Bookbot and retailer/Zeercle buyback programs (Tyrolia, Morawa). willhaben remains annex/horizontal despite high volume; Thalia Austria used-book pilot held legacy/closed; Eurobuch retained as comparator/discovery."
Azerbaijan,Caucasus,weak-fit core,annex / classifieds; single-store used booksellers; weak-fit core,5,5,0,2,1,0,0,2,,0,medium:2; medium-high:2; medium-low:1,Classifieds/social resale plus single-store or offline used-book nodes; no verified book-specific marketplace mechanics.,Pass 58-65 hardening added 3 row(s) under strict South America-style governance; no ordinary bookstore promoted to core. No strict-main promotion in this sprint.
Bahrain,Gulf / Arabian Peninsula,weak-fit core,annex / classifieds; offline / fair / literacy layer; single-store bookstore layer; single-store used / bookstore signal; weak-fit core,10,10,0,3,0,2,2,2,Pass57 MENA/West Asia hardening updated with current used-book/recommerce evidence; strict core only where book-specific marketplace/seller mechanics were visible.,1,high:4; low:1; medium:5,Weak-fit / classifieds or bookstore-led territory after hardening.,"Bahrain closes after pass 1 on Jarir + Virgin + Book Mart as the core book-forward rails, National Bookshop + That Al Salasil/WHSmith as bookstore anchors, OpenSooq as horizontal used-book spillover, and the Bahrain International Book Fair as the fair/literacy layer. | Pass57 MENA/West Asia hardening updated with current used-book/recommerce evidence; strict core only where book-specific marketplace/seller mechanics were visible."
Bangladesh,South Asia,weak-fit core,annex / classifieds; annex / social resale; main universe; offline / exchange bookstore; offline / used-book market; weak-fit core,9,9,2,2,0,0,0,1,,0,high:1; medium:6; medium-high:1; medium-low:1,Strict-main / book-specific resale or exchange platform territory.,"Pass87 hardened BookCycle, Booktionary, and Bikroy live category evidence; added Bengal Boi as offline/literacy exchange context only."
Barbados,Caribbean,annex / classifieds,annex / classifieds; offline / fair / literacy layer; single-store used / bookstore signal,6,6,0,0,0,0,1,3,,2,medium:6,"Territory with mixed store-owned used-book or exchange signal, but not a clean marketplace case.","stores and fairs, not marketplace"
Belarus,Eastern Europe,annex / classifieds,annex / classifieds; annex / social book-sale groups; single-store bookstore layer; single-store used / bookstore signal; weak-fit core,10,10,0,2,0,1,1,6,"Belarus has deep classifieds/auction/book-vertical density and a legacy book-specific used-book board, but current strict-main proof was not verified. ISBN rule applied; no ISBN captured in visible surfaces.",0,high:4; low-medium:1; medium:3; medium-high:2,Belarus opened as a books/classifieds/auction-rich but non-strict territory. Current strict main remains empty because the live rails are horizontal/auction/social/store layers and the only book-specific used-board evidence is legacy/current-status unresolved.,"Pass153 zero-surface opening added Kufar, Ay.by books/Bukinistika, Onliner Baraholka, Kupika, IRR, Cogart, BookSale.by legacy, Mybooks, Bestbooks, and a children’s book Facebook group. No strict-main promotion; targeted revisit only."
Belgium,Benelux,main universe,annex / classifieds; annex / social classifieds; main universe; offline / fair / literacy layer; single-store bookstore layer; single-store used booksellers; weak-fit core,16,16,3,2,6,1,0,3,"Pass177 hardens Belgium from four skeletal rows to a mature Benelux recommerce territory. Strict/main rails are Books in Belgium, Boekwinkeltjes.be, and Stubooks; lower layers include BoekenBalie, Recyclivre, De Slegte, Pêle-Mêle, Livr'Ensemble, CLAM-BBA, Fnac used/marketplace, Studieshop, 2ememain, Aanbod, and social groups.",1,high:9; medium-high:4; medium:2; low-medium:1,"Mature Benelux used-book/recommerce ecosystem with a Belgium-native used-book marketplace, Belgium-scoped antiquarian/private-seller marketplaces, specialized student textbook resale, strong buyback/resale operators, used-book chains, and horizontal/social spillover.","Pass177 filled URL/evidence gaps for Books in Belgium and 2ememain, added missing strict/main rails (Boekwinkeltjes.be and Stubooks), captured ISBN samples from Boekwinkeltjes/BoekenBalie, and closed Belgium to broad searching except targeted future extraction."
Belize,Central America,single-store used / bookstore signal,annex / classifieds; offline / fair / literacy layer; single-store used / bookstore signal,5,5,0,0,0,0,3,1,,1,medium:5,"Territory with mixed store-owned used-book or exchange signal, but not a clean marketplace case.",bookstore + event ecology
Benin,West Africa,weak-fit core,annex / classifieds; main universe; single-store used / bookstore signal; weak-fit core,5,5,1,2,0,0,1,1,"main universe: La Friperie du Livre | single-store used / bookstore signal: Vente & Troc de livres à Cotonou | annex / classifieds: CoinAfrique Benin — DVDs, CDs & Livres",0,high:2; low:1; medium:2,Strict main-universe / used-book or book-specific marketplace territory under South America-style definition.,Runtime-gap bridge reconstruction pass. Rows are web-reverified in this chat and do not recover exact missing 2026-04-24 chat-only rows.
Bermuda,Caribbean,offline / fair / literacy layer,annex / classifieds; offline / fair / literacy layer; single-store used / bookstore signal,11,11,0,0,0,0,4,2,,5,medium:11,"Territory with mixed store-owned used-book or exchange signal, but not a clean marketplace case.",no strong native specialist marketplace; strong bookstore layer; active general-marketplace annex; very strong library / literary / educational infrastructure
Bhutan,South Asia,offline / fair / literacy layer,offline / fair / literacy layer; weak-fit core,3,3,0,1,0,0,0,0,,2,high:1; medium:2,Weak-fit / book-forward territory without enough concentration to dominate as main universe.,Bhutan literature-and-arts festival and year-round literary initiative. || Visible university library/catalogue rail; included as supporting literacy infrastructure. || Recovered from frontier shorthand 'Booknese plus small real bookstore layer'.
Bonaire,Caribbean,single-store used / bookstore signal,annex / classifieds; offline / fair / literacy layer; single-store used / bookstore signal,5,5,0,0,0,0,3,1,,1,medium:5,"Territory with mixed store-owned used-book or exchange signal, but not a clean marketplace case.",library-centered
Bosnia and Herzegovina,CEE/Balkans,annex / classifieds,annex / classifieds; single-store bookstore layer; single-store used / bookstore signal; single-store used booksellers,8,8,0,0,1,3,1,3,"Pass151 opened Bosnia and Herzegovina from zero row surface. OLX.ba has very large live book/literature category depth and used-condition filters, while Facebook groups and Used Books Sarajevo/Knjizara_nora preserve social and single-seller used-book texture. No strict/main book-specific used-book marketplace or recommerce platform was confirmed.",0,high:4; medium-high:1; medium:3,Zero-surface territory opened into a horizontal-classifieds and bookstore-layer profile: strong OLX.ba book-category depth but no strict-main book-specific recommerce rail yet.,Pass151 Bosnia-and-Herzegovina-only zero-surface opening. Keep future revisits targeted to native book-specific used/recommerce platforms or deeper OLX specialist/ISBN metadata proof.
Botswana,Southern Africa,weak-fit core,annex / classifieds; offline / fair / literacy layer; single-store bookstore layer; single-store used booksellers; weak-fit core,10,10,0,3,1,2,0,3,Deepening pass found used/pre-owned/social-sale signals; no book-specific platform-level used/recommerce marketplace was promoted to strict core.,1,high:5; low-medium:1; medium:4,"Botswana deepened through a used-books social group, Facebook Marketplace and ecommerce/bookstore texture; Pages & Projects remains the stronger single-store pre-loved node.",Next hardening should test whether any social/group/category surfaces have open third-party book listing/search/payment/delivery mechanics beyond ordinary Facebook/classifieds flow.
Brazil,South America,main universe,annex / classifieds; main universe; single-store used booksellers; weak-fit core,20,20,6,4,5,0,0,5,"Brazil has a strong specialist used/new book marketplace layer (Estante Virtual, Portal dos Livreiros, LeuVendeu, Seboweb, Troca de Livros, EscamBook) plus large horizontal resale spillover and major single-store sebo texture.",0,high:17; medium-high:3,"Main-universe territory with multiple specialist book-specific marketplace/exchange rails, education/textbook weak-fit app texture, large single-store sebo layer, and horizontal marketplace/classifieds spillover.",Pass145 upgraded Seboweb to high strict-candidate on current marketplace/account evidence and added EscamBook as a book-specific peer-exchange strict candidate. EstudeiVendi remains weak-fit education marketplace; Bazar remains single-store/operator; Skoob Plus recorded only as paused non-promotion context.
British Virgin Islands,Caribbean,single-store used / bookstore signal,offline / fair / literacy layer; single-store used / bookstore signal,4,4,0,0,0,0,3,0,,1,medium:4,"Territory with mixed store-owned used-book or exchange signal, but not a clean marketplace case.",bookstores + literacy programs
Brunei,Southeast Asia,single-store bookstore layer,single-store bookstore layer; weak-fit core,1,2,0,1,0,1,0,0,,0,medium:2,Weak-fit / book-forward territory without enough concentration to dominate as main universe.,Current-session controlled pass: also serves as weak-fit core. || Current-session controlled pass classified Brunei as compact weak-fit.
Bulgaria,CEE/Balkans,main universe,main universe,1,1,1,0,0,0,0,0,,0,high:1,Main-universe territory with supporting lower layers preserved in the compile.,Recomputed from normalized explicit-row compile.
Burkina Faso,West Africa,annex / classifieds,annex / classifieds; weak-fit core,2,2,0,1,0,0,0,1,"annex / classifieds: CoinAfrique Burkina Faso — DVDs, CDs & Livres",0,high:1; low:1,Weak-fit / classifieds-led territory without a confirmed book-specific used marketplace in this compact pass.,Runtime-gap bridge reconstruction pass. Rows are web-reverified in this chat and do not recover exact missing 2026-04-24 chat-only rows.
Burundi,Great Lakes / Central-East Africa,single-store bookstore layer,annex / classifieds; single-store bookstore layer; weak-fit core,6,6,0,2,0,3,0,1,"Used-book/recommerce signal present where noted; strict core only assigned to book-specific used/recommerce rails, not ordinary retail or general classifieds.",0,high:1; low-medium:2; medium:3,"Burundi remains sparse: Bujumbura bookstore and religious-distribution layers are visible, plus Facebook/Ubuy import/classified texture, but no strict used-book marketplace.","Revisit for Bujumbura book-specific sale/exchange groups, schoolbook resale, and whether Shopit/Lubaga-style ecommerce carries books locally."
Cambodia,Southeast Asia,single-store bookstore layer,annex / classifieds; single-store bookstore layer; single-store used booksellers; weak-fit core,5,7,0,2,1,3,0,1,,0,medium:7,Weak-fit / book-forward territory without enough concentration to dominate as main universe.,Current-session controlled pass. || Current-session controlled pass classified Cambodia as compact weak-fit.
Cameroon,Central Africa / West-Central Africa,annex / classifieds,annex / classifieds; main universe; offline / fair / literacy layer; single-store bookstore layer; weak-fit core,20,20,1,4,0,4,0,10,"Pass126 strengthened used/social/classifieds texture with Camerooncom, two Facebook used/exchange groups, Lire à Douala ephemeral used-book sale, and student used-book seam. CamerBookshop remains the only book-specific strict candidate, but used-book specialization is not proven.",1,low:2; medium:8; medium-high:3; medium-low:7,"Cameroon is now a targeted hardening territory rather than a broad reopen: one book-specific seller/request rail candidate, multiple general classifieds/social used-book rails, ordinary book ecommerce, and several bookstore/social commerce nodes. No new strict-main used/recommerce platform was promoted in pass126.","Reopen only for CamerBookshop seller-listing/payment proof, used/consignment inventory, or a fresh Cameroon-native book-specific used/recommerce platform; keep horizontal/social surfaces annexed."
Cape Verde / Cabo Verde,West Africa / Lusophone Atlantic,single-store bookstore layer,annex / classifieds; offline fair/literacy layer; single-store bookstore layer; weak-fit core,18,18,0,1,0,8,0,5,"Used/resale signals are present but social/classifieds/exchange-led: Facebook Marketplace item surfaces, general Compra e Venda groups, Afribaba classifieds, book-bank/donation and tourist/expat book-swap traces. No book-dominant used marketplace or seller-onboarding book rail verified.",0,low:1; medium:5; medium-high:5; medium-low:7,"Cabo Verde has a materially stronger bookshop and institutional book-access ecosystem than the immediately preceding small West African territories. However, confirmed used-book resale remains fragmented across social/classifieds/exchange rails, not a dedicated used-book marketplace.","Compact pass 1 found no strict main-universe site. Revisit should focus on Praia/Mindelo textbook resale, WhatsApp/Facebook book-trade groups, and consignment/used-book practices at local bookstores."
Cayman Islands,Caribbean,annex / classifieds,annex / classifieds; offline / fair / literacy layer; single-store used / bookstore signal,5,5,0,0,0,0,2,2,,1,medium:5,"Territory with mixed store-owned used-book or exchange signal, but not a clean marketplace case.","strong overall book infrastructure, weak marketplace depth"
Central African Republic,Central Africa / West-Central Africa,annex / classifieds,annex / classifieds; offline fair/literacy layer; single-store bookstore layer; weak-fit core,7,7,0,1,0,2,0,3,Only item-level social Marketplace evidence found.,0,low:4; medium-low:3,"CAR remains thin: Facebook Marketplace item-level book listings and Ubuy exist, plus literary/blog/social bookstore traces, but no book-specific used marketplace or local marketplace mechanics.",Revisit only after larger markets unless a Bangui schoolbook resale group or used-book seller surface is recovered.
Chad,Central Africa / West-Central Africa,annex / classifieds,annex / classifieds; single-store bookstore layer; single-store used bookstore signal; weak-fit core,10,10,0,2,0,2,0,5,"Banque des livres TCHAD supports used/school-manual surface; Nibiya and All Chad support new/used horizontal classifieds, including Nibiya Livres & loisirs category, but no strict book-specific marketplace rail.",0,low:3; medium:3; medium-high:3; medium-low:1,"Chad has current horizontal classifieds (Nibiya, All Chad/Souq Al Kul), a confirmed but non-marketplace bookstore layer (La Source, Livres du TCHAD), an official ebook-shop surface (Le Carré culturel), and a used-manual signal (Banque des livres TCHAD). It remains outside verified strict main universe.","Pass108 hardening: no strict-main promotion; Chad lowered to targeted revisit for book-category depth, schoolbook resale, seller-onboarding, or direct book-specific used/recommerce rail."
Chile,South America,main universe,main universe; weak-fit core,5,5,4,1,0,0,0,0,,0,high:5,Main-universe territory with supporting lower layers preserved in the compile.,Explicit weak-fit core in bundled prior transcript.
China (mainland),East Asia,weak-fit core,annex / classifieds; main universe; offline / fair / literacy layer; used-book signal (territory note); weak-fit core,21,21,7,11,0,0,0,1,"Pass146: mainland China has a dense strict spine spanning specialist marketplace (Kongfz/7788), peer book resale/exchange (Jiushujie), and operator-managed circular-book recommerce (Duozhuayu, Xiaoguya, Manyoujing, Yushu). Horizontal resale remains annex only.",1,high:11; medium:10,Dense main-universe used-book/recommerce territory with multiple strict book-specific rails plus large retail/digital shadows. Boundary model separates specialist/P2P/operator-managed book recommerce from ordinary new-book retail and horizontal classifieds.,"Pass146 moved China down from medium-high to medium-low targeted revisit: added Manyoujing and Yushu, upgraded Xiaoguya, reaffirmed Kongfz/Duozhuayu/Jiushujie, and retained Youlu as a hold pending direct current inventory/account-flow proof."
Colombia,South America,main universe,main universe,3,3,3,0,0,0,0,0,,0,high:3,Main-universe territory with supporting lower layers preserved in the compile.,Recomputed from normalized explicit-row compile.
Comoros,Indian Ocean / Comoros,external spillover / out-of-scope texture,annex / classifieds; external spillover / out-of-scope texture; weak-fit core,4,4,0,1,0,0,0,1,"Used-book/recommerce signal present where noted; strict core only assigned to book-specific used/recommerce rails, not ordinary retail or general classifieds.",0,low:3; low-medium:1,Comoros remains non-core: only item-level Facebook Marketplace evidence and Ubuy/import retail were found; Alibris/Amazon are external subject spillover only.,"Revisit only if local Moroni bookshop, schoolbook resale groups, or Comorian social commerce book rails surface."
Costa Rica,Central America,weak-fit core,annex / classifieds; main universe; offline / fair / literacy layer; single-store used / bookstore signal; weak-fit core,6,6,1,2,0,0,1,1,,1,high:3; medium:3,Main-universe territory with supporting lower layers preserved in the compile.,"Explicit weak-fit core in checkpoint matrix. || Coverage matrix shorthand used Buscalibre CR. || thin platform, stronger store/fair layer"
Croatia,CEE/Balkans,single-store used booksellers,annex / classifieds; annex / social marketplace; annex / social resale; offline / fair / literacy layer; single-store bookstore layer; single-store used booksellers; weak-fit core,14,14,0,1,7,2,0,3,No strict-main Croatia-native book-specific third-party recommerce platform verified. Strong used-book texture is horizontal classifieds/auction/social plus dense antikvarijat/single-operator used-book stores.,1,high:8; medium-high:4; medium:2,No-strict-main Croatia profile with strong horizontal classifieds/auction rails and dense single-store antikvarijat/used-book infrastructure.,"Pass193 hardening: updated Hoću knjigu/Znanje and added Njuškalo, Aukcije.hr, Facebook/social resale, multiple antikvarijat/used-book stores, and Interliber. Targeted revisit only."
Cuba,Caribbean,annex / classifieds,annex / classifieds; offline / fair / literacy layer; weak-fit core,5,5,0,1,0,0,0,2,,2,medium:5,Weak-fit / book-forward territory without enough concentration to dominate as main universe.,"System-level weak-fit rail rather than a single commercial marketplace. || high institutional infrastructure, low open-marketplace depth"
Curaçao,Caribbean,annex / classifieds,annex / classifieds; offline / fair / literacy layer; single-store used / bookstore signal; weak-fit core,6,6,0,1,0,0,2,2,,1,medium:6,Weak-fit / book-forward territory without enough concentration to dominate as main universe.,Lightly verified weak-fit entry in checkpoint matrix. || bookstore / library / festival heavy
Cyprus,Greece-Cyprus-Turkey,no-strict-main; single-store used/bookstore + horizontal/social annex,offline / fair / literacy layer; single-store bookstore layer; single-store used bookseller; single-store used/rare bookstore signal; charity / thrift used-book layer; annex / horizontal marketplace; annex / classifieds; annex / social book-sale groups,11,11,0,0,4,2,1,2,"No standalone Cyprus-native book-specific third-party recommerce marketplace found. Current used-book texture is concentrated in Moufflon, Anna, Rüstem, thrift/charity, social swap, and broad classifieds/horizontal rails.",READ Digital Library plus Buy a Book Save a Stray charity book-bazaar/event layer.,high/medium-high,"Targeted cleanup/hardened no-strict-main Eastern Mediterranean microterritory: meaningful used-book and book-culture texture, but no native book-specific marketplace promotion.","Pass185 Cyprus targeted cleanup. URLs/evidence added for READ, SREDA, Moufflon, Soloneion; added Vendora.cy and Bazaraki as horizontal annex, Anna/Rüstem/Thrift Store Cyprus as used/charity single-store layers, Cyprus Book Swap as social annex, and Buy a Book Save a Stray as charity event. Broad Cyprus search can pause except targeted future monitoring for true book-specific recommerce platform."
Czechia,Baltics/CEE,main universe,main universe,2,2,2,0,0,0,0,0,,0,high:2,regional sprint touched; strict-main promotions only where current used-book marketplace/recommerce mechanics were evidenced,Pass148 promoted Knihobot/Bookbot from weak-fit to main universe on current buy/sell used-books evidence; TrhKnih remains the other strict spine row.
Côte d'Ivoire,West Africa,single-store used booksellers,annex / classifieds; single-store used / bookstore signal; single-store used booksellers; weak-fit core,5,5,0,1,2,0,1,1,"single-store used booksellers: La Bouquinerie d'Abidjan, Livres d'Occasion Abidjan | single-store used / bookstore signal: Lis-Moi — Livres d'occasion | annex / classifieds: CoinAfrique Côte d'Ivoire — DVDs, CDs & Livres",0,high:1; medium:4,"Weak-fit / mixed book-forward territory with classifieds, bookstore, and/or used-book signals but limited strict marketplace evidence.",Runtime-gap bridge reconstruction pass. Rows are web-reverified in this chat and do not recover exact missing 2026-04-24 chat-only rows.
Democratic Republic of the Congo,Central Africa / West-Central Africa,annex / classifieds,annex / classifieds; single-store bookstore layer; weak-fit core,13,13,0,3,0,5,0,5,Resale evidence remains general classifieds/social spillover; no book-dominant used marketplace confirmed.,0,low:2; medium:4; medium-high:1; medium-low:6,"DRC has broad CoinAfrique activity, meaningful Congolese online book-distribution through Alibooks, and a thicker Kinshasa bookstore/mobile-bookstore layer. No verified book-specific used marketplace or open third-party seller rail was recovered in pass104.","Revisit only for Alibooks/Kicherche seller integration, Kinshasa WhatsApp/social book sellers, schoolbook resale, or direct third-party/used/consignment mechanics."
Denmark,Western Europe / Nordics,single-store used booksellers,annex / classifieds; annex / social classifieds; annex / social marketplace; main universe; single-store used booksellers; weak-fit core,18,18,4,1,8,0,0,5,Pass168 opened Denmark as a strong strict-main Nordic territory. Bogbasen is Denmark-native strict main; Saxo supplies a very large used-book/member-resale rail; Antikvariat.net and Bogtorvet add association/antikvariat marketplace layers; DBA/Gul&Gratis/social groups add annex circularity; dense local antikvariat sellers remain single-store layers.,0,high:13; medium-high:5,"Strong strict-main / mature recommerce territory with book-specific used-book platforms, antiquarian aggregators, horizontal classifieds, student resale rails, and dense local used-book sellers.",Opened in pass168 after Ireland closure. Denmark should not need broad immediate continuation; targeted future work should focus on ISBN/detail extraction from Bogbasen/Saxo/Bogtorvet/Antikvariat.net and whether any additional native app-only P2P book rails surface.
Djibouti,Horn of Africa,weak-fit core,annex / classifieds; single-store bookstore layer; weak-fit core,5,5,0,2,0,2,0,1,"Used-book/recommerce signal present where noted; strict core only assigned to book-specific used/recommerce rails, not ordinary retail or general classifieds.",0,high:1; medium:3; medium-high:1,Djibouti has a clear bookstore layer through Librairie Victor Hugo/Discorama plus Ubuy and Facebook Marketplace texture; no strict used/recommerce rail found.,"Revisit for Librairie Victor Hugo used-books/consignment, local schoolbook resale, and Arabic/French social sale groups."
Dominica,Caribbean,annex / classifieds,annex / classifieds; offline / fair / literacy layer; single-store used / bookstore signal,3,3,0,0,0,0,1,1,,1,medium:3,"Territory with mixed store-owned used-book or exchange signal, but not a clean marketplace case.",library/festival heavy
Dominican Republic,Caribbean,annex / classifieds,annex / classifieds; main universe; offline / fair / literacy layer; single-store used / bookstore signal; weak-fit core,8,8,1,2,0,0,1,2,,2,high:3; medium:5,Main-universe territory with supporting lower layers preserved in the compile.,Explicit weak-fit core in checkpoint matrix. || Exact site recovered from compact coverage matrix rather than fuller transcript cut. || modest platform layer
Ecuador,South America,main universe,main universe,1,1,1,0,0,0,0,0,,0,high:1,Main-universe territory with supporting lower layers preserved in the compile.,Recomputed from normalized explicit-row compile.
Egypt,North Africa / Maghreb,single-store used booksellers plus horizontal/social resale; no strict-main candidate,annex / classifieds; annex / social resale; main universe; offline / fair / literacy layer; single-store used booksellers; weak-fit core,26,26,3,2,11,0,0,8,"Pass203 hardened Egypt as dense no-strict-main: current used-book evidence is strong across Azbakeya-style operator inventory, Arabic used-book ecommerce, Alexandria/Cairo used-book shops, horizontal classifieds/swap platforms, and Facebook groups. No verified Egypt-native book-specific third-party marketplace mechanics found.",2,high:15; medium:2; medium-high:9,"Egypt has one of the richest used-book textures in North Africa: Soor al-Azbakeya/market culture, operator ecommerce stores, local used-bookshops, public-library/fair layers, and broad horizontal/social resale. 4Swapp/dubizzle/Facebook demonstrate user listing and contact mechanics but are not book-specific; Azbakeya/Ay7aaga/Rahaala/Bookworm/Maadi/BookSpot are operator-store layers. Pass203 closes the current strict-main search unless fresh native book-specific platform evidence appears.",Pass203 Egypt targeted hardening complete: no strict-main promotion; revisit lowered to low; future work only provincial/dealer texture unless fresh marketplace proof appears.
El Salvador,Central America,annex / classifieds,annex / classifieds; offline / fair / literacy layer; single-store used / bookstore signal; weak-fit core,4,4,0,1,0,0,1,1,,1,high:1; medium:3,Weak-fit / book-forward territory without enough concentration to dominate as main universe.,Explicit weak-fit core in checkpoint matrix. || fair/shop ecology
Equatorial Guinea,Central Africa / Gulf of Guinea,annex / classifieds,annex / classifieds; offline fair/literacy layer; single-store bookstore layer; weak-fit core,10,10,0,1,0,3,0,3,Resale evidence is Facebook Marketplace item-level only in Malabo/Bata plus occasional general group book posts. No book-dominant used marketplace or seller rail verified.,0,high:2; low:1; medium:2; medium-low:5,"Equatorial Guinea has a clearer bookstore/cultural-institution layer than several neighboring small markets, but resale is still social/item-level rather than platform-level.","Compact pass 1 found no strict main-universe site. Revisit should focus on Malabo/Bata textbook resale, WhatsApp groups, and whether local bookstores/publishers run consignment or used-book sale programs."
Eritrea,Horn of Africa,single-store bookstore layer,offline fair/literacy layer; single-store bookstore layer; weak-fit core,6,6,0,1,0,4,0,0,"Used-book/recommerce signal present where noted; strict core only assigned to book-specific used/recommerce rails, not ordinary retail or general classifieds.",0,low-medium:2; medium:3; medium-high:1,"Eritrea has bookstore/digital-literacy signals including Kebhi, HdriMedia/Bana and Asmara bookstore leads; no active local used-book marketplace verified.","Revisit only for active Asmara/local social commerce, Kebhi sale/donation mechanics, and active local bookstore availability."
Estonia,Baltics/CEE,single-store used booksellers,annex / horizontal marketplace; annex / social classifieds; main universe; offline / fair / literacy layer; single-store used / bookstore signal; single-store used booksellers,13,13,2,0,4,0,3,1,"Pass172 hardened Estonia from three thin rows into a mature small-market book-recommerce profile. Strict/main rails: Raamatuhai / BooksShark and Raamatuvahetus / Bookswap. Raamatukoi, Vanaraamat.ee, Rahva Raamat used books, Antikvariaat.eu, Kasutatudraamat.ee and Vana ja Hea provide strong single-store/chain/antikvariaat depth. Osta.ee, Yaga.ee and Facebook groups are annex/horizontal/social rails.",1,high:7; medium:3; medium-high:3,"Small but mature Baltic book-recommerce ecosystem with two book-specific user/marketplace rails, a substantial single-operator used-book and antikvariaat layer, and large horizontal/social spillover through Osta.ee, Yaga.ee and Facebook groups.","Pass172 Estonia hardening/opening. Broad Estonia is now sufficiently covered; future work should be targeted to item-level ISBN/detail extraction across Raamatuhai, Raamatuvahetus, Raamatukoi, Vanaraamat.ee, Rahva Raamat, Antikvariaat.eu and Osta/Yaga books categories, plus monitoring Raamatuvahetus activity counters and Raamatuhai seller mechanics."
Eswatini,Southern Africa,single-store bookstore layer,annex / classifieds; offline / fair / literacy layer; single-store bookstore layer; weak-fit core,11,11,0,2,0,5,0,3,Deepening pass found used/pre-owned/social-sale signals; no book-specific platform-level used/recommerce marketplace was promoted to strict core.,1,high:6; low-medium:1; medium:4,"Eswatini remains bookstore/social-classifieds-led, with Book Nerds, Proverbia, Websters and Macmillan directory hardening added.",Next hardening should test whether any social/group/category surfaces have open third-party book listing/search/payment/delivery mechanics beyond ordinary Facebook/classifieds flow.
Ethiopia,Horn of Africa,single-store bookstore layer,annex / classifieds; single-store bookstore layer; weak-fit core,8,8,0,1,0,4,0,3,"Used-book/recommerce signal present where noted; strict core only assigned to book-specific used/recommerce rails, not ordinary retail or general classifieds.",0,high:1; low-medium:1; medium:4; medium-high:2,"Ethiopia has general classifieds and a robust Addis bookstore-directory/platform layer via AddisBooks, but no used-book or third-party book marketplace confirmed.","Deepen AddisBooks submission/listing economics, HuluMarket/BaleSuQ book volumes, and local Amharic-language used-book social groups."
Finland,Nordics,single-store used booksellers,annex / horizontal marketplace; legacy / dormant / closed; main universe; offline / fair / literacy layer; single-store used / bookstore signal; single-store used booksellers,13,13,4,0,4,0,1,0,"Pass171 hardened Finland from three weak-fit raw-continuation rows into a mature Nordic strict-main territory. Strict-main rails: Antikvaari.fi, Antikvariaatti.net, Antikka.net, and Booky.fi Omakauppa. Finlandia Kirja, Kierrätyskeskus, Sumashop and Arkadia provide deep single-store/charity/antikvariaatti layers. Tori.fi and Huuto.net are large horizontal annexes. Jamera is closed/legacy and absorbed into Suomalainen Kirjakauppa; Suomalainen second-hand remains store-only chain signal.",1,high:10; medium-high:3,"Mature strict-main Nordic used-book/recommerce ecosystem anchored by several Finnish book-specific multi-merchant antikvariat/divari marketplaces plus a bookstore-integrated C2C rail, with large horizontal marketplace spillover and dense single-store/charity/antikvariat inventory.","Pass171 Finland hardening/opening. Broad Finland is now sufficiently covered; future work should be targeted to ISBN/detail extraction across Antikvaari.fi, Antikvariaatti.net, Antikka.net, Booky Omakauppa, Finlandia Kirja, Kierrätyskeskus and selected single stores, plus monitoring for major operator changes to Jamera/Suomalainen/Booky."
France,Western Europe,main universe,annex / classifieds; main universe; weak-fit core,10,10,6,3,0,0,0,1,"France has multiple strong current book-specific used/recommerce rails: Book Village, La Bourse aux Livres, Recyclivre, Ammareal, Gibert, and Momox France, plus broad marketplace/classifieds spillover. ISBN rule applied; captured ISBN/EAN values from La Bourse aux Livres, Recyclivre, and Gibert detail pages.",0,high:9; medium-high:1,"Strong strict-main territory with several book-specific used/recommerce and buyback/consignment rails, plus horizontal marketplace and classifieds spillover.","Opened as a zero-surface country in pass159. Strict-main promotions: Book Village, La Bourse aux Livres, Recyclivre, Ammareal, Gibert, and Momox France. Label Emmaüs, Rakuten France, and Chasse aux livres kept weak-fit; Leboncoin kept annex/classifieds. ISBN values captured where detail pages exposed them."
Gabon,Central Africa / West-Central Africa,annex / classifieds,annex / classifieds; main universe; single-store bookstore layer; weak-fit core,15,15,2,2,0,3,0,8,"Pass127 strengthened used/social texture through CoinAfrique new/used book category and item contact flows, TROC book-sale/exchange group, and Libreville used/good schoolbook exchange snippets. Gabon Livre supports troc and sell/add-book mechanics but its own used/resale specificity remains unresolved.",0,low:4; medium:7; medium-high:2; medium-low:2,"Gabon now has one strong but mixed-live book-specific strict candidate, a current horizontal classifieds layer with new/used book listings, and several social/bookstore/digital-shop supports. No new strict used-book marketplace was promoted in pass127.","Reopen only for Gabon Livre full restoration/active vendor inventory/used seller proof, or a fresh Gabon-native book-specific used/recommerce platform."
Georgia,Caucasus,single-store used booksellers,annex / classifieds; offline / fair / literacy layer; single-store used booksellers; weak-fit core,6,6,0,1,3,0,0,1,,1,high:1; medium:3; medium-high:2,Classifieds/social resale plus single-store or offline used-book nodes; no verified book-specific marketplace mechanics.,Pass 58-65 hardening added 5 row(s) under strict South America-style governance; no ordinary bookstore promoted to core. No strict-main promotion in this sprint.
Germany,DACH,weak-fit core,annex / classifieds; main universe; offline / fair / literacy layer; single-store bookstore layer; used-book signal (territory note); weak-fit core,22,22,5,9,0,1,0,3,Pass138 hardened Germany: strict spine now booklooker + ZVAB + Buchfreund + AbeBooks.de + antiquariat.de/GIAQ; operator-mediated recommerce/buyback rails separated into weak-fit core; Kleinanzeigen/Quoka remain horizontal annex.,3,high:15; medium:1; medium-high:6,"Mature, marketplace-deep DACH territory with multiple book-specific strict-main dealer/C2C/antiquarian marketplaces and a large operator-buyback plus horizontal-classifieds shadow layer.","Pass138 converted Germany from thin DACH-matrix residue into source/evidence-backed spine. Strict-main retained for booklooker and ZVAB; added Buchfreund, AbeBooks.de and antiquariat.de/GIAQ; momox/medimops/rebuy/Studibuch/Bookbot/Hugendubel/Thalia are weak-fit operator or retailer buyback rails; Kleinanzeigen/Quoka are annex only."
Ghana,West Africa,annex / classifieds,annex / classifieds; single-store bookstore layer; single-store used booksellers,5,5,0,0,2,1,0,2,"single-store used booksellers: Sankofa Books: Flea Market for Used Books, Thrift Bookcave | annex / classifieds: Jiji Ghana — Books & Table Games, Facebook Marketplace Accra — Books",0,high:2; medium:3,"Weak-fit / mixed book-forward territory with classifieds, bookstore, and/or used-book signals but limited strict marketplace evidence.",Runtime-gap bridge reconstruction pass. Rows are web-reverified in this chat and do not recover exact missing 2026-04-24 chat-only rows.
Gibraltar,Iberia,offline / fair / literacy layer,annex / classifieds; offline / fair / literacy layer; single-store bookstore layer,7,7,0,0,0,2,0,2,,3,high:7,Territory anchored mainly by bookstore layer rather than marketplace depth.,"Real book infrastructure, but not marketplace-deep."
Greece,Greece-Cyprus-Turkey,single-store used booksellers,annex / horizontal marketplace; annex / social classifieds; directory / market map; main universe; single-store used booksellers,10,10,2,0,5,0,0,2,"Pass184: Greece hardened from one thin metabook row into a live book-specific strict-main territory. Confirmed strict/main anchors: metabook and Biblio.com Greece/Athens transnational dealer surface. Vendora kept annex/horizontal; Protoporia, Politeia, oldbooks.gr, Book Garden Athens and Atlantis Books kept as single-store/operator layers; XO/Facebook kept directory/social only.",0,high:5; medium:1; medium-high:4,"Small but real Greece book-recommerce territory anchored by metabook, with a Greece-facing Biblio/dealer surface and a dense single-store/antikvariaat layer; horizontal/social rails are preserved but not promoted.","Pass184 Greece hardening: updated metabook with URL/evidence/ISBN sample; added Biblio.com Greece/Athens, Vendora Greece used books, Protoporia used books, Politeia used-book product surface, oldbooks.gr, Book Garden Athens, Atlantis Books, XO.gr Athens rare/secondhand directory, and Facebook/social secondhand groups. Broad Greece search can pause; targeted ISBN/detail extraction remains useful."
Grenada,Caribbean,annex / classifieds,annex / classifieds; offline / fair / literacy layer; single-store used / bookstore signal,5,5,0,0,0,0,1,2,,2,medium:5,"Territory with mixed store-owned used-book or exchange signal, but not a clean marketplace case.",store/event ecosystem
Guadeloupe,Caribbean,annex / classifieds,annex / classifieds; offline / fair / literacy layer; single-store used / bookstore signal,3,3,0,0,0,0,1,1,,1,medium:3,"Territory with mixed store-owned used-book or exchange signal, but not a clean marketplace case.","high book infrastructure, weak marketplace depth"
Guatemala,Central America,annex / classifieds,annex / classifieds; offline / fair / literacy layer; single-store used / bookstore signal,3,3,0,0,0,0,1,1,,1,medium:3,"Territory with mixed store-owned used-book or exchange signal, but not a clean marketplace case.",stronger shops/fairs than platforms
Guinea,West Africa,annex / classifieds,annex / classifieds; single-store bookstore layer,5,5,0,0,0,2,0,3,"annex / classifieds: CoinAfrique Guinea — DVDs, CDs & Livres, BazarAfrique Guinea — DVD, CD & Livres, Facebook Marketplace Guinea — Books",0,high:1; medium:4,Weak-fit / classifieds-led territory without a confirmed book-specific used marketplace in this compact pass.,Runtime-gap bridge reconstruction pass. Rows are web-reverified in this chat and do not recover exact missing 2026-04-24 chat-only rows.
Guinea-Bissau,West Africa / Lusophone Atlantic,annex / classifieds,annex / classifieds; offline fair/literacy layer; single-store bookstore layer,10,10,0,0,0,4,0,4,"Used/resale signal is currently general/social-classifieds only: Facebook Marketplace category evidence, Classi4U Books for Sale, and Kugli Books classifieds. No local book-dominant used marketplace confirmed.",0,low:1; medium:1; medium-high:2; medium-low:6,"Thin Lusophone market surface with general classifieds, Facebook marketplace categories, and a real Bissau bookstore/literacy layer. Keep outside strict main universe until a book-specific used-book marketplace or seller-onboarding book rail is verified.","Compact pass 1 found no strict main-universe site. Revisit should focus on Bissau student textbook resale, WhatsApp/Facebook groups, Portuguese/Crioulo query variants, and whether known bookstores accept/sell used books."
Guyana,Caribbean / Northern South America,weak-fit core,annex / classifieds; annex / social classifieds; single-store bookstore layer; single-store used / bookstore signal; weak-fit core,7,7,0,2,0,2,1,2,"Guyana has visible social/classifieds used-book texture through Facebook Marketplace and schoolbook groups, plus The Book Barn used-book/store signal and localized import ecommerce/textbook surfaces. No standalone Guyana-native book-specific used/recommerce marketplace verified. ISBN rule applied; Desertcart Guyana detail page captured ISBN-10 1542038162 and ISBN-13 9781542038164.",0,high:2; medium-high:3; medium:2,"Guyana opened as a conservative Caribbean/Northern South America surface dominated by social/classifieds book resale, single-store bookstore layers, and localized import/cross-border ecommerce. Strict-main remains empty, but item-level ISBN capture is now demonstrated on at least one localized ecommerce detail page.","Pass157 zero-surface opening added Facebook Marketplace Guyana Books, Second Hand and New School Books social surface, The Book Barn, Ubuy Guyana textbooks, Desertcart Guyana book detail, Austin’s Bookstore, and New Era Book & Gift Shop. No strict-main promotion; one Desertcart ISBN-10/ISBN-13 pair captured."
Haiti,Caribbean,offline / fair / literacy layer,annex / classifieds; offline / fair / literacy layer; weak-fit core,6,6,0,2,0,0,0,1,,3,high:2; medium:4,Weak-fit / book-forward territory without enough concentration to dominate as main universe.,Explicit weak-fit core in checkpoint matrix. || bookstore + online retail + fair/public-reading system
Honduras,Central America,annex / classifieds,annex / classifieds; offline / fair / literacy layer; single-store used / bookstore signal,3,3,0,0,0,0,1,1,,1,medium:3,"Territory with mixed store-owned used-book or exchange signal, but not a clean marketplace case.","stalls/fairs, weak platforms"
Hong Kong,East Asia,single-store used booksellers / social resale with one strict direct-contact recommerce candidate,annex / classifieds; annex / social resale; main universe; offline / fair / literacy layer; single-store used booksellers; weak-fit core,35,35,2,8,15,0,0,3,"Pass199 closure added EasysBook as a historical/currently-unverified book-specific app trace plus five Chinese-language single-store secondhand/old-bookshop surfaces, and re-hardened BookDaddy as the only current strict/main direct-contact used-book/textbook marketplace candidate. No additional strict promotions and no ISBN values captured.",1,high:16; medium-high:8; medium:10; medium-low:2,"Book-forward Hong Kong market with dominant bookstore infrastructure, dense secondhand/operator textbook retail, extensive Chinese-language single-store old-bookshop texture, horizontal/social resale depth, historical app traces, and one current strict direct-contact book-recommerce candidate (BookDaddy). No checkout-managed multi-seller marketplace beyond BookDaddy direct-contact model was verified.",Pass199 completed Hong Kong closure. Move to Philippines block unless new current strict marketplace evidence appears.
Hungary,CEE/Balkans,weak-fit core,weak-fit core,2,2,0,2,0,0,0,0,,0,high:2,regional sprint touched; strict-main promotions only where current used-book marketplace/recommerce mechanics were evidenced,"Pass148 checked Rukkola: current rukkola.hu redirects/renders as Publio bookstore, so historical exchange evidence remains context only and no promotion was made."
Iceland,Nordics / North Atlantic,single-store used / bookstore signal,annex / classifieds; offline / fair / literacy layer; single-store used / bookstore signal; single-store used booksellers; weak-fit core,11,11,0,1,2,0,4,3,"Current Iceland surface is dense in single-store/online used-book sellers and institutional/social exchange texture, but lacks public third-party book-specific marketplace proof.",1,mostly high current-source single-store evidence; weak-fit institutional exchange; annex classifieds/social/flea-market texture,hardened North Atlantic single-store used-book ecosystem; no strict-main public marketplace found,"Pass175 targeted cleanup: no strict-main platform found; strengthened current single-store/online used-book layer with Bókalind, Skálda, Bókakaffið plus reverified Bókin, Old Bookstore, Bóksala stúdenta, Bókabúð Gulla."
India,South Asia,main universe,annex / classifieds; main universe; offline / fair / literacy layer; single-store used booksellers; weak-fit core,76,76,38,6,9,0,0,13,"Pass129 second India hardening: added Pustak Market as a medium strict-candidate app; added Classic Pages and Flying Books as weak-fit/preloved/operator-mediated app-storefront rows; upgraded ResellPanda and Sumrux to high scope-caveated strict-candidates; hardened Bookaao, PustakMart, BookLal, MyOldBooks, BookLane and Apnabook without broad reopen.",10,high:35; low:1; low-medium:1; medium:12; medium-high:26; medium-low:1,"Large-country dedicated sprint with deep strict-candidate online/app used-book marketplace layer. Pass129 closes a second residual app/storefront pass: three net-new app/storefront rows, two confidence upgrades, and a narrower medium targeted cleanup posture.","Pass129: no broad India reopen needed. Keep only named app/localization/activity cleanup seams; preserve strict vs weak-fit separation for Pustak Market, Classic Pages, Flying Books, BookLal, PustakMart and ResellPanda."
Indonesia,Southeast Asia,main universe,annex / horizontal marketplace; main universe; offline / donation / literacy layer; operator consignment / used-book intake; single-store bookstore layer; single-store used / bookstore signal; single-store used booksellers; social resale / marketplace control; weak-fit core,16,16,1,1,3,2,1,4,Pass207 promoted Bukubekas.id as current Indonesia book-specific secondhand marketplace strict/main candidate; Preloved.co.id held weak-fit general secondhand marketplace; ISBN examples captured on Jualo and Aksiku/Pasar Buku.,1,high/medium-high with targeted caveats,"Indonesia now has one strict/main candidate (Bukubekas.id), a strong weak-fit general secondhand marketplace (Preloved.co.id), deep horizontal/social controls, and multiple operator used-book stores. Managed checkout/payment for Bukubekas remains unverified.",Pass207 targeted hardening: Bukubekas.id promoted; Preloved held weak-fit; Jualo/Aksiku ISBN examples captured; no additional horizontal promotions.
Iran,MENA / West Asia hardening,main universe,annex / classifieds; main universe; single-store used / bookstore signal,3,3,1,0,0,0,1,1,Pass57 MENA/West Asia hardening updated with current used-book/recommerce evidence; strict core only where book-specific marketplace/seller mechanics were visible.,0,high:1; medium:2,Strict main-universe territory after hardening.,Pass57 MENA/West Asia hardening updated with current used-book/recommerce evidence; strict core only where book-specific marketplace/seller mechanics were visible.
Iraq,Levant / Mashriq,annex / social resale,annex / classifieds; annex / social resale; main universe; offline / exchange bookstore; offline / fair / literacy layer; single-store bookstore layer; single-store used / bookstore signal; single-store used booksellers; weak-fit core,22,22,3,3,1,3,2,2,"Pass116 adds KRG/Iraq-wide social-commerce bookstore rails and multiple public used-book social resale surfaces. These confirm active used-book circulation but are annex/single-store signals, not standalone strict marketplace proof.",2,high:14; medium:2; medium-high:5; medium-low:1,"Hardened targeted-revisit territory. Iraq has a credible main commerce/bookstore spine plus strong Baghdad Al-Mutanabbi cultural depth, Erbil/KRG social-commerce bookstore rails, and active social used-book resale groups. No net-new standalone strict book-specific used marketplace found in pass116.",Pass116 downgraded Iraq from broad high revisit to targeted medium-high. Keep Mutanabi Shop/Dar al-Kutub/Kitabi as inherited strict/commerce spine; OpenSooq and Facebook groups are annex; KRG bookstore rails and Baghdad single-store used/rare signals are contextual or weak-fit only.
Ireland,Western Europe,single-store used booksellers,annex / classifieds; annex / social classifieds; main universe; single-store used booksellers; weak-fit core,18,18,3,1,10,0,0,4,"Ireland bridge/final pass reconstructed the missing pass166 opening layer and added final pass167 closure rows. Strict-main rail is limited but present through Biblio.ie, World of Books Ireland, and ABA Book Search/Ireland scope; most local Irish evidence is single-store, schoolbook, trade-in, or social/classifieds texture.",0,high:13; medium-high:5,"Ireland has a moderate strict-main used-book surface via localized/global and association-mediated rails, but the native/local ecosystem is dominated by single-store used booksellers, schoolbook reuse chains, trade-in programs, and social/classifieds groups rather than independent Ireland-native book-specific marketplaces.","Pass167 is a bridge/final Ireland cleanup because the pass166 Ireland ZIP was missing from runtime. It reconstructs pass166 chat-claimed Ireland rows, adds final Ireland rows (Wob Ireland, ABA Ireland scope, Vibes & Scribes, Book Haven, The Shelf, Readers Paradise), hardens Chapters trade-in evidence, applies ISBN capture rules, and closes broad Ireland reopening except evidence-triggered future work."
Israel,Levant / Mashriq,main universe,annex / classifieds; main universe; offline / fair / literacy layer; single-store bookstore layer; single-store used / bookstore signal; single-store used booksellers,12,12,4,0,2,1,1,2,Pass57 MENA/West Asia hardening updated with current used-book/recommerce evidence; strict core only where book-specific marketplace/seller mechanics were visible.,2,high:10; medium:2,Strict main-universe territory after hardening.,"Israel closes after pass 1 as main universe on Steimatzky + Tzomet Sfarim / Booknet + עברית / e-vrit as the strongest retail/digital spine, Pomeranz as bookstore-layer depth, The Book Gallery + Sefer ve Sefel as genuine used/antiquarian specialist depth, Findabook as large national used-books spillover, and the Jerusalem International Book Forum + Hebrew Book Week / Book Month as active literary infrastructure. | Pass57 MENA/West Asia hardening updated with current used-book/recommerce evidence; strict core only where book-specific marketplace/seller mechanics were visible."
Italy,Central Mediterranean,main universe,weak-fit core:4 | main universe:3 | annex / classifieds:3 | offline / association / dealer network:1 | single-store used booksellers:1 | single-store bookstore layer:1,13,13,3,4,1,1,0,3,Italy has a mature strict-main spine plus large operator-mediated buyback/used-book store rails and horizontal marketplaces kept separate.,1,high:7; medium-high:4; medium:2,"Mature strict-main Italy book-recommerce territory with clear separation among book-specific marketplaces, operator buyback/consignment, store layers, and horizontal classifieds.",Pass181 hardening/opening: Maremagnum URL-backed; added ComproVendoLibri and AbeBooks.it strict-main; kept Bookbot/Libraccio/LibreriaUniversitaria as operator weak-fit; kept Subito/eBay/Vinted as annex/horizontal; added ALAI and local used-book store layers.
Jamaica,Caribbean,single-store used / bookstore signal,annex / classifieds; offline / fair / literacy layer; single-store used / bookstore signal,6,6,0,0,0,0,3,2,,1,medium:6,"Territory with mixed store-owned used-book or exchange signal, but not a clean marketplace case.","retail-heavy, weak marketplace depth"
Japan,East Asia,weak-fit core,annex / classifieds; main universe; offline / fair / literacy layer; weak-fit core,14,14,4,7,0,0,0,1,,2,high:14,"Closed result: Japan is a clear main-universe territory with multiple dominant online book rails, a deep antiquarian and recommerce shadow layer, and strong national literacy/preservation infrastructure.","Japan is now closed. The top-tier rails are clearly multi-spine rather than singular, and the antiquarian/used-book layer is unusually deep even by advanced-market standards."
Jordan,Levant / Mashriq,weak-fit core,annex / classifieds; main universe; offline / fair / literacy layer; single-store bookstore layer; weak-fit core,8,8,1,3,0,1,0,2,Pass57 MENA/West Asia hardening updated with current used-book/recommerce evidence; strict core only where book-specific marketplace/seller mechanics were visible.,1,high:7; medium:1,Strict main-universe territory after hardening.,"Jordan closes in pass 1 on ABC Books, Readers, BookZone, and Nebras as real rails, Resheh as a bookstore-layer corroborator, OpenSooq books as horizontal spillover, and the Amman International Book Fair as the national fair/literacy layer. | Pass57 MENA/West Asia hardening updated with current used-book/recommerce evidence; strict core only where book-specific marketplace/seller mechanics were visible."
Kazakhstan,Central Asia,single-store used booksellers,annex / classifieds; main universe; offline / fair / literacy layer; single-store used booksellers; weak-fit core,18,18,1,2,10,0,0,4,Pass125 directly hardened ObmenBook and added Kaspi/OLX classifieds plus Kitapashar/Antika depth. Only ObmenBook remains a strict-main candidate; Kaspi/OLX are horizontal classifieds and stores remain single-operator used-book/antiquarian nodes.,1,high:7; medium:6; medium-high:5,"Kazakhstan is now near-saturated under strict RBM rules: one book-specific exchange/sale strict candidate, dense national classifieds, and strong Almaty/Astana used-bookstore support. No additional strict-main platform was promoted.",Reopen only for ObmenBook independent listing/account/payment proof or a fresh Kazakhstan-native book-specific used/recommerce marketplace. Otherwise targeted cleanup only.
Kenya,East Africa,single-store used bookseller,annex / classifieds; main universe; single-store bookstore layer; single-store used bookseller,12,12,1,0,0,3,0,3,Strict main-universe candidate found where a book-specific used/pre-owned buy-sell marketplace rail is explicitly visible.,0,high:10; medium:1; medium-high:1,"Kenya has one strongly verified book-specific used-books marketplace candidate in Pick A Book, plus a deep single-operator/pre-loved ecosystem including Attic, Books Point, Half Priced Books, Books First and Soma Nami; general classifieds and social resale remain annex.","Pass109 hardens Pick A Book via live Marketplace – Used Books category, active used listings, buy/sell pre-owned language and seller-connection text. Revisit only for self-service seller onboarding/dashboard and additional strict rails."
Kosovo,CEE/Balkans,no-strict-main / bookstore + classifieds texture,single-store bookstore layer; annex / classifieds; context / historical-provisional book-exchange app signal; digital library / reading app context; offline / fair / literacy layer; bookstore/cafe cultural layer; annex / horizontal ecommerce book-adjacent,10,10,0,0,0,4,0,2,"No standalone Kosovo-native book-specific third-party used/recommerce marketplace verified. MerrJep provides horizontal classifieds with used-book signals; Bookey is historical/provisional app evidence only; remaining surfaces are bookstores, digital-library, fair, cultural or book-adjacent ecommerce layers.","Prishtina Book Fair / Kosovo Publishers Association; 2025 report gives about 100 publishers, around 2,000 new titles and 6,000 recent titles.",high/medium-high/medium,"Targeted cleanup/hardened no-strict-main Balkan territory: strong bookstore/fair/classifieds texture, but no confirmed native book-specific recommerce marketplace promotion.","Pass188 Kosovo targeted cleanup. Updated Dukagjini and Educational Centre from URL-less weak-fit shorthand to confirmed bookstore layers; added MerrJep classifieds, Bookey provisional book-swap app signal, Buzuku, Artini, Soma Book Station, Librashqipe app, Prishtina Book Fair and Gjirafa50 book-adjacent ecommerce. Broad Kosovo can pause except targeted Bookey/app status check or ISBN/detail extraction."
Kuwait,Gulf / Arabian Peninsula,weak-fit core,annex / classifieds; offline / fair / literacy layer; single-store used / bookstore signal; single-store used booksellers; weak-fit core,16,16,0,5,4,0,2,4,"Pass140 hardened Kuwait: no strict marketplace promotion; the evidence-backed used/pre-loved layer is Better Books, Page Turner, Kuwait Bazar Books, Bookish Corner, Benny's Books, Bliss & Paper, plus social/classifieds spillover via OpenSooq, Facebook Marketplace and book exchange groups.",1,high:9; medium:7,"Compact Kuwait book-commerce ecology: strong bookstore/publisher rails and several operator-managed secondhand/pre-loved stores, with active horizontal/social resale. No independent Kuwait-native book-specific used-book marketplace verified in pass140.","Pass140 filled Kuwait source/evidence ledger gaps and added Benny's Books, Bliss & Paper, Kuwaitbookstore.com, Facebook Marketplace Kuwait Books, and Books exchange in Kuwait. Strict gate remains closed."
Kyrgyzstan,Central Asia,annex / classifieds,annex / classifieds; single-store bookstore layer; weak-fit core,9,9,0,3,0,1,0,5,"Pass 90 added Komoda as a book-specific local-seller marketplace app, plus Bazar.kg/Tabylga/Aksy as horizontal app texture; no new used-book strict core outside existing annex/social signals.",0,high:2; medium:4; medium-high:2; medium-low:1,"Kyrgyzstan now has stronger app-level marketplace texture: Komoda is book-specific but local-store oriented, while Lalafo/Bazar/Tabylga/Aksy are horizontal rails. Strict used-book/recommerce core remains unproven.","Next work should only reopen if Komoda or a related Bishkek rail shows used/exchange listings, or if a dedicated book-resale app appears."
Laos,Southeast Asia,single-store bookstore layer,single-store bookstore layer; weak-fit core,1,2,0,1,0,1,0,0,,0,medium:2,Weak-fit / book-forward territory without enough concentration to dominate as main universe.,Current-session controlled pass: also serves as weak-fit core. || Current-session controlled pass classified Laos as compact weak-fit.
Latvia,Baltics/CEE,main universe,annex / classifieds; annex / collectibles auction; annex / external marketplace seller; annex / horizontal marketplace; annex / social marketplace; main universe; single-store used / bookstore signal; single-store used booksellers,12,12,4,0,1,0,2,2,"Pass173 hardened Latvia from two thin rows into a strong Baltic book-recommerce territory. Strict/main rails: myBook.lv, Book.id.LV, iBook.lv and Luta.lv. GUNAS GRĀMATAS and Buki.lv provide single-store/used-book depth. SS.COM, Andele Mandele, Facebook Marketplace, VintageBooksLatvia/Etsy and Coinstore are annex/horizontal/external rails only.",0,high:7; medium:2; medium-high:3,"Strong small-market Baltic book-recommerce ecosystem with several native book-specific P2P/used-book platforms, plus single-store antiquarian/used-book depth and large horizontal/social classifieds spillover.","Pass173 Latvia hardening/opening. Broad Latvia is now sufficiently covered; future work should be targeted to item-level ISBN/detail extraction across myBook.lv, iBook.lv, Luta.lv, Book.id.LV, Buki.lv and Gunas Grāmatas, plus monitoring Luta/iBook operational continuity and Book.id.LV activity scale."
Lebanon,Levant / Mashriq,annex / classifieds,annex / classifieds; main universe; offline / fair / literacy layer; single-store bookstore layer; single-store used / bookstore signal; single-store used booksellers; weak-fit core,22,22,4,1,3,1,4,7,"Pass141 hardened Lebanon secondhand/shadow layer: OLX shows 1,147 used-book ads and multiple Beirut/Lebanon book-exchange groups/social storefronts are active, but no standalone Lebanon-native strict used-book marketplace with seller onboarding/listing/payment was verified.",2,high:7; low:1; medium:13; medium-high:1,Book-commerce spine plus strong secondhand/social/classifieds shadow layer; strict used-recommerce marketplace not verified.,"Lebanon remains a main book-commerce territory on Antoine + Maliks + ALMAKTABAH + Urban Books, but pass141 shows its used-book/reuse layer is mostly OLX/dubizzle/Facebook groups and operator/social storefronts (Halabi, Book Bazar, Barzakh, Bookbee, books_beirut, Afkar, Stories_and_tales), not a strict standalone used-book marketplace. Revisit only for platformization or seller-onboarding/listing/payment proof."
Lesotho,Southern Africa,single-store bookstore layer,annex / classifieds; offline / fair / literacy layer; offline fair/literacy layer; single-store bookstore layer; weak-fit core,18,18,0,3,0,7,0,6,Pass123 added IXcess app-era rent/buy/sell lead plus Foso/Rebuydeal/AAA classifieds and bookstore branch anchors. Still no standalone book-specific used/recommerce marketplace with live seller onboarding/listing/payment proof.,1,high:1; low:1; medium:13; medium-low:3,Lesotho remains bookstore/classifieds/literacy-led; pass123 improves app-era and branch-network evidence but keeps strict-main empty.,"Exit-ready under targeted medium revisit: reopen only for current IXcess live app proof, independent book-specific used/recommerce marketplace mechanics, or social/classifieds surfaces platformized beyond ordinary Facebook/global classifieds."
Liberia,West Africa,annex / classifieds,annex / classifieds; main universe; single-store bookstore layer; single-store used/rare bookstore signal; weak-fit core,18,18,1,1,0,6,0,9,Liberia Book Store is partially hardened as a book-specific buy/sell/mobile-money candidate with live product/cart evidence but no seller-onboarding proof; Facebook/Freead/ConnectingDeals/LIBSHOP/BNS remain general classified/horizontal rails.,0,high:1; low:2; medium:12; medium-high:1; medium-low:2,"Liberia has a partially hardened book-specific strict candidate (Liberia Book Store) plus increasingly current bookstore and horizontal marketplace texture, but no verified open third-party used-book marketplace or seller-onboarding rail.",Pass103 hardens Liberia without broad promotion: Liberia Book Store moves medium-low to medium; BNS Liberia and Horseman Books added as non-strict texture; revisit remains targeted to seller-side proof and student textbook resale.
Libya,North Africa / Maghreb,annex / classifieds,annex / classifieds; offline / fair / literacy layer; single-store bookstore layer; single-store used booksellers; weak-fit core,14,14,0,3,2,2,0,6,Pass121: strongest used-book evidence is OpenSooq city classifieds plus Facebook/social used-book groups and a small social used/new seller; no standalone strict-main platform.,1,high:8; medium:2; medium-high:4,"Libya is now a targeted medium-high revisit territory: strong book fair/bookstore/social-classifieds texture, with OpenSooq city listings and used-book groups, but no verified independent book-specific recommerce marketplace.",Pass121 resolved Tripoli/Benghazi/Misrata segmentation and added social used-book/bookstore-publisher depth. Strict-main promotion gate remains closed.
Liechtenstein,DACH,offline / fair / literacy layer,offline / fair / literacy layer; single-store bookstore layer; used-book signal (territory note),4,4,0,0,0,1,0,0,Thin / unverified as a standing native market,2,high:2; medium:2,Territory anchored mainly by bookstore layer rather than marketplace depth.,National/library infrastructure anchor. || Digital heritage/publication access layer for Liechtenstein. || Confirmed bookstore-layer anchor with Liechtenstein delivery/pickup rail. || Commercially narrow but culturally and bibliographically much deeper than its size suggests.
Lithuania,Baltics/CEE,main universe,annex_classifieds; annex_social; main universe; single_store_used_booksellers; weak-fit core,11,11,3,1,0,0,0,0,"Pass174 hardened Lithuania: Knygos.lt, NaudotosKnygos.lt, and Bookswap.lt strict/main; SENA.LT strong but broader used-goods weak-fit; Skelbiu/Facebook horizontal/social annex; AntraKnyga/KnygosPigiau store-only used-book layers. ISBNs captured where exposed on Knygos.lt and SENA item pages.",0,high strict/main spine; medium-high store layer; medium annex/social,"Mature Baltic book-recommerce territory with book-first private used-book marketplace, standalone P2P used-book portal, points-based book-exchange platform, plus dense horizontal/social and store-only used-book texture.",opened_hardened_pass174_targeted_revisit_only; broad Lithuania search can pause; next useful pass is targeted ISBN/detail extraction or monitoring for new LT-native book recommerce apps.
Luxembourg,Benelux,single-store / charity used-book layer,annex / auction / collectibles spillover; annex / social book-sale groups; charity / thrift used-book layer; legacy / dormant / closed; offline / fair / literacy layer; single-store bookstore layer; single-store used-bookseller; weak-fit core,10,10,0,1,2,1,0,2,"Pass176 hardened Luxembourg: no strict-main platform; Letzshop retained weak-fit local-commerce rail; Bouquins Malins, Bicherfrënn/Bicherstuff and Bazar Book Stand establish real used-book texture; Facebook/social and auction layers retained as annex.",3,high:7; medium-high:2; low-medium:2,"Targeted cleanup/hardened no-strict-main microterritory: local-commerce weak-fit plus charity/single-store/event/social used-book ecology, but no standalone Luxembourg-native book-specific third-party recommerce marketplace.","Pass176 Luxembourg targeted cleanup. Keep future revisits targeted: look only for a standalone Luxembourg-native book-specific used/recommerce marketplace with seller onboarding/listing/payment proof, or a current direct operating surface for The Green Library."
Macau,East Asia,single-store bookstore layer,annex / classifieds; single-store bookstore layer; used-book signal (territory note); weak-fit core,6,6,0,2,0,2,0,1,Present as horizontal classifieds spillover only; no book-first used-books specialist or antiquarian spine was verified in pass 1.,0,high:1; medium:5,"Closed result: Macau is a compact weak-fit / bookstore-led hybrid. The verified online rails are real but narrow (government-publications and textbook/tertiary oriented), the bookstore layer is concrete, and second-hand activity appears only as horizontal classifieds spillover.","Macau closes after pass 1 as a compact weak-fit / bookstore-led hybrid. No broad native marketplace spine surfaced; the coherent surface is two narrow online rails, two bookstore anchors, and a horizontal second-hand annex."
Madagascar,Indian Ocean / Madagascar,annex / classifieds,annex / classifieds; annex / social book-sale groups; offline fair/literacy layer; single-store bookstore layer; single-store used bookseller; single-store used bookstore signal; weak-fit core,16,16,0,2,0,1,0,6,"Strong used-book evidence now spans ZomaOkaz new/used classifieds, La Bouquinerie deposit/consignment-style bouquinerie, Boky Occaz used-book lots, Livres de Mi used novels, and Ambohijatovo offline second-hand stalls; no book-dominant open used marketplace verified.",0,low-medium:3; medium:6; medium-high:7,"Madagascar has rich secondhand-book ecology through social used-book sellers, bouquineries, horizontal classifieds, and the Ambohijatovo second-hand market, but no verified independent book-specific multi-seller used/recommerce marketplace.","Pass132 hardened Madagascar: added Boky Occaz MDG, Livres de Mi, KIBO Librairie, Facebook Marketplace category, and social-sale group seam; re-hardened ZomaOkaz/Zoma/Bouquinerie/Ambohijatovo; downgraded to targeted medium cleanup."
Malawi,Southern Africa,annex / classifieds,annex / classifieds; offline / fair / literacy layer; single-store bookstore layer; single-store used booksellers; weak-fit core,19,19,0,2,7,2,0,7,"Pass122: Malawi now has strong secondhand/antiquarian single-store texture plus horizontal classifieds/social marketplace city segmentation, but no independent book-specific used/recommerce platform verified.",1,high:7; medium:8; medium-high:4,"Malawi is now targeted medium revisit: real used-book circulation is visible through secondhand bookshops, antiquarian Africana stock, social sellers, Facebook Marketplace, Tisitano, and MalondaPlace, but the strict-main promotion gate remains closed.",Pass122 converts Malawi from broad high-caution reopen to targeted medium follow-up. Reopen only for standalone book-specific marketplace/seller-flow proof or platformization beyond horizontal/social rails.
Malaysia,Southeast Asia,single-store used bookstore signal,annex / classifieds; annex / horizontal marketplace; annex / social resale; offline / fair / literacy layer; single-store bookstore layer; single-store used bookstore signal; weak-fit core,23,23,0,4,0,2,8,3,Pass209 hardened Malaysia as dense operator/social/horizontal used-book texture with no strict-main promotion; BookSwap remains current-status unresolved; Bookaholics has ISBN-search capability but no specific ISBN values captured.,2,high:9; medium:6; medium-high:8,"Malaysia now has rich secondhand-book infrastructure dominated by operator stores, trade-in/intake rails, social buy/sell/exchange groups, and horizontal marketplace channels; no verified Malaysia-native book-specific third-party marketplace.",Pass209 added one textbook/social resale control row and lowered Malaysia revisit priority to low; no strict-main candidate promoted.
Maldives,South Asia,single-store used-bookseller,annex / classifieds; annex / social resale; offline / fair / literacy layer; single-store bookstore layer; single-store used-bookseller; weak-fit core,10,10,0,2,0,2,0,1,,1,high:4; medium:5; medium-high:1,Weak-fit / book-forward territory without enough concentration to dominate as main universe.,"Malé Facebook Marketplace books category explicitly exposes new and used books; general/social marketplace annex, not book-specific core. || Maldives online bookstore with new and used books, 250+ preloved books, and delivery across Malé/Hulhumalé/boats; single-store/curated, not strict marketplace. || Maldives second-hand books social-store; delivery within Malé/Hulhumalé and book donation framing; single-store/social seller. || Maldives pre-owned/pre-loved books seller with Greater Malé pickup/free delivery framing; single-store/social seller. || Maldives used-books/toys social group; annex/social resale. || Directory of Malé/Hulhumalé online bookstores, including Thriftbooks.mv and other book sellers; bookstore discovery layer."
Mali,West Africa,main universe,annex / classifieds; main universe; single-store used booksellers; weak-fit core,4,4,1,1,1,0,0,1,"main universe: Lamarlib | single-store used booksellers: Autour Du Livre | annex / classifieds: CoinAfrique Mali — DVDs, CDs & Livres",0,high:2; medium:2,Strict main-universe / used-book or book-specific marketplace territory under South America-style definition.,Runtime-gap bridge reconstruction pass. Rows are web-reverified in this chat and do not recover exact missing 2026-04-24 chat-only rows.
Malta,Central Mediterranean,no-strict-main; single-store/bookstore + charity/thrift + horizontal/social annex,offline / fair / literacy layer; single-store bookstore layer; single-store used/rare bookstore signal; single-store used bookseller; charity / thrift used-book layer; annex / classifieds; annex / horizontal marketplace; annex / social book-sale groups; context / uncertainty note,12,12,0,0,2,4,1,2,"No standalone Malta-native book-specific third-party recommerce marketplace found. Current used-book texture is concentrated in Malta Online Bookshop rare/out-of-print, YMCA Books 4 Charity, Bookstop MLT, Books n Bits, ALS Malta Store, Maltapark classifieds, Facebook Marketplace/groups, and selected local bookstore/bargain layers.",Malta Book Festival / National Book Council plus charity/thrift/book-sale social infrastructure.,high/medium-high,Targeted cleanup/hardened no-strict-main Central Mediterranean microterritory: real used-book texture but no native strict-main marketplace promotion.,"Pass186 Malta targeted cleanup. URLs/evidence added for Malta Book Festival/NBC, Merlin, Agenda, Malta Online Bookshop; added Maltapark, Facebook Marketplace/groups, YMCA Books 4 Charity, Bookstop MLT, Books n Bits, ALS Malta Store, and Wise Owl. Broad Malta search can pause except targeted monitoring for a true book-specific recommerce platform or ISBN/detail extraction."
Martinique,Caribbean,annex / classifieds,annex / classifieds; offline / fair / literacy layer; single-store used / bookstore signal,5,5,0,0,0,0,1,3,,1,medium:5,"Territory with mixed store-owned used-book or exchange signal, but not a clean marketplace case.","high book infrastructure, weak marketplace depth"
Mauritania,West Africa / Sahel-Atlantic,single-store bookstore layer,annex / classifieds; offline fair/literacy layer; single-store bookstore layer; single-store used-bookseller signal; weak-fit core,17,18,0,1,0,8,0,5,OpenSooq/All-Souq/Facebook confirm horizontal classifieds; Librairie Ambulante gives the best book-specific sale/exchange/new-second-hand social signal; no independent strict used-book marketplace found.,0,high:1; low:1; medium:7; medium-high:2; medium-low:7,Bookstore/social-classifieds-heavy territory with one notable social-hosted book-specific sale/exchange signal; no strict-main used/recommerce marketplace promotion.,"Pass131 hardened Mauritania: added OpenSooq and All-Souq app rails, Librairie Ambulante second-hand/exchange signal, rim book, and broader FB Marketplace city-category texture; downgraded to targeted medium cleanup."
Mauritius,Indian Ocean / Mauritius,annex / classifieds,annex / classifieds; annex / social marketplace; charity / thrift used-book layer; single-store bookstore layer; single-store used bookstore signal; weak-fit core,13,13,0,1,0,2,0,6,"Pass133 found high-depth AsterVender horizontal second-hand book/category evidence plus Librairie Bourbon second-hand schoolbook proof, Le BookShop, Unique Bookshop, Facebook Marketplace city categories, and charity/thrift used-book layers. No strict book-specific used/recommerce marketplace promotion.",0,high:2; low:1; medium:9; medium-high:1,"Social/classifieds-heavy used-book market with strong AsterVender horizontal second-hand book-category depth, active Facebook/social exchange, and several offline/single-store used-book signals; no standalone strict-main book-specific recommerce platform verified.","Pass133 hardened Mauritius: upgraded AsterVender and Librairie Bourbon evidence; added AsterVender subcategory depth, Le BookShop, Unique Bookshop, Facebook Marketplace city book categories, and Charity Centre/Good Shop thrift layer; downgraded to targeted medium cleanup."
Mayotte,Indian Ocean / Mayotte,annex / classifieds,annex / classifieds; single-store bookstore layer; weak-fit core,5,5,0,1,0,2,0,2,"Used-book/recommerce signal present where noted; strict core only assigned to book-specific used/recommerce rails, not ordinary retail or general classifieds.",0,low-medium:2; medium:2; medium-high:1,"Mayotte has DoukaMay general marketplace/vendor accounts and several social used-book listings, plus bookstore-directory texture. No book-specific marketplace verified.",Deepen DoukaMay for book category presence and vendor listings; check Mamoudzou/Dzaoudzi book resale groups.
Mexico,North America,single-store used / bookstore signal,annex / classifieds; main universe; offline / fair / literacy layer; single-store used / bookstore signal,11,11,1,0,0,0,6,1,,3,high:1; medium:10,Main-universe territory with supporting lower layers preserved in the compile.,"clear main-universe marketplace anchor via Mercado Libre; very strong bookstore, used-book, library, and fair infrastructure || Control ledger shorthand says Mercado Libre; raw continuation names Mercado Libre Libros."
Moldova,CEE/Balkans,weak-fit core,weak-fit core,1,1,0,1,0,0,0,0,,0,medium:1,Weak-fit / book-forward territory without enough concentration to dominate as main universe.,Recovered from frontier note naming native second-hand marketplace candidate.
Monaco,Western Europe / microstates,annex / classifieds,annex / auction / collectibles spillover; annex / classifieds; offline / fair / literacy layer; single-store bookstore layer,6,6,0,0,0,1,0,2,"Monaco has local books/magazines classifieds, general used-goods classifieds app surface, public book-exchange shelves, social/donation book reuse texture, and auction/antiquarian spillover, but no current standalone Monaco-native book-specific used/recommerce marketplace. ISBN rule applied; no ISBN values captured in visible checked surfaces.",2,high:4; low-medium:1; medium:1,"Monaco opened as a conservative microstate surface dominated by classifieds, bookstore, offline exchange/literacy, and auction spillover; strict-main remains empty.","Pass155 zero-surface opening added Click Monaco Livres/Magazines, SmailAds Monaco, La Bookinerie, Marché de la Condamine / Parc Princesse Antoinette exchange shelves, Hôtel des Ventes de Monte-Carlo books/manuscripts, and a school/music book exchange social group. No strict-main promotion; targeted revisit only."
Mongolia,East Asia,weak-fit core,annex / classifieds; offline / fair / literacy layer; single-store bookstore layer; used-book signal (territory note); weak-fit core,8,8,0,4,0,1,0,1,Present through horizontal classifieds spillover; no national book-first used-book specialist verified in pass 1.,1,high:3; medium:5,"Closed result: Mongolia is a concentrated weak-fit core / chain-publisher-digital hybrid. The verified surface is book-forward and clearly real, but it is centered on strong bookstore/publisher/digital rails rather than a broad multi-spine national marketplace stack.","Mongolia closes after pass 1 as weak-fit core. Internom and Az Khur anchor the strongest verified retail rails, Monsudar and Mbook add publisher/digital depth, Unegui supplies classifieds spillover, and the National Book Festival anchors the literacy layer."
Montenegro,CEE/Balkans,annex / classifieds,annex / classifieds; annex / social resale; bookstore/cafe cultural layer; offline / fair / literacy layer; single-store bookstore layer; single-store used / bookstore signal; single-store used bookstore signal; weak-fit core,13,13,0,1,2,3,1,4,Pass192 hardened Montenegro: Patuljak/Pazar3/Oglasi expose new/used books and textbook classifieds; Platforma has a Polovne/Antikvarne category; social storefront/buyback pages add used/antiquarian texture. No strict/main book-specific marketplace verified.,2,high:4; medium-high:5; medium:3; medium-low:1,"No-strict-main territory with book-forward retail, horizontal classifieds, social used-book/buyback signals, and national fair/library context.",Pass192 Montenegro targeted cleanup from four URL-less rows; broad Montenegro should pause unless native book-specific recommerce platform appears.
Montserrat,Caribbean,offline / fair / literacy layer,offline / fair / literacy layer; single-store used / bookstore signal,2,2,0,0,0,0,1,0,,1,medium:2,"Territory with mixed store-owned used-book or exchange signal, but not a clean marketplace case.","extremely thin commerce, real literary infrastructure"
Morocco,North Africa / Maghreb,weak-fit core,annex / classifieds; offline / fair / literacy layer; single-store bookstore layer; single-store used booksellers; weak-fit core,7,7,0,3,1,1,0,1,BookOnDesk explicitly sells new and used books with national delivery.,1,high:6; medium:1,Weak-fit / book-forward territory without enough concentration to dominate as main universe.,"Multiple native online rails, a real new-and-used online bookseller, city-level bookstore depth, classifieds spillover, and Rabat 2026 literary infrastructure make Morocco a strong weak-fit closure rather than a bookstore-only case."
Mozambique,Southeast / Lusophone Africa,annex / classifieds,annex / classifieds; offline fair/literacy layer; single-store bookstore layer; single-store used bookseller; weak-fit core,12,12,0,2,0,3,0,5,"Used-book/recommerce signal present where noted; strict core only assigned to book-specific used/recommerce rails, not ordinary retail or general classifieds.",0,low:1; low-medium:1; medium:7; medium-high:3,"Mozambique has book-specific social sell/exchange groups, a single-store used seller, online bookstores, general classifieds apps/sites, and a documented sidewalk used-book exchange market, but no confirmed standalone used-book marketplace.","Post-pass107 targeted revisit only: MOYA/MaisVendas book category depth, Bazara seller mechanics, schoolbook resale platformization, and any direct strict-main rail."
Myanmar,Southeast Asia,weak-fit core,annex / classifieds; single-store bookstore layer; weak-fit core,4,4,0,2,0,1,0,1,,0,medium:4,Weak-fit / book-forward territory without enough concentration to dominate as main universe.,Current-session controlled pass. || Current-session controlled pass classified Myanmar as upper weak-fit.
Namibia,Southern Africa,annex / classifieds,annex / classifieds; offline / fair / literacy layer; single-store bookstore layer; single-store used booksellers; weak-fit core,10,10,0,2,1,2,0,4,Deepening pass found used/pre-owned/social-sale signals; no book-specific platform-level used/recommerce marketplace was promoted to strict core.,1,high:4; medium:4; medium-high:2,"Namibia deepened materially through Kalahari Deals new/pre-owned books and book-exchange groups, plus The Red Shelf; Kalahari is a watchlist classifieds rail, not strict core.",Next hardening should test whether any social/group/category surfaces have open third-party book listing/search/payment/delivery mechanics beyond ordinary Facebook/classifieds flow.
Nepal,South Asia,main universe,annex / classifieds; annex / social resale; main universe; single-store bookstore layer; single-store used-bookseller; weak-fit core,12,12,4,1,0,1,0,3,"Pass136 confirms Nepal has two strict book-specific old-book listing/exchange rails (Sasto Kitab and Sajha Kitab), plus single-store used-book retail and broad classifieds/app reuse spillover. StudyShelf remains current-status hold.",0,high:4; medium:5; medium-high:3,Strict-main / book-specific resale or exchange platform territory with two current book-specific rails and supporting horizontal/social spillover.,"Pass136 Nepal hardened mechanics: Sajha Kitab promoted from annex to strict-main based on 2,683+ ads/free-post/direct old-book buy-sell listings; Sasto Kitab retained strict-main with root/blog evidence; StudyShelf downgraded to current-status hold; Hamrobazar, Boli Bajar and Jhigu Bazar added as horizontal annex/reuse rails."
Netherlands,Benelux,main universe,annex / classifieds; annex / social classifieds; main universe; single-store used booksellers; weak-fit core,12,12,4,2,4,0,0,2,"Pass178 hardened Netherlands from two skeletal rows into a mature strict/main Benelux territory. Strict/main anchors: Boekwinkeltjes.nl, Bookmatch.nl, Booknext.nl, and Antiqbook. ISBN rule applied with samples from Boekwinkeltjes, Bookmatch, Booknext, and bol; operator, retailer, store, and classifieds layers kept separate.",0,high:8; medium-high:3; medium:1,"Mature Benelux strict-main used-book/recommerce territory with a large second-hand marketplace spine, textbook C2C marketplaces, a Netherlands-rooted antiquarian/global marketplace rail, operator-mediated buyback/resale, a major broad retailer/marketplace layer, dense used-book chains/stores, and very large horizontal classifieds texture.","Pass178 hardening/opening promoted/hardened Boekwinkeltjes, Bookmatch, Booknext, and Antiqbook as strict/main; bol and BoekenBalie kept weak-fit; De Slegte, Boek2, Boeken-Kringloop, and The Book Exchange kept single-store/operator; Marktplaats/social kept annex. Broad Netherlands should pause except targeted ISBN/detail extraction or genuinely new native book-specific platforms."
Nicaragua,Central America,annex / classifieds,annex / classifieds; offline / fair / literacy layer; single-store used / bookstore signal,4,4,0,0,0,0,1,2,,1,medium:4,"Territory with mixed store-owned used-book or exchange signal, but not a clean marketplace case.",market/exchange ecosystem
Niger,West Africa,annex / classifieds,annex / classifieds; weak-fit core,2,2,0,1,0,0,0,1,"annex / classifieds: CoinAfrique Niger — DVDs, CDs & Livres",0,high:1; medium:1,Weak-fit / classifieds-led territory without a confirmed book-specific used marketplace in this compact pass.,Runtime-gap bridge reconstruction pass. Rows are web-reverified in this chat and do not recover exact missing 2026-04-24 chat-only rows.
Nigeria,West Africa,weak-fit core,annex / classifieds; main universe; single-store used booksellers; weak-fit core,19,19,3,8,1,0,0,7,strict main: PreownedBooks.ng high strict core; SchoolBOOKS high strict candidate; ALÁKÒWÉ launch-hold strict candidate; campus apps/horizontal classifieds provide used textbook spillover but remain non-strict.,0,high:3; medium:13; medium-high:1; medium-low:2,Strict main-universe / used-book or book-specific marketplace territory under South America-style definition.,"Pass130 Nigeria added CampusTradeNG, CampusHub Nigeria and Booka; hardened PreownedBooks/SchoolBOOKS/ALÁKÒWÉ/CampusPlug; Six33Four remains no-direct-site historical hold; Nigeria now targeted cleanup only."
North Macedonia,CEE/Balkans,single-store bookstore layer,annex / classifieds; annex / classifieds aggregator; annex / social book-sale groups; offline / fair / literacy layer; offline / used-antiquarian sellers layer; single-store bookstore layer; single-store used bookstore signal; weak-fit core,18,18,0,2,0,7,1,4,"Pass191 false-flag repair reopened North Macedonia and added VIPMarket5, Starokupujem, Chitam.mk used-book antikvarnica/social storefront, an additional old/new book Facebook sale/gift/exchange group, and Skopje old-book stall context. Used/recommerce texture is now broader but still horizontal/social/operator/offline rather than strict-main.",2,high:9; medium:3; medium-high:6,"No-strict-main territory with strong bookstore infrastructure, multiple horizontal classifieds book categories, social book-sale/exchange groups, one operator/social used-book storefront signal, and offline/fair/old-book-seller context. No standalone native book-specific third-party used/recommerce marketplace verified after pass191 follow-up.","Pass191 repaired the interrupted/wrongly flagged North Macedonia follow-up. It retained pass190 Serbia globally, reopened only the North Macedonia seam, added five net-new North Macedonia rows plus hardening evidence, and preserved no-strict-main / targeted-revisit-only status."
Norway,Nordics,single-store used booksellers,annex / horizontal marketplace; annex / social classifieds; main universe; offline / fair / literacy layer; single-store used / bookstore signal; single-store used booksellers; weak-fit core,18,18,3,1,9,0,1,1,"Pass170 hardened Norway from two pending-backfill rows into a mature Nordic strict-main territory. Strict-main rails: Bookis Norway, iBok.no, and Antikvariat.net Norway/Scandinavia scope. FINN is a massive horizontal annex. Bokia, Boklibris, Bokloftet, Bokbua, Norlis, Antikvariat Bryggen, Antikvariat Soon, Toftes, Nynorsk Antikvariat and Bokbyen Skagerrak provide deep single-store/antikvariat and ISBN/detail texture.",2,high:9; medium:3; medium-high:6,"Mature strict-main Nordic used-book/recommerce ecosystem anchored by a Norway-native book marketplace/app, a used textbook marketplace, and Scandinavian antiquarian marketplace infrastructure, with very large horizontal marketplace spillover and dense single-store used/antikvariat inventory.","Pass170 Norway hardening/backfill. Broad Norway is now sufficiently covered; future work should be targeted to ISBN/detail extraction across Bookis, iBok, Antikvariat.net/Norwegian member antikvariat, Bokia, Boklibris, Bokloftet, Bokbua, and FINN category samples, plus monitoring for new Norway-native app/P2P rails."
Oman,Gulf / Arabian Peninsula,annex / classifieds,annex / classifieds; annex / social resale; offline / fair / literacy layer; single-store bookstore layer; single-store used bookstore signal; weak-fit core,14,14,0,3,0,2,0,5,Pass142 hardened Oman’s used-book layer: dubizzle/OpenSooq/Facebook show active new/used/rare book classifieds and social resale; Let’s Read and House of Prose add secondhand/charity bookstore depth. No independent Oman-native strict used-book marketplace verified.,1,high:5; medium:7; medium-high:2,Oman remains weak-fit/bookstore-led with strong secondhand/classifieds texture: Al Manarah/Al Manahil/Ubuy as retail/import rails; dubizzle/OpenSooq/Facebook as resale spillover; Let’s Read/House of Prose as secondhand store/literacy layers.,"Pass142 added OpenSooq Oman, Facebook Marketplace Muscat, Let’s Read Charity Book Shop, House of Prose Muscat, Books Bank Oman, and Ubuy Oman. Strict promotion gate remains closed."
Pakistan,South Asia,weak-fit core,annex / social resale; main universe; offline / used-book market; single-store used-bookseller; weak-fit core,10,10,2,3,0,0,0,0,Used/New-Books Sale & Purchase Pakistan; Used Course Books Buy/Sell Point (Pakistan),0,high:2; medium:6; medium-high:2,high:2; medium:6; medium-high:2,Strict-main / book-specific resale or exchange platform territory. | Pass110 reverified Kitabain and Booksecondstory seller/listing/transaction mechanics; Kitab Rabta remains non-strict buyback/intake; Pakistan lowered to targeted revisit only.
Palestine,Levant / Mashriq,annex / classifieds,annex / classifieds; offline / fair / literacy layer; single-store bookstore layer; single-store used booksellers; used-book signal (territory note); weak-fit core,15,16,0,4,1,4,0,4,"Pass119 found stronger used/new circulation through OpenSooq/Shobiddak/Mstaml, Free Book Exchange in Palestine, and Bastat Kotoob 2, but no independent book-specific strict-main platform.",2,high:10; medium:2; medium-high:4,"Palestine is a bookstore/social/classifieds-heavy territory with strong Jerusalem/Ramallah/Hebron bookstore distribution and active used/new social exchange, but strict-main platform evidence remains absent.","After pass119, Palestine is targeted revisit only: reopen for standalone book-specific used/recommerce platform or direct seller-onboarding/listing/payment proof beyond horizontal classifieds/social groups."
Panama,Central America,offline / fair / literacy layer,annex / classifieds; main universe; offline / fair / literacy layer; single-store used / bookstore signal; weak-fit core,7,8,1,1,0,0,1,2,,3,high:2; medium:6,Main-universe territory with supporting lower layers preserved in the compile.,Explicit weak-fit core in checkpoint matrix. || Coverage matrix had Panama in weak-fit; later imported transcript explicitly promoted CompartirLibros to main universe. || informal/event-driven
Peru,South America,main universe,main universe; weak-fit core,2,2,1,1,0,0,0,0,,0,high:2,Main-universe territory with supporting lower layers preserved in the compile.,Explicit weak-fit core in bundled prior transcript.
Philippines,Southeast Asia,single-store used booksellers plus one hardened strict pre-loved book marketplace candidate,annex / classifieds; annex / horizontal marketplace; annex / social resale; main universe; operator buyback / consignment; single-store used booksellers; weak-fit core,20,20,1,1,10,0,0,2,Pass201 hardened Chapters as sole current strict/main Philippines candidate using official buy/sell/donate marketplace language plus seller-shop/user-report evidence. Added three social-control groups. No ISBN values captured in checked renders/snippets.,0,high:6; medium:2; medium-high:12,"Book-forward Philippines surface with one current book-specific P2P/direct-seller pre-loved marketplace candidate (Chapters), many operator-store used-book surfaces, deep horizontal marketplace book categories, and active Facebook resale groups. Managed checkout/escrow for Chapters remains unverified; most other surfaces are non-strict.",Pass201 targeted hardening complete. Philippines can move to Egypt block unless an optional low-priority third closure pass is desired.
Poland,Baltics/CEE,main universe,main universe; weak-fit core,3,3,2,1,0,0,0,0,,0,high:3,regional sprint touched; strict-main promotions only where current used-book marketplace/recommerce mechanics were evidenced,Pass148 CEE/Baltics sprint promoted Tezeusz and added SkupSzop as strict/main operator-managed book recommerce; both have current buyback/sale evidence and SkupSzop exposes ISBN-based selling flow.
Portugal,Iberia,single-store used booksellers,annex / classifieds; legacy / closed marketplace; main universe; offline / fair / literacy layer; single-store bookstore layer; single-store used booksellers; weak-fit core,22,22,1,2,7,3,0,3,Pass183: Portugal hardened as a real but narrower Iberian recommerce territory. Confirmed strict/main anchor: Trade Stories. Book in Loop preserved as legacy/closed. WOOK/FNAC stay weak-fit retailer marketplace rails; OLX/CustoJusto/Facebook stay horizontal annex; rich alfarrabista/single-store layer retained separately.,5,high:16; medium:1; medium-high:5,"Narrow strict-main book-recommerce territory anchored by Trade Stories, with strong single-store/alfarrabista and offline fair texture plus retailer-hosted marketplace and horizontal classifieds layers kept separate.","Pass183 Portugal hardening: resolved pending-backfill Iberia matrix rows; added Book in Loop legacy/closed, Ecolivros, Esconderijo dos Livros, Alfarrabista.com, Livraria Ferreira, Livraria Trindade, Livraria Miguel de Carvalho, Bokay, CustoJusto, Facebook Marketplace Books, Feira de Alfarrabistas do Chiado, and Salão do Livro Antigo seam. Broad Portugal search can pause; targeted ISBN/detail extraction remains useful."
Puerto Rico,Caribbean,single-store used / bookstore signal,annex / classifieds; offline / fair / literacy layer; single-store used / bookstore signal,7,7,0,0,0,0,3,2,,2,medium:7,"Territory with mixed store-owned used-book or exchange signal, but not a clean marketplace case.","high overall book infrastructure, low specialist-platform depth"
Qatar,Gulf / Arabian Peninsula,weak-fit core,annex / classifieds; offline / fair / literacy layer; single-store bookstore layer; weak-fit core,12,12,0,5,0,2,0,4,Pass57 MENA/West Asia hardening updated with current used-book/recommerce evidence; strict core only where book-specific marketplace/seller mechanics were visible.,1,high:6; low:1; medium:5,Weak-fit / classifieds or bookstore-led territory after hardening.,"Qatar closes after pass 1 on Alif + Jarir + Virgin + Crescent as the core book-forward rails, Ibn AlQayyim + Edumart as bookstore anchors, Mzad as horizontal used-book spillover, and the Doha International Book Fair as the national fair/literacy layer. | Pass57 MENA/West Asia hardening updated with current used-book/recommerce evidence; strict core only where book-specific marketplace/seller mechanics were visible."
Republic of Congo,Central Africa / West-Central Africa,annex / classifieds,annex / classifieds; offline fair/literacy layer; single-store bookstore layer; single-store used bookseller; single-store used bookstore signal,11,11,0,0,0,3,0,4,Used-book signal is substantial offline and single-store; online marketplace evidence is general classifieds/social only.,0,low:2; medium:5; medium-high:3; medium-low:1,"Congo-Brazzaville has strong offline used-book market evidence (“librairies par terre”), current single-store used-book sellers, CoinAfrique/social classifieds, and Harmattan Congo-Brazzaville bookstore/publisher infrastructure, but no confirmed book-dominant online marketplace.","Lowered to targeted revisit after pass105: reopen only for an online multi-seller/bouquiniste rail, seller onboarding, direct consignment mechanics, or schoolbook resale platform evidence."
Romania,CEE/Balkans,single-store used booksellers / horizontal marketplace controls,annex / classifieds; annex / horizontal marketplace; annex / social resale; single-store used booksellers; weak-fit core,22,22,0,3,13,0,0,6,Pass205 hardened Romania: no strict/main promotion; Okazii stays broad marketplace; Romanian anticariat network exposes strong operator stock/buyback plus detail-page ISBN metadata.,0,high:12; medium-high:10,Dense no-strict-main territory: mature online anticariat/operator ecosystem plus broad horizontal/social resale controls; no book-specific third-party marketplace verified.,"Pass205 Romania targeted hardening complete: added 3 operator anticariat surfaces, captured ISBN examples on anticariat detail pages, lowered revisit priority to low."
Rwanda,Great Lakes / East Africa,single-store bookstore layer,annex / classifieds; single-store bookstore layer; single-store used bookseller; weak-fit core,8,8,0,2,0,4,0,1,"Used-book/recommerce signal present where noted; strict core only assigned to book-specific used/recommerce rails, not ordinary retail or general classifieds.",0,high:1; low-medium:1; medium:5; medium-high:1,"Rwanda has a real used-book and bookstore layer centered on Patchwork, Ikirezi and online/local stores, but no verified book-specific multi-seller used marketplace in this pass.","Deepen Patchwork buy/trade mechanics, The First Page/book exchange, Kigali social resale groups, and any seller-onboarding surface."
Réunion,Indian Ocean / Réunion,annex / classifieds,annex / classifieds; annex / horizontal secondhand retail; offline fair/literacy layer; single-store used bookseller; single-store used bookstore signal; weak-fit book retail shadow; weak-fit core,13,13,0,1,0,0,0,5,"Pass134 confirms a strong Réunion used-book ecology: very high-volume leboncoin book classifieds, Bourbonlivre used/antiquarian ecommerce, Cash Converters local book resale, ParuVendu classifieds, L’Accent du Sud and Ellipsis used-bookstores, plus pre-existing Facebook/social groups. No standalone book-specific third-party used marketplace verified.",0,high:2; low-medium:1; medium:7; medium-high:3,"Réunion has unusually dense used-book circulation for its size: high-volume horizontal classifieds, a book-specific used/antiquarian online shop, local used-bookstores/bouquineries, chain secondhand retail and several social exchange/sale groups. Strict-main promotion remains blocked because the strongest multi-seller rail is horizontal and the book-specific used ecommerce appears single-operator.","Pass134 hardened Réunion: leboncoin volume refreshed; Bourbonlivre, Cash Converters, ParuVendu, L’Accent du Sud, Ellipsis and Sète à Lire added; downgraded to targeted medium cleanup only."
Saba,Caribbean,offline / fair / literacy layer,annex / classifieds; offline / fair / literacy layer; single-store used / bookstore signal,4,4,0,0,0,0,1,1,,2,medium:4,"Territory with mixed store-owned used-book or exchange signal, but not a clean marketplace case.",very thin marketplace depth
Saint-Barthélemy,Caribbean,offline / fair / literacy layer,annex / classifieds; offline / fair / literacy layer; single-store used / bookstore signal,8,8,0,0,0,0,3,2,,3,medium:8,"Territory with mixed store-owned used-book or exchange signal, but not a clean marketplace case.",very weak specialist marketplace depth; meaningful bookstore + library + festival + exchange infrastructure
Saint-Martin (French side),Caribbean,single-store used / bookstore signal,annex / classifieds; offline / fair / literacy layer; single-store used / bookstore signal,6,6,0,0,0,0,3,1,,2,medium:6,"Territory with mixed store-owned used-book or exchange signal, but not a clean marketplace case.",no strong specialist marketplace depth; real bookstore layer; real classifieds annex; strong literary / fair / educational infrastructure
San Marino,Central Mediterranean,offline / fair / literacy layer,offline / fair / literacy layer; single-store bookstore layer; single-store used / bookstore signal,3,3,0,0,0,1,1,0,,1,high:3,Territory anchored mainly by bookstore layer rather than marketplace depth.,"National/state library and cultural-reading infrastructure for San Marino. || Online bookstore and physical bookshop in Borgo Maggiore, San Marino; exact bookstore-layer anchor. || Cosmo explicitly offers used books and exchange service; retained below weak-fit as store-owned used-book signal."
Saudi Arabia,Gulf / Arabian Peninsula,weak-fit core,annex / classifieds; annex / social resale; main-universe candidate / current-status hold; offline / fair / literacy layer; single-store used / bookstore signal; single-store used booksellers; weak-fit core,27,27,0,8,7,0,1,4,"Pass117 strict-recommerce patch: Saudi has rich used-book signals, Mrrha horizontal recommerce with book roots, Rofoof book-specific used-platform lineage, and multiple single-store used/rare booksellers. Jarir/Darussalam/WBCO are ecosystem spine but not strict used/recommerce marketplace rows.",5,high:15; low:1; medium:7; medium-high:3; medium-low:1,"Hardened targeted-revisit territory. Saudi Arabia has strong book-retail/publisher/distribution infrastructure and active used-book resale texture, but strict book-specific recommerce remains unresolved pending Rofoof/Mrrha/Kitabi-Lak current-platform proof.","Pass117 demoted legacy new-book retail rails from strict main, added Mrrha and Rofoof as the key recommerce/reuse seams, added Salla/Instagram used-book specialists and Haraj/social annex rows, and reduced Saudi from broad high revisit to targeted medium-high."
Senegal,West Africa,main universe,annex / classifieds; main universe; single-store bookstore layer,5,5,2,0,0,1,0,2,"main universe: La Bouquinerie, Bëgg Lire | annex / classifieds: Jiji Senegal — Livres & Jeux, CoinAfrique Senegal — DVDs, CDs & Livres",0,high:4; medium:1,Strict main-universe / used-book or book-specific marketplace territory under South America-style definition.,Runtime-gap bridge reconstruction pass. Rows are web-reverified in this chat and do not recover exact missing 2026-04-24 chat-only rows.
Serbia,CEE/Balkans,weak-fit core / annex-horizontal with single-store used depth,annex / classifieds; offline / fair / literacy layer; single-store used / bookstore signal; single-store used bookseller; weak-fit core,16,16,0,3,5,0,2,5,"Pass190 hardened Serbia from a seven-row pass149 opening into a fuller no-strict-main profile: KP/Halo/Goglasi/Facebook horizontal rails; Kupindo/Limundo weak-fit book-category marketplaces; PolovneKnjigeSrbija, Knjiga na dlanu, Antikvarne-knjige.com, Knjizara.com Antikvarnica, Obradovic, Sigedon, Otkupknjiga and Kuca za sunce as operator/store/antiquarian layers.",1,high:10; medium-high:4; medium:2,High-activity Serbia no-strict-main territory: large horizontal classifieds/auction marketplace book surfaces and dense single-store/antiquarian used-book ecosystem; no confirmed standalone Serbia-native book-specific third-party marketplace.,Pass190 Serbia targeted hardening. Do not promote KP/Kupindo/Limundo/Halo/Goglasi/Facebook to strict-main; preserve as weak-fit/annex. Belgrade Book Fair Hall 4 used/antiquarian layer added.
Seychelles,Indian Ocean / Seychelles,annex / classifieds,annex / classifieds; main universe; single-store bookstore layer; weak-fit core,13,13,1,1,0,5,0,6,"Used-book/recommerce signal present where noted; strict core only assigned to book-specific used/recommerce rails, not ordinary retail or general classifieds.",0,high:1; low:1; low-medium:5; medium:3; medium-high:1; medium-low:2,"Seychelles retains one strict-main candidate: The Dusty Collection, a Seychelles secondhand/pre-loved online bookshop with cart/account inventory, local delivery note, and Sell Your Books path. Added Antigone, Giraffe, Royal, Mortar Fist, Ubuy and Rebuydeal/BSSB social-classifieds depth, none promoted to strict main.","Targeted reopen only for Dusty third-party seller onboarding or stronger buyback terms, new Seychelles-native book-specific used/recommerce rails, or proof that social/classifieds rows have platformized beyond ordinary horizontal listings."
Sierra Leone,West Africa,annex / classifieds,annex / classifieds; single-store bookstore layer; weak-fit core,8,8,0,1,0,3,0,4,Used-book signal is currently general/social-classifieds only: Facebook Marketplace Freetown explicitly presents new and used books; no dedicated book-specific used marketplace confirmed.,0,high:1; low:1; medium:6,Weak-fit/classifieds-led market with bookstore and author-direct layers. Keep outside main universe until a dedicated used-book marketplace or multi-seller book-specific rail is verified.,"Compact pass 1 found no strict main-universe site. Next revisit should focus on Freetown student textbook resale, WhatsApp/Facebook groups, Instagram thrift-book sellers, and any Salone-specific book category inside Salone Goo."
Singapore,Southeast Asia,weak-fit core,weak-fit core,2,2,0,2,0,0,0,0,,0,medium:2,Weak-fit / book-forward territory without enough concentration to dominate as main universe.,Recovered from frontier shorthand 'Bookshop.sg + Thryft + huge Carousell overflow'.
Sint Eustatius,Caribbean,offline / fair / literacy layer,offline / fair / literacy layer; single-store used / bookstore signal,2,2,0,0,0,0,1,0,,1,medium:2,"Territory with mixed store-owned used-book or exchange signal, but not a clean marketplace case.",extremely thin marketplace depth
Sint Maarten,Caribbean,annex / classifieds,annex / classifieds; offline / fair / literacy layer; single-store used / bookstore signal,4,4,0,0,0,0,1,2,,1,medium:4,"Territory with mixed store-owned used-book or exchange signal, but not a clean marketplace case.",bookstore + general-marketplace + literacy/fair
Slovakia,CEE/Baltics,annex / classifieds,annex / classifieds; main universe; single-store bookstore layer; weak-fit core,7,7,2,1,0,1,0,3,Pass150 opened Slovakia from zero row surface. Strong strict/main operator-managed recommerce exists through Bookbot/Knihobot and Restorio/Vykupujeme-online. Martinus and Gorila add retailer used-book layers; Bazoš/Bazar/Aukro preserve horizontal classifieds/auction topology only. Restorio/Vykupujeme-online provides explicit ISBN-based seller intake evidence.,0,high:6; medium-high:1,"Zero-surface territory opened into a strong strict/main book-recommerce profile, anchored by operator-managed used-book resale/buyback platforms plus horizontal classifieds spillover.",Pass150 Slovakia-only zero-surface opening. Keep future revisits targeted: ISBN/detail capture and genuinely new Slovakia-native book-specific peer/exchange rails.
Slovenia,CEE/Balkans,single-store used booksellers,annex / classifieds; single-store used booksellers; weak-fit core,12,12,0,1,9,0,0,2,"Pass194 confirmed rich used-book and antiquarian operator depth and textbook-specific e-commerce, but no standalone book-specific marketplace/seller rail.",0,high:9; medium-high:3,Slovenia targeted hardening: dense operator/antikvariat and used-textbook layer plus massive Bolha horizontal book-category surface; no verified Slovenia-native book-specific third-party recommerce marketplace.,"Pass194 backfilled URLs for all four prior Slovenia rows and added operator used-book/antikvariat/textbook surfaces. Bolha has very deep current books listings, but remains horizontal/classifieds; no strict-main promotion."
Somalia / Somaliland,Horn of Africa,single-store bookstore layer,annex / classifieds; single-store bookstore layer; weak-fit core,8,8,0,2,0,4,0,2,"Used-book/recommerce signal present where noted; strict core only assigned to book-specific used/recommerce rails, not ordinary retail or general classifieds.",0,high:1; low-medium:1; medium:5; medium-high:1,"Somalia/Somaliland has real online bookstore infrastructure, especially Sahanbooks and Book Shop Somalia, plus general marketplace apps; no strict used-book marketplace confirmed.",Separate Somalia vs Somaliland in a future deep pass; harden Suuqa/SoBigDeal book categories and Sahanbooks local fulfillment.
South Africa,Southern Africa,offline / fair / literacy layer,annex / classifieds; main universe; offline / fair / literacy layer; single-store bookstore layer; single-store used / bookstore signal; single-store used booksellers; weak-fit core,154,154,9,14,17,10,10,12,"Strong online secondhand, student-textbook, auction, collector, antiquarian, charity-bookshop, friends-of-library, and indie used/specialist rails are present alongside literacy, school-library, mobile-library, community-library, multilingual-children's-book, and accessible-reading infrastructure.",82,high:127; medium:27,"tail giant main-universe market / national retail plus used-book recommerce plus auctions plus academic-specialist plus charity-bookshop, school-library, mobile-library, community-library, multilingual children's-book, accessibility, volunteer-library, and distribution infrastructure","South Africa remains active_open from file-backed state. This continuation adds South Africa Reads; Nwala Foundation; Nwala Foundation A Village, A Story; TAQA; and kibooks.online. Do not force closure; continue province-level plus library-sale / NGO / accessibility decomposition. Pass43 hardening promotes Bookle, BooksOnApp, and Wize Books Secondhand to strict main-universe status; all three show dedicated buy/sell second-hand or pre-owned book marketplace mechanics."
South Korea,East Asia,main universe,annex / classifieds; main universe; offline / fair / literacy layer; used-book signal (territory note); weak-fit core,8,8,3,2,0,0,0,1,"Strong, but mostly internalized inside Aladin and YES24; no separate national antiquarian / used-only spine was verified strongly enough to promote in this pass.",1,high:6; medium:2,"Closed result: South Korea is a clear main-universe territory dominated by three major online-book rails. The used-book / recommerce seam is structurally important but is mostly internalized by Aladin and YES24, with Daangn as horizontal spillover rather than a separate book-first core.","South Korea is now closed after pass 2. The dominant triad remains decisive, Aladin and YES24 absorb most of the verified used-book depth, and Daangn is retained as annex rather than promoted into core."
South Sudan,Nile / Northeast Africa,single-store bookstore layer,single-store bookstore layer; single-store used / bookstore signal,7,7,0,0,0,4,3,0,"South Sudan has used/gently-read and buy/sell signals through Ramciel, Yo’ Books, Leaves, and Juba Online Books, but the evidence is still social/single-store rather than a dedicated multi-seller used-book marketplace.",0,high:1; medium:6,Sparse but real online-bookstore and used-bookshop signal territory; not strict main universe.,"First file-backed South Sudan pass after runtime-gap bridge. Kakule is the strongest official online bookstore; several Juba social/bookshop surfaces show buy/sell/gently-read/new-used signals, but no strict marketplace promotion yet."
Spain,Iberia,main universe,annex / classifieds; legacy / closed marketplace; main universe; offline / fair / literacy layer; single-store bookstore layer; single-store used booksellers; weak-fit core,24,24,5,6,4,1,0,2,"Pass182: Spain hardened into a mature strict-main Iberian recommerce territory. Strict/main anchors: IberLibro, Uniliber, Relibrea, QuieroLibros, Biblio.es. Retailer/operator and horizontal layers retained separately.",5,high:17; medium:1; medium-high:6,"Mature strict-main book-recommerce territory with parallel retailer/operator buyback, horizontal classifieds, independent-bookstore infrastructure, and major offline antiquarian/occasion-book fair layers.","Pass182 Spain hardening: resolved pending-backfill Iberia matrix rows; added Relibrea, QuieroLibros, Biblio.es, Hamelyn, Fnac Segunda Vida, Re-Read, Reciclibros, Plataforma del Estudiante, Milanuncios, Madrid/Barcelona used-book fairs, Booky, and Bolsabooks legacy. Broad Spain search can pause; targeted ISBN/detail extraction remains useful."
Sri Lanka,South Asia,annex / classifieds,annex / classifieds; annex / social resale; main universe; single-store used-bookseller; weak-fit core,15,15,4,1,0,0,0,5,Book Swap Colombo; Buy & Sell Used Books - Sri Lanka,0,high:9; medium:1; medium-high:5,"Strict-main / book-specific resale or exchange platform territory. | Pass113 closes Sri Lanka residual by adding SaleMe, ItemAds, Facebook Marketplace Colombo, and a book-specific Facebook buy/sell group as annex/social texture only; strict core unchanged and exit-ready with named revisit holds.","Pass113 residual hardening: no strict-main changes. SaleMe and ItemAds add horizontal book/textbook classifieds texture; Facebook Marketplace Colombo and Buy & Sell Used Books - Sri Lanka add social/horizontal resale texture. BookExchange.lk, BookSwap.lk, and 2ndhandbooks.lk remain the strict/main candidates; 2ndhandbooks retains operator-mediated caveat."
St. Kitts and Nevis,Caribbean,offline / fair / literacy layer,annex / classifieds; offline / fair / literacy layer; single-store used / bookstore signal,5,5,0,0,0,0,2,1,,2,medium:5,"Territory with mixed store-owned used-book or exchange signal, but not a clean marketplace case.",small retail + literacy
St. Lucia,Caribbean,annex / classifieds,annex / classifieds; offline / fair / literacy layer; single-store used / bookstore signal,3,3,0,0,0,0,1,1,,1,medium:3,"Territory with mixed store-owned used-book or exchange signal, but not a clean marketplace case.",literary-event heavy
St. Vincent and the Grenadines,Caribbean,single-store used / bookstore signal,annex / classifieds; offline / fair / literacy layer; single-store used / bookstore signal,6,6,0,0,0,0,3,1,,2,medium:6,"Territory with mixed store-owned used-book or exchange signal, but not a clean marketplace case.",bookstore + literacy layer
Sudan,Nile / Northeast Africa,annex / classifieds,annex / classifieds; offline / fair / literacy layer; single-store bookstore layer; single-store used booksellers,7,7,0,0,1,2,0,2,"Sudan has real used-book signals through OpenSooq books/new-used/rare listings, Al Khartoum used books, and the historical Mafroosh used-book street-market seam, but no confirmed book-specific multi-seller used-book marketplace was promoted.",2,high:1; medium:4; medium-high:2,Weak/classifieds plus single-store/social used-book layer; not strict main universe.,"First file-backed Sudan pass after runtime-gap bridge. Capture as a real but disrupted/fragile used-book ecosystem with OpenSooq spillover, Khartoum used-book social surfaces, bookstore traces, and literacy reuse evidence; do not promote to strict core without seller/onboarding platform proof."
Suriname,Caribbean / Northern South America,annex / classifieds,annex / classifieds; annex / social classifieds; single-store used booksellers; weak-fit core,6,6,0,1,1,0,0,4,"Suriname has visible used-book social/classifieds texture and real single-operator book-circularity infrastructure: Facebook Marketplace books, a dedicated second-hand-books Facebook group, Via2000/ViaMarkt horizontal classifieds, Atlantis used/new book ordering and used-book buying signal, and Boekenportaal ordering/discovery links to low-priced second-hand books. No standalone book-specific used/recommerce marketplace verified. ISBN rule applied; no ISBN values captured.",0,high:3; medium-high:2; medium:1,Suriname opened as a conservative Caribbean/Northern South America surface dominated by social/horizontal classifieds plus single-operator/nonprofit book-ordering infrastructure; strict-main remains empty.,"Pass156 zero-surface opening added Facebook Marketplace Books, tweedehandse boeken in Suriname Facebook group, Via2000 Boeken algemeen, ViaMarkt book-adjacent categories, Atlantis Books and More, and Boekenportaal Suriname. No strict-main promotion; targeted revisit only."
Sweden,Nordics,single-store used booksellers,annex / classifieds; annex / horizontal marketplace; annex / social classifieds; annex / social marketplace; comparator / discovery infrastructure; main universe; single-store used booksellers; weak-fit core,19,19,6,1,7,0,0,3,"Pass169 converted Sweden from one skeletal Bokbörsen row into a mature strict-main Nordic recommerce territory. Strict-main rails now include Bokbörsen, Bookis Sweden, Campusbokhandeln/Adlibris Campus, Studentapan, Antikvariat.net Sweden/Scandinavia scope, and Bokliv. Tradera, Blocket, Facebook Marketplace, and Sweden Second-Hand Book Trade remain annex/social-horizontal texture. ISBN rule applied with Bokbörsen and Studentapan sample ISBNs.",0,high:12; medium:2; medium-high:5,"Mature strict-main Nordic used-book/recommerce ecosystem with Sweden-native book-specific marketplace depth, textbook resale rails, Scandinavian antiquarian aggregator infrastructure, horizontal marketplace spillover, and dense single-store antiquarian inventory.","Pass169 Sweden hardening/backfill. Broad Sweden is now sufficiently covered; future work should be targeted to ISBN/detail extraction from Bokbörsen, Studentapan, Campusbokhandeln, Bookis, Antikvariat.net, and Bokliv, plus monitoring for new Sweden-native app/P2P rails or operator-status changes."
Switzerland,DACH,single-store used booksellers,annex / classifieds; annex / horizontal marketplace; annex / social classifieds; comparator / discovery infrastructure; legacy / closed marketplace; main universe; offline / fair / literacy layer; single-store bookstore layer; single-store used booksellers; used-book signal (territory note); weak-fit core,24,25,5,1,6,3,0,5,Pass180 hardened Switzerland from DACH-matrix residue into a source-backed mixed territory. Strict/main now rests on Switzerland-facing ZVAB/booklooker/Buchfreund/Antiqbook plus native Loopsy; Exsila is legacy/closed as of 2025-12-31; Ricardo/tutti/Galaxus remain annex/horizontal.,2,high:16; medium:2; medium-high:7,"Mixed but mature DACH/Swiss recommerce territory: several Switzerland-facing book-specific marketplace rails, one native schoolbook marketplace, strong secondhand/antiquarian store layer, and horizontal classifieds/retailer spillover. Not as native-platform dense as Germany, but no longer merely a vague used-book signal.","Pass180 Switzerland hardening/opening. Promoted ZVAB Swiss dealer surface, booklooker, Buchfreund, Antiqbook, and Loopsy to strict/main; demoted Exsila to legacy/closed; retained Ricardo/tutti/Galaxus as annex/horizontal; added Buchplanet, Bücher-Brocky, Melando, Bourse aux livres, Livres-occaz, Les Recyclables, EOS, and Eurobuch comparator support."
Syria,Levant / Mashriq,annex / classifieds,annex / classifieds; offline / fair / literacy layer; single-store bookstore layer; single-store used booksellers; used-book signal (territory note); weak-fit core,17,17,0,3,1,3,0,8,"Pass120 confirms Syria has real used-book circulation through Bando city categories, Facebook used-book/social exchange groups, Dar al-Watha’iq Aleppo, and Damascus street/vendor seams; none yet provides independent strict-main marketplace mechanics.",1,high:3; low:1; medium:7; medium-high:6,"Syria is now a post-reopening weak-fit/classifieds/social used-book territory: book fairs and bookstore ecommerce are strengthening, and used-book circulation is visible through Bando and Facebook/Damascus-Aleppo groups, but strict platform evidence remains absent.","After pass120, Syria is targeted medium-high revisit only: reopen for independent book-specific used/recommerce platform or direct seller/listing/payment mechanics beyond Bando/Facebook/social groups."
São Tomé and Príncipe,Gulf of Guinea / Lusophone Atlantic,single-store bookstore layer,annex / classifieds; annex / diaspora spillover; offline fair/literacy layer; single-store bookstore layer,8,8,0,0,0,2,0,2,"Resale evidence is weak/social/generic only: general buy-sell/trade group, generic Facebook Marketplace books category, and diaspora rare-book platforms. No local book-specific used marketplace verified.",0,low:4; medium:1; medium-high:1; medium-low:2,Thin Lusophone island market with a meaningful bookstore/online-order anchor but no verified resale marketplace mechanics.,"Compact pass 1 found no strict main-universe site. Revisit should focus on São Tomé student textbook resale, WhatsApp/Facebook groups, and whether Livraria Nón or local sellers handle used/consignment inventory."
Taiwan,East Asia,main universe,annex / classifieds; main universe; offline / fair / literacy layer; single-store used booksellers; weak-fit core,8,8,3,2,1,0,0,1,,1,high:7; medium:1,"Dense main-universe territory with strong dedicated online book rails, explicit used-book market infrastructure, and a meaningful ebook-specialist shadow layer.","Taiwan resolves as a clear main-universe territory: 博客來 and 金石堂 anchor the mainstream online book channel, while TAAZE adds dense used-book / seller-marketplace depth."
Tajikistan,Central Asia,annex / classifieds,annex / classifieds; offline / fair / literacy layer; single-store bookstore layer; weak-fit core,9,9,0,3,0,2,0,3,Pass 90 added Arzon.tj as a second horizontal classifieds rail and hardened Somon app evidence; no book-specific strict core found.,1,high:4; medium:4; medium-low:1,"Tajikistan remains classifieds-led: Somon and Arzon provide broad used/new ad rails, while KITOBZ/KITOBTJ are weak online-book rails without strict used marketplace proof.",Future work should be low-priority unless a Tajik book-specific sell/exchange platform appears.
Tanzania,East Africa,single-store used bookseller,annex / classifieds; single-store bookstore layer; single-store used bookseller; weak-fit regional pre-loved book rail,12,12,0,0,0,1,0,3,"Strong used/pre-loved book ecology across A Novel Idea, BayreBooks, Book Deal, Lee Books, Bookworms/Vitabu social sellers, READ sales, Books First regional pre-loved supply, Jiji/Loozap classifieds and book-specific social group; no book-specific third-party marketplace verified.",0,high:2; medium:6; medium-high:4,"Tanzania has a dense but non-platformized used/pre-loved book layer: local single-operator used-book shops, social sellers, a book-specific Facebook group, general classifieds and a regional East Africa pre-loved supply rail. The strict-main gate remains closed because there is no verified Tanzania-native standalone book-specific third-party used/recommerce marketplace with seller onboarding/listing/payment mechanics.","Pass135 hardened Tanzania: BayreBooks upgraded to single-store used-book signal; Books First Africa, Loozap, Bookworms Tanzania and Vitabu Corner added; A Novel Idea/Jiji/The Book Deal/book group rechecked; downgraded to targeted medium cleanup."
Thailand,Southeast Asia,annex / classifieds,annex / classifieds; main universe; offline / fair / literacy layer; single-store used booksellers; weak-fit core,16,16,1,3,5,0,0,6,Reshelf is a book-specific secondhand marketplace candidate; Kaidee/Shopee/Lazada/Facebook groups provide horizontal/social used-book depth; Dasa/GetBookie/ChantraBook/A Lot of Books/Lungthong are single-operator used-book layers.,1,high:9; medium:3; medium-high:4,Thailand now has one strict/main secondhand-book marketplace candidate plus strong single-operator and horizontal/social shadow layers.,"Pass144: Reshelf promoted as strict/main candidate; existing Thailand spine source-backed; added Thryft Thailand-facing weak-fit rail, GetBookie/ChantraBook/A Lot of Books/Lungthong used-bookstores, and Shopee/Lazada/Facebook social-marketplace spillover. No broad reopen absent fresh Reshelf mechanics or a new book-specific platform."
The Bahamas,Caribbean,annex / classifieds,annex / classifieds; offline / fair / literacy layer; weak-fit core,5,5,0,2,0,0,0,2,,1,high:2; medium:3,Weak-fit / book-forward territory without enough concentration to dominate as main universe.,"Explicit weak-fit core in checkpoint matrix. || curated hubs, not open marketplace"
The Gambia,West Africa,annex / classifieds,annex / classifieds; single-store bookstore layer; weak-fit core,9,9,0,1,0,2,0,6,Used-book signal is present in general/social classifieds: Facebook Marketplace Banjul/Bakau and broader Gambia buy/sell posts; no book-dominant or book-specific used marketplace was confirmed.,0,high:1; low:3; medium:5,Weak-fit/classifieds-led market with a real bookstore layer. Keep out of strict main universe until a native used-book or seller-onboarding book marketplace is found.,Compact pass 1 found no strict main-universe site. Revisit should focus on Greater Banjul student-textbook resale and WhatsApp/Facebook book-trade groups.
Timor-Leste,Southeast Asia,single-store bookstore layer,single-store bookstore layer,2,2,0,0,0,2,0,0,,0,medium:2,Territory anchored mainly by bookstore layer rather than marketplace depth.,Current-session controlled pass.
Togo,West Africa,annex / classifieds,annex / classifieds; single-store bookstore layer; single-store used / bookstore signal; single-store used booksellers,4,4,0,0,1,1,1,1,"single-store used booksellers: A Vendre Lomé Livres | single-store used / bookstore signal: Star Librairie / Librairie Star | annex / classifieds: CoinAfrique Togo — DVDs, CDs & Livres",0,high:1; low:1; medium:2,"Weak-fit / mixed book-forward territory with classifieds, bookstore, and/or used-book signals but limited strict marketplace evidence.",Runtime-gap bridge reconstruction pass. Rows are web-reverified in this chat and do not recover exact missing 2026-04-24 chat-only rows.
Trinidad and Tobago,Caribbean,offline / fair / literacy layer,annex / classifieds; main universe; offline / fair / literacy layer; single-store used / bookstore signal,5,5,1,0,0,0,1,1,,2,high:1; medium:4,Main-universe territory with supporting lower layers preserved in the compile.,strongest Caribbean specialist-platform case in this run
Tunisia,North Africa / Maghreb,weak-fit core,offline / fair / literacy layer; single-store used booksellers; weak-fit core,6,6,0,4,1,0,0,0,,1,high:6,Weak-fit / book-forward territory without enough concentration to dominate as main universe.,"Multiple native online rails, a dedicated used-book marketplace, and official Tunis International Book Fair infrastructure make Tunisia a real weak-fit core / used-book-plus-fair territory without yet clearing main-universe depth."
Turkey,Greece-Cyprus-Turkey,main universe,main universe; offline / fair / literacy layer,3,3,2,0,0,0,0,0,Pass57 MENA/West Asia hardening updated with current used-book/recommerce evidence; strict core only where book-specific marketplace/seller mechanics were visible.,1,high:3,Strict main-universe territory after hardening.,Also summarized in reconstructed transcript bundle. | Pass57 MENA/West Asia hardening updated with current used-book/recommerce evidence; strict core only where book-specific marketplace/seller mechanics were visible.
Turkmenistan,Central Asia,annex / classifieds,annex / classifieds; offline / fair / literacy layer; single-store bookstore layer; weak-fit core,15,15,0,4,0,3,0,7,"Pass 90 added current app-level horizontal marketplace rails Saraý, Gerekli, KomekciTM and Sanly Bazar; none are book-specific used/recommerce core.",1,high:4; medium:8; medium-high:1; medium-low:2,"Turkmenistan has broad active marketplace/ecommerce rails plus bookstores, but the sweep found no dedicated online used-book marketplace; strict core remains empty.",Selective future check: book-category evidence inside Saraý/Gerekli/KomekciTM/Sanly Bazar; do not promote horizontal marketplaces without book-specific used/exchange rails.
Turks and Caicos,Caribbean,annex / classifieds,annex / classifieds; offline / fair / literacy layer; single-store used / bookstore signal,5,5,0,0,0,0,2,2,,1,medium:5,"Territory with mixed store-owned used-book or exchange signal, but not a clean marketplace case.",small bookstore + classifieds + library
U.S. Virgin Islands,Caribbean,single-store used / bookstore signal,annex / classifieds; offline / fair / literacy layer; single-store used / bookstore signal,9,9,0,0,0,0,4,2,,3,medium:9,"Territory with mixed store-owned used-book or exchange signal, but not a clean marketplace case.",no strong native specialist marketplace; strong bookstore layer; active generic-resale annex; very strong literary / library / exchange infrastructure
Uganda,East Africa,annex / classifieds,annex / classifieds; single-store bookstore layer; single-store used bookstore signal; weak-fit core,8,8,0,1,0,2,0,4,"Used-book/recommerce signal present where noted; strict core only assigned to book-specific used/recommerce rails, not ordinary retail or general classifieds.",0,high:3; low-medium:2; medium:2; medium-high:1,"Uganda has dense general classifieds and a strong bookstore layer, but no book-specific used marketplace verified; Luwum Street and social/classified school-book rails need offline follow-up.",Search for book-only Ugandan Facebook/WhatsApp resale groups and textbook exchange surfaces; verify Luwum Street cluster and any online seller aggregation.
United Arab Emirates,Gulf / Arabian Peninsula,weak-fit core,annex / classifieds; main universe; offline / fair / literacy layer; single-store used / bookstore signal; single-store used booksellers; weak-fit core,11,11,1,4,2,0,1,1,Pass57 MENA/West Asia hardening updated with current used-book/recommerce evidence; strict core only where book-specific marketplace/seller mechanics were visible.,2,high:8; medium:3,Strict main-universe territory after hardening.,"United Arab Emirates closes after pass 1 on Magrudy's + Jarir + Virgin + Bookspoint as the core rails, BookHero as the specialist used-book seam, dubizzle as horizontal spillover, and Abu Dhabi + Sharjah as the unusually strong fair/literacy layer. | Pass57 MENA/West Asia hardening updated with current used-book/recommerce evidence; strict core only where book-specific marketplace/seller mechanics were visible."
United Kingdom,Western Europe,main universe,annex / classifieds; annex / horizontal marketplace; main universe; single-store used booksellers; weak-fit core,54,54,19,19,11,0,0,1,"Pass165 final UK cleanup added ABA Book Search as strict/main; recorded BookSwap, ReadItSwapIt, and Escape with a Good Book as swap/current-status holds or emerging weak-fit rails; added The Monster Bookshop as a large-seller layer; and added viaLibri as UK-relevant global comparator/catalogue infrastructure. ISBN rule applied with Monster Bookshop ISBN/EAN sample and ISBN-search/capability notes for viaLibri.",0,high:42; medium-high:8; medium:4,"Very mature and now saturated UK used-book/recommerce ecosystem with national buyback rails, book-specific marketplaces, association-mediated antiquarian inventories, reader-to-reader and swap-current-status rails, charity/reuse, institutional surplus, large seller, comparator, and horizontal spillover layers.",UK explicitly closed after pass165 final cleanup except for evidence-triggered reopenings; do not keep running broad UK passes.
Uruguay,South America,main universe,main universe,2,2,2,0,0,0,0,0,,0,high:2,Main-universe territory with supporting lower layers preserved in the compile.,Recomputed from normalized explicit-row compile.
Uzbekistan,Central Asia,weak-fit core,annex / classifieds; main universe; offline / fair / literacy layer; single-store used booksellers; weak-fit core,7,7,1,2,1,0,0,1,Pass 90 added Kitabu as a strict-candidate book-specific sell/give/exchange app and Kitob as a provisional sale/rental/exchange startup profile.,2,high:2; low:1; medium:2; medium-high:1; medium-low:1,"Uzbekistan has a credible strict-candidate book-exchange app via Kitabu. Kitob/Kytab remains a dedupe-sensitive weak-fit startup concept: StartupBase supports sale/rental/exchange provenance, but current Kytab.uz/Play surfaces show e-library and author-distribution behavior, not live resale marketplace mechanics.","Pass92 Kitob micro-pass: no promotion, no new canonical row, no dedupe merge into Kitabu; keep Kitob/Kytab as weak-fit provisional unless live marketplace/account-flow evidence resurfaces."
Vatican City,Central Mediterranean,offline / fair / literacy layer,offline / fair / literacy layer; single-store bookstore layer,2,2,0,0,0,1,0,0,,1,high:2,Territory anchored mainly by bookstore layer rather than marketplace depth.,Major library and printed-books infrastructure; retained in literacy/institution layer. || Official Vatican publishing and bookstore rail; bookstore-layer anchor rather than marketplace.
Vietnam,Southeast Asia,single-store used / bookstore signal,annex / classifieds; single-store used / bookstore signal; weak-fit core,5,5,0,2,0,0,2,1,,0,medium:5,Weak-fit / book-forward territory without enough concentration to dominate as main universe.,Current-session controlled pass. || Current-session controlled pass classified Vietnam as upper weak-fit.
Western Sahara / Sahrawi market surface,North/West Africa edge,annex / classifieds,annex / classifieds; external spillover / out-of-scope texture,3,3,0,0,0,0,0,2,"Used-book/recommerce signal present where noted; strict core only assigned to book-specific used/recommerce rails, not ordinary retail or general classifieds.",0,low:2; low-medium:1,"Western Sahara/Sahrawi surface remains sparse: Laâyoune general marketplace pages exist, but book-specific/local Sahrawi book rails were not verified.","Revisit only for Sahrawi-local book fairs, refugee-camp book donation/exchange, Laâyoune/Dakhla bookshop or schoolbook resale evidence; avoid Morocco/Spain/France spillover."
Yemen,Gulf / Arabian Peninsula,single-store bookstore layer,annex / classifieds; offline / fair / literacy layer; single-store bookstore layer; single-store used booksellers; weak-fit core,17,17,0,2,1,7,0,3,"Pass118: Yemen has active used-book classifieds via OpenSooq, a Yemen-delivery used-book social storefront, and offline old/new book-vendor texture in Sana’a, but no standalone book-specific used/recommerce marketplace was verified.",4,high:5; medium:9; medium-high:3,"Conflict-caveated weak-fit/bookstore/classifieds territory. Yemen now has better remote-verifiable bookstore depth and used-book resale texture, but strict main remains empty because evidence is first-party, horizontal, social, or offline.","Pass118 reduced Yemen from broad high revisit to targeted medium. Added active bookstore-depth rows, a social used-book storefront with Yemen delivery, and Sana’a offline vendor texture; retained strict boundary against horizontal/social/offline promotion."
Zambia,Southern Africa,annex / classifieds,annex / classifieds; offline / fair / literacy layer; single-store bookstore layer; weak-fit core,10,10,0,3,0,1,0,5,Deepening pass found used/pre-owned/social-sale signals; no book-specific platform-level used/recommerce marketplace was promoted to strict core.,1,high:4; low-medium:1; medium:5,"Zambia has stronger online bookstore and classifieds/social-sale texture, including Books Online Zambia, CityToo and Facebook Marketplace Lusaka, but no dedicated used-book marketplace verified.",Next hardening should test whether any social/group/category surfaces have open third-party book listing/search/payment/delivery mechanics beyond ordinary Facebook/classifieds flow.
Zimbabwe,Southern Africa,annex / classifieds,annex / classifieds; offline / fair / literacy layer; offline fair/literacy layer; single-store bookstore layer; weak-fit core,11,11,0,3,0,1,0,5,Deepening pass found used/pre-owned/social-sale signals; no book-specific platform-level used/recommerce marketplace was promoted to strict core.,1,high:3; medium:5; medium-high:3,"Zimbabwe has the strongest general-marketplace density in this sprint, with Everything Zimbabwean and Facebook/FB-group book resale plus offline second-hand textbook markets; still no strict book-specific used marketplace.",Next hardening should test whether any social/group/category surfaces have open third-party book listing/search/payment/delivery mechanics beyond ordinary Facebook/classifieds flow.
Venezuela,South America,annex / classifieds,annex / classifieds; annex / horizontal marketplace; annex / social marketplace; annex / social book-sale groups; weak-fit core; single-store bookstore layer; single-store used / bookstore signal; single-store used booksellers; offline / fair / literacy layer,16,16,0,1,2,0,3,6,"Pass196 hardened Venezuela: strong used-book/reuse evidence across MercadoLibre/Facebook/Locanto/Evisos, Libros.ccs operator buy/sell/exchange, Puerto de Libros used/consignment signal, Maracaibo/Valencia/Margarita used-book stores and exchange storefronts, plus FILUC and literacy/exchange layers. No public third-party book-specific marketplace mechanics verified.",4,high:3; medium-high:5; medium:8,"No-strict-main Venezuela profile after two passes: dense horizontal/social/classifieds layer, multiple operator/storefront used-book and exchange surfaces, and significant offline/literacy reuse infrastructure, but no verified Venezuela-native book-specific third-party recommerce marketplace.","Pass196 reclassified Puerto de Libros as single-store used/bookstore signal and hardened Libros.ccs as operator buy/sell/exchange weak-fit. Added regional surfaces for Maracaibo, Valencia/Carabobo and Isla de Margarita. ISBN attempt made; no visible ISBN values captured. Optional pass197 only if the roadmap wants deeper student/textbook/regional hunting; otherwise advance to Hong Kong."
Ukraine,Eastern Europe,main universe,annex / classifieds; annex / horizontal auction; main universe; offline / fair / literacy layer; single-store used / bookstore signal; weak-fit core,22,22,4,3,0,0,7,6,"Ukraine remains a strong strict/main territory after pass211: Bookstock, Liberbee, Bukinist.in.ua and BOOKMARKET.IN.UA retained; added only auction/operator/offline controls.",2,high:11; medium:2; medium-high:9,Strong strict-main Ukraine book recommerce ecosystem with several book-specific buy/sell/swap/direct-contact platforms plus broad horizontal auction/classifieds and dense bukinist operator texture.,"Pass211 targeted hardening retained strict/main candidates, added UNC.UA horizontal auction plus Stara/Modnitsa operator stores, captured no new ISBN values, and lowered revisit pressure to low."
Russia,Eastern Europe / Eurasia,main universe + operator/social/regional controls,main universe; annex horizontal/auction/classifieds; weak-fit metasearch; single-store used booksellers; social resale/group layer; offline/literacy bookcrossing layer; operator circularity/resale controls,36,36,Alib.ru; LibeX / Либекс; RusBuk / Русбук; Books.ru user selling; МоиКниги; Букшеринг; LiveLib Книгообмен; Ofeni.ru / Офени,1,Litamarket; BukinistKniga.ru; КнигаЛавка / KnigaLavka; Старый Ростов / Stary Rostov; Академия / Academics.ru; Книга Плюс / KnigaPlus.ru; Books-Life.ru; Slovobooks.ru; KnigAnt / КнигАнт; Antkniga.ru; Books-Magazin.ru; Oldbooks.ru; КупимКниги.рф,0,0,4,"Pass217 added final saturation controls: RE:BOOKS operator circularity/resale, DaruDar general gifting/books, Barahla.NET and FarPost classifieds. No new strict/main promotion; Russia strict/main set remains eight.",1,high:6; medium-high:15; medium:1,"Russia campaign now has strong file-backed strict/main set plus broad horizontal/auction/classifieds, regional operator, social/gifting and circularity controls. Pass217 found no additional strict-candidate seam; recommend closing Russia campaign for now and returning to backlog.",Pass217 final saturation: added four control rows only. Strict/main unchanged: Alib.ru; LibeX; RusBuk; Books.ru; МоиКниги; Букшеринг; LiveLib Книгообмен; Ofeni.ru. Russia revisit priority can drop from high campaign-open to medium/monitoring.
