territory,region_block,category,entry,entry_type,source_layer,confidence,note,category_role,canonical_entry_key
Afghanistan,South Asia / Central Asia,single-store bookstore layer,Afghanistan Reads / Kabul Reads,site,pass158_current_web,medium,Online bookstore / delivery context for Kabul/Afghanistan with Facebook and article traces. Added only as single-store/bookstore context because current direct inventory and used/recommerce marketplace mechanics were not verified. ISBN note: no ISBN values captured.,primary,afghanistan::afghanistan_reads__kabul_reads
Afghanistan,South Asia / Central Asia,single-store bookstore layer,Aksos Book Store,site,pass158_current_web,medium-high,"Kabul bookstore social surface with large follower/like trace and product-post traces. Added as single-store bookstore/social retail layer, not used-book marketplace. ISBN note: no ISBN values captured in visible search/social render.",primary,afghanistan::aksos_book_store
Afghanistan,South Asia / Central Asia,single-store bookstore layer,BookPoint.af — Online bookstore Afghanistan,site,pass158_current_web,high,"Current Afghanistan online bookstore with book categories, prices in AFN, wishlist/compare/cart/account surfaces, delivery options, and social ordering signal. Added as single-store bookstore layer, not marketplace/recommerce. ISBN note: checked product detail exposes author, cover type, pages, cart/delivery, and related products but no visible ISBN value.",primary,afghanistan::bookpointaf__online_bookstore_afghanistan
Afghanistan,South Asia / Central Asia,annex / social marketplace,Facebook Marketplace — Kabul / Afghanistan Books category,site,pass158_current_web,high,"Facebook Marketplace exposes Kabul/Afghanistan surfaces for new and used Books and Books/Movies/Music, with free item-selling mechanics. Added as annex/social marketplace only because the rail is horizontal/social and not a Afghanistan-native book-specific recommerce platform. ISBN note: no ISBN values captured in visible search/category render.",primary,afghanistan::facebook_marketplace__kabul__afghanistan_books_category
Afghanistan,South Asia / Central Asia,annex / diaspora spillover,Indo Aryana Book Co / Bookseller of Kabul rebuild,site,pass158_current_web,medium-high,"Guardian reporting describes the Bookseller of Kabul rebuilding an online/global book-ordering and delivery channel into Afghanistan after destruction of the Kabul shop/archive. Added as diaspora/book-distribution spillover, not strict-main, because it is a single-operator book distribution/rebuild story rather than a domestic used-book marketplace. ISBN note: no ISBN values captured.",primary,afghanistan::indo_aryana_book_co__bookseller_of_kabul_rebuild
Afghanistan,South Asia / Central Asia,weak-fit core,"Leelam.af — Books, Textbooks and Magazines",site,pass158_current_web,high,"Afghanistan-local horizontal marketplace/classifieds rail with dedicated Books, Textbooks and Magazines category, 12 visible for-sale records, private/company seller split, create-ad/open-store/account mechanics, and app-store claims for new/used local buy-sell activity. Added as weak-fit core, not strict-main, because it is horizontal rather than book-specific used/recommerce. ISBN note: no ISBN values or ISBN fields captured in visible category/listing surfaces.",primary,"afghanistan::leelamaf__books,_textbooks_and_magazines"
Afghanistan,South Asia / Central Asia,weak-fit core,Sale.af — Books & Audible department,site,pass158_current_web,high,"Afghanistan Online Stores / Sale.af exposes a Books & Audible department, login/register/store infrastructure, product/vendor pages, and Afghan vendor address surfaces. Added as weak-fit core for localized ecommerce/book-category infrastructure, not strict-main, because evidence is broad retail/ecommerce and does not show used-book marketplace/recommerce mechanics. ISBN note: no ISBN values captured in visible checked department/store/product surfaces.",primary,afghanistan::saleaf__books_and_audible_department
Albania,CEE/Balkans,single-store bookstore layer,Adrion LTD,site,pass187_current_web,high,"Hardened from URL-less frontier shorthand. Adrion presents itself as Albania's biggest bookstore, with online ordering for Albanian/foreign books and a catalog described as 32,000+ products; product pages expose ISBNs. Kept as single-store/bookstore layer because no used-book or third-party marketplace mechanics were verified. ISBN sample captured: 9781107662186.",primary,albania::adrion
Albania,CEE/Balkans,single-store bookstore layer,Albas,site,pass187_current_web,high,"Hardened from URL-less frontier shorthand. Albas is an active Albanian publisher/book retail surface with order/testimonial evidence; kept as bookstore/publisher layer, not recommerce marketplace. ISBN detail not targeted in this pass.",primary,albania::albas
Albania,CEE/Balkans,single-store used / bookstore signal,B-books on MerrJep,site,pass187_current_web,medium-high,"Added as used-book shop/profile signal inside MerrJep. The page states that it offers used books in very good condition at low prices. Kept as single-profile/merchant texture inside a horizontal classifieds rail, not a standalone marketplace.",primary,albania::b_books_on_merrjep
Albania,CEE/Balkans,single-store bookstore layer,Bookland.al,site,pass187_current_web,medium-high,Added as Albania online bookstore/catalogue layer. Bookland exposes a general book retail catalogue by genre and topic. No used-book or third-party marketplace mechanics verified.,primary,albania::bookland_al
Albania,CEE/Balkans,weak-fit core,Bukinist.al,site,pass187_current_web,high,"Hardened from URL-less frontier shorthand. Bukinist is an Albania-native online bookseller with 6,200+ books, textbooks, English books, and an Antikuar menu/category; product pages expose ISBNs, but no third-party seller or used-book marketplace mechanics were verified. ISBN sample captured from Antikuar/rare-book-adjacent product: 9789995697389.",primary,albania::bukinist
Albania,CEE/Balkans,single-store bookstore layer,Leximtari.al,site,pass187_current_web,medium-high,"Added as Albania online bookstore layer. Leximtari exposes a book-retail catalogue by genres such as novels, poetry, biography and history; no used-book or third-party marketplace mechanics verified.",primary,albania::leximtari_al
Albania,CEE/Balkans,annex / social book-sale groups,Libra të përdorura — Tirana social storefront,site,pass187_current_web,medium,"Added as Albania social used-book storefront. Public Facebook/Instagram snippets identify a Tirana-based used-book seller offering used books in multiple languages. Kept as social/operator signal only, not strict-main platform.",primary,albania::libra_t_p_rdorura_tirana_social_storefront
Albania,CEE/Balkans,single-store bookstore layer,Librari Babel,site,pass187_current_web,medium,"Added as Tirana bookstore/book-cafe layer. The direct website was under construction during this pass, but current third-party and social surfaces identify Babel as an international bookshop/cafe in Tirana with online/DM ordering signals. Not used/recommerce marketplace.",primary,albania::librari_babel
Albania,CEE/Balkans,annex / classifieds,MerrJep.al — Libra dhe revista,site,pass187_current_web,high,"Added as Albania horizontal classifieds/books category. MerrJep.al describes itself as Albania's largest trade/classifieds site and its Libra dhe revista category explicitly lists new and used books, textbooks, children's books, legal books, comics, magazines and wanted/for-sale ads. Not strict main because the platform is broad classifieds, not book-first.",primary,albania::merrjep_al_libra_dhe_revista
Albania,CEE/Balkans,offline / fair / literacy layer,National Academic / Scientific Book Fair — Albania,site,pass187_current_web,high,"Added as academic/scientific book fair/literacy infrastructure. ATA reports the fifth National Academic Book Fair opening in Tirana on April 22, 2026, bringing together around 40 institutions. Context layer only.",primary,albania::national_academic_scientific_book_fair_albania
Albania,CEE/Balkans,single-store used booksellers,ShtepiaeLibrit.com — Old & Used Albanian Books,site,pass187_current_web,high,"Added as Albania online single-operator used-book layer. The site exposes an Old & Used Albanian Books category with 332 products and product pages with ISBN/EAN metadata. Not promoted to strict main because the evidence frames stock as books the operator can find/provide, not third-party marketplace mechanics. ISBN samples captured: 978992820059 and 978999276189.",primary,albania::shtepiaelibrit_com_old_used_albanian_books
Albania,CEE/Balkans,offline / fair / literacy layer,Tirana Book Fair,site,pass187_current_web,high,"Added as Albania offline/literacy infrastructure. Tirana Book Fair is a major annual book fair; 2025 coverage lists November 12-16, 2025 at the Palace of Congresses. This is book-market context, not recommerce marketplace infrastructure.",primary,albania::tirana_book_fair
Algeria,North Africa / Maghreb,weak-fit core,DigiKitab Books,site,web_verified_pass_algeria_2026-04-20,medium,Algeria-facing ebook and digital-library rail adding a meaningful digital-book layer beyond physical-only commerce.,supporting,algeria::digikitab-books
Algeria,North Africa / Maghreb,weak-fit core,Librairie Ambulante,site,web_verified_pass_algeria_2026-04-20,high,Online Algerian bookstore with broad live categories in French and English and explicit nationwide delivery positioning to make books accessible across the country.,primary,algeria::librairie-ambulante
Algeria,North Africa / Maghreb,single-store bookstore layer,Librairie Le Monde Médical,site,web_verified_pass_algeria_2026-04-20,high,"Algiers-based specialist bookstore with a physical address, home-delivery language, and a large medicine-book inventory that confirms concrete city-level bookstore depth.",supporting,algeria::librairie-le-monde-medical
Algeria,North Africa / Maghreb,weak-fit core,Maktaba Shop,site,web_verified_pass_algeria_2026-04-20,high,"Alger-based online bookstore and school-supplies rail with substantial Arabic, French, and English book categories plus a live ecommerce storefront.",primary,algeria::maktaba-shop
Algeria,North Africa / Maghreb,annex / classifieds,Ouedkniss Algeria — Books & Magazines,site,web_verified_pass_algeria_2026-04-20,high,"Large Algerian classifieds platform with a live Books & Magazines vertical and current listings, confirming broad horizontal circulation beyond specialist rails.",supporting,algeria::ouedkniss-books-magazines
Algeria,North Africa / Maghreb,offline / fair / literacy layer,SILA 2025 / Algiers International Book Fair,fair,web_verified_pass_algeria_2026-04-20,high,"Official Algiers International Book Fair platform confirms the 2025 edition, book search, exhibitor search, and large-scale annual national publishing infrastructure.",supporting,algeria::sila-2025-algiers-book-fair
Algeria,North Africa / Maghreb,weak-fit core,Vitamine.dz,site,web_verified_pass_algeria_2026-04-20,high,"Algeria-facing online bookstore dedicated to French and Arabic books, explicitly including new and used books, with secure purchasing and rapid delivery.",primary,algeria::vitamine-dz
Algeria,North Africa / Maghreb,single-store used booksellers,readSina,site,web_verified_pass_algeria_2026-04-20,high,"Dedicated Algerian marketplace for pre-loved books connecting readers across all 58 wilayas, with live Arabic, French, and English used-book listings.",primary,algeria::readsina
Andorra,Iberia,annex / classifieds,Busco.ad,site,iberia_matrix_2026_04_15,high,Strong bookstore and library ecology without a clear native multi-seller marketplace.,primary,andorra::busco.ad
Andorra,Iberia,single-store bookstore layer,La Puça,site,iberia_matrix_2026_04_15,high,Strong bookstore and library ecology without a clear native multi-seller marketplace.,primary,andorra::la puça
Andorra,Iberia,single-store bookstore layer,La Trenca,site,iberia_matrix_2026_04_15,high,Strong bookstore and library ecology without a clear native multi-seller marketplace.,primary,andorra::la trenca
Andorra,Iberia,single-store bookstore layer,Llibreria Francesa,site,iberia_matrix_2026_04_15,high,Strong bookstore and library ecology without a clear native multi-seller marketplace.,primary,andorra::llibreria francesa
Andorra,Iberia,offline / fair / literacy layer,Sant Jordi programming,site,iberia_matrix_2026_04_15,high,Strong bookstore and library ecology without a clear native multi-seller marketplace.,primary,andorra::sant jordi programming
Andorra,Iberia,offline / fair / literacy layer,Xarxa de Biblioteques d'Andorra,site,iberia_matrix_2026_04_15,high,Strong bookstore and library ecology without a clear native multi-seller marketplace.,primary,andorra::xarxa de biblioteques d'andorra
Andorra,Iberia,offline / fair / literacy layer,eBiblio,site,iberia_matrix_2026_04_15,high,Strong bookstore and library ecology without a clear native multi-seller marketplace.,primary,andorra::ebiblio
Angola,Southwest / Lusophone Africa,main universe,Angolivros,book_specific_buy_sell_used_trade_marketplace,rbm_pass106_angola_strict_core_hardening,high,"Current official site is explicitly a site to buy and sell books, includes Start Selling flows, seller account/dashboard/footer mechanics, and used-book sell/trade copy; strict-main book-specific marketplace candidate.",primary,angola_angolivros
Angola,Southwest / Lusophone Africa,annex / classifieds,Bazar Literário de Angola,book_specific_social_buy_sell_trade_group,runtime_gap_bridge_web_2026_04_25_lusophone_indian_ocean_sprint,medium,"Book-specific national Facebook group for selling, buying, and trading new and used books; social rail, not standalone marketplace.",supporting,angola_bazar_literario_de_angola
Angola,Southwest / Lusophone Africa,weak-fit core,Lello & Companhia / IShopIT Angola,online_bookstore_marketplace_like_retail,runtime_gap_bridge_web_2026_04_25_lusophone_indian_ocean_sprint,medium-high,Major Angolan online store with physical/digital book categories and IShopIT marketplace branding; not used-book or third-party book-specific evidence.,supporting,angola_lello_companhia_ishopit_angola
Angola,Southwest / Lusophone Africa,single-store bookstore layer,Livraria Barquinho online ordering,online_bookstore_social_retail,runtime_gap_bridge_web_2026_04_25_lusophone_indian_ocean_sprint,medium-low,"Social-source row points to livrariabarquinho.net ordering/reservation flow; bookstore layer, not marketplace.",supporting,angola_livraria_barquinho_online_ordering
Angola,Southwest / Lusophone Africa,single-store bookstore layer,Livraria Doce Livros,local_bookstore_social_retail,runtime_gap_bridge_web_2026_04_25_lusophone_indian_ocean_sprint,low-medium,"Luanda/Talatona social bookstore surface for evangelical, youth, personal-development, national-literature and academic books.",supporting,angola_livraria_doce_livros
Angola,Southwest / Lusophone Africa,single-store bookstore layer,Livraria Mensagem via Allbiz Angola,online_storefront_book_seller,runtime_gap_bridge_web_2026_04_25_lusophone_indian_ocean_sprint,medium,Allbiz storefront shows Livraria Mensagem in Luanda with book products and seller contact; single-store row.,supporting,angola_livraria_mensagem_via_allbiz_angola
Angola,Southwest / Lusophone Africa,single-store bookstore layer,Mayamba Editora / book product pages on Lello,publisher_bookstore_trace,runtime_gap_bridge_web_2026_04_25_lusophone_indian_ocean_sprint,low-medium,Book product metadata exposes Angolan publisher/contact surface through Lello pages; supporting bookstore/publisher texture.,supporting,angola_mayamba_editora_book_product_pages_on_lello
Angola,Southwest / Lusophone Africa,annex / classifieds,OLX Angola / Luanda social book posts,general_social_classifieds_book_posts,runtime_gap_bridge_web_2026_04_25_lusophone_indian_ocean_sprint,low-medium,General social/classifieds book sale posts for physical books in Luanda; not book-dominant marketplace evidence.,supporting,angola_olx_angola_luanda_social_book_posts
Angola,Southwest / Lusophone Africa,main universe,Sebo Talatona / Sebo - Livros usados,online_used_book_intermediation_platform,runtime_gap_bridge_web_2026_04_25_lusophone_indian_ocean_sprint; rbm_pass106_angola_strict_core_hardening,medium-high,"Current social/app-visible evidence continues to describe Sebo Talatona as an online intermediation platform for selling, buying, or trading used books, with WhatsApp contact and recent listing traces; remains strong strict-candidate, pending non-social domain/account-flow proof.",primary,angola_sebo_talatona_sebo_livros_usados
Angola,Southwest / Lusophone Africa,weak-fit core,Ubuy Angola Books,ordinary_ecommerce_import_retail_books,runtime_gap_bridge_web_2026_04_25_lusophone_indian_ocean_sprint,low,Import/ecommerce book category for Angola; useful weak retail texture only.,supporting,angola_ubuy_angola_books
Angola,Southwest / Lusophone Africa,annex / classifieds,Venda de livros usados e novos Angola,book_specific_social_resale_group,runtime_gap_bridge_web_2026_04_25_lusophone_indian_ocean_sprint,medium,Book-specific social group for sale/trade of used and new books in Angola; social category/rail only.,supporting,angola_venda_de_livros_usados_e_novos_angola
Anguilla,Caribbean,offline / fair / literacy layer,Anguilla Lit Fest,site,consolidated_matrix_2026_04_15,medium,one notable bookstore + literary ecosystem,primary,anguilla::anguilla lit fest
Anguilla,Caribbean,single-store used / bookstore signal,Coral Reef Bookstore,site,consolidated_matrix_2026_04_15,medium,one notable bookstore + literary ecosystem,primary,anguilla::coral reef bookstore
Anguilla,Caribbean,offline / fair / literacy layer,library,site,consolidated_matrix_2026_04_15,medium,one notable bookstore + literary ecosystem,primary,anguilla::library
Antigua and Barbuda,Caribbean,annex / classifieds,BambaAd,site,consolidated_matrix_2026_04_15,medium,thin marketplace depth,primary,antigua and barbuda::bambaad
Antigua and Barbuda,Caribbean,single-store used / bookstore signal,Best of Books,site,consolidated_matrix_2026_04_15,medium,thin marketplace depth,primary,antigua and barbuda::best of books
Antigua and Barbuda,Caribbean,single-store used / bookstore signal,Cindy's,site,consolidated_matrix_2026_04_15,medium,thin marketplace depth,primary,antigua and barbuda::cindy's
Antigua and Barbuda,Caribbean,annex / classifieds,Classi4U,site,consolidated_matrix_2026_04_15,medium,thin marketplace depth,primary,antigua and barbuda::classi4u
Antigua and Barbuda,Caribbean,offline / fair / literacy layer,Logos Hope,site,consolidated_matrix_2026_04_15,medium,thin marketplace depth,primary,antigua and barbuda::logos hope
Antigua and Barbuda,Caribbean,single-store used / bookstore signal,Ten Pages,site,consolidated_matrix_2026_04_15,medium,thin marketplace depth,primary,antigua and barbuda::ten pages
Antigua and Barbuda,Caribbean,offline / fair / literacy layer,reading programs,site,consolidated_matrix_2026_04_15,medium,thin marketplace depth,primary,antigua and barbuda::reading programs
Argentina,South America,annex / classifieds,Anuto Argentina — vende libro classifieds,horizontal_classifieds_book_search,runtime_gap_bridge_web_2026_05_03_pass137_argentina_hardening,medium,Argentina horizontal classifieds/search surface with used-book and book-selling ads. Useful low-to-medium classifieds texture; not book-specific strict infrastructure.,supporting,argentina_anuto_vende_libro_horizontal_classifieds
Argentina,South America,main universe,BiblioMarket,book_specific_c2c_used_book_marketplace,runtime_gap_bridge_web_2026_05_03_pass137_argentina_hardening,high,"Pass137 fresh check confirms BiblioMarket is a C2C marketplace specialized in buying/selling used books in Argentina, with free listings, MercadoPago payments, OCA shipping/tracking, seller withdrawal commission, support FAQ and city-specific used-book pages. Retained as high strict-main spine.",primary,argentina::bibliomarket
Argentina,South America,weak-fit core,Buscalibre Argentina,online_book_retailer_with_used_filter,runtime_gap_bridge_web_2026_05_03_pass137_argentina_hardening,medium-high,"Reclassified from main universe to weak-fit core. Current Argentina pages show a major online bookstore/import retail surface with Estado filters for Nuevos/Usados/Anticuarios, but the pass did not verify Argentina-native open seller onboarding/listing/payment mechanics for used-book sellers. Used inventory signal retained; strict used-marketplace promotion removed.",primary,argentina::buscalibre argentina
Argentina,South America,annex / social resale,Facebook groups — Libros usados Buenos Aires / Zona Sur / CABA,social_used_book_buy_sell_groups,runtime_gap_bridge_web_2026_05_03_pass137_argentina_hardening,medium,"Book-specific social groups for buying and selling second-hand books in Buenos Aires/CABA/Zona Sur. Confirms active social used-book circulation, but Facebook-hosted rather than independent platform infrastructure.",supporting,argentina_facebook_libros_usados_buenos_aires_groups
Argentina,South America,single-store used booksellers,La Libre — online used-books gallery,cooperative_single_store_used_bookshop_online,runtime_gap_bridge_web_2026_05_03_pass137_argentina_hardening,medium-high,"La Libre online used-books gallery/cooperative store with product categories and online payment/order flow. Single-store/cooperative used-book shop, not third-party marketplace.",supporting,argentina_la_libre_usados_online_cooperative_store
Argentina,South America,single-store used booksellers,LibreriaUsados.com — Libros usados Argentina,single_operator_used_rare_bookstore_online,runtime_gap_bridge_web_2026_05_03_pass137_argentina_hardening,medium-high,"Argentina online used/rare bookstore claiming 40,000+ titles, discounts/used-stock depth and nationwide shipping. Useful single-operator stock layer; not open marketplace.",supporting,argentina_libreriausados_40000_used_rare_titles
Argentina,South America,weak-fit core,LibreroOnline — Argentina / Latin America used-book network,regional_used_book_network_country_scope_hold,runtime_gap_bridge_web_2026_05_03_pass137_argentina_hardening,medium,"Book-specific Latin American used-book network with reader and books-by-country/category surfaces including Argentina, but current pass did not verify Argentina-local seller depth or transaction flow. Added as regional weak-fit/country-scope hold.",supporting,argentina_libreroonline_used_book_network_argentina_hold
Argentina,South America,single-store used booksellers,"Librería Aguilar — used/new books, buys books",single_store_used_new_bookshop_online,runtime_gap_bridge_web_2026_05_03_pass137_argentina_hardening,medium-high,"Villa Urquiza / Argentina online single-store bookseller selling new and used books, shipping nationwide and buying books. Useful used-book depth but single-operator, not platform infrastructure.",supporting,argentina_libreria_aguilar_used_new_buys_books
Argentina,South America,annex / classifieds,MercadoLibre Argentina — Libros usados category,horizontal_marketplace_used_books_category,runtime_gap_bridge_web_2026_05_03_pass137_argentina_hardening,high,"Argentina horizontal ecommerce/marketplace with visible used-books category and extensive seller ecosystem. Strong spillover and important national rail, but broad/horizontal rather than book-specific strict-main infrastructure.",supporting,argentina_mercadolibre_libros_usados_horizontal_marketplace
Argentina,South America,main universe,Pila de Libros,book_specific_used_book_exchange_matching_platform,runtime_gap_bridge_web_2026_05_03_pass137_argentina_hardening,high,"Promoted from weak-fit core to main universe as a book-specific used-book exchange/reuse rail. Direct site and current press describe a free Tinder-like platform where users upload books they offer, match with wanted books/users nearby, and arrange public exchanges; media reports describe large active Spanish-language user/interchange scale. It is exchange-first rather than cash marketplace, so mechanics caveat retained.",primary,argentina::pila de libros
Argentina,South America,main universe,Tubuc,book_specific_used_book_marketplace_plus_indie_authors,runtime_gap_bridge_web_2026_05_03_pass137_argentina_hardening,high,"Pass137 fresh check confirms Tubuc as Argentine platform/marketplace for buying and selling used books between people, with user registration, book upload, MercadoPago settlement, OCA or allied cafe pickup, seller commission, current product pages and independent-author publication lane. Retained as high strict-main spine.",primary,argentina::tubuc
Armenia,Caucasus,weak-fit core,Book Prize,site,frontier_note_shorthand,medium,Recovered from frontier shorthand 'Bookinist/Phoenix/Book Prize core'.,primary,armenia::book prize
Armenia,Caucasus,weak-fit core,Bookinist,site,frontier_note_shorthand,medium,Recovered from frontier shorthand 'Bookinist/Phoenix/Book Prize core'.,primary,armenia::bookinist
Armenia,Caucasus / Caspian + Central Asia,weak-fit core,Buy Armenian — marketplace with books,site,runtime_gap_bridge_web_2026_04_25_caucasus_central_asia_hardening_sprint,medium-low,"Made-in-Armenia marketplace includes books among broader categories; book-forward enough to keep as weak-fit ecommerce, not used/recommerce core.",supporting,armenia_buy_armenian_marketplace_with_books
Armenia,Caucasus / Caspian + Central Asia,single-store used booksellers,Gir.am — Bookinist category,site,runtime_gap_bridge_web_2026_04_25_caucasus_central_asia_hardening_sprint,medium,"Armenia online bookstore with a Bookinist/used-book category. Useful used-book/store layer, but no third-party seller marketplace mechanics verified.",used-bookseller,armenia_gir_am_bookinist_category
Armenia,Caucasus / Caspian + Central Asia,annex / classifieds,List.am — Books and Magazines,site,runtime_gap_bridge_web_2026_04_25_caucasus_central_asia_hardening_sprint,medium-high,"Armenia-wide horizontal classifieds/books category; search-visible book listings include used and new private ads. Kept annex/classifieds, not book-specific core.",supporting,armenia_list_am_books_and_magazines
Armenia,Caucasus,weak-fit core,Phoenix,site,frontier_note_shorthand,medium,Recovered from frontier shorthand 'Bookinist/Phoenix/Book Prize core'.,primary,armenia::phoenix
Armenia,Caucasus / Caspian + Central Asia,offline / fair / literacy layer,Yerevan Vernissage book/old-collection market,market,runtime_gap_bridge_web_2026_04_25_caucasus_central_asia_hardening_sprint,medium,"Open-air Yerevan market where books/old collections are part of the market ecology; retained as offline used/antiquarian context, not online platform core.",contextual,armenia_yerevan_vernissage_book_old_collection_market
Aruba,Caribbean,annex / classifieds,AruList,site,consolidated_matrix_2026_04_15,medium,store + library/event ecosystem,primary,aruba::arulist
Aruba,Caribbean,annex / classifieds,Kugli note,site,consolidated_matrix_2026_04_15,medium,store + library/event ecosystem,primary,aruba::kugli note
Aruba,Caribbean,single-store used / bookstore signal,Plaza Bookshop,site,consolidated_matrix_2026_04_15,medium,store + library/event ecosystem,primary,aruba::plaza bookshop
Aruba,Caribbean,offline / fair / literacy layer,children's festival,site,consolidated_matrix_2026_04_15,medium,store + library/event ecosystem,primary,aruba::children's festival
Aruba,Caribbean,offline / fair / literacy layer,library second-hand market,site,consolidated_matrix_2026_04_15,medium,store + library/event ecosystem,primary,aruba::library second-hand market
Aruba,Caribbean,single-store used / bookstore signal,university bookstore,site,consolidated_matrix_2026_04_15,medium,store + library/event ecosystem,primary,aruba::university bookstore
Austria,DACH,single-store bookstore layer,400+ bookshops in national trade ecology,site,dach_matrix_2026_04_16,high,"Very deep hybrid territory: not as book-pure as Germany, but thick in recommerce, antiquarian trade, stores, and institutions.",primary,austria::400+ bookshops in national trade ecology
Austria,DACH,single-store used-bookseller,Antiquariat Deinbacher,site,live_web_verified_pass179,high,"Austrian antiquarian shop with online inventory of more than 50,000 books/maps/rare works; single-store used/rare-bookseller layer.",primary,austria::antiquariat deinbacher
Austria,DACH,main universe,Antiquariate in Österreich / Antiquariatsportal,site,live_web_verified_pass179,medium-high,"Austria-focused antiquarian/used-book portal surface; book-specific searchable shop layer, counted as strict-main candidate for Austrian antiquarian trade.",primary,austria::antiquariate in osterreich antiquariatsportal
Austria,DACH,weak-fit core,Bookbot Austria,site,live_web_verified_pass179,high,"Austria-local Bookbot surface: used-book buying/selling, Austrian pickup/courier/parcel workflow, ISBN scanner and 75% seller-share model; operator-mediated rather than open third-party marketplace.",primary,austria::bookbot austria
Austria,DACH,offline / fair / literacy layer,Buch Wien,site,dach_matrix_2026_04_16,high,"Very deep hybrid territory: not as book-pure as Germany, but thick in recommerce, antiquarian trade, stores, and institutions.",primary,austria::buch wien
Austria,DACH,main universe,Buchfreund — Austria-facing antiquarian marketplace,site,live_web_verified_pass179,medium-high,Book-specific antiquarian/used-book marketplace with millions of offers from antiquarians and booksellers; counted as Austria-facing DACH infrastructure.,primary,austria::buchfreund austria facing antiquarian marketplace
Austria,DACH,single-store used-bookseller,Der Buchfreund / Antiquariat Walter R. Schaden,site,live_web_verified_pass179,high,"Large Vienna antiquarian/used-book seller with online catalogue and long-standing used/rare-book evidence; single-store layer, not open third-party marketplace.",primary,austria::der buchfreund antiquariat walter r schaden
Austria,DACH,comparator / discovery infrastructure,Eurobuch.at,site,live_web_verified_pass179,high,"Austrian book metasearch/price-comparison surface across new, used, antiquarian and out-of-print books; discovery/comparator, not direct marketplace.",primary,austria::eurobuch at
Austria,DACH,single-store used-bookseller,INLIBRIS Gilhofer Nfg.,site,live_web_verified_pass179,high,Austria-based rare-book/antiquarian bookseller with online shop and item stock; single-operator used/rare-bookseller layer.,primary,austria::inlibris gilhofer nfg
Austria,DACH,weak-fit core,Morawa,site,live_web_verified_pass179,high,Morawa BuchCycling/Zeercle flow enables used-book return/sale for Morawa credit; retailer/operator-mediated recommerce rather than open marketplace.,primary,austria::morawa
Austria,DACH,single-store bookstore layer,Thalia Austria,site,live_web_verified_pass179,high,Austrian bookstore-chain layer retained separately; former Vienna used-book pilot is recorded as a separate legacy/closed row rather than treated as active recommerce.,primary,austria::thalia austria
Austria,DACH,legacy / dormant / closed,Thalia Austria used-book pilot / Bookbot cooperation,site,live_web_verified_pass179,medium-high,2024 Vienna used-book pilot/cooperation with Bookbot documented separately and marked closed/legacy after public reporting that the in-store return action ended in October 2024.,primary,austria::thalia austria used book pilot bookbot cooperation
Austria,DACH,weak-fit core,Tyrolia Lesestoffwechsel,site,live_web_verified_pass179,high,"Tyrolia/Zeercle used-book buyback/reuse flow across Austrian locations with ISBN registration/scanning and voucher compensation; operator-mediated recommerce, not open marketplace.",primary,austria::tyrolia lesestoffwechsel
Austria,DACH,offline / fair / literacy layer,Verband der Antiquare Österreichs (VDAÖ),site,live_web_verified_pass179,high,National antiquarian-booksellers association layer; validates organized Austrian antiquarian trade but is not itself a transactional marketplace.,primary,austria::verband der antiquare osterreichs vdao
Austria,DACH,used-book signal (territory note),Very strong incl. organized antiquarian layer,territory_note,dach_matrix_2026_04_16,medium,"Very deep hybrid territory: not as book-pure as Germany, but thick in recommerce, antiquarian trade, stores, and institutions.",primary,austria::very strong incl. organized antiquarian layer
Austria,DACH,main universe,ZVAB — Austrian antiquarian dealer surface,site,live_web_verified_pass179,medium-high,"Austria-facing ZVAB antiquarian-dealer search surface; book-specific multi-seller antiquarian infrastructure with Austrian dealers, cross-border/DACH rather than Austria-only.",primary,austria::zvab austrian antiquarian dealer surface
Austria,DACH,main universe,booklooker.de — Austria-facing DACH used-book marketplace,site,live_web_verified_pass179,medium-high,"Book-specific used and antiquarian marketplace with buy/sell, price comparison and buyer protection; counted for Austria as DACH-facing marketplace infrastructure, not Austria-native.",primary,austria::booklooker de austria facing dach used book marketplace
Austria,DACH,offline / fair / literacy layer,fixed-price support structures,site,dach_matrix_2026_04_16,high,"Very deep hybrid territory: not as book-pure as Germany, but thick in recommerce, antiquarian trade, stores, and institutions.",primary,austria::fixed-price support structures
Austria,DACH,weak-fit core,large books rail on willhaben,site,live_web_verified_pass179,high,"willhaben has substantial used-book category depth, but remains broad horizontal classifieds rather than book-first strict-main infrastructure.",primary,austria::large books rail on willhaben
Austria,DACH,annex / classifieds,willhaben is economically major but methodologically annex,site,live_web_verified_pass179,high,"Horizontal Austrian classifieds rail; enormous antique-books/books inventory, but not book-first or book-specific marketplace governance.",primary,austria::willhaben is economically major but methodologically annex
Austria,DACH,offline / fair / literacy layer,Österreichische Nationalbibliothek,site,dach_matrix_2026_04_16,high,"Very deep hybrid territory: not as book-pure as Germany, but thick in recommerce, antiquarian trade, stores, and institutions.",primary,austria::österreichische nationalbibliothek
Azerbaijan,Caucasus,weak-fit core,Ali & Nino,site,frontier_note_shorthand,medium,Recovered from frontier shorthand 'Ali & Nino / Baku Book Center core'.,primary,azerbaijan::ali & nino
Azerbaijan,Caucasus,weak-fit core,Baku Book Center,site,frontier_note_shorthand,medium,Recovered from frontier shorthand 'Ali & Nino / Baku Book Center core'.,primary,azerbaijan::baku book center
Azerbaijan,Caucasus / Caspian + Central Asia,single-store used booksellers,Bukinist.az,site,runtime_gap_bridge_web_2026_04_25_caucasus_central_asia_hardening_sprint,medium-high,"Azerbaijan/Baku online bukinist-style book catalogue with many categories; retained as single-store/used-book layer, not multi-seller marketplace.",used-bookseller,azerbaijan_bukinist_az
Azerbaijan,Caucasus / Caspian + Central Asia,annex / classifieds,Facebook Marketplace Baku — Books,social_marketplace,runtime_gap_bridge_web_2026_04_25_caucasus_central_asia_hardening_sprint,medium-low,Item-level Baku books resale signal on Facebook Marketplace; social classifieds layer only.,supporting,azerbaijan_facebook_marketplace_baku_books
Azerbaijan,Caucasus / Caspian + Central Asia,annex / classifieds,Tap.az — Azerbaijan classifieds / books spillover,site/app,runtime_gap_bridge_web_2026_04_25_caucasus_central_asia_hardening_sprint,medium-high,"Azerbaijan-wide horizontal classifieds app/site for buying/selling; retained as classifieds spillover for book listings, not specialist core.",supporting,azerbaijan_tap_az_azerbaijan_classifieds_books_spillover
Bahrain,Gulf / Arabian Peninsula,offline / fair / literacy layer,Bahrain International Book Fair,institution,gulf bahrain pass1,high,Official long-running national book-fair infrastructure under the Bahrain cultural authority with large publisher participation and high historical attendance; strong fair/literacy layer even though the current pass is mainly retail-facing.,supporting,bahrain::bahrain international book fair
Bahrain,MENA / West Asia hardening,single-store used / bookstore signal,Bahrain thrift shop book selection,site,mena_west_asia_hardening_web_pass57,low,Thrift-shop book selection signal; low-confidence supporting used-book surface.,supporting,bahrain::bahrain_thrift_shop_book_selection
Bahrain,Gulf / Arabian Peninsula,weak-fit core,Book Mart W.L.L,site,gulf bahrain pass1,medium,"Native Bahrain bookstore storefront with searchable books inventory, curriculum/education emphasis, and fixed Manama contact/order channels; useful local ecommerce corroboration even if more education-forward than mass-market.",secondary,bahrain::book mart wll
Bahrain,MENA / West Asia hardening,single-store used / bookstore signal,BooksPlanet Bahrain used-original-books signal,site,mena_west_asia_hardening_web_pass57,medium,Used original books social-sale signal; not enough for platform core.,supporting,bahrain::booksplanet_bahrain_used_original_books_signal
Bahrain,Gulf / Arabian Peninsula,weak-fit core,Jarir Bookstore Bahrain,site,gulf bahrain pass1,high,"Verified Bahrain-facing online book rail with dedicated English and Arabic book sections, Bahrain delivery preference, and broad subject/category depth; strongest current generalist book-commerce spine in the pass.",primary,bahrain::jarir bookstore bahrain
Bahrain,Gulf / Arabian Peninsula,single-store bookstore layer,National Bookshop,site,gulf bahrain pass1,medium,Concrete multi-branch bookstore-layer anchor with Manama branch details and directory-confirmed Bahrain presence; retained in store layer because a live current ecommerce spine was not strongly verified in-pass.,supporting,bahrain::national bookshop
Bahrain,Gulf / Arabian Peninsula,annex / classifieds,OpenSooq Bahrain — books,site,gulf bahrain pass1,medium,Horizontal classifieds spillover with a live Bahrain books-for-sale category and current used-book listings; supports a real second-hand seam without proving a specialist used-book marketplace.,supporting,bahrain::opensooq books
Bahrain,Gulf / Arabian Peninsula,single-store bookstore layer,That Al Salasil / WHSmith Bahrain,site,gulf bahrain pass1,medium,"Bookstore-layer chain anchor with Bahrain mall and airport presence, bilingual book categories, and explicit Bahrain branch details; useful confirmation of modern chain bookstore substrate without needing to count it as a primary native marketplace spine.",supporting,bahrain::that al salasil whsmith bahrain
Bahrain,Gulf / Arabian Peninsula,weak-fit core,Virgin Megastore Bahrain — books,site,gulf bahrain pass1,high,"Verified Bahrain-facing online bookshop with fiction, non-fiction, kids & teens, Arabic, Islamic, and French book categories plus live priced inventory; meaningful broader retail-book rail rather than just a token books shelf.",secondary,bahrain::virgin megastore bahrain books
Bahrain,MENA / West Asia hardening,annex / classifieds,dubizzle Bahrain — Used Books,site,mena_west_asia_hardening_web_pass57,high,Used-books category with visible Bahrain listings and sell/post mechanics; horizontal classified rail.,supporting,bahrain::dubizzle_bahrain_used_books
Barbados,Caribbean,annex / classifieds,Agogo,site,consolidated_matrix_2026_04_15,medium,"stores and fairs, not marketplace",primary,barbados::agogo
Barbados,Caribbean,annex / classifieds,BajanMarket,site,consolidated_matrix_2026_04_15,medium,"stores and fairs, not marketplace",primary,barbados::bajanmarket
Barbados,Caribbean,offline / fair / literacy layer,Bim Lit Fest,site,consolidated_matrix_2026_04_15,medium,"stores and fairs, not marketplace",primary,barbados::bim lit fest
Barbados,Caribbean,single-store used / bookstore signal,Book Den + bookstore/order-service layer,site,consolidated_matrix_2026_04_15,medium,"stores and fairs, not marketplace",primary,barbados::book den + bookstore/order-service layer
Barbados,Caribbean,annex / classifieds,CityToo,site,consolidated_matrix_2026_04_15,medium,"stores and fairs, not marketplace",primary,barbados::citytoo
Barbados,Caribbean,offline / fair / literacy layer,NIFCA fair,site,consolidated_matrix_2026_04_15,medium,"stores and fairs, not marketplace",primary,barbados::nifca fair
Belarus,Eastern Europe,weak-fit core,Ay.by — Books / Букинистика auctions,horizontal_auction_marketplace_with_book_specific_verticals,live_web_pass153_zero_surface_opening,high,"Ay.by exposes a books section with genre/category rails and a separate Bukinistika surface where users can buy, sell, and exchange old books, newspapers, magazines, documents, and reprints. The Bukinistika page reports 94,290 lots and buy-now/auction/free/want-to-buy filters. Kept weak-fit core because the platform is broader than books even though the book vertical is deep. ISBN note: No ISBN values captured in visible category/listing render; evidence is auction/classified lot-level, not structured bibliographic metadata.",zero-surface opening row,belarus::ay_by_books_bukinistika_auction_vertical
Belarus,Eastern Europe,single-store bookstore layer,Bestbooks.by,belarus_online_bookstore_broad_book_inventory,live_web_pass153_zero_surface_opening,high,"Bestbooks.by exposes account/cart/search, many book categories, order/delivery language for Minsk and Belarus, and current order-date/update text. Kept as bookstore-layer context only; no used-book marketplace, seller onboarding, or recommerce mechanics were found. ISBN note: No ISBN values captured in visible homepage/product-card render; product-detail ISBN could be tested separately but this is not a strict-main candidate.",zero-surface opening row,belarus::bestbooks_by_online_bookstore
Belarus,Eastern Europe,weak-fit core,BookSale.by — legacy used-book classifieds board,legacy_book_specific_used_book_classifieds_board_current_status_unverified,live_web_pass153_zero_surface_opening,low-medium,"A 2017 Belarus source describes BookSale.by as a book-specific used-book classifieds board launched in 2016, with several thousand registered users and more than 2,500 active ads at the time. Direct current fetch failed in this runtime, so it is retained as legacy/current-status hold, not a current strict-main promotion. ISBN note: No current public listing/detail render available; ISBN capture not possible in this pass.",zero-surface opening row,belarus::booksale_by_legacy_used_book_board
Belarus,Eastern Europe,annex / classifieds,Cogart.by — book and antiquarian-book auction categories,auction_collectibles_platform_with_book_categories,live_web_pass153_zero_surface_opening,medium-high,"Cogart exposes registration/login, books category rails, a Bukinisticheskie i antikvarnye knigi category, and lot cards with dates/status/prices. Kept annex/auction spillover because it is an auction/collectibles surface rather than a book-specific used-book marketplace. ISBN note: No ISBN values captured in visible auction lot/category render.",zero-surface opening row,belarus::cogart_book_antiquarian_auction_categories
Belarus,Eastern Europe,annex / classifieds,IRR.by — books and papers classifieds,classifieds_books_magazines_newspapers_category,live_web_pass153_zero_surface_opening,medium,IRR.by books/papers page exposes Belarus listings with seller/location/price and states that the subsection contains 150 ads for sale of books and magazines. Treated as annex/classifieds only. ISBN note: No ISBN values captured in visible listing surface.,zero-surface opening row,belarus::irr_by_booksandpapers_classifieds
Belarus,Eastern Europe,annex / classifieds,Kufar — Книги и журналы,horizontal_classifieds_books_category,live_web_pass153_zero_surface_opening,high,"Current Kufar books/magazines category is Belarus-scoped and shows 57,633 listings. It supports buy/sell behavior through a horizontal classifieds marketplace, but is not book-specific and therefore remains annex/classifieds only. ISBN note: No ISBN values captured in visible category/search card render; ISBN capability not observed in the checked surface.",zero-surface opening row,belarus::kufar_books_magazines_classifieds
Belarus,Eastern Europe,annex / classifieds,Kupika.by — Книги и журналы,horizontal_private_commercial_classifieds_books_category,live_web_pass153_zero_surface_opening,medium-high,"Kupika describes private and commercial ads for buying/selling books and magazines in Belarus, including rare books, textbooks, encyclopedias, and comics, and explicitly says users can give read books a second life. Remains annex/classifieds only because the rail is not book-specific and platform mechanics are generic classified ads. ISBN note: No ISBN values captured in visible category text/listing surface.",zero-surface opening row,belarus::kupika_books_magazines_classifieds
Belarus,Eastern Europe,single-store used / bookstore signal,Mybooks.by — Букинистика category,online_bookstore_bukinistika_category,live_web_pass153_zero_surface_opening,medium,"Search-result evidence identifies Mybooks.by as a Minsk online bookstore with delivery across Minsk and Belarus and a Bukinistika category. Direct fetch hit a Unicode decoding error in this runtime, so the row is preserved only as single-store used/bookstore signal pending future direct verification. ISBN note: No ISBN values captured; direct page fetch failed and category was not parsed.",zero-surface opening row,belarus::mybooks_by_bukinistika_used_bookstore_signal
Belarus,Eastern Europe,annex / classifieds,Onliner Baraholka — books search/category surface,horizontal_forum_classifieds_books_search,live_web_pass153_zero_surface_opening,high,"Onliner Baraholka search result shows book listings with category, seller profile, city, price, and recent bump/update timestamps. Treated as annex/classifieds because this is a horizontal classifieds rail rather than a book-specific recommerce platform. ISBN note: No ISBN values captured in visible listing cards.",zero-surface opening row,belarus::onliner_baraholka_books_classifieds
Belarus,Eastern Europe,annex / social book-sale groups,ДЕТСКАЯ Книжная Барахолка Беларусь Facebook group,social_childrens_book_sale_buy_exchange_group,live_web_pass153_zero_surface_opening,medium,"Search-result evidence describes a Belarus children’s book flea-market group created to sell, buy, exchange, or give away unneeded children’s books. Preserved as annex/social only because it is a Facebook group, not a standalone structured marketplace. ISBN note: No ISBN values captured; social-group/search-result evidence only.",zero-surface opening row,belarus::facebook_childrens_book_flea_market_group
Belgium,Benelux,annex / classifieds,2ememain — Livres,site,live_web_resolution; live_web_pass177_belgium_hardening_opening,high,Large Belgian horizontal classifieds/books rail with thousands of book listings and buy/sell mechanics; kept annex because not book-first strict-main.,primary,belgium::2ememain — livres
Belgium,Benelux,annex / classifieds,Aanbod.be / Tekoopjes.be — Boeken,site,live_web_pass177_belgium_hardening_opening,medium,"Book-category classifieds/offer surface for buying/selling second-hand books, dictionaries, comics, cookbooks, children’s books and textbooks; annex because classified-style and not strongly book-first marketplace governance.",primary,belgium::aanbod.be / tekoopjes.be — boeken
Belgium,Benelux,annex / social classifieds,Belgium Facebook book-sale and book-swap groups,site,live_web_pass177_belgium_hardening_opening,low-medium,"Access-limited French-language Belgium book sale/exchange groups and regional book-sale groups; social annex only, no standalone marketplace promotion.",primary,belgium::belgium facebook book-sale and book-swap groups
Belgium,Benelux,single-store used booksellers,BoekenBalie Belgium,site,live_web_pass177_belgium_hardening_opening,high,"Large used-book buyback/resale operator with Belgian storefront; app ISBN scanning, seller payout, free shipping to operator, and second-hand catalogue; not an open 3P marketplace.",primary,belgium::boekenbalie belgium
Belgium,Benelux,main universe,Boekwinkeltjes.be,site,live_web_pass177_belgium_hardening_opening,high,"Belgium-scoped used-book marketplace: buy/sell second-hand books; global/Belgium search scope; antiquarians, booksellers, and private sellers; low-cost own bookshop model.",primary,belgium::boekwinkeltjes.be
Belgium,Benelux,main universe,Books in Belgium,site,control ledger quick_read; live_web_pass177_belgium_hardening_opening,high,"Reverified as Belgium-native strict/main used-book marketplace: ~1.57M second-hand/antiquarian books, 8,506 sellers, private/trader seller flows, and explicit buy/sell process for Belgium and Netherlands.",primary,belgium::books in belgium
Belgium,Benelux,single-store used booksellers,CLAM-BBA / Belgian Antiquarian Booksellers Association,site,live_web_pass177_belgium_hardening_opening,medium-high,Belgian antiquarian bookseller association/member directory and rare-book trade surface; strong dealer network evidence but not an online marketplace checkout rail.,primary,belgium::clam-bba / belgian antiquarian booksellers association
Belgium,Benelux,single-store used booksellers,De Slegte Belgium / Netherlands used-book chain,site,live_web_pass177_belgium_hardening_opening,high,"Major Belgium/Netherlands used-book and antiquarian bookstore chain/webshop; buys books and sells second-hand, study, antiquarian, and remainder books; store/operator layer only.",primary,belgium::de slegte belgium / netherlands used-book chain
Belgium,Benelux,weak-fit core,Fnac Belgium used books / marketplace,site,live_web_pass177_belgium_hardening_opening,medium-high,"Fnac Belgium exposes used-book catalogue and partner-seller marketplace mechanics; retained weak-fit because it is broad retail marketplace infrastructure, not Belgium-native book-first recommerce.",primary,belgium::fnac belgium used books / marketplace
Belgium,Benelux,single-store used booksellers,Livr'Ensemble,site,live_web_pass177_belgium_hardening_opening,high,"Belgian online second-hand bookstore with donations/buyback link and used book catalogue; operator/store layer, not 3P marketplace.",primary,belgium::livr'ensemble
Belgium,Benelux,single-store bookstore layer,Passa Porta Bookshop,site,live_web_resolution,high,Independent multilingual Brussels bookshop; bookstore-layer anchor.,primary,belgium::passa porta bookshop
Belgium,Benelux,offline / fair / literacy layer,Passa Porta Festival,site,live_web_resolution,high,International house of literature and festival/literary-programming layer in Brussels.,primary,belgium::passa porta festival
Belgium,Benelux,single-store used booksellers,Pêle-Mêle Belgium cultural recycling bookshops,site,live_web_pass177_belgium_hardening_opening,high,"Belgian cultural recycling chain: online/same-country pickup-delivery plus shops buying and selling used books, comics, DVDs, CDs, LPs, and games; not open 3P marketplace.",primary,belgium::pêle-mêle belgium cultural recycling bookshops
Belgium,Benelux,single-store used booksellers,Recyclivre Belgium / Recyclivre used-book buyback,site,live_web_pass177_belgium_hardening_opening,medium-high,Used-book sale/collection/buyback operator with Belgium-facing domain; valuable recommerce rail but operator-mediated rather than Belgian 3P marketplace.,primary,belgium::recyclivre belgium / recyclivre used-book buyback
Belgium,Benelux,main universe,Stubooks.be,site,live_web_pass177_belgium_hardening_opening,medium-high,Belgian book-specific second-hand textbook marketplace / StuCloud rail: users search textbooks and buy/sell used study books; free for buyer and seller.,primary,belgium::stubooks.be
Belgium,Benelux,weak-fit core,Studieshop.be second-hand textbook buyback,site,live_web_pass177_belgium_hardening_opening,medium,Belgian student textbook buyback/sale rail: consumers can offer used textbooks to Studieshop; not P2P and not a general used-book marketplace.,primary,belgium::studieshop.be second-hand textbook buyback
Belize,Central America,single-store used / bookstore signal,Bakabush,site,consolidated_matrix_2026_04_15,medium,bookstore + event ecology,primary,belize::bakabush
Belize,Central America,annex / classifieds,Belize.ai,site,consolidated_matrix_2026_04_15,medium,bookstore + event ecology,primary,belize::belize.ai
Belize,Central America,offline / fair / literacy layer,Book Week / festival layer,site,consolidated_matrix_2026_04_15,medium,bookstore + event ecology,primary,belize::book week / festival layer
Belize,Central America,single-store used / bookstore signal,Pages,site,consolidated_matrix_2026_04_15,medium,bookstore + event ecology,primary,belize::pages
Belize,Central America,single-store used / bookstore signal,bookstore layer,site,consolidated_matrix_2026_04_15,medium,bookstore + event ecology,primary,belize::bookstore layer
Benin,West Africa,weak-fit core,BeninMarketPlace — Livres,platform_category,runtime_gap_bridge_web_2026_04_25,high,CCI Bénin marketplace with books category; product marketplace but not primarily used/resale.,primary,benin::beninmarketplace_livres
Benin,West Africa,weak-fit core,Bookconekt,site,runtime_gap_bridge_web_2026_04_25,medium,Digital bookstore for Beninese and non-Beninese books; useful book-forward rail but not used/multi-seller main universe.,primary,benin::bookconekt
Benin,West Africa,annex / classifieds,"CoinAfrique Benin — DVDs, CDs & Livres",platform_category,runtime_gap_bridge_web_2026_04_25,high,CoinAfrique Benin books/DVD/CD category; general classifieds annex.,supporting,benin::coinafrique_benin_dvds_cds_livres
Benin,West Africa,main universe,La Friperie du Livre,site,runtime_gap_bridge_web_2026_04_25,medium,"Self-described first marketplace dedicated to used books in Cotonou; social-page evidence only, but strict-fit if active.",primary,benin::la_friperie_du_livre
Benin,West Africa,single-store used / bookstore signal,Vente & Troc de livres à Cotonou,site,runtime_gap_bridge_web_2026_04_25,low,Social-surface page for book exchange/sale among readers in Cotonou; weak used/troc signal.,supporting,benin::vente_troc_de_livres_cotonou
Bermuda,Caribbean,single-store used / bookstore signal,Adventist Book Centre,site,consolidated_matrix_2026_04_15,medium,no strong native specialist marketplace; strong bookstore layer; active general-marketplace annex; very strong library / literary / educational infrastructure,primary,bermuda::adventist book centre
Bermuda,Caribbean,single-store used / bookstore signal,Bermuda Bookstore,site,consolidated_matrix_2026_04_15,medium,no strong native specialist marketplace; strong bookstore layer; active general-marketplace annex; very strong library / literary / educational infrastructure,primary,bermuda::bermuda bookstore
Bermuda,Caribbean,annex / classifieds,Bermuda Classifieds,site,consolidated_matrix_2026_04_15,medium,no strong native specialist marketplace; strong bookstore layer; active general-marketplace annex; very strong library / literary / educational infrastructure,primary,bermuda::bermuda classifieds
Bermuda,Caribbean,offline / fair / literacy layer,Bermuda National Library,site,consolidated_matrix_2026_04_15,medium,no strong native specialist marketplace; strong bookstore layer; active general-marketplace annex; very strong library / literary / educational infrastructure,primary,bermuda::bermuda national library
Bermuda,Caribbean,annex / classifieds,Facebook Marketplace,site,consolidated_matrix_2026_04_15,medium,no strong native specialist marketplace; strong bookstore layer; active general-marketplace annex; very strong library / literary / educational infrastructure,primary,bermuda::facebook marketplace
Bermuda,Caribbean,offline / fair / literacy layer,Logos Hope,site,consolidated_matrix_2026_04_15,medium,no strong native specialist marketplace; strong bookstore layer; active general-marketplace annex; very strong library / literary / educational infrastructure,primary,bermuda::logos hope
Bermuda,Caribbean,single-store used / bookstore signal,Long Story Short,site,consolidated_matrix_2026_04_15,medium,no strong native specialist marketplace; strong bookstore layer; active general-marketplace annex; very strong library / literary / educational infrastructure,primary,bermuda::long story short
Bermuda,Caribbean,offline / fair / literacy layer,StoryWalk,site,consolidated_matrix_2026_04_15,medium,no strong native specialist marketplace; strong bookstore layer; active general-marketplace annex; very strong library / literary / educational infrastructure,primary,bermuda::storywalk
Bermuda,Caribbean,single-store used / bookstore signal,The Bookmart,site,consolidated_matrix_2026_04_15,medium,no strong native specialist marketplace; strong bookstore layer; active general-marketplace annex; very strong library / literary / educational infrastructure,primary,bermuda::the bookmart
Bermuda,Caribbean,offline / fair / literacy layer,Writer-in-Residence,site,consolidated_matrix_2026_04_15,medium,no strong native specialist marketplace; strong bookstore layer; active general-marketplace annex; very strong library / literary / educational infrastructure,primary,bermuda::writer-in-residence
Bermuda,Caribbean,offline / fair / literacy layer,Youth Library,site,consolidated_matrix_2026_04_15,medium,no strong native specialist marketplace; strong bookstore layer; active general-marketplace annex; very strong library / literary / educational infrastructure,primary,bermuda::youth library
Bhutan,South Asia,offline / fair / literacy layer,Bhutan Echoes / Drukyul’s Literature Festival,site,live_web_resolution,high,Bhutan literature-and-arts festival and year-round literary initiative.,primary,bhutan::bhutan echoes / drukyul’s literature festival
Bhutan,South Asia,weak-fit core,Booknese,site,frontier_note_shorthand,medium,Recovered from frontier shorthand 'Booknese plus small real bookstore layer'.,primary,bhutan::booknese
Bhutan,South Asia,offline / fair / literacy layer,CNR Online Library Catalog,site,live_web_resolution,medium,Visible university library/catalogue rail; included as supporting literacy infrastructure.,primary,bhutan::cnr online library catalog
Bonaire,Caribbean,single-store used / bookstore signal,Addo's,site,consolidated_matrix_2026_04_15,medium,library-centered,primary,bonaire::addo's
Bonaire,Caribbean,single-store used / bookstore signal,Boekhandel,site,consolidated_matrix_2026_04_15,medium,library-centered,primary,bonaire::boekhandel
Bonaire,Caribbean,single-store used / bookstore signal,Bruna,site,consolidated_matrix_2026_04_15,medium,library-centered,primary,bonaire::bruna
Bonaire,Caribbean,annex / classifieds,generic/global classifieds only,site,consolidated_matrix_2026_04_15,medium,library-centered,primary,bonaire::generic/global classifieds only
Bonaire,Caribbean,offline / fair / literacy layer,strong public library and literacy programs,site,consolidated_matrix_2026_04_15,medium,library-centered,primary,bonaire::strong public library and literacy programs
Bosnia and Herzegovina,CEE/Balkans,single-store bookstore layer,Buybook.ba,publisher_bookstore_webshop,live_web_pass151_zero_surface_opening,high,"Buybook.ba is a live bookshop/webshop with cart, checkout, country/currency handling, product cards, prices, publisher metadata, and new-book labels. Preserved as bookstore layer only; no used-book or open seller/recommerce mechanics were found. ISBN note: No ISBN captured at visible listing level in pass151.",zero-surface opening row,bosnia_herzegovina::buybook_ba
Bosnia and Herzegovina,CEE/Balkans,annex / classifieds,KNJIGE ~ Prodajem/kupujem/mijenjam (BiH) Facebook group,social_book_resale_exchange_group,live_web_pass151_zero_surface_opening,medium,"Facebook group evidence supports a BiH-specific venue for users to sell, buy, exchange, or give books. Preserved as annex/social classifieds only; no strict-main promotion. ISBN note: No ISBN capture; social group evidence only.",zero-surface opening row,bosnia_herzegovina::facebook_knjige_prodajem_kupujem_mijenjam
Bosnia and Herzegovina,CEE/Balkans,annex / classifieds,KNJIGE-BIH / prodaja-kupovina-zamjena Facebook group,social_book_resale_exchange_group,live_web_pass151_zero_surface_opening,medium,"Facebook group evidence describes a BiH book sale/exchange/giveaway surface. Useful social-commerce topology, but not promoted because it is a Facebook group rather than a standalone marketplace/recommerce platform with public inventory and platform mechanics. ISBN note: No ISBN capture; social group evidence only.",zero-surface opening row,bosnia_herzegovina::facebook_knjige_bih_prodaja_kupovina_zamjena
Bosnia and Herzegovina,CEE/Balkans,single-store used / bookstore signal,OLX.ba user Knjizara_nora — used textbooks/books,olx_single_seller_used_textbook_signal,live_web_pass151_zero_surface_opening,medium-high,"OLX profile surface shows Knjizara_nora in Istočno Sarajevo with verified contact/email and active-used-textbook snippets in the search result. Preserved as a single-seller/bookstore used-book signal inside OLX, not independent strict-main platform evidence. ISBN note: No ISBN field captured; OLX profile/listing context only.",zero-surface opening row,bosnia_herzegovina::olx_knjizara_nora
Bosnia and Herzegovina,CEE/Balkans,annex / classifieds,OLX.ba — Literatura / Knjige,horizontal_classifieds_book_category,live_web_pass151_zero_surface_opening,high,"OLX.ba provides the strongest live Bosnia book-resale rail found in pass151: Literature/Books category depth, used-condition filter, listing/posting mechanics, and very large current result counts. Kept annex/classifieds only because OLX.ba is a horizontal classifieds marketplace, not a book-specific recommerce platform. ISBN note: No ISBN captured at result/category level; OLX is user-listing/classifieds infrastructure rather than structured bibliographic intake.",zero-surface opening row,bosnia_herzegovina::olx_ba_literatura_knjige
Bosnia and Herzegovina,CEE/Balkans,single-store used booksellers,Used Books Sarajevo,social_single_seller_used_bookshop,live_web_pass151_zero_surface_opening,medium,"Search-result evidence describes Used Books Sarajevo as online sale of used/second-hand and new books. Current Facebook render was blocked, so this is retained as a medium-confidence single-store/social used-bookseller layer, not strict-main. ISBN note: No ISBN capture; social single-seller evidence only.",zero-surface opening row,bosnia_herzegovina::used_books_sarajevo
Bosnia and Herzegovina,CEE/Balkans,single-store bookstore layer,books.ba,online_bookstore,live_web_pass151_zero_surface_opening,high,"books.ba is a live Bosnia online bookstore surface with book categories, product cards, prices, cart flow, and registered internet-trade footer. Preserved as bookstore layer only because no used-book marketplace/recommerce mechanics were found in pass151. ISBN note: No ISBN captured at homepage/category level in pass151.",zero-surface opening row,bosnia_herzegovina::books_ba
Bosnia and Herzegovina,CEE/Balkans,single-store bookstore layer,myBook.ba,chain_bookstore_webshop,live_web_pass151_zero_surface_opening,high,"myBook.ba shows a live ecommerce/bookstore surface with adult/children book categories, cart totals, delivery cost, sign-up/login, and Sarajevo store/contact details. Preserved as bookstore layer only because no used-book marketplace/recommerce mechanics were found. ISBN note: No ISBN captured at visible category/homepage level in pass151.",zero-surface opening row,bosnia_herzegovina::mybook_ba
Botswana,Southern Africa,annex / classifieds,Botswana Used Books Market,social_used_books_market_group,runtime_gap_bridge_web_2026_04_25_southern_africa_deepening_sprint,medium,"Facebook group explicitly framed as a used-books market for educational books finding new homes; social-market row, not full platform core.",supporting,botswana_botswana_used_books_market
Botswana,Southern Africa,single-store bookstore layer,Exclusive Books Botswana,regional_bookstore_chain_store,runtime_gap_bridge_web_2026_04_25_southern_africa_deepening_sprint,medium,"South African chain has Botswana presence; bookstore layer only, not used/recommerce core.",supporting,botswana_exclusive_books_botswana
Botswana,Southern Africa,annex / classifieds,Facebook Marketplace Gaborone Books,social_marketplace_books_category,runtime_gap_bridge_web_2026_04_25_southern_africa_deepening_sprint,medium,New and used books for sale in Gaborone; social marketplace category only.,supporting,botswana_facebook_marketplace_gaborone_books
Botswana,Southern Africa,annex / classifieds,Facebook Marketplace Sebina Books,social_marketplace_books_category,runtime_gap_bridge_web_2026_04_25_southern_africa_deepening_sprint,low-medium,New and used books for sale in Sebina; adds non-Gaborone geographic texture but social marketplace only.,supporting,botswana_facebook_marketplace_sebina_books
Botswana,Southern Africa,offline / fair / literacy layer,Gaborone Book Festival,event,web_verified_2026_04_21,high,Only existing book festival in Botswana with year-round literary platforms and annual September flagship.,supporting,botswana::gaborone_book_festival
Botswana,Southern Africa,single-store bookstore layer,Government Bookshops Botswana,public_service,web_verified_2026_04_21,high,"Government publication/bookshop network including Gaborone, Francistown, Maun, and Serowe.",supporting,botswana::government_bookshops
Botswana,Southern Africa,weak-fit core,Macmillan Botswana Booksellers Network,directory,web_verified_2026_04_21,high,Named bookseller layer in Gaborone and beyond through Macmillan Botswana booksellers page.,supporting,botswana::macmillan_booksellers_network
Botswana,Southern Africa,single-store used booksellers,Pages & Projects,site,web_verified_2026_04_21,high,Maun independent online bookstore selling new and preloved books across Botswana.,primary,botswana::pages_and_projects
Botswana,Southern Africa,weak-fit core,Textbooks Botswana,site,web_verified_2026_04_21,high,"Broad Botswana online rail for syllabus, Cambridge, revision, tertiary and reference books.",primary,botswana::textbooks_botswana
Botswana,Southern Africa,weak-fit core,YourMart Botswana Books,general_ecommerce_books_category,runtime_gap_bridge_web_2026_04_25_southern_africa_deepening_sprint,medium,"Botswana ecommerce surface exposes a Books category with children’s, fiction and nonfiction categories; ordinary retail/marketplace watchlist.",supporting,botswana_yourmart_botswana_books
Brazil,South America,single-store used booksellers,A Traça Livraria e Sebo,bookstore,pass114_brazil_structured_web_check,high,Added pass114. Major Porto Alegre online/physical sebo with large used-book stock and managed internal inventory; not third-party marketplace.,primary,brazil::a traça livraria e sebo
Brazil,South America,annex / classifieds,Amazon Brasil — used/new book seller marketplace,general_marketplace_books_category,pass114_brazil_structured_web_check,high,Added pass114. General marketplace supports sellers listing new and used books. Annex only because marketplace is not book-specific in Brazil.,primary,brazil::amazon brasil — used/new book seller marketplace
Brazil,South America,single-store used booksellers,Bazar do Livro Usado,bookstore,pass114_brazil_structured_web_check,medium-high,"Added pass114. Public site presents used-book buy/sell language and national delivery, but no independent third-party seller onboarding verified. Kept single-store used-bookseller layer; revisit seller mechanics if needed.",primary,brazil::bazar do livro usado
Brazil,South America,annex / classifieds,Enjoei — livros usados,general_marketplace_books_category,pass114_brazil_structured_web_check,high,Added pass114. Horizontal recommerce marketplace with used-books listings and book-announcement flow. Annex only; not strict main.,primary,brazil::enjoei — livros usados
Brazil,South America,main universe,EscamBook,platform,pass145_brazil_targeted_strict_candidate_exchange_hardening,medium-high,"Added pass145. Book-specific free used-book exchange platform: users register, add used books, find books from other users, and arrange the exchange directly by WhatsApp; no commission/fee. Strict/main peer-exchange candidate, pending independent volume/activity metrics.",primary,brazil::escambook
Brazil,South America,main universe,Estante Virtual,marketplace,pass114_brazil_structured_web_check,high,"Added pass114. Brazil specialist book marketplace connecting readers to sebos, independent bookstores, and sellers nationally; official pages describe 20M+ items, used/new books, seller plans, and seller panel. Strict main universe.",primary,brazil::estante virtual
Brazil,South America,weak-fit core,EstudeiVendi,app,pass114_brazil_structured_web_check,medium-high,"Added pass114. Education-goods marketplace app supports books, uniforms, school materials; individuals and legal entities can sell; products may be new or used. Kept weak-fit core because it is education-category, not book-exclusive.",primary,brazil::estudeivendi
Brazil,South America,weak-fit core,LeR,site,prior_transcript_explicit,high,Explicit weak-fit core in bundled prior transcript.,primary,brazil::ler
Brazil,South America,main universe,LeuVendeu,site,latest explicit Brazil cut in imported prior transcript; pass114_brazil_structured_web_check,high,Pass114 URL backfill/current evidence: LeuVendeu has public vendor pages and seller-facing navigation (Como Vender / Painel do Vendedor / Cadastro de Vendedor); retained as Brazil main-universe strict-candidate.,primary,brazil::leuvendeu
Brazil,South America,weak-fit core,Livro Livre,site,prior_transcript_explicit,high,Explicit weak-fit core in bundled prior transcript.,primary,brazil::livro livre
Brazil,South America,weak-fit core,MeLivro,site,prior_transcript_explicit,high,Explicit weak-fit core in bundled prior transcript.,primary,brazil::melivro
Brazil,South America,annex / classifieds,Mercado Livre Brasil — livros usados,general_marketplace_books_category,pass114_brazil_structured_web_check,high,Added pass114. Horizontal ecommerce marketplace with used-book listings. Annex only; not strict main.,primary,brazil::mercado livre brasil — livros usados
Brazil,South America,single-store used booksellers,O Sebo Cultural,bookstore,pass114_brazil_structured_web_check,high,"Added pass114. João Pessoa multi-store sebo/livraria with hundreds of thousands of cataloged used titles; single-operator used-bookseller layer, not strict main.",primary,brazil::o sebo cultural
Brazil,South America,annex / classifieds,OLX Brasil — livros e revistas,general_classifieds_books_category,pass114_brazil_structured_web_check,high,Added pass114. Horizontal classifieds surface with large Brazil books/magazines category and active used-book listings. Annex only; not strict main.,primary,brazil::olx brasil — livros e revistas
Brazil,South America,main universe,Portal dos Livreiros,site,latest explicit Brazil cut in imported prior transcript; pass114_brazil_structured_web_check,high,Pass114 URL backfill/current evidence: official portal says compre e venda; live livreiros list shows 13k+ livreiros with inventory counts. Retained as Brazil main universe.,primary,brazil::portal dos livreiros
Brazil,South America,single-store used booksellers,Sebo do Messias,bookstore,pass114_brazil_structured_web_check,high,"Added pass114. Large São Paulo used bookstore/sebo with online catalog and used-books focus; single-operator layer, not third-party marketplace.",primary,brazil::sebo do messias
Brazil,South America,main universe,Seboweb,site,latest explicit Brazil cut in imported prior transcript; pass114_brazil_structured_web_check; pass145_brazil_targeted_strict_candidate_exchange_hardening,high,"Pass145 hardened confidence: current public search surface calls SeboWeb the largest used-book marketplace in Brazil and says it supports buy/sell flow; login/register surface confirms account access. Retained as strict/main candidate with high confidence, while still needing deeper public inventory/depth metrics beyond the snippet-rendered surface.",primary,brazil::seboweb
Brazil,South America,annex / classifieds,Shopee Brasil — livros usados,general_marketplace_books_category,pass114_brazil_structured_web_check,high,Added pass114. Horizontal marketplace with used-book/sebo seller listings. Annex only; not strict main.,primary,brazil::shopee brasil — livros usados
Brazil,South America,single-store used booksellers,Torre de Papel Livros,bookstore,pass114_brazil_structured_web_check,high,"Added pass114. Vitória/ES livraria e sebo with online catalog and new/used/rare books; single-operator used-bookseller layer, not strict main.",primary,brazil::torre de papel livros
Brazil,South America,main universe,Troca de Livros,site,pass114_brazil_structured_web_check,high,"Added pass114. Book-specific peer exchange/reuse platform with user shelf, cadastrar livro, solicitações de troca, points/extrato, and available-for-exchange listings. Strict main via book-specific recommerce/exchange rail.",primary,brazil::troca de livros
British Virgin Islands,Caribbean,single-store used / bookstore signal,Heritage,site,consolidated_matrix_2026_04_15,medium,bookstores + literacy programs,primary,british virgin islands::heritage
British Virgin Islands,Caribbean,single-store used / bookstore signal,Nook,site,consolidated_matrix_2026_04_15,medium,bookstores + literacy programs,primary,british virgin islands::nook
British Virgin Islands,Caribbean,single-store used / bookstore signal,The Bookshelf,site,consolidated_matrix_2026_04_15,medium,bookstores + literacy programs,primary,british virgin islands::the bookshelf
British Virgin Islands,Caribbean,offline / fair / literacy layer,strong library/bookmobile/lit-fest layer,site,consolidated_matrix_2026_04_15,medium,bookstores + literacy programs,primary,british virgin islands::strong library/bookmobile/lit-fest layer
Brunei,Southeast Asia,single-store bookstore layer,Nollybook,site,current_session_sea_2026_04_19,medium,Current-session controlled pass: also serves as weak-fit core.,secondary,brunei::nollybook
Brunei,Southeast Asia,weak-fit core,Nollybook,site,current_session_working_surface,medium,Current-session controlled pass classified Brunei as compact weak-fit.,primary,brunei::nollybook
Bulgaria,CEE/Balkans,main universe,Knizhen pazar,site,later Balkan deepening pass,high,Recovered from later Balkan deepening pass; exact rationale text was not preserved in the prior artifact surface.,primary,bulgaria::knizhen pazar
Burkina Faso,West Africa,annex / classifieds,"CoinAfrique Burkina Faso — DVDs, CDs & Livres",platform_category,runtime_gap_bridge_web_2026_04_25,high,"General classifieds rail with Burkina Faso books/DVD/CD category and examples from Ouagadougou, Kaya, Bobo-Dioulasso, etc.",supporting,burkina_faso::coinafrique_burkina_faso_dvds_cds_livres
Burkina Faso,West Africa,weak-fit core,Facebook / social book-listing spillover — Burkina Faso,platform_category,runtime_gap_bridge_web_2026_04_25,low,Sparse social/listing spillover for books; included as weak signal only pending a better native book-specific platform.,primary,burkina_faso::facebook_social_book_listing_spillover_burkina_faso
Burundi,Great Lakes / Central-East Africa,single-store bookstore layer,Bible Society of Burundi book/Bible sales,religious_book_distribution,runtime_gap_bridge_web_2026_04_25_east_africa_horn_sprint,medium,Religious book/scripture distribution and buy-a-Bible surface; not used or multi-seller.,supporting,burundi_bible_society_of_burundi_book_bible_sales
Burundi,Great Lakes / Central-East Africa,annex / classifieds,Facebook Marketplace Bujumbura book listings,social_marketplace_book_items,runtime_gap_bridge_web_2026_04_25_east_africa_horn_sprint,low-medium,Item-level Bujumbura book listings exist on Facebook Marketplace; social/classifieds rail only.,supporting,burundi_facebook_marketplace_bujumbura_book_listings
Burundi,Great Lakes / Central-East Africa,single-store bookstore layer,Librairie Saint-Paul Bujumbura,local_bookstore,runtime_gap_bridge_web_2026_04_25_east_africa_horn_sprint,high,"Bujumbura bookstore offering local/imported books, manuals, dictionaries, local press and religious works; bookstore layer only.",supporting,burundi_librairie_saint_paul_bujumbura
Burundi,Great Lakes / Central-East Africa,single-store bookstore layer,Petit Futé Bujumbura bookshops directory,bookstore_directory,runtime_gap_bridge_web_2026_04_25_east_africa_horn_sprint,medium,Directory confirms Bujumbura bookstore cluster including Saint-Paul and other bookshop references; not resale/platform mechanics.,supporting,burundi_petit_fut_bujumbura_bookshops_directory
Burundi,Great Lakes / Central-East Africa,weak-fit core,Shopit Burundi general ecommerce,general_ecommerce_surface,runtime_gap_bridge_web_2026_04_25_east_africa_horn_sprint,low-medium,"Burundi online shopping surface; retained as weak ecommerce texture, book category not verified in this pass.",supporting,burundi_shopit_burundi_general_ecommerce
Burundi,Great Lakes / Central-East Africa,weak-fit core,Ubuy Burundi Books,import_ecommerce_book_category,runtime_gap_bridge_web_2026_04_25_east_africa_horn_sprint,medium,Country-localized international ecommerce book category; not used/resale marketplace.,supporting,burundi_ubuy_burundi_books
Cambodia,Southeast Asia,single-store bookstore layer,International Book Center (IBC),site,current_session_sea_2026_04_19,medium,Current-session controlled pass.,secondary,cambodia::international book center (ibc)
Cambodia,Southeast Asia,weak-fit core,International Book Center (IBC),site,current_session_working_surface,medium,Current-session controlled pass classified Cambodia as compact weak-fit.,primary,cambodia::international book center (ibc)
Cambodia,Southeast Asia,annex / classifieds,Khmer24 books,site,current_session_sea_2026_04_19,medium,Current-session controlled pass.,primary,cambodia::khmer24 books
Cambodia,Southeast Asia,single-store bookstore layer,Kinokuniya via AEON Mall Plus,site,current_session_sea_2026_04_19,medium,Current-session controlled pass.,primary,cambodia::kinokuniya via aeon mall plus
Cambodia,Southeast Asia,single-store bookstore layer,Peace Book Center,site,current_session_sea_2026_04_19,medium,Current-session controlled pass.,secondary,cambodia::peace book center
Cambodia,Southeast Asia,weak-fit core,Peace Book Center,site,current_session_working_surface,medium,Current-session controlled pass classified Cambodia as compact weak-fit.,primary,cambodia::peace book center
Cambodia,Southeast Asia,single-store used booksellers,Phnom Penh Used Books,site,current_session_sea_2026_04_19,medium,Current-session controlled pass.,primary,cambodia::phnom penh used books
Cape Verde / Cabo Verde,West Africa / Lusophone Atlantic,annex / classifieds,Afribaba Cabo Verde Livros/Revistas Porto Novo,general_classifieds_books_category,runtime_gap_bridge_web_2026_04_25_cabo_verde_compact_pass1,medium-low,Afribaba exposes a Cabo Verde / Porto Novo Livros+Revistas classified category. Thin general-classifieds evidence only.,candidate_context,cabo_verde::afribaba_cabo_verde_livros_revistas_porto_novo
Cape Verde / Cabo Verde,West Africa / Lusophone Atlantic,single-store bookstore layer,Arnaldo França Livraria,local_bookstore,runtime_gap_bridge_web_2026_04_25_cabo_verde_compact_pass1,medium,"BDPALOP points-of-sale list identifies Arnaldo França Livraria in Achada de Santo António, Praia. Preserve as bookstore layer.",supporting,cabo_verde::arnaldo_fran_a_livraria
Cape Verde / Cabo Verde,West Africa / Lusophone Atlantic,offline fair/literacy layer,Banco Livros Cabo Verde,school_book_donation_bank,runtime_gap_bridge_web_2026_04_25_cabo_verde_compact_pass1,medium-low,"Search-visible social profile describes a Banco de Livros Escolares in Mindelo dedicated to donation, collection, and distribution of books. Reuse/literacy signal, not commercial marketplace.",supporting,cabo_verde::banco_livros_cabo_verde
Cape Verde / Cabo Verde,West Africa / Lusophone Atlantic,weak-fit core,CV Buy,local_ecommerce_seller_rail_no_book_category_verified,runtime_gap_bridge_web_2026_04_25_cabo_verde_compact_pass1,medium-low,"Cabo Verde ecommerce platform with seller/how-to-sell surfaces and national delivery, but no book category or book inventory verified in this pass. Preserve as weak marketplace-infrastructure watchlist, outside book core.",candidate_context,cabo_verde::cv_buy
Cape Verde / Cabo Verde,West Africa / Lusophone Atlantic,single-store bookstore layer,Centro Cultural do Mindelo,book_culture_point_of_sale,runtime_gap_bridge_web_2026_04_25_cabo_verde_compact_pass1,medium,"BDPALOP Cabo Verde points-of-sale list includes Centro Cultural do Mindelo. Treat as cultural/book point-of-sale support, not marketplace.",supporting,cabo_verde::centro_cultural_do_mindelo
Cape Verde / Cabo Verde,West Africa / Lusophone Atlantic,annex / classifieds,Compra e Venda Cabo Verde,general_buy_sell_group_with_book_posts,runtime_gap_bridge_web_2026_04_25_cabo_verde_compact_pass1,medium-low,"General Cabo Verde buy/sell/trade group; search-visible posts include literature and new/used law books. Classifieds/social rail only, not a book-specific used marketplace.",candidate_context,cabo_verde::compra_e_venda_cabo_verde
Cape Verde / Cabo Verde,West Africa / Lusophone Atlantic,annex / classifieds,Compra e Venda no Mindelo,general_buy_sell_group,runtime_gap_bridge_web_2026_04_25_cabo_verde_compact_pass1,medium-low,"Mindelo/São Vicente general buy/sell group open to all islands. Keep as possible local resale rail, not a book-dominant platform.",candidate_context,cabo_verde::compra_e_venda_no_mindelo
Cape Verde / Cabo Verde,West Africa / Lusophone Atlantic,offline fair/literacy layer,FICASE textbook distribution network,institutional_textbook_distribution_network,runtime_gap_bridge_web_2026_04_25_cabo_verde_compact_pass1,medium-high,"FICASE funds edition/reprinting and sale of school manuals to bookshops/stationers and Correios, which resell them at social prices across all islands. Institutional textbook-distribution layer.",supporting,cabo_verde::ficase_textbook_distribution_network
Cape Verde / Cabo Verde,West Africa / Lusophone Atlantic,annex / classifieds,Facebook Marketplace Mindelo children's-books listing surface,social_marketplace_book_listing_signal,runtime_gap_bridge_web_2026_04_25_cabo_verde_compact_pass1,medium-low,Search-visible Facebook Marketplace result shows children's books listed in Mindelo/São Vicente. Preserve as social resale evidence only.,candidate_context,cabo_verde::facebook_marketplace_mindelo_children_s_books_listing_surface
Cape Verde / Cabo Verde,West Africa / Lusophone Atlantic,annex / classifieds,Facebook Marketplace Praia Books listing surface,social_marketplace_book_listing_signal,runtime_gap_bridge_web_2026_04_25_cabo_verde_compact_pass1,medium-low,"Search-visible Facebook Marketplace result shows a book listing in Praia, Cabo Verde. This is a social/classifieds resale signal only, not a book-dominant marketplace.",candidate_context,cabo_verde::facebook_marketplace_praia_books_listing_surface
Cape Verde / Cabo Verde,West Africa / Lusophone Atlantic,single-store bookstore layer,Galeria Alternativa,book_culture_point_of_sale,runtime_gap_bridge_web_2026_04_25_cabo_verde_compact_pass1,medium,"BDPALOP Cabo Verde points-of-sale list includes Galeria Alternativa in Mindelo. Treat as cultural/book point-of-sale support, not used marketplace.",supporting,cabo_verde::galeria_alternativa
Cape Verde / Cabo Verde,West Africa / Lusophone Atlantic,offline fair/literacy layer,Global Shapers Praia used-book collection campaign,used_book_collection_literacy_campaign,runtime_gap_bridge_web_2026_04_25_cabo_verde_compact_pass1,medium,"2014 Praia campaign collected used children's, youth, and school books for donation to local institutions. Preserve as used-book reuse/literacy evidence only.",supporting,cabo_verde::global_shapers_praia_used_book_collection_campaign
Cape Verde / Cabo Verde,West Africa / Lusophone Atlantic,single-store bookstore layer,Livraria Lóthus,local_online_bookstore,runtime_gap_bridge_web_2026_04_25_cabo_verde_compact_pass1,medium-high,"Praia-based online bookstore with book catalogue, payment methods, and CCV shipping across islands. First-party retail/bookstore layer.",supporting,cabo_verde::livraria_l_thus
Cape Verde / Cabo Verde,West Africa / Lusophone Atlantic,single-store bookstore layer,Livraria Pedro Cardoso,publisher_bookstore_catalog,runtime_gap_bridge_web_2026_04_25_cabo_verde_compact_pass1,medium-high,"Local publisher/bookstore catalogue with Cabo Verde titles, ISBNs, prices, and Praia presence. First-party bookstore/publisher layer only.",supporting,cabo_verde::livraria_pedro_cardoso
Cape Verde / Cabo Verde,West Africa / Lusophone Atlantic,single-store bookstore layer,Livraria Semente,local_bookstore,runtime_gap_bridge_web_2026_04_25_cabo_verde_compact_pass1,medium-high,"Mindelo bookstore identified by BDPALOP points-of-sale and social profile; ordinary bookstore layer, not used marketplace.",supporting,cabo_verde::livraria_semente
Cape Verde / Cabo Verde,West Africa / Lusophone Atlantic,single-store bookstore layer,Loja Online Biblioteca Nacional de Cabo Verde,institutional_online_bookstore,runtime_gap_bridge_web_2026_04_25_cabo_verde_compact_pass1,medium-high,"Biblioteca Nacional launched an online bookstore for book access in Cabo Verde, with Correios pickup/collection and no fees. First-party/institutional bookstore layer, not resale marketplace.",supporting,cabo_verde::loja_online_biblioteca_nacional_de_cabo_verde
Cape Verde / Cabo Verde,West Africa / Lusophone Atlantic,single-store bookstore layer,"Nho Eugénio – Livraria, Lda",local_bookstore,runtime_gap_bridge_web_2026_04_25_cabo_verde_compact_pass1,medium,"BDPALOP points-of-sale list identifies Nho Eugénio – Livraria, Lda in Achada Santo António, Praia. Preserve as bookstore layer.",supporting,cabo_verde::nho_eug_nio_livraria_lda
Cape Verde / Cabo Verde,West Africa / Lusophone Atlantic,offline fair/literacy layer,Sal / Santa Maria English book-exchange signals,tourist_expat_book_swap_signal,runtime_gap_bridge_web_2026_04_25_cabo_verde_compact_pass1,low,"Search-visible Sal/Santa Maria Facebook posts ask about swapping English novels or hotel book-exchange sections and offering free English books. Tourist/expat book-swap texture, not marketplace.",supporting,cabo_verde::sal_santa_maria_english_book_exchange_signals
Cayman Islands,Caribbean,single-store used / bookstore signal,Book Nook,site,consolidated_matrix_2026_04_15,medium,"strong overall book infrastructure, weak marketplace depth",primary,cayman islands::book nook
Cayman Islands,Caribbean,annex / classifieds,ListCayman,site,consolidated_matrix_2026_04_15,medium,"strong overall book infrastructure, weak marketplace depth",primary,cayman islands::listcayman
Cayman Islands,Caribbean,single-store used / bookstore signal,Next Chapter,site,consolidated_matrix_2026_04_15,medium,"strong overall book infrastructure, weak marketplace depth",primary,cayman islands::next chapter
Cayman Islands,Caribbean,annex / classifieds,eCayTrade,site,consolidated_matrix_2026_04_15,medium,"strong overall book infrastructure, weak marketplace depth",primary,cayman islands::ecaytrade
Cayman Islands,Caribbean,offline / fair / literacy layer,strong library/book-fair/literacy layer,site,consolidated_matrix_2026_04_15,medium,"strong overall book infrastructure, weak marketplace depth",primary,cayman islands::strong library/book-fair/literacy layer
Central African Republic,Central Africa / West-Central Africa,single-store bookstore layer,ACOLITT / Communication Littérature Bangui book availability signal,book_promotion_sales_signal,runtime_gap_bridge_web_2026_04_25_central_africa_marketplace_sprint,low,Social-source book availability and literary-event posts in Bangui; bookstore/distribution trace only.,supporting,central_african_republic_acolitt_communication_litterature_bangui_book_availability_signal
Central African Republic,Central Africa / West-Central Africa,annex / classifieds,Bangui Petites Annonces,general_social_classifieds,runtime_gap_bridge_web_2026_04_25_central_africa_marketplace_sprint,low,General Bangui classified/social-seller page; book-specific evidence not verified.,supporting,central_african_republic_bangui_petites_annonces
Central African Republic,Central Africa / West-Central Africa,annex / classifieds,Facebook Marketplace Bangui book listing,social_marketplace_book_item,runtime_gap_bridge_web_2026_04_25_central_africa_marketplace_sprint,medium-low,Item-level Bangui book listing; social marketplace signal only.,supporting,central_african_republic_facebook_marketplace_bangui_book_listing
Central African Republic,Central Africa / West-Central Africa,annex / classifieds,Groupe Expat Bangui classified/community surface,expat_classifieds_community_surface,runtime_gap_bridge_web_2026_04_25_central_africa_marketplace_sprint,low,General expatriate/community classified discussion surface; no book-specific rail verified.,supporting,central_african_republic_groupe_expat_bangui_classified_community_surface
Central African Republic,Central Africa / West-Central Africa,single-store bookstore layer,Historical Librairie Au Messager trace,historic_bookstore_trace,runtime_gap_bridge_web_2026_04_25_central_africa_marketplace_sprint,low,Historic postcard/listing trace for Librairie Au Messager in Bangui; not current online infrastructure but useful atmospheric bookstore-history note.,supporting,central_african_republic_historical_librairie_au_messager_trace
Central African Republic,Central Africa / West-Central Africa,offline fair/literacy layer,Lire à Bangui,literary_literacy_blog_event_layer,runtime_gap_bridge_web_2026_04_25_central_africa_marketplace_sprint,medium-low,Literary/literacy blog and book-culture layer; not marketplace.,supporting,central_african_republic_lire_a_bangui
Central African Republic,Central Africa / West-Central Africa,weak-fit core,Ubuy Central African Republic Books,ordinary_ecommerce_import_retail_books,runtime_gap_bridge_web_2026_04_25_central_africa_marketplace_sprint,medium-low,Ordinary international ecommerce surface for CAR; no local used/marketplace mechanics verified.,supporting,central_african_republic_ubuy_central_african_republic_books
Chad,Central Africa / West-Central Africa,annex / classifieds,All Chad Market / Souq Al Kul Chad,general_classifieds_app,runtime_gap_bridge_web_2026_04_25_central_africa_marketplace_sprint;runtime_gap_bridge_web_2026_04_28_pass108_chad_current_status_hardening,medium-high,"Current Google Play evidence confirms Chad classified app for sellers/buyers, new and used goods, ad publishing, in-app messaging, 100+ downloads, and Jul. 2025 update; still horizontal and not book-specific.",supporting,chad_all_chad_market_souq_al_kul_chad
Chad,Central Africa / West-Central Africa,single-store used bookstore signal,Banque des livres TCHAD,used_textbook_sales_signal,runtime_gap_bridge_web_2026_04_25_central_africa_marketplace_sprint;runtime_gap_bridge_web_2026_04_28_pass108_chad_current_status_hardening,medium,"Social-source used/schoolbook surface supports Chadian manuals and TD scolaires arranged by level, plus rentree/discount language; retained as single-store/program used-textbook signal, not a marketplace rail.",supporting,chad_banque_des_livres_tchad
Chad,Central Africa / West-Central Africa,annex / classifieds,Expat.com Chad buying/selling classifieds,general_classifieds_empty_category,runtime_gap_bridge_web_2026_04_25_central_africa_marketplace_sprint,low,"Expat.com exposes a Chad buy/sell classified section, currently empty at capture; weak classified rail only.",supporting,chad_expat_com_chad_buying_selling_classifieds
Chad,Central Africa / West-Central Africa,annex / classifieds,Facebook Marketplace N’Djamena book/e-book listing,social_marketplace_book_item,runtime_gap_bridge_web_2026_04_25_central_africa_marketplace_sprint,medium-low,N’Djamena item-level book/e-book listing with delivery possible; social marketplace only.,supporting,chad_facebook_marketplace_ndjamena_book_e_book_listing
Chad,Central Africa / West-Central Africa,weak-fit core,Le Carré culturel e-books,ebook_online_shop,runtime_gap_bridge_web_2026_04_25_central_africa_marketplace_sprint;runtime_gap_bridge_web_2026_04_28_pass108_chad_current_status_hardening,medium,"Official ebook shop now exposes boutique/categories, cart/account, secure payment, immediate download, independent bookshop/publisher/gallery/savoirs framing, and product listings; weak-fit digital/bookstore layer, not used/resale marketplace.",supporting,chad_le_carre_culturel_e_books
Chad,Central Africa / West-Central Africa,single-store bookstore layer,Librairie La Source N’Djamena,single_store_bookstore,runtime_gap_bridge_web_2026_04_25_central_africa_marketplace_sprint;runtime_gap_bridge_web_2026_04_28_pass108_chad_current_status_hardening,medium-high,"Current social evidence and sector reporting confirm La Source as N’Djamena/Chad bookstore infrastructure; still single-store bookstore layer, not marketplace.",supporting,chad_librairie_la_source_ndjamena
Chad,Central Africa / West-Central Africa,single-store bookstore layer,Livres du TCHAD,social_book_promotion_sales_page,runtime_gap_bridge_web_2026_04_25_central_africa_marketplace_sprint;runtime_gap_bridge_web_2026_04_28_pass108_chad_current_status_hardening,medium,"Current social page confirms N’Djamena promotion of Chadian/African literature; bookstore/promotion layer only, not used-book marketplace.",supporting,chad_livres_du_tchad
Chad,Central Africa / West-Central Africa,annex / classifieds,Nibiya.com Chad classifieds,general_classifieds_platform,runtime_gap_bridge_web_2026_04_25_central_africa_marketplace_sprint;runtime_gap_bridge_web_2026_04_28_pass108_chad_current_status_hardening,medium-high,"Current official site confirms Chad-wide classified marketplace with account, ad-posting, shop-creation, direct buy/sell/lend/order language, city filters, and a Livres & loisirs category; still horizontal classifieds, not strict book-specific main universe.",supporting,chad_nibiya_com_chad_classifieds
Chad,Central Africa / West-Central Africa,annex / classifieds,TCHAD ANNONCES social marketplace,general_social_classifieds,runtime_gap_bridge_web_2026_04_25_central_africa_marketplace_sprint,low,General Chad classified/social marketplace posts; book-specific activity not verified.,supporting,chad_tchad_annonces_social_marketplace
Chad,Central Africa / West-Central Africa,weak-fit core,Ubuy Chad Books,ordinary_ecommerce_import_retail_books,runtime_gap_bridge_web_2026_04_25_central_africa_marketplace_sprint,low,Ordinary ecommerce/import retail placeholder; no local used/third-party book marketplace evidence verified.,supporting,chad_ubuy_chad_books
Chile,South America,main universe,Buscalibre Chile,site,latest explicit Chile cut in imported prior transcript,high,Recovered from latest explicit Chile cut in imported prior transcript; exact rationale text was not preserved in the prior artifact surface.,primary,chile::buscalibre chile
Chile,South America,main universe,LibroLibre,site,latest explicit Chile cut in imported prior transcript,high,Recovered from latest explicit Chile cut in imported prior transcript; exact rationale text was not preserved in the prior artifact surface.,primary,chile::librolibre
Chile,South America,main universe,Matchbook,site,latest explicit Chile cut in imported prior transcript,high,Recovered from latest explicit Chile cut in imported prior transcript; exact rationale text was not preserved in the prior artifact surface.,primary,chile::matchbook
Chile,South America,main universe,Prolibro / Marketplace del Libro,site,latest explicit Chile cut in imported prior transcript,high,Recovered from latest explicit Chile cut in imported prior transcript; exact rationale text was not preserved in the prior artifact surface.,primary,chile::prolibro / marketplace del libro
Chile,South America,weak-fit core,WeBook,site,prior_transcript_explicit,high,Explicit weak-fit core in bundled prior transcript.,primary,chile::webook
China (mainland),East Asia,main universe,7788旧书,site,pass115_china_mainland_strict_recommerce_web_check,high,"Added pass115. Specialist old/used-book collecting, appraisal, auction, retail/wholesale, free-trading and negotiated-order platform; public official site and app surfaces show dense old-book categories and multi-mode trading. Strict book-specific resale marketplace fit.",primary,china (mainland)::7788旧书
China (mainland),East Asia,used-book signal (territory note),"Very strong specialist and operator-managed book-recommerce signal via Kongfz, 7788, Duozhuayu, Jiushujie, Xiaoguya, Manyoujing and Yushu; horizontal Xianyu remains annex only",territory_note,china_mainland_circular_recommerce_hardening,high,"Pass146 summary update. Mainland China now has a dense strict book-recommerce spine spanning specialist marketplaces, peer resale/exchange, and operator-managed circular-book platforms. Horizontal resale remains real but classified as annex/classifieds, not book-first strict main universe.",primary,china (mainland)::used-book-signal
China (mainland),East Asia,weak-fit core,京东图书自营旗舰店,site,pass115_china_mainland_strict_recommerce_web_check,medium,Pass115 reaffirmation. JD self-run book storefront is a book retail shadow rail; not strict used-book/recommerce main universe absent seller-facing used-book marketplace evidence.,primary,china (mainland)::京东图书自营旗舰店
China (mainland),East Asia,weak-fit core,京东读书 / JDRead,site,east asia china mainland pass1,medium,"Meaningful digital reading rail with 京东读书VIP, 在线阅读, a dedicated书城 surface, and visible paid ebook merchandising. Kept below main universe because this pass only anchored the digital layer and did not yet map broader print-book spillover through JD.",primary,china (mainland)::京东读书-jdread
China (mainland),East Asia,offline / fair / literacy layer,北京国际图书博览会（BIBF）,site,east asia china mainland pass1,high,"Major national/international publishing and reading institution. Official Beijing-government event listing for the 32nd BIBF shows 1,600 exhibitors from 71 countries/regions, 220,000 books, and dedicated domestic/overseas/network-publishing exhibition zones.",primary,china (mainland)::北京国际图书博览会-bibf
China (mainland),East Asia,weak-fit core,博库网,site,east asia china mainland pass1,medium,"Large book-forward online bookseller with 图书频道, publisher-direct sourcing, pickup, shop-opening, and distribution-service signals. Meaningful retail rail, but not yet promoted into the top tier on pass 1.",primary,china (mainland)::博库网
China (mainland),East Asia,main universe,多抓鱼,site/app,pass115_china_mainland_strict_recommerce_web_check,high,"Added pass115. Operator-managed recommerce rail for second-hand books plus other durable goods; official/app surfaces support selling idle books, inspection/authenticity checks, cleaning/refurbishment, and resale of second-hand books. Strict book-recommerce fit despite non-book categories.",primary,china (mainland)::多抓鱼
China (mainland),East Asia,main universe,孔夫子旧书网,site,east asia china mainland pass1,high,"Exceptionally strong specialist used-book / antiquarian rail with explicit书店区、书摊区、新书、在线拍卖 surfaces and dense category depth. Important enough to treat as a top-tier mainland spine, not merely a side annex.",primary,china (mainland)::孔夫子旧书网
China (mainland),East Asia,main universe,小谷吖,site/app,china_mainland_circular_recommerce_hardening,high,"Pass146 confidence upgrade. Current official site and 2026 app-store surface describe a book-circularity network bookstore / mini-program for scanning/selling idle books, buying low-price refurbished second-hand books, and offline circulation. 2025 local-government/media surfaces show a large circular-book warehouse. Strict operator-managed book-recommerce fit; not a peer marketplace.",primary,china (mainland)::小谷吖
China (mainland),East Asia,weak-fit core,当当图书 / 当当网,site,pass115_china_mainland_strict_recommerce_web_check,medium,"Pass115 reclassification. Dedicated national online-book retail rail, but current public evidence supports ordinary new/retail book ecommerce rather than used-book marketplace/recommerce mechanics. Kept as book-market infrastructure shadow, not strict main universe.",primary,china (mainland)::当当图书-当当网
China (mainland),East Asia,weak-fit core,微信读书,site,east asia china mainland pass1,high,"Major digital reading platform with official purchase/reading/sharing functionality, large visible category counts, ranking surfaces, and formal content/cooperation infrastructure. Strong digital book rail, but still a digital-specialist lane rather than full territory-dominating marketplace proof by itself.",primary,china (mainland)::微信读书
China (mainland),East Asia,weak-fit core,换享好书,mini_program/app,pass115_china_mainland_strict_recommerce_web_check,medium,"Added pass115. Book-specific local sharing/rental/exchange/buy-sell/recycling mini-program surface for second-hand books, textbooks and picture books. Kept weak-fit/core rather than strict main pending scale, independent inventory, and durable web presence proof.",primary,china (mainland)::换享好书
China (mainland),East Asia,weak-fit core,掌阅 iReader,site,east asia china mainland pass1,medium,Large-scale mobile reading platform with broad format support and very large installed-user claims; useful as digital shadow depth. Kept in weak-fit core because pass 1 did not establish it as a decisive paper-book marketplace rail.,primary,china (mainland)::掌阅-ireader
China (mainland),East Asia,weak-fit core,新华书店网上商城,site,pass115_china_mainland_strict_recommerce_web_check,medium,"Pass115 reclassification. National chain-linked online bookstore/ecommerce rail with正版/new-book positioning; retained as major book-market infrastructure shadow, not strict used-book/recommerce main universe unless resale mechanics surface.",primary,china (mainland)::新华书店网上商城
China (mainland),East Asia,main universe,旧书街,site/app,pass115_china_mainland_strict_recommerce_web_check,high,"Added pass115. Book-specific used-book transfer/trading community; app and web surfaces explicitly describe buying, selling, transferring and sharing idle/campus second-hand books. Strict book-specific peer resale/exchange fit.",primary,china (mainland)::旧书街
China (mainland),East Asia,weak-fit core,有路网 / 有路图书,site/social_app,china_mainland_circular_recommerce_hardening,medium,"Pass146 hold retained. Douyin/search traces continue to describe 有路图书 as long-running second-hand book operations with postal book buyback, and third-party directories describe 有路网 as an online second-hand book trading/buyback site. However direct current site render, active inventory, and seller/account-flow proof remain inadequate for promotion.",primary,china (mainland)::有路网-有路图书
China (mainland),East Asia,main universe,渔书,site/app/mini_program,china_mainland_circular_recommerce_hardening,high,"Added pass146. Official 渔书 surface exposes WeChat mini-program/app access, second-hand book recovery/circulation, online buying, physical bookshop/borrowing-point network, and large public scale claims. Strict book-circularity/recommerce fit, with marketplace mechanics classified as operator/community-mediated rather than peer seller marketplace.",primary,china (mainland)::渔书
China (mainland),East Asia,main universe,漫游鲸,site/mini_program,china_mainland_circular_recommerce_hardening,high,"Added pass146. Official site and current app/miniprogram surfaces present 漫游鲸 as an idle/second-hand/old-book circular-reading platform: users scan/quote/sell books, receive pickup, and buy refurbished second-hand books at low prices. Strict operator-managed book-recommerce fit; promotion is for recommerce rail, not peer seller marketplace.",primary,china (mainland)::漫游鲸
China (mainland),East Asia,weak-fit core,豆瓣阅读,site,east asia china mainland pass1,medium,"Established digital-book rail with explicit ebook cataloging, category depth, purchase/download mechanics, and member-book infrastructure. Important reading-commerce layer, but not enough alone to define the mainland spine.",primary,china (mainland)::豆瓣阅读
China (mainland),East Asia,weak-fit core,转转图书,general_marketplace_book_vertical,pass115_china_mainland_strict_recommerce_web_check,medium,"Added pass115. Book vertical inside a broad second-hand marketplace; visible book/textbook selling surface and broader official used-goods app evidence. Useful weak-fit bridge, not strict main because parent rail is horizontal.",primary,china (mainland)::转转图书
China (mainland),East Asia,annex / classifieds,闲鱼,site,pass115_china_mainland_strict_recommerce_web_check,high,Pass115 reaffirmation. Major horizontal second-hand marketplace with book spillover; important annex texture but not book-first strict main universe.,primary,china (mainland)::闲鱼
Colombia,South America,main universe,Buscalibre Colombia,site,latest explicit Colombia cut in imported prior transcript,high,Recovered from latest explicit Colombia cut in imported prior transcript; exact rationale text was not preserved in the prior artifact surface.,primary,colombia::buscalibre colombia
Colombia,South America,main universe,DropBooks,site,latest explicit Colombia cut in imported prior transcript,high,Recovered from latest explicit Colombia cut in imported prior transcript; exact rationale text was not preserved in the prior artifact surface.,primary,colombia::dropbooks
Colombia,South America,main universe,MercadoLibro Colombia,site,latest explicit Colombia cut in imported prior transcript,high,Recovered from latest explicit Colombia cut in imported prior transcript; exact rationale text was not preserved in the prior artifact surface.,primary,colombia::mercadolibro colombia
Comoros,Indian Ocean / Comoros,external spillover / out-of-scope texture,Alibris Comoros subject books,international_marketplace_subject_query,runtime_gap_bridge_web_2026_04_25_lusophone_indian_ocean_sprint,low,"International marketplace subject search for Comoros books; useful only as spillover/out-of-territory contrast, not local rail.",supporting,comoros_alibris_comoros_subject_books
Comoros,Indian Ocean / Comoros,external spillover / out-of-scope texture,Amazon.fr Comores books,international_retail_subject_query,runtime_gap_bridge_web_2026_04_25_lusophone_indian_ocean_sprint,low,International retail search for books about Comoros; not a local Comoros marketplace.,supporting,comoros_amazon_fr_comores_books
Comoros,Indian Ocean / Comoros,annex / classifieds,Facebook Marketplace Moroni / Comoros book listings,social_marketplace_book_items,runtime_gap_bridge_web_2026_04_25_lusophone_indian_ocean_sprint,low-medium,Item-level Facebook Marketplace book listing in Moroni/Comoros; social resale texture only.,supporting,comoros_facebook_marketplace_moroni_comoros_book_listings
Comoros,Indian Ocean / Comoros,weak-fit core,Ubuy Comoros Books,ordinary_ecommerce_import_retail_books,runtime_gap_bridge_web_2026_04_25_lusophone_indian_ocean_sprint,low,Import/ecommerce book category for Comoros; no local used-book marketplace evidence.,supporting,comoros_ubuy_comoros_books
Costa Rica,Central America,main universe,Buscalibre Costa Rica,site,latest explicit Costa Rica cut in imported prior transcript,high,Coverage matrix shorthand used Buscalibre CR.,primary,costa rica::buscalibre costa rica
Costa Rica,Central America,weak-fit core,Compartir Libros,site,country_coverage_matrix,high,Explicit weak-fit core in checkpoint matrix.,primary,costa rica::compartir libros
Costa Rica,Central America,weak-fit core,Libros en Costa Rica,site,country_coverage_matrix,high,Explicit weak-fit core in checkpoint matrix.,primary,costa rica::libros en costa rica
Costa Rica,Central America,annex / classifieds,Mercado Libre CR,site,consolidated_matrix_2026_04_15,medium,"thin platform, stronger store/fair layer",primary,costa rica::mercado libre cr
Costa Rica,Central America,single-store used / bookstore signal,real used-book store layer,site,consolidated_matrix_2026_04_15,medium,"thin platform, stronger store/fair layer",primary,costa rica::real used-book store layer
Costa Rica,Central America,offline / fair / literacy layer,recurring used-book fairs,site,consolidated_matrix_2026_04_15,medium,"thin platform, stronger store/fair layer",primary,costa rica::recurring used-book fairs
Croatia,CEE/Balkans,single-store used booksellers,Antikvarijat Biblos Zagreb,single_operator_antiquarian_online_store,pass193_live_web_resolution,high,"Zagreb antiquarian/used-book shop and webshop with rare/old books, maps, expert appraisal, and online ordering; single-store layer, not third-party marketplace.",primary,croatia::antikvarijat_biblos_zagreb
Croatia,CEE/Balkans,single-store used booksellers,Antikvarijat Midas Rijeka,single_operator_antiquarian_online_store,pass193_live_web_resolution,high,Rijeka antiquarian shop sells and buys used books across genres and exposes category filters/product pages; single-store/operator layer only.,primary,croatia::antikvarijat_midas_rijeka
Croatia,CEE/Balkans,single-store used booksellers,Arka knjiga Osijek,single_operator_antiquarian_online_store,pass193_live_web_resolution,medium-high,"Osijek bookstore/antikvarijat with categories for rare, unique, antiquarian and low-priced books; single-store used/antiquarian layer, not marketplace.",primary,croatia::arka_knjiga_osijek
Croatia,CEE/Balkans,weak-fit core,Aukcije.hr — Knjige i tisak,horizontal_auction_marketplace_books_category,pass193_live_web_resolution,high,"Croatian auction/classifieds marketplace with a very large Knjige i tisak category, seller registration and sell/bid mechanics, including antiquarian books, literature, comics, magazines, maps/prints; weak-fit core because it is horizontal, not book-first.",primary,croatia::aukcije.hr_knjige_i_tisak
Croatia,CEE/Balkans,single-store used booksellers,Ezop Antikvarijat Osijek,single_operator_antiquarian_textbook_store,pass193_live_web_resolution,medium-high,"Osijek antiquarian store sells/buys used books, schoolbooks/textbooks, records and postcards; single-operator used-book/textbook layer.",primary,croatia::ezop_antikvarijat_osijek
Croatia,CEE/Balkans,annex / social marketplace,Facebook Marketplace — Zagreb / Croatia Books,horizontal_social_marketplace_books_category,pass193_live_web_resolution,medium-high,Facebook Marketplace exposes Croatia/Zagreb new and used books-for-sale surfaces and free listing mechanics; social/horizontal annex only.,primary,croatia::facebook_marketplace_zagreb_croatia_books
Croatia,CEE/Balkans,single-store bookstore layer,Hoću knjigu,bookstore_chain_webshop,pass193_live_web_reverification,high,"Croatian bookstore-chain/webshop with broad books/gifts/stationery assortment and physical-store/online-pickup infrastructure; bookstore/retail layer only, not used-book marketplace.",primary,croatia::hoću_knjigu
Croatia,CEE/Balkans,offline / fair / literacy layer,Interliber Zagreb Book Fair,offline_book_fair_literacy_infrastructure,pass193_live_web_resolution,high,"Zagreb Interliber is Croatia’s largest/international book fair infrastructure and includes publishers, booksellers, readers and antiquarian/used-book participation context; offline/fair layer only.",primary,croatia::interliber_zagreb_book_fair
Croatia,CEE/Balkans,single-store used booksellers,Knjiga.hr / Antikvarijat Ex Libris Rijeka,single_operator_antiquarian_online_store,pass193_live_web_resolution,medium-high,"Knjiga.hr / Antikvarijat Ex Libris is a Rijeka online store for used, old, second-hand books, comics, and vinyl; single-operator antikvarijat layer, not open marketplace.",primary,croatia::knjiga.hr_antikvarijat_ex_libris_rijeka
Croatia,CEE/Balkans,single-store used booksellers,Knjigoria Planet,single_operator_secondhand_webshop,pass193_live_web_resolution,high,Croatian web bookshop offering second-hand books in good/very good condition with buyback menu and product/cart surfaces; single-operator used-book layer only.,primary,croatia::knjigoria_planet
Croatia,CEE/Balkans,annex / classifieds,Njuškalo — Literatura / Knjige,horizontal_classifieds_book_category,pass193_live_web_resolution,high,"Croatia horizontal classifieds rail with literature/books category, used textbook surfaces, prices/photos/listing mechanics, and large category depth; annex/classifieds only, not book-first strict/main.",primary,croatia::njuškalo_literatura_knjige
Croatia,CEE/Balkans,annex / social resale,Rabljene knjige Facebook group,social_used_book_resale_group,pass193_live_web_resolution,medium,"Croatian/Slovene-language social group result describes a space for selling and buying books; retained as social annex only, not standalone marketplace infrastructure.",primary,croatia::rabljene_knjige_facebook_group
Croatia,CEE/Balkans,single-store used booksellers,Superknjižara / Antikvarijat Jesenski i Turk shared webshop,single_operator_shared_new_used_antiquarian_webshop,pass193_live_web_resolution,medium,"Croatian online bookshop/share surface where Antikvarijat Jesenski i Turk used/antiquarian inventory can be searched alongside new books; operator/store layer, not open marketplace.",primary,croatia::superknjižara_antikvarijat_jesenski_i_turk_shared_webshop
Croatia,CEE/Balkans,single-store bookstore layer,Znanje,publisher_bookstore_chain_webshop,pass193_live_web_reverification,high,"Major Croatian publisher/bookstore chain and online book-sales surface; store/publisher retail layer only, not recommerce marketplace.",primary,croatia::znanje
Cuba,Caribbean,offline / fair / literacy layer,Havana Book Fair,site,consolidated_matrix_2026_04_15,medium,"high institutional infrastructure, low open-marketplace depth",primary,cuba::havana book fair
Cuba,Caribbean,weak-fit core,ICL / DNL / Libro Cubano state system,site,country_coverage_matrix,medium,System-level weak-fit rail rather than a single commercial marketplace.,primary,cuba::icl / dnl / libro cubano state system
Cuba,Caribbean,annex / classifieds,Qubazar,site,consolidated_matrix_2026_04_15,medium,"high institutional infrastructure, low open-marketplace depth",primary,cuba::qubazar
Cuba,Caribbean,annex / classifieds,Revolico,site,consolidated_matrix_2026_04_15,medium,"high institutional infrastructure, low open-marketplace depth",primary,cuba::revolico
Cuba,Caribbean,offline / fair / literacy layer,state network,site,consolidated_matrix_2026_04_15,medium,"high institutional infrastructure, low open-marketplace depth",primary,cuba::state network
Curaçao,Caribbean,annex / classifieds,BambaAd,site,consolidated_matrix_2026_04_15,medium,bookstore / library / festival heavy,primary,curaçao::bambaad
Curaçao,Caribbean,annex / classifieds,Bon Merkado,site,consolidated_matrix_2026_04_15,medium,bookstore / library / festival heavy,primary,curaçao::bon merkado
Curaçao,Caribbean,weak-fit core,Bright World Park,site,country_coverage_matrix,medium,Lightly verified weak-fit entry in checkpoint matrix.,primary,curaçao::bright world park
Curaçao,Caribbean,single-store used / bookstore signal,Bruna,site,consolidated_matrix_2026_04_15,medium,bookstore / library / festival heavy,primary,curaçao::bruna
Curaçao,Caribbean,single-store used / bookstore signal,Hirsch & Reich used books,site,consolidated_matrix_2026_04_15,medium,bookstore / library / festival heavy,primary,curaçao::hirsch & reich used books
Curaçao,Caribbean,offline / fair / literacy layer,library + Wintertuin + festivals,site,consolidated_matrix_2026_04_15,medium,bookstore / library / festival heavy,primary,curaçao::library + wintertuin + festivals
Cyprus,Greece-Cyprus-Turkey,single-store used bookseller,Anna's Bookshop / Anna's Second-hand Book Swap,site,pass185_live_web_added,medium-high,Limassol second-hand bookshop/book-swap layer with thousands of books in many languages and low-price used-book evidence; single-store used-book layer.,secondary,cyprus::anna's bookshop / anna's second-hand book swap
Cyprus,Greece-Cyprus-Turkey,annex / classifieds,Bazaraki Books,site,pass185_live_web_added,high,"Cyprus-wide classifieds books category with city counts, delivery/condition fields and used-book listings; broad classifieds, not book-first strict main.",secondary,cyprus::bazaraki books
Cyprus,Greece-Cyprus-Turkey,offline / fair / literacy layer,Buy a Book Save a Stray charity book bazaar,event,pass185_live_web_added,medium-high,"Cyprus charity book-bazaar/event layer selling new and used books at low prices; offline/event texture, not standing recommerce marketplace.",secondary,cyprus::buy a book save a stray charity book bazaar
Cyprus,Greece-Cyprus-Turkey,single-store used bookseller,Moufflon Bookshop,site,pass185_live_web_reverified,high,"Nicosia shop with large collection of new, used, rare, in-print and out-of-print books on Cyprus/Eastern Mediterranean plus item/ISBN surfaces; single-store used/rare anchor, not marketplace.",primary,cyprus::moufflon bookshop
Cyprus,Greece-Cyprus-Turkey,offline / fair / literacy layer,READ Digital Library,site,pass185_live_web_reverified,high,"First educational digital library in Cyprus; digital-bookstore/e-book shelf evidence; literacy infrastructure, not recommerce marketplace.",primary,cyprus::read digital library
Cyprus,Greece-Cyprus-Turkey,single-store used/rare bookstore signal,Rüstem's Bookshop / Rüstem Kitabevi,site,pass185_live_web_added,medium-high,"Historic Nicosia/North Nicosia bookstore with vintage/rare/second-hand book evidence and no online store; single-store cultural/used/rare layer, not marketplace.",secondary,cyprus::rüstem's bookshop / rüstem kitabevi
Cyprus,Greece-Cyprus-Turkey,single-store bookstore layer,SREDA Books,site,pass185_live_web_reverified,high,"Independent multilingual bookstore in Larnaca with live operating surface; bookstore-layer anchor, not used-book marketplace.",primary,cyprus::sreda books
Cyprus,Greece-Cyprus-Turkey,annex / social book-sale groups,Secondhand Books in Cyprus / Cyprus Book Swap,site,pass185_live_web_added,medium-high,"Facebook/social group for swapping, selling, and giving away secondhand books in Cyprus; social annex only.",secondary,cyprus::secondhand books in cyprus / cyprus book swap
Cyprus,Greece-Cyprus-Turkey,single-store bookstore layer,Soloneion Book Centre,site,pass185_live_web_reverified,high,"Major Cyprus online/bookshop catalogue rail with delivery/e-shop evidence; bookstore layer, not used-book marketplace.",primary,cyprus::soloneion book centre
Cyprus,Greece-Cyprus-Turkey,charity / thrift used-book layer,Thrift Store Cyprus — Books,site,pass185_live_web_added,medium-high,"Cyprus thrift/charity retail with books category/product cards; charity/thrift used-book texture, not book-specific marketplace.",secondary,cyprus::thrift store cyprus — books
Cyprus,Greece-Cyprus-Turkey,annex / horizontal marketplace,Vendora.cy Used Books,site,pass185_live_web_added,high,"Cyprus-facing Vendora used-books category with buy/sell used-book item/category mechanics; broad horizontal marketplace, not book-first strict main.",secondary,cyprus::vendora.cy used books
Czechia,Baltics/CEE,main universe,Knihobot,site,raw_continuation_transcript; pass148_cee_baltics_new_region_sprint,high,Pass148 promotion. Current Bookbot/Knihobot surface says buy and sell books in one place and sell pre-loved books for cash; public current evidence supports used-book recommerce/marketplace treatment. Promoted from weak-fit to main universe.,primary,czechia::knihobot
Czechia,Baltics/CEE,main universe,TrhKnih,site,later CEE deepening pass,high,Recovered from later CEE deepening pass; exact rationale text was not preserved in the prior artifact surface.,primary,czechia::trhknih
Côte d'Ivoire,West Africa,annex / classifieds,"CoinAfrique Côte d'Ivoire — DVDs, CDs & Livres",platform_category,runtime_gap_bridge_web_2026_04_25,high,General classifieds rail with Ivorian books/DVD/CD category and live book listing examples; annex not book-dominant.,supporting,c_te_divoire::coinafrique_c_te_divoire_dvds_cds_livres
Côte d'Ivoire,West Africa,single-store used booksellers,La Bouquinerie d'Abidjan,site,runtime_gap_bridge_web_2026_04_25,medium,"Social-surface used-book seller in Abidjan with delivery claims; useful used-book signal, not validated as platform.",supporting,c_te_divoire::la_bouquinerie_dabidjan
Côte d'Ivoire,West Africa,weak-fit core,LaPanaf / Librairie Panafricaine,site,runtime_gap_bridge_web_2026_04_25,medium,"Book-forward online marketplace dedicated to African booksellers and authors; strong book marketplace signal, not clearly used/resale.",primary,c_te_divoire::lapanaf_librairie_panafricaine
Côte d'Ivoire,West Africa,single-store used / bookstore signal,Lis-Moi — Livres d'occasion,site,runtime_gap_bridge_web_2026_04_25,medium,"Ivorian online bookstore surface with explicit used-books category, though observed category currently shows no items.",supporting,c_te_divoire::lis_moi_livres_doccasion
Côte d'Ivoire,West Africa,single-store used booksellers,Livres d'Occasion Abidjan,site,runtime_gap_bridge_web_2026_04_25,medium,Abidjan social-surface used-book seller for used books/magazines/novels; weak but relevant used-book signal.,supporting,c_te_divoire::livres_doccasion_abidjan
Democratic Republic of the Congo,Central Africa / West-Central Africa,weak-fit core,Alibooks.cd,online_bookstore_distribution,pass104_drc_current_status_hardening_web_2026_04_27,medium-high,Current alibookscd.com surface confirms a Congolese online book-distribution and publishing platform aiming to distribute books across the DRC; still weak-fit because third-party/used marketplace mechanics are not verified.,supporting,democratic_republic_of_the_congo_alibooks_cd
Democratic Republic of the Congo,Central Africa / West-Central Africa,annex / classifieds,"CoinAfrique RDC DVDs, CDs & Livres",general_classifieds_books_category,runtime_gap_bridge_web_2026_04_25_central_africa_marketplace_sprint,medium,"RDC-specific CoinAfrique books/media classifieds category; general classifieds, not book-dominant.",supporting,democratic_republic_of_the_congo_coinafrique_rdc_dvds_cds_livres
Democratic Republic of the Congo,Central Africa / West-Central Africa,annex / classifieds,CoinAfrique RDC book listings,general_classifieds_book_items,runtime_gap_bridge_web_2026_04_25_central_africa_marketplace_sprint,medium,Individual Kinshasa book listing offers books for all levels/domains for children and adults; confirms category activity.,supporting,democratic_republic_of_the_congo_coinafrique_rdc_book_listings
Democratic Republic of the Congo,Central Africa / West-Central Africa,annex / classifieds,CoinAfrique RDC e-book/PDF listings,general_classifieds_digital_book_items,runtime_gap_bridge_web_2026_04_25_central_africa_marketplace_sprint,medium-low,RDC CoinAfrique e-book/PDF pack listings show book-like digital sales but not governed marketplace specialization.,supporting,democratic_republic_of_the_congo_coinafrique_rdc_e_book_pdf_listings
Democratic Republic of the Congo,Central Africa / West-Central Africa,annex / classifieds,CoinAfrique RDC miscellaneous book/media listings,general_classifieds_book_items,runtime_gap_bridge_web_2026_04_25_central_africa_marketplace_sprint,medium-low,Additional CoinAfrique RDC books/media listings confirm ongoing category depth but remain general classifieds.,supporting,democratic_republic_of_the_congo_coinafrique_rdc_miscellaneous_book_media_listings
Democratic Republic of the Congo,Central Africa / West-Central Africa,annex / classifieds,Facebook Marketplace / Kinshasa social book spillover,social_marketplace_book_spillover,runtime_gap_bridge_web_2026_04_25_central_africa_marketplace_sprint,low,Social/marketplace book-trade traces but not enough to assert a book-specific platform.,supporting,democratic_republic_of_the_congo_facebook_marketplace_kinshasa_social_book_spillover
Democratic Republic of the Congo,Central Africa / West-Central Africa,weak-fit core,Kicherche marketplace / Alibooks integration signal,general_marketplace_bookstore_integration_candidate,runtime_gap_bridge_web_2026_04_25_central_africa_marketplace_sprint,medium-low,General marketplace page announced Alibooks.cd would be available on its marketplace; useful candidate but not live row-level book marketplace evidence.,supporting,democratic_republic_of_the_congo_kicherche_marketplace_alibooks_integration_signal
Democratic Republic of the Congo,Central Africa / West-Central Africa,single-store bookstore layer,LAESH SAS / LAESH RDC,single_store_social_bookstore,pass104_drc_current_status_hardening_web_2026_04_27,medium,"Official LAESH social surface confirms Kinshasa book retail with visible book availability/price/shop-location signals; bookstore layer only, not marketplace.",supporting,democratic_republic_of_the_congo_laesh_sas_laesh_rdc
Democratic Republic of the Congo,Central Africa / West-Central Africa,single-store bookstore layer,La Maison du Savoir Kinshasa,bookstore_stationery_layer,pass104_drc_current_status_hardening_web_2026_04_27,medium-low,"Current social surface confirms Kinshasa Mall bookstore/stationery presence; bookstore/inventory texture only, not used-book marketplace.",supporting,democratic_republic_of_the_congo_la_maison_du_savoir_kinshasa
Democratic Republic of the Congo,Central Africa / West-Central Africa,single-store bookstore layer,Le Coin des Livres Kinshasa,online_social_bookstore,runtime_gap_bridge_web_2026_04_25_central_africa_marketplace_sprint,medium-low,"Kinshasa social online bookstore with province/Brazzaville delivery signal; bookstore layer, not marketplace.",supporting,democratic_republic_of_the_congo_le_coin_des_livres_kinshasa
Democratic Republic of the Congo,Central Africa / West-Central Africa,single-store bookstore layer,Shelves Bookstore Kinshasa,online_social_bookstore,pass104_drc_current_status_hardening_web_2026_04_27,medium-low,"Current social/search-visible evidence confirms Kinshasa bookstore/order surface with web/contact signals; bookstore layer only, not used-book marketplace.",supporting,democratic_republic_of_the_congo_shelves_bookstore_kinshasa
Democratic Republic of the Congo,Central Africa / West-Central Africa,weak-fit core,Ubuy DRC Books,ordinary_ecommerce_import_retail_books,runtime_gap_bridge_web_2026_04_25_central_africa_marketplace_sprint,low,Weak ordinary ecommerce/import retail placeholder; no local used/third-party book marketplace evidence verified.,supporting,democratic_republic_of_the_congo_ubuy_drc_books
Democratic Republic of the Congo,Central Africa / West-Central Africa,single-store bookstore layer,Éditions Mabiki / librairie ambulante,mobile_bookstore_publisher_retail,pass104_drc_current_status_hardening_web_2026_04_27,medium,"Publisher/mobile bookstore sells low-price books in Kinshasa with free home delivery; single-operator retail/distribution layer, not a marketplace.",supporting,democratic_republic_of_the_congo_editions_mabiki_librairie_ambulante
Denmark,Western Europe / Nordics,main universe,Antikvariat.net — Denmark/Scandinavia scope,site,fresh_web_pass168_denmark_opening,high,"Strict/main association-mediated antiquarian marketplace: Antikvariat.net reports many participating antiquarian booksellers and over a million titles, and states that transactions are with individual antiquarians; terms identify Denmark/Norway/Sweden member-store mediation.",primary,denmark::antikvariatnet-denmark-scandinavia-scope
Denmark,Western Europe / Nordics,single-store used booksellers,BogGaragen.dk,site,fresh_web_pass168_denmark_opening,high,Single-store online antikvariat: BogGaragen says all books come from secondhand and frames its catalogue around used/reused books; not multi-seller marketplace.,primary,denmark::boggaragendk
Denmark,Western Europe / Nordics,main universe,Bogbasen.dk,site,fresh_web_pass168_denmark_opening,high,"Denmark-native strict/main book-specific marketplace: Bogbasen describes itself as Denmark’s largest marketplace for buying and selling used books, with both private sellers and antiquarian booksellers and platform-managed settlement, shipping labels, and tracking.",primary,denmark::bogbasendk
Denmark,Western Europe / Nordics,main universe,Bogtorvet.net,site,fresh_web_pass168_denmark_opening,high,"Strict/main Danish antiquarian aggregator: search snippets and third-party company details describe used books from Danish antiquarians, with over half a million books from roughly 26–28 Danish antiquarian booksellers. Direct fetch intermittently returned 502 in this runtime, so retained as search-verified current surface.",primary,denmark::bogtorvetnet
Denmark,Western Europe / Nordics,annex / social classifieds,"Buy, sell and exchange English books in Denmark",site,fresh_web_pass168_denmark_opening,medium-high,"Annex/social classifieds: book-specific Denmark social rail for buying, selling, and exchanging English-language books; useful circularity texture, not standalone marketplace infrastructure.",supporting,denmark::buy-sell-and-exchange-english-books-in-denmark
Denmark,Western Europe / Nordics,single-store used booksellers,Bøger & Kuriosa,site,fresh_web_pass168_denmark_opening,high,"Single-store used-bookseller layer: Copenhagen antikvariat with searchable categories, used/antiquarian book catalogue, contact information for buying and selling books, and current item prices.",primary,denmark::boeger-and-kuriosa
Denmark,Western Europe / Nordics,annex / classifieds,DBA — Bøger og magasiner,site,fresh_web_pass168_denmark_opening,high,Annex/classifieds: DBA has a very large Bøger og magasiner category and explicitly frames it as buying used books and magazines; not book-specific enough for strict main universe.,supporting,denmark::dba-boeger-og-magasiner
Denmark,Western Europe / Nordics,annex / social classifieds,DTU Brugte bøger / Used books group,site,fresh_web_pass168_denmark_opening,medium-high,"Annex/social classifieds: DTU-focused group for buying and selling used books/educational material; retained as student circularity texture, not strict main marketplace.",supporting,denmark::dtu-brugte-boeger-used-books-group
Denmark,Western Europe / Nordics,annex / classifieds,Gul&Gratis — Bøger & blade,site,fresh_web_pass168_denmark_opening,high,Annex/classifieds: Gul&Gratis home/category structure includes Bøger & blade and current book listing pages with prices and Danish locations; not book-specific enough for strict main universe.,supporting,denmark::gulandgratis-boeger-and-blade
Denmark,Western Europe / Nordics,single-store used booksellers,Kroning International Antikvariat,site,fresh_web_pass168_denmark_opening,medium-high,"Single-store used-bookseller layer: search result describes a large antiquarian shop with over 150,000 books and a large Danish-language stock. Direct open failed in this runtime, so retained medium-high pending future direct-page recheck.",primary,denmark::kroning-international-antikvariat
Denmark,Western Europe / Nordics,single-store used booksellers,Lovsamlingen / Juridisk Antikvariat,site,fresh_web_pass168_denmark_opening,high,"Single-store/specialist used-bookseller layer: Juridisk Antikvariat explicitly says it buys/sells used legal books, exposes over 1,800 used legal books, and item pages with condition, price, dates, and ISBNs.",primary,denmark::lovsamlingen-juridisk-antikvariat
Denmark,Western Europe / Nordics,weak-fit core,Pensum.dk / Saxo used textbook rail,site,fresh_web_pass168_denmark_opening,medium-high,Student/textbook rail: Pensum search snippets expose new and used textbooks and point to buying/selling used books on Saxo; retained as weak-fit/supporting because the durable recommerce mechanics appear Saxo-linked rather than an independent Denmark-native marketplace.,primary,denmark::pensumdk-saxo-used-textbook-rail
Denmark,Western Europe / Nordics,single-store used booksellers,Pronomen — brugte bøger online,site,fresh_web_pass168_denmark_opening,high,"Single-store used-bookseller layer: Pronomen presents itself as used books online with delivery, used/variant item pages, and a broad fiction-oriented catalogue.",primary,denmark::pronomen-brugte-boeger-online
Denmark,Western Europe / Nordics,annex / social marketplace,Reshopper Denmark — family marketplace with books,site,fresh_web_pass168_denmark_opening,medium-high,"Annex/social marketplace: Reshopper is a Denmark-based family marketplace app for buying/selling used family items; app-store/social descriptions include children’s items/books, but it is not book-specific.",supporting,denmark::reshopper-denmark-family-marketplace-with-books
Denmark,Western Europe / Nordics,single-store used booksellers,Roskilde Antikvariat / Bogantikken,site,fresh_web_pass168_denmark_opening,high,"Single-store used-bookseller layer: Roskilde Antikvariat describes shelves of used books, broad multilingual inventory, and ordering/searching ca. 34,500 books via Antikvariat.net.",primary,denmark::roskilde-antikvariat-bogantikken
Denmark,Western Europe / Nordics,main universe,Saxo — used books / member resale,site,fresh_web_pass168_denmark_opening,high,"Strict/main book-specific recommerce rail: Saxo says members can sell used books through its app, that it handles buyer contact/fixed shipping flow, and that Saxo.com has large used-book inventories from antiquarians and Premium members.",primary,denmark::saxo-used-books-member-resale
Denmark,Western Europe / Nordics,single-store used booksellers,Vangsgaards Antikvariat,site,fresh_web_pass168_denmark_opening,high,"Single-store used-bookseller layer: Copenhagen antikvariat with current contact/store page and Antikvariat.net member/store scope; retained as local used/rare bookseller, not platform marketplace.",primary,denmark::vangsgaards-antikvariat
Denmark,Western Europe / Nordics,single-store used booksellers,voresbøger.dk,site,fresh_web_pass168_denmark_opening,high,"Single-store online used-bookseller layer: site describes itself as used books online with antiquarian and second-hand books, searchable categories, and current priced items.",primary,denmark::voresboegerdk
Djibouti,Horn of Africa,annex / classifieds,Facebook Marketplace Djibouti Books/Media,social_marketplace_book_media_category,runtime_gap_bridge_web_2026_04_25_east_africa_horn_sprint,medium-high,"Facebook Marketplace exposes new/used books, movies and music near Djibouti; social marketplace category only.",supporting,djibouti_facebook_marketplace_djibouti_books_media
Djibouti,Horn of Africa,single-store bookstore layer,Librairie Discorama Djibouti,local_bookstore,runtime_gap_bridge_web_2026_04_25_east_africa_horn_sprint,medium,"Djibouti bookstore listed by Petit Futé and local directories; bookstore layer, not used/recommerce.",supporting,djibouti_librairie_discorama_djibouti
Djibouti,Horn of Africa,single-store bookstore layer,Librairie Victor Hugo Djibouti,local_bookstore,runtime_gap_bridge_web_2026_04_25_east_africa_horn_sprint,high,"Central Djibouti bookstore with French/English/Arabic general and national literature, youth, manga, comics and textbooks; bookstore layer only.",supporting,djibouti_librairie_victor_hugo_djibouti
Djibouti,Horn of Africa,weak-fit core,SoBigDeal Djibouti/Somaliland regional marketplace,regional_general_marketplace,runtime_gap_bridge_web_2026_04_25_east_africa_horn_sprint,medium,Horn regional marketplace claiming Djibouti/Somaliland/Somalia/Ethiopia coverage; no book category verified.,supporting,djibouti_sobigdeal_djibouti_somaliland_regional_marketplace
Djibouti,Horn of Africa,weak-fit core,Ubuy Djibouti Books,import_ecommerce_book_category,runtime_gap_bridge_web_2026_04_25_east_africa_horn_sprint,medium,"Country-localized import ecommerce bookstore category; ordinary retail/import, not used marketplace.",supporting,djibouti_ubuy_djibouti_books
Dominica,Caribbean,annex / classifieds,Dominica Classified,site,consolidated_matrix_2026_04_15,medium,library/festival heavy,primary,dominica::dominica classified
Dominica,Caribbean,offline / fair / literacy layer,Nature Island Literary Festival,site,consolidated_matrix_2026_04_15,medium,library/festival heavy,primary,dominica::nature island literary festival
Dominica,Caribbean,single-store used / bookstore signal,tiny bookstore layer,site,consolidated_matrix_2026_04_15,medium,library/festival heavy,primary,dominica::tiny bookstore layer
Dominican Republic,Caribbean,main universe,Buscalibre DR,site,coverage matrix main-universe column,high,Exact site recovered from compact coverage matrix rather than fuller transcript cut.,primary,dominican republic::buscalibre dr
Dominican Republic,Caribbean,annex / classifieds,Corotos,site,consolidated_matrix_2026_04_15,medium,modest platform layer,primary,dominican republic::corotos
Dominican Republic,Caribbean,weak-fit core,Intercambia Libros RD,site,country_coverage_matrix,high,Explicit weak-fit core in checkpoint matrix.,primary,dominican republic::intercambia libros rd
Dominican Republic,Caribbean,annex / classifieds,Mercado Libre RD,site,consolidated_matrix_2026_04_15,medium,modest platform layer,primary,dominican republic::mercado libre rd
Dominican Republic,Caribbean,weak-fit core,SDQ Lee,site,country_coverage_matrix,high,Explicit weak-fit core in checkpoint matrix.,primary,dominican republic::sdq lee
Dominican Republic,Caribbean,offline / fair / literacy layer,exchange events,site,consolidated_matrix_2026_04_15,medium,modest platform layer,primary,dominican republic::exchange events
Dominican Republic,Caribbean,single-store used / bookstore signal,modest single-seller layer,site,consolidated_matrix_2026_04_15,medium,modest platform layer,primary,dominican republic::modest single-seller layer
Dominican Republic,Caribbean,offline / fair / literacy layer,rare-book fair,site,consolidated_matrix_2026_04_15,medium,modest platform layer,primary,dominican republic::rare-book fair
Ecuador,South America,main universe,Buscalibre Ecuador,site,latest explicit Ecuador cut in imported prior transcript,high,Recovered from latest explicit Ecuador cut in imported prior transcript; exact rationale text was not preserved in the prior artifact surface.,primary,ecuador::buscalibre ecuador
Egypt,North Africa / Maghreb,main universe,AUC Bookstores Egypt,site,web_verified_2026_04_21,high,Wide English-language bookstore rail with ecommerce/shipping and book-fair participation.,primary,egypt::auc_bookstores_egypt
Egypt,North Africa / Maghreb,single-store used booksellers,Bookworm Egypt,site,web_verified_2026_04_21,high,Online bookstore for original new and used books with trade-in / old-book exchange seam.,primary,egypt::bookworm_egypt
Egypt,North Africa / Maghreb,offline / fair / literacy layer,Cairo International Book Fair 2026,event,web_verified_2026_04_21,high,Major current national literary-fair infrastructure.,supporting,egypt::cibf_2026
Egypt,North Africa / Maghreb,main universe,Diwan,site,web_verified_2026_04_21,high,Leading Egyptian bookseller with Arabic and English books plus events.,primary,egypt::diwan
Egypt,North Africa / Maghreb,weak-fit core,Nahdet Misr,site,web_verified_2026_04_21,high,Large Egyptian publishing/distribution-learning group; adds depth beyond bookstores alone.,supporting,egypt::nahdet_misr
Egypt,North Africa / Maghreb,annex / classifieds,OpenSooq Egypt — Books,marketplace,web_verified_2026_04_21,high,"Broad horizontal books-market spillover with new, used, and rare books listings.",supporting,egypt::opensooq_books
Egypt,North Africa / Maghreb,main universe,Shorouk Bookstores,site,web_verified_2026_04_21,high,"Large Egypt bookselling rail with Arabic, English, children, and events surfaces.",primary,egypt::shorouk_bookstores
Egypt,North Africa / Maghreb,single-store used booksellers,The BookSpot,site,pass203_egypt_targeted_hardening,high,"Hardened in pass203: FAQ/store policy supports used-book buyback/store-credit and current new/used original books identity; operator store, not marketplace.",primary,egypt::the_bookspot
El Salvador,Central America,weak-fit core,Buscalibre SV,site,country_coverage_matrix,high,Explicit weak-fit core in checkpoint matrix.,primary,el salvador::buscalibre sv
El Salvador,Central America,offline / fair / literacy layer,FENAL and related fairs,site,consolidated_matrix_2026_04_15,medium,fair/shop ecology,primary,el salvador::fenal and related fairs
El Salvador,Central America,annex / classifieds,Mercado Libre SV,site,consolidated_matrix_2026_04_15,medium,fair/shop ecology,primary,el salvador::mercado libre sv
El Salvador,Central America,single-store used / bookstore signal,central San Salvador used-book sellers,site,consolidated_matrix_2026_04_15,medium,fair/shop ecology,primary,el salvador::central san salvador used-book sellers
Equatorial Guinea,Central Africa / Gulf of Guinea,annex / classifieds,Amigos/as de Guinea Ecuatorial MALABO#BATA book-post spillover,general_social_group_book_posts,runtime_gap_bridge_web_2026_04_25_equatorial_guinea_compact_pass1,low,General social group with occasional book posts; weak discovery rail only.,supporting,equatorial_guinea_amigos_as_de_guinea_ecuatorial_malabo_bata_book_post_spillover
Equatorial Guinea,Central Africa / Gulf of Guinea,offline fair/literacy layer,Biblioteca de Guinea Ecuatorial digital archive,digital_library_archive,runtime_gap_bridge_web_2026_04_25_equatorial_guinea_compact_pass1,medium,Digital archive/memory project preserving Equatoguinean literature; explicitly not commercial per page language.,supporting,equatorial_guinea_biblioteca_de_guinea_ecuatorial_digital_archive
Equatorial Guinea,Central Africa / Gulf of Guinea,offline fair/literacy layer,Centro Cultural de España en Bata book/literature programming,cultural_center_book_programming,runtime_gap_bridge_web_2026_04_25_equatorial_guinea_compact_pass1,medium-low,Cultural center provides book/literary programming and historical bookstore context; not market rail.,supporting,equatorial_guinea_centro_cultural_de_espa_a_en_bata_book_literature_programming
Equatorial Guinea,Central Africa / Gulf of Guinea,single-store bookstore layer,Ediciones Esangui,publisher_social_surface,runtime_gap_bridge_web_2026_04_25_equatorial_guinea_compact_pass1,medium-low,Bata small publisher/social surface promoting Guinean literature; publisher texture only.,supporting,equatorial_guinea_ediciones_esangui
Equatorial Guinea,Central Africa / Gulf of Guinea,weak-fit core,Editorial Digital de Guinea Ecuatorial tienda,digital_publisher_shop,runtime_gap_bridge_web_2026_04_25_equatorial_guinea_compact_pass1,medium-low,Online shop offering books/audiobooks/courses tied to Equatoguinean literature; weak-fit because not used/resale marketplace.,supporting,equatorial_guinea_editorial_digital_de_guinea_ecuatorial_tienda
Equatorial Guinea,Central Africa / Gulf of Guinea,annex / classifieds,Facebook Marketplace Bata textbook/book items,social_marketplace_book_items,runtime_gap_bridge_web_2026_04_25_equatorial_guinea_compact_pass1,medium-low,Facebook Marketplace textbook/book items in Bata; social resale/classifieds only.,supporting,equatorial_guinea_facebook_marketplace_bata_textbook_book_items
Equatorial Guinea,Central Africa / Gulf of Guinea,annex / classifieds,Facebook Marketplace Malabo Books items,social_marketplace_book_items,runtime_gap_bridge_web_2026_04_25_equatorial_guinea_compact_pass1,medium-low,"Multiple Facebook Marketplace book/textbook items in Malabo; social resale/classifieds, not book-dominant marketplace.",supporting,equatorial_guinea_facebook_marketplace_malabo_books_items
Equatorial Guinea,Central Africa / Gulf of Guinea,single-store bookstore layer,La Casa Tomada,bookstore_cultural_space,runtime_gap_bridge_web_2026_04_25_equatorial_guinea_compact_pass1,high,Malabo private bookstore/cultural space; government page says books can be bought and describes broad printed inventory.,bookstore,equatorial_guinea_la_casa_tomada
Equatorial Guinea,Central Africa / Gulf of Guinea,single-store bookstore layer,La Librería de Bata,bookstore,runtime_gap_bridge_web_2026_04_25_equatorial_guinea_compact_pass1,high,"Bata bookstore opened in 2012 at CCE Bata with over 4,000 titles; strong bookstore layer, no marketplace mechanics.",bookstore,equatorial_guinea_la_librer_a_de_bata
Equatorial Guinea,Central Africa / Gulf of Guinea,offline fair/literacy layer,National Library of Equatorial Guinea digital platform,national_library_digital_platform,runtime_gap_bridge_web_2026_04_25_equatorial_guinea_compact_pass1,medium,National Library digital platform provides academic/reference access via subscription; institutional/digital access layer only.,supporting,equatorial_guinea_national_library_of_equatorial_guinea_digital_platform
Eritrea,Horn of Africa,single-store bookstore layer,Awghet Bookshop Asmara,local_bookstore_signal,runtime_gap_bridge_web_2026_04_25_east_africa_horn_sprint,low-medium,"Asmara bookshop signal, but current source notes closure/nearby alternatives; retained as historical/local lead only.",supporting,eritrea_awghet_bookshop_asmara
Eritrea,Horn of Africa,single-store bookstore layer,Bana Eritrean Book Store,eritrean_language_online_bookstore,runtime_gap_bridge_web_2026_04_25_east_africa_horn_sprint,medium,Eritrean/Tigrinya online bookstore with priced products; diaspora/local status needs hardening.,supporting,eritrea_bana_eritrean_book_store
Eritrea,Horn of Africa,single-store bookstore layer,HdriMedia Eritrean literature online bookstore,diaspora_or_eritrean_literature_online_store,runtime_gap_bridge_web_2026_04_25_east_africa_horn_sprint,medium,Online bookstore for Eritrean literature/cultural books; likely diaspora-facing but Eritrean book-distribution layer.,supporting,eritrea_hdrimedia_eritrean_literature_online_bookstore
Eritrea,Horn of Africa,weak-fit core,Kebhi online book store Eritrea,online_bookstore_donation_reading_platform,runtime_gap_bridge_web_2026_04_25_east_africa_horn_sprint,medium-high,Eritrean online bookstore/platform where authors decide whether to sell or donate books; book-distribution platform but not used marketplace.,supporting,eritrea_kebhi_online_book_store_eritrea
Eritrea,Horn of Africa,single-store bookstore layer,Mediatech Asmara,local_bookstore,runtime_gap_bridge_web_2026_04_25_east_africa_horn_sprint,medium,"Asmara bookstore listed as carrying maps, postcards and bookshop inventory; local bookstore layer.",supporting,eritrea_mediatech_asmara
Eritrea,Horn of Africa,offline fair/literacy layer,Rora Digital Library / Asmara tablet corner,digital_library_literacy_layer,runtime_gap_bridge_web_2026_04_25_east_africa_horn_sprint,low-medium,"Digital/library access infrastructure in Asmara; not a marketplace, retained as book-access texture.",supporting,eritrea_rora_digital_library_asmara_tablet_corner
Estonia,Baltics/CEE,single-store used booksellers,Antikvariaat.eu / Antikvariaat OÜ,site/store,fresh_web_pass172_estonia_hardening,high,"Added as high-confidence single-store antiquarian/used-book layer. Checked item pages state books are in stock and can be ordered to the Tartu Riia 7 antique bookstore or delivered, with condition and bibliographic metadata. Single-operator bookstore only in checked evidence.",secondary,estonia::antikvariaat_eu_antikvariaat_o
Estonia,Baltics/CEE,annex / social classifieds,Facebook used-book groups — Estonia,social_groups,fresh_web_pass172_estonia_hardening,medium,Added as annex/social classifieds. Multiple Estonian Facebook groups are explicitly framed for private individuals selling/giving away/buying used books or new/used book sale/exchange. Social texture only; not registry-grade strict main.,annex,estonia::facebook_used_book_groups_estonia
Estonia,Baltics/CEE,single-store used booksellers,Kasutatudraamat.ee,site/store,fresh_web_pass172_estonia_hardening,medium-high,"Added as medium-high single-store used/new book shop. Homepage brands itself as used/new book sales, exposes shop/cart/checkout and recent product listings with add-to-cart mechanics; no third-party seller onboarding confirmed.",secondary,estonia::kasutatudraamat_ee
Estonia,Baltics/CEE,annex / horizontal marketplace,Osta.ee — Raamatud / haruldased raamatud,site/auction,fresh_web_pass172_estonia_hardening,high,"Added as annex/horizontal. Osta.ee describes itself as Estonia’s largest auction environment and has books/rare-books categories with ordinary/business seller filters, condition filters including used/old/antique, and transport options. Important Estonian book-recommerce spillover, but general auction platform rather than book-first strict main.",annex,estonia::osta_ee_raamatud_haruldased_raamatud
Estonia,Baltics/CEE,main universe,Raamatuhai / BooksShark,site/app,pass148_cee_baltics_new_region_sprint; fresh_web_pass172_estonia_hardening,high,"Updated pass148 row. Raamatuhai/BooksShark presents itself as Estonia cultural marketplace/online bookstore for buying, selling and exchanging books; terms/search evidence describe a web-based sales platform connecting buyers and sellers for new and used books and board games. Kept as strict/main book-specific recommerce marketplace, with board-game adjacency noted but not disqualifying.",primary,estonia::raamatuhai_booksshark
Estonia,Baltics/CEE,single-store used booksellers,Raamatukoi,site/store,raw_continuation_transcript; fresh_web_pass172_estonia_hardening,high,"Updated existing weak-fit row. Raamatukoi is a major single-operator Estonian new-and-used online bookstore, not an open third-party marketplace in checked evidence. It offers new and used books, item condition language, online ordering, and product/EAN metadata. Reclassified to single-store used-bookseller layer rather than strict/main.",secondary,estonia::raamatukoi
Estonia,Baltics/CEE,main universe,Raamatuvahetus / Bookswap,site/app,raw_continuation_transcript; pass148_cee_baltics_new_region_sprint; fresh_web_pass172_estonia_hardening,medium-high,"Updated existing weak-fit row to strict/main with caveat. Current homepage states users exchange unused books for new/more interesting ones; help/terms describe users offering books, earning order points after posting, shipping via SmartPost/DPD/Omniva and paying with platform points/fees; app-store evidence mentions barcode scanning and setting condition/point value. Homepage counters rendered as zero in this pass, so confidence is medium-high rather than high, but the book-specific P2P exchange mechanics satisfy main-universe fit.",primary,estonia::raamatuvahetus_bookswap
Estonia,Baltics/CEE,single-store used / bookstore signal,Rahva Raamat — kasutatud raamatud,chain_store_used_book_program,fresh_web_pass172_estonia_hardening,high,"Added as chain/store used-book signal. Rahva Raamat has a used-books category/e-shop plus a buyback page saying it buys good-condition Estonian-language used books for resale in the Pärnu mnt 10 Old Town store and e-shop. Store-owned chain resale, not open third-party marketplace.",secondary,estonia::rahva_raamat_kasutatud_raamatud
Estonia,Baltics/CEE,offline / fair / literacy layer,Tallinn Central Library booksale,library_booksale,fresh_web_pass172_estonia_hardening,medium,"Added as offline/fair/literacy layer. Tallinn Central Library sells deaccessioned fiction/nonfiction books at branch libraries, with proceeds supporting new purchases. Useful local book-culture texture but not online marketplace infrastructure.",context,estonia::tallinn_central_library_booksale
Estonia,Baltics/CEE,single-store used / bookstore signal,Uuskasutuskeskus used-book charity/second-hand layer,charity_secondhand_book_signal,fresh_web_pass172_estonia_hardening,medium,"Added as low-impact context/single-store used signal from local discussion only. Cheap used books are reported at Uuskasutuskeskus, but official book-specific online marketplace proof was not isolated in this pass. Retained as context, not promoted.",context,estonia::uuskasutuskeskus_used_book_charity_second_hand_layer
Estonia,Baltics/CEE,single-store used / bookstore signal,Vana ja Hea,site/store,fresh_web_pass172_estonia_hardening,medium-high,"Added as medium-high single-store used/bookstore signal. Site describes itself as an online shop for new and used books in Estonian, English, Finnish and Russian, with cart/account and listed inventory. Not an open marketplace in checked evidence.",secondary,estonia::vana_ja_hea
Estonia,Baltics/CEE,single-store used booksellers,Vanaraamat.ee / Biblio OÜ,site/store,fresh_web_pass172_estonia_hardening,high,"Added as high-confidence single-store used-bookseller. Vanaraamat.ee states its used-book catalogue has been growing since 1999, offers more than 55,000 publications, sells used books from different decades and allows online ordering. Strong inventory signal, but no open third-party seller marketplace confirmed.",secondary,estonia::vanaraamat_ee_biblio_o
Estonia,Baltics/CEE,annex / horizontal marketplace,Yaga.ee — raamatud & ajakirjad,site/app,fresh_web_pass172_estonia_hardening,high,"Added as annex/horizontal. Yaga invites users to shop second-hand goods and open a shop, lists a books & magazines category, and exposes buyer protection, bank/card payments, and DPD/SmartPost/Omniva delivery. Important current horizontal recommerce rail; not book-first strict main.",annex,estonia::yaga_ee_raamatud_ajakirjad
Eswatini,Southern Africa,single-store bookstore layer,Book Nerds Eswatini,online_bookstore_social_surface,runtime_gap_bridge_web_2026_04_25_southern_africa_deepening_sprint,medium,Social profile describes Eswatini online bookstore; bookstore layer only until resale mechanics verified.,supporting,eswatini_book_nerds_eswatini
Eswatini,Southern Africa,annex / classifieds,Facebook Marketplace Manzini / Skombeni Books,social_marketplace_books_category,runtime_gap_bridge_web_2026_04_25_southern_africa_deepening_sprint,medium,New and used books near Manzini/Skombeni; social marketplace category only.,supporting,eswatini_facebook_marketplace_manzini_skombeni_books
Eswatini,Southern Africa,annex / classifieds,Facebook Marketplace Mbabane Books,social_marketplace_books_category,runtime_gap_bridge_web_2026_04_25_southern_africa_deepening_sprint,medium,New and used books for sale in Mbabane; social marketplace category only.,supporting,eswatini_facebook_marketplace_mbabane_books
Eswatini,Southern Africa,weak-fit core,Macmillan Education Eswatini,site,web_verified_2026_04_21,high,"Live Eswatini educational publisher-bookseller rail with e-commerce, events, and school-facing activity.",primary,eswatini::macmillan_education_eswatini
Eswatini,Southern Africa,offline / fair / literacy layer,Macmillan Education Eswatini World Book and Copyright Day,event,web_verified_2026_04_21,high,Current public literary-rights and book-culture event hosted by Macmillan Education Eswatini.,supporting,eswatini::world_book_day_macmillan
Eswatini,Southern Africa,weak-fit core,Macmillan Eswatini Booksellers Network,directory,web_verified_2026_04_21,high,"Broad Eswatini bookseller directory spanning Mbabane, Manzini, Matsapha, Nhlangano, Big Bend and beyond.",supporting,eswatini::macmillan_eswatini_booksellers_network
Eswatini,Southern Africa,single-store bookstore layer,Macmillan Eswatini booksellers directory hardening,bookseller_directory,runtime_gap_bridge_web_2026_04_25_southern_africa_deepening_sprint,high,"Macmillan bookseller directory lists multiple Eswatini booksellers across Mbabane, Ezulwini, Manzini and other towns.",supporting,eswatini_macmillan_eswatini_booksellers_directory_hardening
Eswatini,Southern Africa,annex / classifieds,Official Eswatini Marketplace buy/sell group,general_social_marketplace,runtime_gap_bridge_web_2026_04_25_southern_africa_deepening_sprint,low-medium,"General buy/sell group for Swaziland/Eswatini; retained as general social marketplace infrastructure, not book-dominant.",supporting,eswatini_official_eswatini_marketplace_buy_sell_group
Eswatini,Southern Africa,single-store bookstore layer,Proverbia Books Mbabane,local_online_order_bookstore,runtime_gap_bridge_web_2026_04_25_southern_africa_deepening_sprint,medium,Mbabane bookstore social surface references online ordering and delivery; bookstore layer only.,supporting,eswatini_proverbia_books_mbabane
Eswatini,Southern Africa,single-store bookstore layer,Webster's Bookstore,bookstore,web_verified_2026_04_21,high,Named Mbabane bookstore in the current Macmillan bookseller directory.,supporting,eswatini::websters_bookstore
Eswatini,Southern Africa,single-store bookstore layer,Websters Bookshop online surface,local_bookstore_online_surface,runtime_gap_bridge_web_2026_04_25_southern_africa_deepening_sprint,high,Websters maintains a bookshop/ecommerce-style surface; reinforces existing Mbabane bookstore row.,supporting,eswatini_websters_bookshop_online_surface
Ethiopia,Horn of Africa,weak-fit core,AddisBooks book store directory and submissions,book_directory_author_submission_platform,runtime_gap_bridge_web_2026_04_25_east_africa_horn_sprint,medium-high,AddisBooks lists Addis book stores and exposes book submission/community features; book ecosystem platform but not used/recommerce.,supporting,ethiopia_addisbooks_book_store_directory_and_submissions
Ethiopia,Horn of Africa,annex / classifieds,BaleSuQ Ethiopia music/books/movies category,general_classifieds_book_category,runtime_gap_bridge_web_2026_04_25_east_africa_horn_sprint,medium-high,Free online classified marketplace in Ethiopia with books/media category; general marketplace not book-specific.,supporting,ethiopia_balesuq_ethiopia_music_books_movies_category
Ethiopia,Horn of Africa,single-store bookstore layer,BookSite Ethiopia,local_bookshop,runtime_gap_bridge_web_2026_04_25_east_africa_horn_sprint,medium,AddisBooks directory lists BookSite Ethiopia as a bookshop; bookstore layer only.,supporting,ethiopia_booksite_ethiopia
Ethiopia,Horn of Africa,single-store bookstore layer,BookWorld Ethiopia,local_bookstore,runtime_gap_bridge_web_2026_04_25_east_africa_horn_sprint,medium,AddisBooks directory lists BookWorld as an Addis book store; bookstore layer requiring direct-site hardening.,supporting,ethiopia_bookworld_ethiopia
Ethiopia,Horn of Africa,annex / classifieds,Expats in Addis book-request/listing posts,social_book_request_sale_posts,runtime_gap_bridge_web_2026_04_25_east_africa_horn_sprint,low-medium,Expats-in-Addis social posts reference local book acquisition and bookseller recommendations; social discovery only.,supporting,ethiopia_expats_in_addis_book_request_listing_posts
Ethiopia,Horn of Africa,single-store bookstore layer,HaHu Books Ethiopia,local_bookstore,runtime_gap_bridge_web_2026_04_25_east_africa_horn_sprint,medium,AddisBooks directory lists HaHu Books as a featured Addis book store; bookstore layer only.,supporting,ethiopia_hahu_books_ethiopia
Ethiopia,Horn of Africa,annex / classifieds,HuluMarket Ethiopia Books,general_classifieds_book_category,runtime_gap_bridge_web_2026_04_25_east_africa_horn_sprint,high,Ethiopia buy/sell marketplace with books category and local Addis listings; annex classified rail.,supporting,ethiopia_hulumarket_ethiopia_books
Ethiopia,Horn of Africa,single-store bookstore layer,Yoftahie Bookstore,local_bookstore,runtime_gap_bridge_web_2026_04_25_east_africa_horn_sprint,medium,AddisBooks directory lists Yoftahie Bookstore as an Addis book store; bookstore layer only.,supporting,ethiopia_yoftahie_bookstore
Finland,Nordics,main universe,Antikka.net,site,fresh_web_pass171_finland_hardening,high,"Added as strict/main. Antikka.net says users can browse, search and buy from online divari/antikvariat stock, search a shared antiquarian database or individual sellers, add finds to a cart, and submit orders that automatically route to different antikvariat if purchases span multiple sellers. This is a clean book-specific multi-merchant used-book platform.",primary,finland::antikka-net
Finland,Nordics,main universe,Antikvaari.fi,site,fresh_web_pass171_finland_hardening,high,"Added as strict/main. Antikvaari.fi says users can search new and used books, order easily and safely from several antiquarian booksellers at once, and that it is Finland's largest marketplace for antiquarian books where book collectors and antikvariat find each other. Item pages expose ISBN metadata and condition/merchant ordering. Strong book-specific multi-seller used-book marketplace.",primary,finland::antikvaari-fi
Finland,Nordics,main universe,Antikvariaatti.net,site,fresh_web_pass171_finland_hardening,high,"Added as strict/main. Antikvariaatti.net exposes a very large stock count, book categories, cart/add-to-cart, merchant fields, condition, availability, and item ISBN metadata. Search/result surfaces show multiple merchants such as Tmi Satu Natunen and Finlandia Kirja Oy. Although it also carries collectibles and media, the book marketplace layer is large and structured enough for strict/main treatment.",primary,finland::antikvariaatti-net
Finland,Nordics,single-store used booksellers,Arkadia International Bookshop,physical_bookshop_with_online_presence,fresh_web_pass171_finland_hardening,medium-high,"Added as single-store used layer. Arkadia describes itself as a large second-hand bookshop trading in all kinds of books, art prints, coffee and tea, with Finnish and international books available in-store and online. Valuable atmosphere and English/international layer; not marketplace infrastructure.",secondary,finland::arkadia-international-bookshop
Finland,Nordics,main universe,Booky.fi Omakauppa,site,fresh_web_pass171_finland_hardening,high,"Added as strict/main. Booky Omakauppa describes a service where registered Booky.fi customers sell used or new products to other customers, Booky.fi supervises the trade, buyer protection applies, used products show alongside new-store products and in Omakauppa search, seller listing is free until sale, and the search form includes ISBN/title/author/publisher/year/language/condition fields. Strong Finnish book-retail C2C recommerce rail.",primary,finland::booky-fi-omakauppa
Finland,Nordics,single-store used booksellers,Finlandia Kirja,site,raw_continuation_transcript; fresh_web_pass171_finland_hardening,high,"Updated existing weak-fit row. Finlandia Kirja is a major single-operator Finnish new-and-used online bookstore/antikvariaatti, described as the largest antiquarian bookstore in the Nordic countries and a major Finnish-literature online shop, with precise product descriptions and condition grading. It buys books nationwide and sells store-owned inventory; not an open marketplace in checked evidence, so single-store used-bookseller rather than strict/main.",secondary,finland::finlandia-kirja
Finland,Nordics,annex / horizontal marketplace,Huuto.net — Kirjat ja lehdet,site/auction,fresh_web_pass171_finland_hardening,high,"Added as annex/horizontal. Huuto.net is Finland's large auction/buy-sell site with Kirjat ja lehdet categories, book subcategories, private and shop sellers, condition filters, buy/offer/auction modes, and active textbook/fiction/religion listings. Retained as annex because it is horizontal rather than book-specific strict main.",annex,finland::huuto-net-kirjat-ja-lehdet
Finland,Nordics,legacy / dormant / closed,Jamera legacy / absorbed into Suomalainen Kirjakauppa,legacy_site,raw_continuation_transcript; fresh_web_pass171_finland_hardening,high,"Updated existing Jamera row from active weak-fit to legacy/dormant/closed. Suomalainen states Jamera ceased operations on 2022-12-02 and that Suomalainen Kirjakauppa now handles textbook matters. Older evidence confirms Jamera had been a used/new textbook seller, but current governance should not treat it as active marketplace infrastructure.",legacy,finland::jamera-legacy-absorbed-into-suomalainen-kirjakauppa
Finland,Nordics,single-store used booksellers,Pääkaupunkiseudun Kierrätyskeskus verkkokauppa — Käytetyt kirjat,charity_reuse_ecommerce,fresh_web_pass171_finland_hardening,high,"Added as single-store/charity used layer. Kierrätyskeskus operates an online used-books category and accepts books/donations; current evidence says used books can be ordered online and that book demand is strong, with hundreds of thousands of books sold through stores and webshop in a recent reported year. Not strict/main because inventory is operator/donation-owned, not third-party seller marketplace.",secondary,finland::paakaupunkiseudun-kierratyskeskus-verkkokauppa-kaytetyt-kirjat
Finland,Nordics,single-store used booksellers,Sumashop / Antikvariaatti Suma,site/shopify_store,fresh_web_pass171_finland_hardening,medium-high,"Added as single-store used layer. Sumashop / Antikvariaatti Suma presents used books and categories, daily/regular stock, cart checkout, and a buyback/intake page for good-condition books, comics, movies, CDs/LPs, games and consoles. Not strict/main because checked evidence is single-operator shop inventory rather than open marketplace.",secondary,finland::sumashop-antikvariaatti-suma
Finland,Nordics,single-store used / bookstore signal,Suomalainen Kirjakauppa — Second hand in-store rail,chain_store_secondhand_program,raw_continuation_transcript; fresh_web_pass171_finland_hardening,medium-high,"Updated existing Suomalainen row. Current evidence says customers can return qualifying recent books within 60 days for store credit, second-hand books are sold only in stores from 10 EUR, and Jamera textbook operations ended/redirected to Suomalainen. Kept as chain-store second-hand/bookstore signal, not strict/main, because no public online used-book marketplace or open seller listing mechanics were confirmed.",secondary,finland::suomalainen-kirjakauppa-second-hand-in-store-rail
Finland,Nordics,offline / fair / literacy layer,Suomen Antikvariaattiyhdistys / Finska Antikvariatföreningen,association/fair,fresh_web_pass171_finland_hardening,high,"Added as offline/fair/literacy infrastructure. ILAB profile says the Finnish Antiquarian Booksellers Association was founded in 1941, joined ILAB in 1948, has around 20 members, promotes knowledge of old literature, and has run/participated in antiquarian book fair activity. Preserved as trade ecology/fair layer, not marketplace.",secondary,finland::suomen-antikvariaattiyhdistys-finska-antikvariatforeningen
Finland,Nordics,annex / horizontal marketplace,Tori.fi — Kirjat ja lehdet / Oppikirjat,site/app,fresh_web_pass171_finland_hardening,high,"Added as annex/horizontal. Tori exposes a Kirjat ja lehdet tree and an Oppikirjat category with thousands of listings, private/business seller filters, condition filters, current listings and ToriDiili delivery/payment markers. It is important Finnish used-book texture, especially textbooks, but remains horizontal classifieds/recommerce rather than book-first strict main.",annex,finland::tori-fi-kirjat-ja-lehdet-oppikirjat
France,Western Europe,main universe,Ammareal,site / operator-managed solidarity recommerce,fresh_web_pass159,high,"France-based solidarity used-book shop/recommerce rail: buying/selling used books online, donation/collection workflow, partner libraries/associations, and more than 1 million items indicated. No item-level ISBN captured in visible checked surfaces. ISBN_CAPTURE: No visible item-level ISBN captured in checked Ammareal surfaces.",primary,france::ammareal
France,Western Europe,main universe,Book Village,app / marketplace,fresh_web_pass159,high,"France-addressed/app-store backed book-specific used-book marketplace: buy/sell, publish listings, ship, cash out; Trustpilot/company/app surfaces report large second-hand inventory and circulation claims. No item-level ISBN captured from public app-store/search surfaces. ISBN_CAPTURE: No visible item-level ISBN captured; platform likely supports listing by app flow but public web cards unavailable/blocked.",primary,france::book_village
France,Western Europe,weak-fit core,Chasse aux livres,price comparator / resale-intake comparator,fresh_web_pass159,medium-high,"Book-specific comparator for millions of used/old/new books and buyback-offer comparisons. Useful discovery/market infrastructure, but not itself a seller marketplace or recommerce operator; kept weak-fit. ISBN_CAPTURE: No item-level ISBN captured in checked comparator surfaces.",primary,france::chasse_aux_livres
France,Western Europe,main universe,Gibert,site / store chain / operator-managed recommerce,fresh_web_pass159,high,Long-running French used-books/media specialist: buys and resells books online/app/in-store; product detail pages expose EAN and ISBN. Captured EAN 9782266199544 and ISBN 2266199544. ISBN_CAPTURE: Gibert detail page exposed EAN and ISBN.,primary,france::gibert
France,Western Europe,main universe,La Bourse aux Livres,site / app / consignment recommerce,fresh_web_pass159,high,Book-specific France recommerce platform for buying and selling used books; seller app scans barcode or enters ISBN for instant estimate and deposit-sale model. Detail page exposed ISBN-13 9782017258223. ISBN_CAPTURE: Detail page ISBN-13 captured from La Bourse aux Livres product page.,primary,france::la_bourse_aux_livres
France,Western Europe,weak-fit core,Label Emmaüs,solidarity marketplace / multi-seller re-use,fresh_web_pass159,high,Broad solidarity/reuse marketplace with a substantial used-books vertical and partner shops; not book-specific enough for strict-main despite strong used-book inventory claims. ISBN_CAPTURE: No item-level ISBN captured in checked category/search surfaces.,primary,france::label_emmaüs
France,Western Europe,annex / classifieds,Leboncoin — Livres,horizontal classifieds,fresh_web_pass159,high,"Very large books classifieds rail with private/pro listings and used-condition book ads; kept annex because it is horizontal classifieds. Le Monde context notes second-hand sales between individuals, especially via Le Bon Coin. ISBN_CAPTURE: No item-level ISBN captured in checked category/search surfaces.",primary,france::leboncoin_livres
France,Western Europe,main universe,Momox France / momox-shop.fr,localized operator-managed recommerce,fresh_web_pass159,high,"Localized France-facing Momox recommerce surface: sell used books online with immediate fixed price and buy second-hand books via momox-shop.fr. Parent company is German; retained as France-market main recommerce rail, not France-native-only entity. ISBN_CAPTURE: No item-level ISBN captured in checked search results; seller intake likely barcode/ISBN-based but not row-supported here.",primary,france::momox_france_momox-shop.fr
France,Western Europe,weak-fit core,Rakuten France — Livres,horizontal marketplace / book vertical,fresh_web_pass159,high,Major France marketplace with new/used book vertical and marketplace sellers; kept weak-fit because it is horizontal rather than book-specific used-book infrastructure. ISBN_CAPTURE: No item-level ISBN captured in checked category/event surfaces.,primary,france::rakuten_france_livres
France,Western Europe,main universe,Recyclivre,site / operator-managed recommerce,fresh_web_pass159,high,"Book-specific used-book resale/collection/buyback rail with 1 million books in stock, free France delivery, and ISBN-bearing used-book detail pages. Detail page exposed ISBN 9782070360024; another exposed 9782253002864. ISBN_CAPTURE: Two Recyclivre product-detail ISBNs captured from search-rendered detail pages.",primary,france::recyclivre
Georgia,Caucasus,weak-fit core,Biblusi,site,frontier_note_shorthand,medium,Recovered from frontier shorthand 'Biblusi-led bookstore depth'.,primary,georgia::biblusi
Georgia,Caucasus / Caspian + Central Asia,annex / classifieds,"MyMarket.ge — Books, Stationery, Art / Books",site,runtime_gap_bridge_web_2026_04_25_caucasus_central_asia_hardening_sprint,high,"Georgia-wide horizontal buy/sell platform with book listings, including used private-person book ads; annex/classifieds only.",supporting,georgia_mymarket_ge_books_stationery_art_books
Georgia,Caucasus / Caspian + Central Asia,single-store used booksellers,Old Book Story — Tbilisi,site/store,runtime_gap_bridge_web_2026_04_25_caucasus_central_asia_hardening_sprint,medium-high,"Tbilisi second-hand bookstore with rare Georgian/Russian/European-language stock; single-store used-book layer, not marketplace.",used-bookseller,georgia_old_book_story_tbilisi
Georgia,Caucasus / Caspian + Central Asia,single-store used booksellers,Rare Books Tbilisi — trade-in used bookstore,site/store,runtime_gap_bridge_web_2026_04_25_caucasus_central_asia_hardening_sprint,medium,"Secondhand/rare-book store with a trade-in system; useful circular-book economy signal, but not platform marketplace core.",used-bookseller,georgia_rare_books_tbilisi_trade_in_used_bookstore
Georgia,Caucasus / Caspian + Central Asia,offline / fair / literacy layer,Rustaveli Avenue street book vendors,market,runtime_gap_bridge_web_2026_04_25_caucasus_central_asia_hardening_sprint,medium,Tbilisi street vendors with old-book stock along Rustaveli; offline used-book context rather than digital marketplace.,contextual,georgia_rustaveli_avenue_street_book_vendors
Georgia,Caucasus / Caspian + Central Asia,single-store used booksellers,Second-hand Book House / Bukinisturi Book House — Tbilisi,site/store,runtime_gap_bridge_web_2026_04_25_caucasus_central_asia_hardening_sprint,medium-high,Emblematic Tbilisi second-hand bookstore with large multilingual inventory; single-store used-book layer.,used-bookseller,georgia_second_hand_book_house_bukinisturi_book_house_tbilisi
Germany,DACH,main universe,AbeBooks.de,book_specific_transnational_used_rare_book_marketplace_german_site,runtime_gap_bridge_web_2026_05_03_pass138_germany_hardening,medium-high,"Added as medium-high strict-main/transnational marketplace. AbeBooks.de is a German-language book marketplace for new, used and rare books; it is international and overlaps the ZVAB/AbeBooks ecosystem, so Germany-local uniqueness is caveated.",primary,germany::abebooks de
Germany,DACH,weak-fit core,Bookbot Germany,operator_managed_consignment_secondhand_book_recommerce,runtime_gap_bridge_web_2026_05_03_pass138_germany_hardening,medium-high,"Added as medium-high weak-fit core. Bookbot buys/sells secondhand books in Germany and handles pickup/shipping, photographing, listing and sale, with the user receiving a share; strong recommerce but operator-managed/consignment, not open marketplace.",primary,germany::bookbot germany
Germany,DACH,annex / classifieds,Broad general-resale rails (secondary to book-first platforms),site,dach_matrix_2026_04_16,high,"Marketplace-deep, full-stack book territory with multiple book-first anchors and major institutional depth.",primary,germany::broad general-resale rails (secondary to book-first platforms)
Germany,DACH,main universe,Buchfreund,book_specific_antiquarian_dealer_marketplace,runtime_gap_bridge_web_2026_05_03_pass138_germany_hardening,high,"Added as high strict-main. Buchfreund is a book-specific antiquarian/new-book selling portal with more than 10.1 million offers from more than 650 antiquariats, seller registration and direct cart selling.",primary,germany::buchfreund
Germany,DACH,offline / fair / literacy layer,Deutsche Nationalbibliothek,site,dach_matrix_2026_04_16,high,"Marketplace-deep, full-stack book territory with multiple book-first anchors and major institutional depth.",primary,germany::deutsche nationalbibliothek
Germany,DACH,offline / fair / literacy layer,Frankfurt Book Fair,site,dach_matrix_2026_04_16,high,"Marketplace-deep, full-stack book territory with multiple book-first anchors and major institutional depth.",primary,germany::frankfurt book fair
Germany,DACH,weak-fit core,Hugendubel / Zeercle BookCycling,national_book_retailer_used_book_buyback_partner,runtime_gap_bridge_web_2026_05_03_pass138_germany_hardening,medium-high,"Reclassified from bookstore layer to weak-fit used-book reuse rail: Hugendubel/Zeercle supports selling used books through app/site scanning and receiving a Zeercle/Hugendubel voucher, but this is partner/operator buyback rather than open marketplace infrastructure.",primary,germany::hugendubel
Germany,DACH,annex / classifieds,Kleinanzeigen Germany — Bücher & Zeitschriften,horizontal_classifieds_books_category,runtime_gap_bridge_web_2026_05_03_pass138_germany_hardening,high,"Added as high annex/classifieds. Kleinanzeigen has massive books-and-magazines category volume and used-book posting guidance, but is broad horizontal classifieds rather than book-specific strict infrastructure.",primary,germany::kleinanzeigen buecher zeitschriften
Germany,DACH,offline / fair / literacy layer,Leipzig Book Fair,site,dach_matrix_2026_04_16,high,"Marketplace-deep, full-stack book territory with multiple book-first anchors and major institutional depth.",primary,germany::leipzig book fair
Germany,DACH,annex / classifieds,"Quoka — Unterricht, Literatur & Schulbedarf",horizontal_classifieds_education_books_category,runtime_gap_bridge_web_2026_05_03_pass138_germany_hardening,medium-high,"Added as medium-high annex/classifieds. Quoka supports used books/literature/school materials listings and private/commercial filters, but it is horizontal classifieds, not book-specific recommerce core.",primary,germany::quoka unterricht literatur
Germany,DACH,weak-fit core,Studibuch,specialist_operator_managed_used_textbook_recommerce,runtime_gap_bridge_web_2026_05_03_pass138_germany_hardening,high,"Added as high weak-fit specialist core. Studibuch is a specialist used textbook/fachbuch buy-sell operator with app/barcode, free shipping and shop inventory; operator-mediated rather than open seller marketplace.",primary,germany::studibuch
Germany,DACH,weak-fit core,Thalia Gebrauchtbuch / Zeercle,national_book_retailer_used_book_buyback_partner,runtime_gap_bridge_web_2026_05_03_pass138_germany_hardening,medium-high,"Added as medium-high weak-fit core. Thalia supports used-book sell-in via app/site scanning and free DHL shipment for a Thalia gift card; important national reuse rail, but partner/operator buyback not open marketplace.",primary,germany::thalia gebrauchtbuch zeercle
Germany,DACH,used-book signal (territory note),Very strong,territory_note,dach_matrix_2026_04_16,medium,"Marketplace-deep, full-stack book territory with multiple book-first anchors and major institutional depth.",primary,germany::very strong
Germany,DACH,main universe,ZVAB,book_specific_antiquarian_professional_seller_marketplace,runtime_gap_bridge_web_2026_05_03_pass138_germany_hardening,high,"Reverified as strict-main: ZVAB is a German-language online marketplace for used/antiquarian/out-of-print books from independent antiquariats, with millions of used books and explicit professional seller/tariff mechanics.",primary,germany::zvab
Germany,DACH,main universe,antiquariat.de / GIAQ,book_specific_antiquarian_dealer_portal,runtime_gap_bridge_web_2026_05_03_pass138_germany_hardening,medium-high,Added as medium-high strict-main antiquarian dealer portal. antiquariat.de/GIAQ exposes participating antiquariats and catalog surfaces for used/rare/antiquarian books; contracts appear between buyer and individual antiquariat rather than GIAQ itself.,primary,germany::antiquariat de giaq
Germany,DACH,main universe,booklooker,book_specific_c2c_and_dealer_used_book_marketplace,runtime_gap_bridge_web_2026_05_03_pass138_germany_hardening,high,"Reverified as high strict-main: booklooker is a Germany-based marketplace for used/antiquarian books; anyone can sell used/antiquarian items, buyer/seller transact directly, there are 4.1M registered users, seller ratings, free listings and sale commission.",primary,germany::booklooker
Germany,DACH,single-store bookstore layer,dense national bookselling network,site,dach_matrix_2026_04_16,high,"Marketplace-deep, full-stack book territory with multiple book-first anchors and major institutional depth.",primary,germany::dense national bookselling network
Germany,DACH,weak-fit core,medimops,operator_managed_secondhand_book_storefront,runtime_gap_bridge_web_2026_05_03_pass138_germany_hardening,high,"Reverified as weak-fit core: medimops is a major operator-managed secondhand book storefront with hundreds of thousands of used English books and quality-checked stock, but not an open third-party marketplace.",primary,germany::medimops
Germany,DACH,weak-fit core,medimops (large specialist used-book reseller),site,dach_matrix_2026_04_16,high,"Marketplace-deep, full-stack book territory with multiple book-first anchors and major institutional depth.",primary,germany::medimops (large specialist used-book reseller)
Germany,DACH,weak-fit core,medimops (large specialist used-book reseller),operator_managed_secondhand_book_storefront_duplicate_alias_retained,runtime_gap_bridge_web_2026_05_03_pass138_germany_hardening,high,Duplicate/alias row retained from earlier DACH matrix rather than silently merged; evidence points to operator-managed secondhand resale rather than open seller marketplace.,primary,germany::medimops large specialist used book reseller
Germany,DACH,weak-fit core,momox,operator_managed_used_book_buyback_recommerce,runtime_gap_bridge_web_2026_05_03_pass138_germany_hardening,high,"Added as high weak-fit core. momox gives fixed-price buyback offers for used books, pays shipping and payout/gutschein; it is large book/media recommerce but operator-managed, not open third-party marketplace.",primary,germany::momox
Germany,DACH,weak-fit core,rebuy Bücher,operator_managed_used_book_buyback_and_resale,runtime_gap_bridge_web_2026_05_03_pass138_germany_hardening,high,"Added as high weak-fit core. rebuy supports used-book selling via ISBN/barcode and fixed-price offers plus used-book resale inventory, but is broad operator-managed recommerce rather than book-specific open marketplace.",primary,germany::rebuy buecher
Ghana,West Africa,single-store bookstore layer,City Reads Books & Stationery,site,runtime_gap_bridge_web_2026_04_25,high,"Affordable online bookstore in Accra with nationwide delivery; book culture layer, not used/multi-seller main universe.",supporting,ghana::city_reads_books_stationery
Ghana,West Africa,annex / classifieds,Facebook Marketplace Accra — Books,platform_category,runtime_gap_bridge_web_2026_04_25,medium,General social-marketplace books category in Accra showing new and used books.,supporting,ghana::facebook_marketplace_accra_books
Ghana,West Africa,annex / classifieds,Jiji Ghana — Books & Table Games,platform_category,runtime_gap_bridge_web_2026_04_25,high,"General classifieds marketplace with a large books/games category and used-condition examples; strong annex rail, not book-dominant.",supporting,ghana::jiji_ghana_books_table_games
Ghana,West Africa,single-store used booksellers,Sankofa Books: Flea Market for Used Books,site,runtime_gap_bridge_web_2026_04_25,medium,Used/pre-owned books flea-market page in Accra; clear used-book signal but social-page based.,supporting,ghana::sankofa_books_flea_market_for_used_books
Ghana,West Africa,single-store used booksellers,Thrift Bookcave,site,runtime_gap_bridge_web_2026_04_25,medium,Accra online used bookstore / thrift bookshop with nationwide delivery claim; social-platform surface.,supporting,ghana::thrift_bookcave
Gibraltar,Iberia,single-store bookstore layer,BOOKgem,site,iberia_matrix_2026_04_15,high,"Real book infrastructure, but not marketplace-deep.",primary,gibraltar::bookgem
Gibraltar,Iberia,single-store bookstore layer,Cornerstone Bookshop,site,iberia_matrix_2026_04_15,high,"Real book infrastructure, but not marketplace-deep.",primary,gibraltar::cornerstone bookshop
Gibraltar,Iberia,offline / fair / literacy layer,Garrison Library,site,iberia_matrix_2026_04_15,high,"Real book infrastructure, but not marketplace-deep.",primary,gibraltar::garrison library
Gibraltar,Iberia,annex / classifieds,GiBoard,site,iberia_matrix_2026_04_15,high,"Real book infrastructure, but not marketplace-deep.",primary,gibraltar::giboard
Gibraltar,Iberia,annex / classifieds,GibMarket,site,iberia_matrix_2026_04_15,high,"Real book infrastructure, but not marketplace-deep.",primary,gibraltar::gibmarket
Gibraltar,Iberia,offline / fair / literacy layer,Gibraltar Literary Festival,site,iberia_matrix_2026_04_15,high,"Real book infrastructure, but not marketplace-deep.",primary,gibraltar::gibraltar literary festival
Gibraltar,Iberia,offline / fair / literacy layer,John Mackintosh Hall Library,site,iberia_matrix_2026_04_15,high,"Real book infrastructure, but not marketplace-deep.",primary,gibraltar::john mackintosh hall library
Greece,Greece-Cyprus-Turkey,single-store used booksellers,Atlantis Books Santorini,santorini_new_used_rare_bookshop,runtime_gap_bridge_web_2026_05_06_pass184_greece_hardening,high,Pass184 Greece hardening: Santorini bookshop explicitly sells new and used books and more recently rare antiquarian/collectors first editions; single-store/operator layer.,primary,greece::atlantis books santorini
Greece,Greece-Cyprus-Turkey,main universe,Biblio.com Greece / Athens bookseller surface,transnational_book_specific_marketplace_greece_dealer_surface,runtime_gap_bridge_web_2026_05_06_pass184_greece_hardening,medium-high,"Pass184 Greece hardening: book-specific marketplace surface listing Athens/Greece used and rare booksellers; kept as Greece-facing strict/main transnational dealer-marketplace rail, not a Greece-native platform.",primary,greece::biblio.com greece / athens bookseller surface
Greece,Greece-Cyprus-Turkey,single-store used booksellers,Book Garden Athens,athens_secondhand_bookshop,runtime_gap_bridge_web_2026_05_06_pass184_greece_hardening,medium-high,"Pass184 Greece hardening: Athens second-hand bookshop surface with location/hours; single-store/local used-book layer, not marketplace.",primary,greece::book garden athens
Greece,Greece-Cyprus-Turkey,annex / social classifieds,Facebook / social second-hand book groups Greece,social_group_used_book_exchange,runtime_gap_bridge_web_2026_05_06_pass184_greece_hardening,medium,Pass184 Greece hardening: public-search-visible social layer for second-hand book finds and informal exchange in Greece; annex/social only.,primary,greece::facebook / social second-hand book groups greece
Greece,Greece-Cyprus-Turkey,single-store used booksellers,Palaio Bibliopoleio Nikos Chrysos / oldbooks.gr,online_antiquarian_used_rare_bookstore,runtime_gap_bridge_web_2026_05_06_pass184_greece_hardening,high,"Pass184 Greece hardening: Greek antiquarian/used-book shop with cart, rare/out-of-print/used-book language and online catalogue; single-store/operator layer.",primary,greece::palaio bibliopoleio nikos chrysos / oldbooks.gr
Greece,Greece-Cyprus-Turkey,single-store used booksellers,Politeia — Metaxeirismena product surface,major_bookstore_used_book_catalogue_surface,runtime_gap_bridge_web_2026_05_06_pass184_greece_hardening,medium-high,"Pass184 Greece hardening: major Greek bookstore exposes used-book product pages with bibliographic metadata, ISBN13 fields, price/availability and shipping notes; bookstore/operator layer, not marketplace.",primary,greece::politeia — metaxeirismena product surface
Greece,Greece-Cyprus-Turkey,single-store used booksellers,Protoporia — Metaxeirismena Vivlia,bookstore_chain_used_book_buyback_resale_program,runtime_gap_bridge_web_2026_05_06_pass184_greece_hardening,high,Pass184 Greece hardening: major Greek bookseller with explicit used-books program/trade-in discount copy; single-store/chain operator layer rather than open marketplace.,primary,greece::protoporia — metaxeirismena vivlia
Greece,Greece-Cyprus-Turkey,annex / horizontal marketplace,Vendora Greece — Used Books,horizontal_c2c_marketplace_books_category,runtime_gap_bridge_web_2026_05_06_pass184_greece_hardening,high,"Pass184 Greece hardening: Greece/Cyprus/Bulgaria broad C2C marketplace with used-books category and item pages; valuable annex/horizontal rail, not book-first strict/main.",primary,greece::vendora greece — used books
Greece,Greece-Cyprus-Turkey,directory / market map,XO.gr Rare and Secondhand Books Athens directory,local_directory_used_rare_bookshops,runtime_gap_bridge_web_2026_05_06_pass184_greece_hardening,medium-high,"Pass184 Greece hardening: local directory for rare and secondhand books in Athens; useful market-depth/directory evidence, not a marketplace or canonical recommerce platform.",primary,greece::xo.gr rare and secondhand books athens directory
Greece,Greece-Cyprus-Turkey,main universe,metabook,native_reader_to_reader_used_book_marketplace,runtime_gap_bridge_web_2026_05_06_pass184_greece_hardening,high,"Pass184 hardening: Greece-native book-specific used-book marketplace; homepage exposes buy/sell calls, many used-book listings/ads, reader-to-reader framing in search snippets, member seller profiles, payments/delivery methods, and item-level ISBN pages.",primary,greece::metabook
Grenada,Caribbean,annex / classifieds,BambaAd,site,consolidated_matrix_2026_04_15,medium,store/event ecosystem,primary,grenada::bambaad
Grenada,Caribbean,offline / fair / literacy layer,Logos Hope,site,consolidated_matrix_2026_04_15,medium,store/event ecosystem,primary,grenada::logos hope
Grenada,Caribbean,annex / classifieds,SpiceClassifieds,site,consolidated_matrix_2026_04_15,medium,store/event ecosystem,primary,grenada::spiceclassifieds
Grenada,Caribbean,offline / fair / literacy layer,book festival,site,consolidated_matrix_2026_04_15,medium,store/event ecosystem,primary,grenada::book festival
Grenada,Caribbean,single-store used / bookstore signal,small bookstore / SGU layer,site,consolidated_matrix_2026_04_15,medium,store/event ecosystem,primary,grenada::small bookstore / sgu layer
Guadeloupe,Caribbean,annex / classifieds,BambaAd,site,consolidated_matrix_2026_04_15,medium,"high book infrastructure, weak marketplace depth",primary,guadeloupe::bambaad
Guadeloupe,Caribbean,offline / fair / literacy layer,strong departmental library and festival layer,site,consolidated_matrix_2026_04_15,medium,"high book infrastructure, weak marketplace depth",primary,guadeloupe::strong departmental library and festival layer
Guadeloupe,Caribbean,single-store used / bookstore signal,thin used layer,site,consolidated_matrix_2026_04_15,medium,"high book infrastructure, weak marketplace depth",primary,guadeloupe::thin used layer
Guatemala,Central America,annex / classifieds,Mercado Libre GT,site,consolidated_matrix_2026_04_15,medium,stronger shops/fairs than platforms,primary,guatemala::mercado libre gt
Guatemala,Central America,single-store used / bookstore signal,strong Zona 1 / Centro Histórico layer,site,consolidated_matrix_2026_04_15,medium,stronger shops/fairs than platforms,primary,guatemala::strong zona 1 / centro histórico layer
Guatemala,Central America,offline / fair / literacy layer,strong fair layer,site,consolidated_matrix_2026_04_15,medium,stronger shops/fairs than platforms,primary,guatemala::strong fair layer
Guinea,West Africa,annex / classifieds,"BazarAfrique Guinea — DVD, CD & Livres",platform_category,runtime_gap_bridge_web_2026_04_25,medium,General classifieds rail for Guinea with DVD/CD/books category; sparse current result count but useful annex signal.,supporting,guinea::bazarafrique_guinea_dvd_cd_livres
Guinea,West Africa,single-store bookstore layer,Carrefour de Guinée,site,runtime_gap_bridge_web_2026_04_25,medium,Conakry bookstore/papeterie with book arrivals and long-standing bookstore identity; bookstore layer.,supporting,guinea::carrefour_de_guin_e
Guinea,West Africa,annex / classifieds,"CoinAfrique Guinea — DVDs, CDs & Livres",platform_category,runtime_gap_bridge_web_2026_04_25,high,General classifieds rail in Guinea with a DVDs/CDs/books category and live book/roman examples in Conakry/Kindia; annex not book-dominant.,supporting,guinea::coinafrique_guinea_dvds_cds_livres
Guinea,West Africa,annex / classifieds,Facebook Marketplace Guinea — Books,platform_category,runtime_gap_bridge_web_2026_04_25,medium,"General social-marketplace book listings around Conakry/Guinea; resale discovery signal, not book-dominant.",supporting,guinea::facebook_marketplace_guinea_books
Guinea,West Africa,single-store bookstore layer,Maison Du Livre,site,runtime_gap_bridge_web_2026_04_25,medium,Conakry bookstore surface; bookstore layer rather than marketplace/resale rail.,supporting,guinea::maison_du_livre
Guinea-Bissau,West Africa / Lusophone Atlantic,annex / classifieds,Classi4U Guinea Bissau — Books for Sale,classifieds_category,runtime_gap_bridge_web_2026_04_25_guinea_bissau_compact_pass1,medium,"Classi4U exposes a Guinea Bissau classified-site surface with an Items for Sale hierarchy and a Books for Sale category, plus top locations including Bafata, Bissau, Bissora, Bolama, and Gabu; general classified rail only.",supporting,guinea_bissau::classi4u_books_for_sale
Guinea-Bissau,West Africa / Lusophone Atlantic,offline fair/literacy layer,Clube Amor à Leitura,literacy_book_exchange_signal,runtime_gap_bridge_web_2026_04_25_guinea_bissau_compact_pass1,medium-low,"Search-visible social profiles describe Clube Amor à Leitura in Bissau as a literature-focused arts organization; Instagram snippet references 'Troca de livros' in Djumbai programming, so preserve as book-exchange/literacy texture rather than marketplace.",supporting,guinea_bissau::clube_amor_a_leitura
Guinea-Bissau,West Africa / Lusophone Atlantic,annex / classifieds,Facebook Marketplace — Bissau buy/sell surface,social_classifieds_marketplace,runtime_gap_bridge_web_2026_04_25_guinea_bissau_compact_pass1,low,"Facebook Marketplace has a Bissau buy/sell surface; preserved as general social resale rail, but no Bissau book-specific category or inventory depth was verified in this pass.",supporting,guinea_bissau::facebook_marketplace_bissau_buy_sell
Guinea-Bissau,West Africa / Lusophone Atlantic,annex / classifieds,Facebook Marketplace — São Domingos comic-books category,social_classifieds_category,runtime_gap_bridge_web_2026_04_25_guinea_bissau_compact_pass1,medium-low,"Search-visible Facebook Marketplace category exposes new and used comic books for sale in São Domingos, Cacheu, Guinea-Bissau; useful local social-resale signal, but not book-dominant marketplace infrastructure.",supporting,guinea_bissau::facebook_marketplace_sao_domingos_comic_books
Guinea-Bissau,West Africa / Lusophone Atlantic,offline fair/literacy layer,IBAP Livraria,institutional_digital_bookshelf,runtime_gap_bridge_web_2026_04_25_guinea_bissau_compact_pass1,medium-low,"IBAP has a 'Livraria' page with repeated 'Livro' digital-flipbook placeholders and institutional contacts; useful as an institutional book/document access surface, not a commercial resale or marketplace rail.",supporting,guinea_bissau::ibap_livraria
Guinea-Bissau,West Africa / Lusophone Atlantic,annex / classifieds,Kugli Guinea-Bissau Books Classified Ads,classifieds_category,runtime_gap_bridge_web_2026_04_25_guinea_bissau_compact_pass1,medium-low,"Kugli exposes a Guinea-Bissau Books classifieds category and identifies Bissau/Biombo as active GW cities, but visible inventory is thin/noisy and the rail is a broad international classified network.",supporting,guinea_bissau::kugli_books_classifieds
Guinea-Bissau,West Africa / Lusophone Atlantic,single-store bookstore layer,Livraria CPAD — Guiné Bissau,bookstore,runtime_gap_bridge_web_2026_04_25_guinea_bissau_compact_pass1,medium-high,"CPAD News reports the inauguration/location of Livraria CPAD in Guinea-Bissau, and Evendo describes it as a Bissau Christian-literature bookstore; ordinary religious bookstore layer only.",supporting,guinea_bissau::livraria_cpad
Guinea-Bissau,West Africa / Lusophone Atlantic,single-store bookstore layer,Livraria Coimbra / Coimbra Bookshop,bookstore,runtime_gap_bridge_web_2026_04_25_guinea_bissau_compact_pass1,medium-high,Evendo and Mapcarta identify Livraria Coimbra / Coimbra Bookshop as a bookstore in Bissau with literature selection and OSM shop=books metadata; no marketplace/resale mechanics found.,supporting,guinea_bissau::livraria_coimbra
Guinea-Bissau,West Africa / Lusophone Atlantic,single-store bookstore layer,Livraria Speransa Guiné-Bissau,bookstore,runtime_gap_bridge_web_2026_04_25_guinea_bissau_compact_pass1,medium-low,Search-visible Facebook page identifies Livraria Speransa as a Bissau bookstore / 'casa dos livros' selling books at good prices; no used-book marketplace mechanics verified.,supporting,guinea_bissau::livraria_speransa
Guinea-Bissau,West Africa / Lusophone Atlantic,single-store bookstore layer,Livraria/Papelaria Tchoca,bookstore,runtime_gap_bridge_web_2026_04_25_guinea_bissau_compact_pass1,medium-low,Search-visible Facebook page describes Livraria/Papelaria Tchoca as a bookstore/stationery space in Bissau Velho beside Hotel Tamar; ordinary bookstore/paper shop layer only.,supporting,guinea_bissau::livraria_papelaria_tchoca
Guyana,Caribbean / Northern South America,single-store bookstore layer,Austin’s Bookstore — Georgetown / Guyana,single_store_bookstore_layer,live_web_pass157_zero_surface_opening,medium-high,"Village Voice describes Austin’s Bookstore as a longstanding Guyana bookstore viewed as a go-to place for original books and back-to-school supplies. Added as single-store bookstore layer only; no used-book marketplace, seller, buyback, exchange, or online recommerce mechanics verified. ISBN note: no ISBN values captured.",zero-surface opening row,guyana::austin_s_bookstore_georgetown_guyana
Guyana,Caribbean / Northern South America,weak-fit core,Desertcart Guyana — Books product/detail surface,localized_cross_border_book_ecommerce_with_isbn_metadata,live_web_pass157_zero_surface_opening,medium,"Desertcart Guyana book-detail pages show localized pricing/delivery-to-Guyana mechanics and structured book metadata. Captured ISBN-10 1542038162 and ISBN-13 9781542038164 from the checked product detail. Preserved as weak-fit import/ecommerce book layer only; not Guyana-native, not used-book marketplace, and no seller/recommerce mechanics verified.",zero-surface opening row,guyana::desertcart_guyana_books_product_detail_surface
Guyana,Caribbean / Northern South America,annex / classifieds,Facebook Marketplace — Georgetown / Guyana Books category,horizontal_social_marketplace_books_category,live_web_pass157_zero_surface_opening,high,"Facebook Marketplace exposes Georgetown/Guyana book-category surfaces for new and used books and free selling mechanics. Added as annex/classifieds only because the rail is horizontal/social, not a Guyana-native book-specific used/recommerce marketplace. ISBN note: no ISBN values captured in visible category/search render.",zero-surface opening row,guyana::facebook_marketplace_georgetown_guyana_books_category
Guyana,Caribbean / Northern South America,single-store bookstore layer,New Era Book & Gift Shop — Guyana,single_store_book_and_gift_shop_layer,live_web_pass157_zero_surface_opening,medium-high,Cheddi Jagan International Airport’s shop page says New Era Book & Gift Shop sells books on Guyana and Guyanese authors; current Facebook/search-rendered surfaces show Georgetown/Courtyard Mall book-and-gift-shop and delivery signals. Added as single-store bookstore layer only; no used/recommerce marketplace mechanics verified. ISBN note: no ISBN values captured.,zero-surface opening row,guyana::new_era_book_gift_shop_guyana
Guyana,Caribbean / Northern South America,annex / social classifieds,Second Hand and New School Books / Used school books for sale in Guyana — Facebook group surface,book_specific_social_schoolbook_classifieds_group,live_web_pass157_zero_surface_opening,medium-high,"Search-rendered Facebook group/post surfaces show used school books for sale in Guyana and a Second Hand and New School Books context. Added as book-specific social-classifieds texture, not strict-main, because the evidence remains Facebook/social posting rather than a standalone marketplace with structured seller/listing/payment mechanics. ISBN note: no ISBN values captured in visible search render.",zero-surface opening row,guyana::second_hand_and_new_school_books_used_school_books_for_sale_in_guyana_facebook_group_surface
Guyana,Caribbean / Northern South America,single-store used / bookstore signal,The Book Barn — Guyana,single_operator_new_and_used_bookstore_signal,live_web_pass157_zero_surface_opening,high,"Kaieteur News describes The Book Barn as a Guyana bookstore that began online in 2021 and later expanded to physical locations in New Amsterdam/Berbice and Georgetown; search-visible Massy Stores evidence also references a used-book sale. Added as single-store used/bookstore signal only; no third-party seller, consignment marketplace, or peer recommerce rail verified. ISBN note: no ISBN values captured.",zero-surface opening row,guyana::the_book_barn_guyana
Guyana,Caribbean / Northern South America,weak-fit core,"Ubuy Guyana — New, Used, and Rental Textbooks",localized_cross_border_ecommerce_textbook_surface,live_web_pass157_zero_surface_opening,medium,"Ubuy Guyana exposes a New, Used, and Rental Textbooks category, describes new/used/rental textbook access, and mentions a buyback program. Kept weak-fit only because it is a localized cross-border ecommerce/import surface, not a Guyana-native book-specific used marketplace. ISBN note: no item-level ISBN captured on the checked category page.",zero-surface opening row,guyana::ubuy_guyana_new_used_and_rental_textbooks
Haiti,Caribbean,offline / fair / literacy layer,BNH,site,consolidated_matrix_2026_04_15,medium,bookstore + online retail + fair/public-reading system,primary,haiti::bnh
Haiti,Caribbean,annex / classifieds,CityToo Haïti,site,consolidated_matrix_2026_04_15,medium,bookstore + online retail + fair/public-reading system,primary,haiti::citytoo haïti
Haiti,Caribbean,offline / fair / literacy layer,DNL,site,consolidated_matrix_2026_04_15,medium,bookstore + online retail + fair/public-reading system,primary,haiti::dnl
Haiti,Caribbean,weak-fit core,HT Livres,site,country_coverage_matrix,high,Explicit weak-fit core in checkpoint matrix.,primary,haiti::ht livres
Haiti,Caribbean,weak-fit core,Librairie Numérilab,site,country_coverage_matrix,high,Explicit weak-fit core in checkpoint matrix.,primary,haiti::librairie numérilab
Haiti,Caribbean,offline / fair / literacy layer,Livres en Folie,site,consolidated_matrix_2026_04_15,medium,bookstore + online retail + fair/public-reading system,primary,haiti::livres en folie
Honduras,Central America,offline / fair / literacy layer,Feria del Libro en el Redondel,site,consolidated_matrix_2026_04_15,medium,"stalls/fairs, weak platforms",primary,honduras::feria del libro en el redondel
Honduras,Central America,annex / classifieds,Mercado Libre HN,site,consolidated_matrix_2026_04_15,medium,"stalls/fairs, weak platforms",primary,honduras::mercado libre hn
Honduras,Central America,single-store used / bookstore signal,stalls + indie booksellers,site,consolidated_matrix_2026_04_15,medium,"stalls/fairs, weak platforms",primary,honduras::stalls + indie booksellers
Hong Kong,East Asia,weak-fit core,Bookazine,local_independent_bookshop_chain_online_store,runtime_gap_bridge_web_2026_05_03_pass139_hong_kong_hardening,high,"Reverified as strong weak-fit book-forward infrastructure: Hong Kong independent English-language bookstore chain, established 1985, with current online store, account/cart and city retail network; not used-book recommerce.",primary,hong kong::bookazine
Hong Kong,East Asia,annex / classifieds,Carousell Hong Kong — 書本 & 文具,horizontal_classifieds_book_category,runtime_gap_bridge_web_2026_05_03_pass139_hong_kong_hardening,high,"Reverified as high annex/classifieds. Carousell Hong Kong has active book/children-book listing surfaces and direct seller-chat mechanics, but it is horizontal resale/classifieds, not a book-specific strict-main platform.",primary,hong kong::carousell hong kong 書本 & 文具
Hong Kong,East Asia,annex / classifieds,Facebook Marketplace Hong Kong — Books,social_horizontal_marketplace_books_category,runtime_gap_bridge_web_2026_05_03_pass139_hong_kong_hardening,high,"Added as high annex/social classifieds. Facebook Marketplace Hong Kong exposes new and used books for sale, but remains Meta-hosted horizontal marketplace infrastructure rather than a Hong Kong book-specific platform.",primary,hong kong::facebook marketplace hong kong books
Hong Kong,East Asia,single-store used booksellers,Flow Bookshop,single_store_secondhand_bookshop,runtime_gap_bridge_web_2026_05_03_pass139_hong_kong_hardening,high,"Added as high single-store used-bookshop signal. Public pages describe Flow as a Hong Kong secondhand bookstore/re-circulation shop for used books, music and movies, with thousands of secondhand books; useful used-book texture, not marketplace infrastructure.",primary,hong kong::flow bookshop
Hong Kong,East Asia,offline / fair / literacy layer,HKTDC Hong Kong Book Fair,major_book_fair_cultural_infrastructure,runtime_gap_bridge_web_2026_05_03_pass139_hong_kong_hardening,high,"Retained as high offline/fair/literacy layer. It is a major annual Hong Kong book-market institution, but not online recommerce infrastructure.",primary,hong kong::hktdc hong kong book fair
Hong Kong,East Asia,single-store used booksellers,Lily Bookshop / 莉莉書屋,single_store_secondhand_antiquarian_bookshop,runtime_gap_bridge_web_2026_05_03_pass139_hong_kong_hardening,high,"Added as high single-store used/antiquarian bookshop. Public profiles describe Lily Bookshop as a Hong Kong second-hand bookstore specializing in antique, first-edition and out-of-print books; not open seller marketplace infrastructure.",primary,hong kong::lily bookshop 莉莉書屋
Hong Kong,East Asia,weak-fit core,Onepile bookcrossing app / HKUST book vending-machine exchange,book_specific_exchange_app_and_bookcrossing_machine,runtime_gap_bridge_web_2026_05_03_pass139_hong_kong_hardening,medium-high,"Added as medium-high weak-fit reuse rail. HKUST describes Onepile as an app where users upload and reserve book information and exchange books through bookcrossing machines across Hong Kong; exchange/reuse infrastructure, not commercial seller marketplace.",primary,hong kong::onepile bookcrossing app hkust book vending machine exchange
Hong Kong,East Asia,annex / social resale,Second Hand Books In Hong Kong — Free To Swap,facebook_group_book_swap_and_social_resale,runtime_gap_bridge_web_2026_05_03_pass139_hong_kong_hardening,medium,"Added as medium social exchange/resale texture. Current public snippets show book and magazine sale/swap activity, but not independent platform mechanics.",primary,hong kong::second hand books in hong kong free to swap
Hong Kong,East Asia,annex / social resale,Second Hand English Books In Hong Kong,facebook_group_book_specific_social_resale,runtime_gap_bridge_web_2026_05_03_pass139_hong_kong_hardening,medium,"Added as medium social resale texture. The group is dedicated to trading old English books, but it is Facebook-hosted social exchange rather than standalone marketplace infrastructure.",primary,hong kong::second hand english books in hong kong
Hong Kong,East Asia,single-store used booksellers,The Book Cure / 解憂舊書店,single_store_secondhand_bookshop,runtime_gap_bridge_web_2026_05_03_pass139_hong_kong_hardening,medium-high,Added as medium-high single-store used-bookshop signal. Time Out describes The Book Cure as a Tai Po secondhand bookstore with English and Chinese titles; Facebook surface supports current social presence. Not platform infrastructure.,primary,hong kong::the book cure 解憂舊書店
Hong Kong,East Asia,single-store used booksellers,gentle books / a gentle shop,social_enterprise_secondhand_bookshop_and_popups,runtime_gap_bridge_web_2026_05_03_pass139_hong_kong_hardening,medium-high,"Added as medium-high social-enterprise/operator-managed secondhand-book seller. gentle offers online secondhand-book collections, monthly popups and donation/rehoming language; useful book-circularity texture, not open marketplace mechanics.",primary,hong kong::gentle books a gentle shop
Hong Kong,East Asia,single-store used booksellers,reBooked HK,operator_managed_preloved_childrens_bookshop_online_and_store,runtime_gap_bridge_web_2026_05_03_pass139_hong_kong_hardening,high,"Reverified as high single-store/operator-managed used-book signal. reBooked is Hong Kong’s largest/preferred secondhand English-language children’s bookshop with online shop, retail store, donation intake and store-credit mechanics; not an open multi-seller marketplace.",primary,hong kong::rebooked hk
Hong Kong,East Asia,main universe,一本 MyBookOne,dominant_local_online_bookstore_platform,runtime_gap_bridge_web_2026_05_03_pass139_hong_kong_hardening,high,"Reverified as the dominant Hong Kong online-book spine. Official/search-visible copy calls MyBookOne Hong Kong’s largest online bookstore, with Chinese/English titles, membership discounts, shop pickup and courier delivery; kept as main-universe book rail but not used/recommerce-specific.",primary,hong kong::一本 mybookone
Hong Kong,East Asia,weak-fit core,中華書局網上書店,publisher_chain_online_bookstore,runtime_gap_bridge_web_2026_05_03_pass139_hong_kong_hardening,high,Retained as high weak-fit publisher-chain online bookstore. It remains important Hong Kong book-forward infrastructure below the strict used/recommerce threshold.,primary,hong kong::中華書局網上書店
Hong Kong,East Asia,weak-fit core,香港三聯書店 / Joint Publishing HK,publisher_chain_online_bookstore,runtime_gap_bridge_web_2026_05_03_pass139_hong_kong_hardening,high,"Retained as high weak-fit publisher/bookseller online rail. Important Hong Kong book-commerce infrastructure, but not used-book marketplace or recommerce proof.",primary,hong kong::香港三聯書店 / joint publishing hk
Hungary,CEE/Balkans,weak-fit core,Bookline,site,raw_continuation_transcript,high,Explicit weak-fit core in raw continuation transcript.,primary,hungary::bookline
Hungary,CEE/Balkans,weak-fit core,Líra,site,raw_continuation_transcript,high,Explicit weak-fit core in raw continuation transcript.,primary,hungary::líra
Iceland,Nordics / North Atlantic,annex / classifieds,Bland.is,horizontal_classifieds_marketplace,live_web_pass152_zero_surface_opening,medium-high,"Iceland Review describes bland.is as “the Icelandic eBay,” not specific to antiques but used to find many kinds of items. Direct fetch was blocked in this runtime, and no book-specific listing surface was captured. Preserved as annex/classifieds only, not strict-main. ISBN note: No ISBN captured; no public book-category/listing render was captured in this pass.",zero-surface opening row,iceland::bland_is_horizontal_classifieds
Iceland,Nordics / North Atlantic,single-store used / bookstore signal,Bókabúð Gulla / Sólheimar,single_store_new_and_secondhand_bookshop,live_web_pass152_zero_surface_opening; live_web_pass175_iceland_targeted_cleanup,high,"Pass175 reverified with official Sólheimar page: Bókabúð Gulla sells both new and used books, CDs and DVDs; its specialty is used books and the stated aim is to give them continued life with new readers. Preserved as single-store used/bookstore signal only; no open third-party marketplace mechanics found. ISBN note: no ISBN captured; official evidence is store/service-level.",pass175 targeted Iceland cleanup reverified existing row,iceland::bokabud_gulla_solheimar
Iceland,Nordics / North Atlantic,single-store used / bookstore signal,Bókakaffið Selfoss/Reykjavík,book_cafe_and_multi_location_used_bookstore_with_online_item_pages,live_web_pass175_iceland_targeted_cleanup,high,"Pass175 current-source add. Bókakaffið exposes Selfoss and Reykjavík locations and online product pages with “Staða: Notuð bók”, stock quantity, cart, title metadata, condition/location/binding/weight fields. Visit Iceland independently describes it as a place to buy new and second-hand books and coffee. Preserved as single-store/operator layer, not marketplace. ISBN note: no ISBN captured in checked item pages; product metadata uses SKU/status rather than visible ISBN.",pass175 targeted Iceland cleanup add,iceland::bokakaffi_selfoss_reykjavik
Iceland,Nordics / North Atlantic,single-store used booksellers,Bókalind antikbókabúð,online_antiquarian_used_bookstore_with_structured_product_pages,live_web_pass175_iceland_targeted_cleanup,high,"Pass175 current-source add. Bókalind describes itself as an online-only antikbókabúð focused on selling used books, exposes broad category navigation, cart/payment/shipping terms, and product pages with condition, publisher, year, SKU and ISBN metadata. Preserved as single-store/operator used-bookseller, not strict-main marketplace evidence. ISBN sample captured: 9979575050 from Mátturinn í núinu product page.",pass175 targeted Iceland cleanup add,iceland::bokalind_antikbokabu
Iceland,Nordics / North Atlantic,single-store used booksellers,Bókin ehf. / Bókin Antikvariat,online_antiquarian_used_bookstore,live_web_pass152_zero_surface_opening; live_web_pass175_iceland_targeted_cleanup,high,"Pass175 reverified against current Bókin site. Bókin presents itself as Reykjavík’s oldest antiquarian bookstore, founded in 1964, with rare-book search, collection intake/advice, live product cards and prices, local pickup, and shipping. Preserved as single-store antiquarian/used bookseller, not open marketplace. ISBN note: current checked surface did not expose ISBN text; product cards use internal item numbers.",pass175 targeted Iceland cleanup reverified existing row,iceland::bokin_ehf_antikvariat
Iceland,Nordics / North Atlantic,weak-fit core,Bóksala stúdenta / University of Iceland book exchange surfaces,institutional_textbook_bookstore_and_closed_student_used_book_exchange,live_web_pass152_zero_surface_opening; live_web_pass175_iceland_targeted_cleanup,high,"Pass175 reverified and strengthened with March 17, 2026 University of Iceland service page. Bóksala stúdenta supplies course textbooks; the university page says a skiptibókamarkaður exists in Ugla classifieds where students can request used books and advertise books for sale, with student Facebook pages also used. Remains weak-fit: public/institutional textbook exchange infrastructure, partly intraweb/social, not standalone open marketplace. ISBN note: no ISBN captured.",pass175 targeted Iceland cleanup reverified existing row,iceland::boksala_studenta_ugla_book_exchange
Iceland,Nordics / North Atlantic,offline / fair / literacy layer,Kolaportið Reykjavík flea market,offline_flea_market_books_layer,live_web_pass152_zero_surface_opening,medium,"Kolaportið is retained as offline/fair/literacy layer: Iceland Review notes that the Reykjavík flea market has books among antiques/collectibles, and background reference surfaces identify it as a weekend flea market where books are among goods sold. Not promoted because this is offline market texture, not online platform evidence. ISBN note: No ISBN capture; offline flea-market layer only.",zero-surface opening row,iceland::kolaportid_reykjavik_flea_market_books
Iceland,Nordics / North Atlantic,annex / classifieds,Safnari.is / Safnarasíðan collectibles auctions,collectibles_auction_with_books_catalogues_categories,live_web_pass152_zero_surface_opening,medium,"Safnari exposes account/cart/bid mechanics plus categories including Albums, Accessories, Books & Catalogues, Literature/Books on Icelandic Philately, and Historical Papers and Books. Kept annex-only because it is a collectibles auction, not a book-specific used-book/recommerce marketplace. ISBN note: No ISBN captured; book/catalogue evidence is collectibles-category level.",zero-surface opening row,iceland::safnari_collectibles_auction_books_catalogues
Iceland,Nordics / North Atlantic,single-store used / bookstore signal,Skálda bókabúð,independent_bookshop_with_current_used_book_category_and_online_cart,live_web_pass175_iceland_targeted_cleanup,high,"Pass175 current-source add. Skálda states that it sells new and used books in Icelandic and English, and exposes a live “Notaðar bækur” category with product cards, wishlist/cart behavior, and Reykjavík store/contact details. Preserved as single-store used/bookstore signal only; no third-party seller or marketplace mechanics found. ISBN note: no ISBN captured in checked category/product-result render.",pass175 targeted Iceland cleanup add,iceland::skalda_bokabu
Iceland,Nordics / North Atlantic,single-store used / bookstore signal,The Old Bookstore in Flateyri / bookstore.is,historic_single_store_secondhand_bookshop_with_online_store,live_web_pass152_zero_surface_opening; live_web_pass175_iceland_targeted_cleanup,high,"Pass175 reverified with Iceland Review 2024 feature. The Old Bookstore operates as two stores (original Flateyri and Reykjavík); Flateyri stock is mostly second-hand donations and sold by weight, while Reykjavík opened in 2023 and focuses on visitor-market guide books/translations/sagas. Preserved as historic single-store/bookstore signal, not marketplace. ISBN note: no ISBN captured in checked surfaces.",pass175 targeted Iceland cleanup reverified existing row,iceland::old_bookstore_flateyri_bookstore_is
Iceland,Nordics / North Atlantic,annex / classifieds,Used books for sale in Iceland Facebook group,social_used_book_sale_swap_group,live_web_pass152_zero_surface_opening,medium,Search-result evidence identifies a “Used books for sale in Iceland” Facebook group and includes book-swap language. Kept as annex/social classifieds only because it is a Facebook group rather than a standalone platform with public structured inventory and seller mechanics. ISBN note: No ISBN captured; social group evidence only.,zero-surface opening row,iceland::facebook_used_books_for_sale_in_iceland
India,South Asia dedicated sprint,single-store used booksellers,99Bookscart — online cheap/used book deals surface,site,runtime_gap_bridge_web_2026_04_25_india_pass71_dedicated_sprint,medium-low,"99Bookscart appears as an online book-deals/used-books surface, but marketplace mechanics and authenticity concerns require caution; keep single-store/weak until hardened.",supporting,india_99bookscart_online_used_book_deals_surface
India,South Asia,annex / classifieds,Amazon.in,site,India refinement summary; runtime_gap_bridge_web_2026_04_25_india_pass71_dedicated_sprint_governance_correction,high,"Pass71 governance correction: inherited pass70 Amazon.in row retained as horizontal marketplace/used-book category evidence, but not counted as strict India main universe under the South America-style boundary.",supporting,india::amazon.in
India,South Asia,main universe,AntqCart vendor program — second-hand books marketplace,site,runtime_gap_bridge_web_2026_04_25_india_pass72_online_app_surface,medium-high,"Official vendor page calls AntqCart a marketplace dedicated to second-hand books and invites readers, collectors, second-hand bookstore owners, and students to register as vendors and list books.",core,india_antqcart_vendor_program_second_hand_books_marketplace
India,South Asia dedicated sprint,main universe,Apnabook — locality second-hand-books marketplace,site,2026-04-25_runtime_gap_bridge_pass85_india_active_inventory_and_saturation_hardening; 2026-04-26_runtime_gap_bridge_pass98_india_active_inventory_mechanics_hardening; 2026-04-26_runtime_gap_bridge_pass100_india_hybrid_boundary_consolidation; 2026-04-27_runtime_gap_bridge_pass101_india_residue_closure_exit_readiness || runtime_gap_bridge_web_2026_05_02_pass128_india_residual_apps || runtime_gap_bridge_web_2026_05_02_pass129_india_second_residual_app_storefront_hardening,medium-high,"Pass101 closure: retain medium-high. Search-visible official copy still frames ApnaBook as a locality platform to buy and sell second-hand books online, but direct root capture remains blank/no-lines and no active inventory, account-flow, or seller mechanics surface was recovered. Keep as strict-candidate with static-shell active-proof revisit. || Pass128 recheck: official search-visible page frames locality buy/sell second-hand-books platform; retain medium-high due limited direct render. || Pass129: official locality buy/sell landing proof retained, but no live inventory/account-flow upgrade.",strict-candidate main universe; book-specific locality/recommerce marketplace; static-shell active-proof revisit,india::apnabook_locality_second_hand_books_marketplace
India,South Asia,offline / fair / literacy layer,Appa Balwant Chowk — Pune book-market seam,offline_market,runtime_gap_bridge_web_2026_04_25_india_pass73_city_offline_layer,medium,Pune book-market seam listed among major Indian book markets; offline context pending more used-book-specific hardening.,context,india_appa_balwant_chowk_pune_book_market_seam
India,South Asia dedicated sprint,main universe,Askitab — local second-hand-books marketplace,site,runtime_gap_bridge_web_2026_04_25_india_pass71_dedicated_sprint,high,Askitab describes itself as a local marketplace to buy and sell second-hand books in India and discover used books nearby; strict-main candidate. Pass85 added current mechanics/active-source hardening evidence.,primary,india_askitab_local_second_hand_books_marketplace
India,South Asia,offline / fair / literacy layer,Avenue Road — Bengaluru academic/used-book market,offline_market,runtime_gap_bridge_web_2026_04_25_india_pass73_city_offline_layer,medium-high,Bengaluru academic book-market seam where old books can be sold; offline context only.,context,india_avenue_road_bengaluru_academic_used_book_market
India,South Asia dedicated sprint,single-store used booksellers,Best Of Used Books — used/second-hand books online store,site,runtime_gap_bridge_web_2026_04_25_india_pass71_dedicated_sprint,medium-high,Best Of Used Books says it buys and sells used/second-hand/old books online; single-store used-bookseller unless marketplace mechanics are later verified.,supporting,india_best_of_used_books_online_store
India,South Asia,main universe,Book Mitra — buy/sell/donate second-hand-books app,app,runtime_gap_bridge_web_2026_04_25_india_pass72_online_app_surface; 2026-04-26_runtime_gap_bridge_pass94_india_exact_site_roster_recovery,medium-high,"Official Google Play listing now verifies Book Mitra as a marketplace for buying, selling, and donating pre-owned books, with listing management and direct WhatsApp/call buyer contact; confidence raised from prior third-party-only surface to medium-high, while active inventory scale still needs revisit.",strict-candidate main universe; official Play current; active inventory/user-density revisit,india_book_mitra_buy_sell_donate_second_hand_books_app
India,South Asia dedicated sprint,main universe,Book Share / Wikta — local book share/sell/lend app,app,2026-04-25_runtime_gap_bridge_pass86_india_saturation_freeze; 2026-04-26_runtime_gap_bridge_pass98_india_active_inventory_mechanics_hardening; 2026-04-26_runtime_gap_bridge_pass99_india_remaining_medium_high_conversion,high,"Pass99 conversion: Play listing shows 10K+ downloads, 63 reviews, India developer address, Jun. 27 2024 Android-14 support update, and GPS-radius share/donate/sell/lend plus add/request mechanics; raise to high while retaining inventory-density revisit.",strict-candidate main universe; book-specific local share/sell/lend app; low-priority inventory-density revisit,india::book_share_wikta_local_book_share_sell_lend_app
India,South Asia dedicated sprint,main universe,BookBazaar by YourNotebook — free student used-books exchange,site,2026-04-26_runtime_gap_bridge_pass94_india_exact_site_roster_recovery; 2026-04-26_runtime_gap_bridge_pass98_india_active_inventory_mechanics_hardening; 2026-04-26_runtime_gap_bridge_pass99_india_remaining_medium_high_conversion,high,"Pass99 conversion: official YourNotebook March 2026 how-it-works page gives detailed P2P used-book marketplace mechanics, including location-based discovery, sell flow, direct contact, trust badges, donate option, and no fees/commission; raise to high despite dynamic direct-page caveat.",strict-candidate main universe; distinct from BookBazar.store and first-party Bookbazaar.com; active-listing depth revisit,india_yournotebook_bookbazaar_student_used_books_exchange
India,South Asia dedicated sprint,main universe,BookBazar — old-books buy/sell marketplace,site,runtime_gap_bridge_web_2026_04_25_india_pass71_dedicated_sprint,medium,BookBazar describes itself as an India marketplace for buying and selling second-hand/old books; medium-confidence strict candidate pending mechanics hardening.,primary,india_bookbazar_old_books_buy_sell_marketplace
India,South Asia dedicated sprint,main universe,BookChor seller portal — second-hand books selling platform,site,runtime_gap_bridge_web_2026_04_25_india_pass71_dedicated_sprint,medium-high,"BookChor has a seller portal describing listing, seller signup, exposure, and secure payment for second-hand book sellers; strict-main candidate but retailer/marketplace hybrid needs future hardening.",primary,india_bookchor_seller_portal_second_hand_books_platform
India,South Asia dedicated sprint,single-store used booksellers,BookChor — used/preloved books retail surface,site,runtime_gap_bridge_web_2026_04_25_india_pass71_dedicated_sprint,high,BookChor retail surface has large used-books inventory and pre-loved discounts; record separate from seller portal as retail/hybrid texture.,supporting,india_bookchor_used_preloved_books_retail_surface
India,South Asia dedicated sprint,main universe,BookFlow — direct buy/sell used-books marketplace,site,runtime_gap_bridge_web_2026_04_25_india_pass71_dedicated_sprint,high,India-specific used-book marketplace that says it does not stock inventory and connects buyers and sellers directly; strong strict-main candidate. Pass85 added current mechanics/active-source hardening evidence.,primary,india_bookflow_direct_buy_sell_used_books_marketplace
India,South Asia,main universe,BookHub — student used-book and bookstore-vendor platform,site,runtime_gap_bridge_web_2026_04_25_india_pass72_online_app_surface,high,"Official site shows old-book listings, used-book selling steps, bookstore registration, catalog upload, and vendor plans; strict-main candidate with both student and vendor rails.",core,india_bookhub_student_used_book_bookstore_vendor_platform
India,South Asia,main universe,BookLal — buy/sell used-books app,app,runtime_gap_bridge_web_2026_04_25_india_pass74_strict_app_hardening; 2026-04-26_runtime_gap_bridge_pass94_india_exact_site_roster_recovery; 2026-04-26_runtime_gap_bridge_pass95_india_seller_mechanics_conflict_cleanup; 2026-04-26_runtime_gap_bridge_pass96_india_booklal_country_scope_correction; 2026-04-26_runtime_gap_bridge_pass100_india_hybrid_boundary_consolidation; 2026-04-27_runtime_gap_bridge_pass101_india_residue_closure_exit_readiness || runtime_gap_bridge_web_2026_05_02_pass128_india_residual_apps || runtime_gap_bridge_web_2026_05_02_pass129_india_second_residual_app_storefront_hardening,medium-high,"Pass101 closure: keep BookLal in India strict-candidate main universe, medium-high. Indus Appstore remains decisive India-scope evidence, explicitly calling BookLal a used-books marketplace in India with same-city buyer visibility and in-app chat. Google Play/AppBrain now clearly carry U.S./USA wording while also showing active mechanics, Apr. 18 2026 update, 100K+/150K download scale, and recent usage; treat this as a localization/market-target caveat, not a demotion. Safety/review caveats retained. || Pass128 recheck: Google Play now frames BookLal as United States-focused; preserve India-scoped Indus/Appstore evidence as decisive basis and keep medium-high localization caveat. || Pass129: current Play/AppBrain show mechanics/scale but US wording; Indus says India. Retain medium-high India row with explicit country-boundary caveat.",strict-candidate main universe; India-scope confirmed by Indus; Play/AppBrain U.S. localization caveat retained but non-demotional,india_booklal_buy_sell_used_books_app
India,South Asia,main universe,BookLane — buy/sell second-hand-books app,app/site,runtime_gap_bridge_web_2026_04_25_india_pass74_strict_app_hardening || runtime_gap_bridge_web_2026_05_02_pass128_india_residual_apps || runtime_gap_bridge_web_2026_05_02_pass129_india_second_residual_app_storefront_hardening,high,"Official Google Play listing says BookLane lets readers buy and sell books, browse pre-owned textbooks/novels/exam guides, list old books with details/images, and chat directly with buyers/sellers. Strong strict-main app candidate. || Pass128 recheck: Google Play confirms buy/sell pre-owned books, listing and direct chat mechanics; retain high strict-candidate. || Pass129: Play plus LinkedIn/Instagram activity support active pre-owned book buy/sell app; retain high strict-candidate.",core,india_booklane_buy_sell_second_hand_books_app
India,South Asia dedicated sprint,main universe,BookLoop — used-books nearby marketplace app,app,runtime_gap_bridge_web_2026_04_25_india_pass76_77_app_marketplace_hardening,high,"Official Google Play listing describes a location-based marketplace for buying, selling, exchanging, and sharing used books near users, active in Bangalore and Mangalore, with direct buyer/seller connection and no middlemen.",core,india_bookloop_used_books_nearby_marketplace_app
India,South Asia,main universe,BookMamu — used/new books marketplace app,app,runtime_gap_bridge_web_2026_04_25_india_pass72_online_app_surface; 2026-04-26_runtime_gap_bridge_pass94_india_exact_site_roster_recovery,high,"Google Play current listing verifies BookMamu as an India book marketplace connecting buyers/sellers across the country, with used/new book selling, direct chat/negotiation, verified buyers/sellers, local/nationwide reach, India developer address, and Apr. 2026 update; confidence raised to high for strict-candidate app rail.",strict-candidate main universe; official Play current; India developer metadata; active scale revisit,india_bookmamu_used_new_books_marketplace_app
India,South Asia dedicated sprint,main universe,BookMandee — local buy/sell/donate old-books marketplace,site,runtime_gap_bridge_web_2026_04_25_india_pass71_dedicated_sprint; 2026-04-26_runtime_gap_bridge_pass95_india_seller_mechanics_conflict_cleanup,high,"Pass95 hardening: official page supports free/unlimited book-ad posting, seller-set price, direct buyer chat, and no-middleman sale flow; remains high strict-candidate.",primary,india_bookmandee_local_buy_sell_donate_old_books_marketplace
India,South Asia,main universe,BookStand — used-bookshop storefront marketplace,site,runtime_gap_bridge_web_2026_04_25_india_pass72_online_app_surface; 2026-04-26_runtime_gap_bridge_pass95_india_seller_mechanics_conflict_cleanup,high,"Pass95 hardening: official pages support India-only used-bookshop marketplace, branded storefronts, seller tools, ISBN lookup, condition grading, UPI/cards/COD, local meetup, shipping, and CSV import; remains high strict-candidate.",core,india_bookstand_used_bookshop_storefront_marketplace
India,South Asia dedicated sprint,main universe,BookSwap Hub — location-based book-exchange and nearby discovery app,app,2026-04-25_runtime_gap_bridge_pass83_india_exchange_app_and_saturation_hardening; 2026-04-26_runtime_gap_bridge_pass98_india_active_inventory_mechanics_hardening || runtime_gap_bridge_web_2026_05_02_pass128_india_residual_apps,high,"Pass98 hardening: Google Play shows 500+ installs, India developer address, location-based discovery, sign-up/profile, list-books-for-exchange flow, browsing nearby catalog, and messaging owners to arrange swaps. Raise to high strict-candidate exchange/discovery rail with inventory-depth revisit retained. || Pass128 recheck: Google Play supports location-based exchange and nearby discovery; retain strict-candidate without inventory-depth upgrade.",strict-candidate main universe; book-specific exchange/recommerce discovery; India developer metadata,india_bookswap_hub_location_based_book_exchange_and_nearby_discovery_app
India,South Asia,main universe,Bookaao — rent/buy/sell textbooks hyperlocal marketplace,site,runtime_gap_bridge_web_2026_04_25_india_pass72_online_app_surface; 2026-04-26_runtime_gap_bridge_pass95_india_seller_mechanics_conflict_cleanup || runtime_gap_bridge_web_2026_05_02_pass129_india_second_residual_app_storefront_hardening,high,"Pass95 hardening: current search/live-snippet evidence continues to support cross-India buy/sell quality-checked second-hand textbooks and seller pickup/delivery language, but root is bot-gated in static capture; retain high with caveat. || Pass129: official site supports money held until delivery confirmation and free doorstep collection; retain high strict-candidate.",core,india_bookaao_rent_buy_sell_textbooks_hyperlocal_marketplace
India,South Asia,single-store used booksellers,Bookish Santa — pre-loved books retail/buyback surface,site,runtime_gap_bridge_web_2026_04_25_india_pass72_online_app_surface,high,Pre-loved books seller with buyback/retail model and authenticity framing; useful India used-book actor but not strict marketplace because seller identity/storefront rails are not visible.,supporting,india_bookish_santa_preloved_books_retail_buyback_surface
India,South Asia dedicated sprint,main universe,BooksPie — bookstore/used-books marketplace app,app,runtime_gap_bridge_web_2026_04_25_india_pass78_79_secondary_marketplace_hardening; 2026-04-26_runtime_gap_bridge_pass95_india_seller_mechanics_conflict_cleanup; 2026-04-26_runtime_gap_bridge_pass100_india_hybrid_boundary_consolidation; 2026-04-27_runtime_gap_bridge_pass101_india_residue_closure_exit_readiness,high,"Pass101 sanity check: no change from pass100. High strict-candidate retained with hybrid/storefront caveat. Official/Play evidence supports listing second-hand used books to a marketplace and buying/selling used/second-hand books nearby; bookstore/request-book/stocking language remains a boundary caveat, not a demotion.",strict-candidate main universe; hybrid bookstore plus active used-book marketplace; nearby second-hand books; India developer,india_bookspie_bookstore_used_books_marketplace_app
India,South Asia dedicated sprint,main universe,BooksYa — buy/sell/rental/wanted used-books surface,site,runtime_gap_bridge_web_2026_04_25_india_pass71_dedicated_sprint; 2026-04-26_runtime_gap_bridge_pass95_india_seller_mechanics_conflict_cleanup,high,"Pass95 hardening: official current BooksYa home page supports buy/sell old books in India, city/local discovery, free listing, direct buyer-seller connection, no middleman, and no-login/unlimited-ad mechanics; raise to high strict-candidate.",primary,india_booksya_buy_sell_rental_wanted_used_books_surface
India,South Asia dedicated sprint,weak-fit core,Bookwise — academic new/second-hand books buy-sell platform,site/app,runtime_gap_bridge_web_2026_04_25_india_pass76_77_app_marketplace_hardening,medium,"LinkedIn and app/archive traces describe a dedicated platform for college and school students to buy and sell new and second-hand academic books, with doorstep delivery/pickup; current live official surface needs recovery before strict promotion.",adjacent,india_bookwise_academic_new_second_hand_books_buy_sell_platform
India,South Asia,offline / fair / literacy layer,Chennai Book Fair used-books stall seam,fair_market,runtime_gap_bridge_web_2026_04_25_india_pass75_offline_fair_layer,medium-high,"January 2026 reporting describes Chennai Book Fair stalls featuring used books at steep discounts and strong crowds. Add as fair/offline context only, not online marketplace core.",context,india_chennai_book_fair_used_books_stall_seam
India,South Asia,weak-fit core,ChennaiUsedBooks — Chennai used-books seller-partner aggregator,site,runtime_gap_bridge_web_2026_04_25_india_pass74_weakfit_hardening,medium-high,"Official site says ChennaiUsedBooks re-organizes Moore Market/Luz Corner-type second-hand supply by partnering with sellers across Chennai, collecting used books, checking quality, and delivering across India. Useful weak-fit/aggregator row, not open strict marketplace proof.",adjacent,india_chennaiusedbooks_seller_partner_aggregator
India,South Asia dedicated sprint,main universe,Clankart — student-to-student used-book marketplace,site,runtime_gap_bridge_web_2026_04_25_india_pass71_dedicated_sprint; 2026-04-26_runtime_gap_bridge_pass95_india_seller_mechanics_conflict_cleanup,high,"Pass95 hardening: official page shows live listings, post-ad flow, seller-set price, My Ads/My Selling Orders controls, UPI/bank payout, and payment/delivery; remains high strict-candidate.",primary,india_clankart_student_to_student_used_book_marketplace
India,South Asia dedicated sprint,weak-fit core,Classic Pages — preloved/rent/buy books app,preloved_books_rent_buy_app,runtime_gap_bridge_web_2026_05_02_pass129_india_second_residual_app_storefront_hardening,medium,"Net-new pass129 row. Google Play says Classic Pages supports exploring, renting and buying books, includes a growing selection of preloved books, and frames affordable/sustainable book access. It does not clearly show open seller onboarding or user-to-user used-book marketplace mechanics, so classify as weak-fit core/current-status hold rather than strict main.",weak_fit_context,india_classic_pages_preloved_rent_buy_books_app
India,South Asia dedicated sprint,annex / classifieds,Closeby — Mysore local marketplace with used-books hub,app,2026-04-25_runtime_gap_bridge_pass86_india_saturation_freeze,medium,"Google Play listing frames Closeby as Mysore’s local marketplace for used books and local goods, with a used-books hub, swap/sell, listing, chat, and India developer address. Kept annex/classifieds because it is a horizontal local marketplace rather than a book-specific strict-core rail.",annex/classifieds; horizontal local marketplace with used-books hub; do not promote absent book-specific rail,india::closeby_mysore_local_marketplace_used_books_hub
India,South Asia,offline / fair / literacy layer,College Street / Boipara — Kolkata second-hand book market,offline_market,runtime_gap_bridge_web_2026_04_25_india_pass73_city_offline_layer,high,"Large Kolkata book district and second-hand market; major offline context layer, not online strict core.",context,india_college_street_boipara_kolkata_second_hand_book_market
India,South Asia dedicated sprint,single-store used booksellers,DUMP / BookChor reverse-logistics sell-used-books app,app,runtime_gap_bridge_web_2026_04_25_india_pass76_77_app_marketplace_hardening,medium-high,"BookChor-linked reverse-logistics app lets readers sell used books to BookChor with doorstep pickup; important buyback/recommerce layer, but not a third-party seller marketplace.",supporting,india_dump_bookchor_reverse_logistics_sell_used_books_app
India,South Asia dedicated sprint,offline / fair / literacy layer,Daryaganj Sunday Book Market — Delhi used-book market seam,offline_market,runtime_gap_bridge_web_2026_04_25_india_pass71_dedicated_sprint,medium-high,"Daryaganj/Mahila Haat Sunday book market remains major offline/contextual used-book infrastructure, with piracy/legality watch item; not online strict core.",supporting,india_daryaganj_sunday_book_market_offline_used_books_seam
India,South Asia dedicated sprint,annex / classifieds,Flipkart — individual second-hand/old book listings,site,runtime_gap_bridge_web_2026_04_25_india_pass71_dedicated_sprint,medium,"Flipkart surfaces individual second-hand/old book product listings; horizontal ecommerce annex only, not book-specific used marketplace core.",supporting,india_flipkart_second_hand_old_book_listings
India,South Asia,offline / fair / literacy layer,Flora Fountain / Fort — Mumbai second-hand book market,offline_market,runtime_gap_bridge_web_2026_04_25_india_pass73_city_offline_layer,medium-high,Mumbai second-hand book market context seam; offline market only.,context,india_flora_fountain_fort_mumbai_second_hand_book_market
India,South Asia dedicated sprint,weak-fit core,Flying Books — old-books store app,operator_managed_old_books_store_app,runtime_gap_bridge_web_2026_05_02_pass129_india_second_residual_app_storefront_hardening,medium-high,"Net-new pass129 row. Google Play/Indus describe Flying Books as an India old/new books app focused on old academic books, with 10K+ downloads, old-book purchase, sell-your-own-used-books, requests, delivery, returns and COD. Evidence supports operator-managed used-book recommerce/storefront, but not independent open marketplace/seller accounts; keep weak-fit core medium-high.",weak_fit_context,india_flying_books_old_books_store_app
India,South Asia dedicated sprint,main universe,GovtJobsIndia – BookShare — local used-books/study-materials exchange app,app,2026-04-25_runtime_gap_bridge_pass86_india_saturation_freeze; 2026-04-26_runtime_gap_bridge_pass98_india_active_inventory_mechanics_hardening; 2026-04-26_runtime_gap_bridge_pass100_india_hybrid_boundary_consolidation; 2026-04-27_runtime_gap_bridge_pass101_india_residue_closure_exit_readiness || runtime_gap_bridge_web_2026_05_02_pass128_india_residual_apps,medium-high,"Pass101 closure: retain medium-high. Current Mar. 2026 Google Play listing provides excellent mechanics for strict fit: local buy/sell/exchange of used books and study materials, local discovery, search/filter by category/subject/price/condition/language, book listing upload, direct buyer-seller communication, and no platform payments/delivery. Visible 5+ download first-release signal prevents high confidence. || Pass128 recheck: Play listing confirms local buy/sell/exchange used books and study materials; strict-candidate retained with education/exam-material caveat.",strict-candidate main universe; app-first local used-books/study-materials exchange; low-download first-release caveat,india::govtjobsindia_bookshare_local_used_books_exchange_app
India,South Asia dedicated sprint,main universe,Graffitti Books — Kerala/India used-books classifieds marketplace,site,2026-04-25_runtime_gap_bridge_pass86_india_saturation_freeze; 2026-04-26_runtime_gap_bridge_pass98_india_active_inventory_mechanics_hardening,high,Pass98 hardening: official site has recent active used-book listings from Apr. 25 2026 and Apr. 17 2026 with location/condition/shipping/price plus register/sign-in; Play listing confirms free image-based ads for used books. Raise to high strict-candidate.,strict-candidate main universe; book-specific used-books classifieds marketplace; direct buyer-seller; active-listing proof present,india::graffitti_books_kerala_india_used_books_classifieds_marketplace
India,South Asia dedicated sprint,annex / classifieds,Grid — campus marketplace with used textbook category,app,runtime_gap_bridge_web_2026_04_25_india_pass78_79_secondary_marketplace_hardening,medium,"Campus P2P marketplace with explicit education/books and used-textbook category language; annex only because it is horizontal campus commerce, not book-specific RBM core.",campus horizontal marketplace; textbooks/books category; P2P student commerce; India developer,india_grid_campus_marketplace_with_used_textbook_category
India,South Asia,annex / classifieds,KOKAN Marketplace — local buy/sell app with used-books category signal,app,runtime_gap_bridge_web_2026_04_25_india_pass75_annex_control,low-medium,Google Play listing describes a horizontal local buy/sell marketplace in India whose examples include used books. Record as classifieds annex only; not book-specific strict core.,annex,india_kokan_marketplace_used_books_category_signal
India,South Asia dedicated sprint,single-store used booksellers,Kitabay — new and pre-loved books online bookstore,site,runtime_gap_bridge_web_2026_04_25_india_pass71_dedicated_sprint,medium-high,Kitabay describes itself as a sustainable online bookstore with new releases and treasured pre-loved books; single-store used/preloved layer.,supporting,india_kitabay_new_and_preloved_books_online_bookstore
India,South Asia dedicated sprint,main universe,Kitabwalah — city-based used-books marketplace,site,runtime_gap_bridge_web_2026_04_25_india_pass78_79_secondary_marketplace_hardening; 2026-04-26_runtime_gap_bridge_pass98_india_active_inventory_mechanics_hardening,high,"Pass98 hardening: Start Selling/Buy Books/Login account flow, secure payments, verified sellers, live featured listings with condition/price/city, low but present inventory counts, and 2026 contact/footer surface. Raise to high strict-candidate while retaining low-inventory growth/status caveat.",strict_candidate; city-based used-books marketplace; verified sellers; doorstep delivery; live low-inventory signal,india_kitabwalah_city_based_used_books_marketplace
India,South Asia,offline / fair / literacy layer,Koti and Abids — Hyderabad Sunday/used-book market seam,offline_market,runtime_gap_bridge_web_2026_04_25_india_pass73_city_offline_layer,medium-high,"Hyderabad book-market seam, including Sunday market behavior and academic books; offline context only.",context,india_koti_abids_hyderabad_sunday_used_book_market_seam
India,South Asia,offline / fair / literacy layer,Moore Market — Chennai second-hand book market,offline_market,runtime_gap_bridge_web_2026_04_25_india_pass73_city_offline_layer,medium-high,"Chennai market known for second-hand books across college texts, comics, fiction, non-fiction, classics, biographies, and periodicals; offline context only.",context,india_moore_market_chennai_second_hand_book_market
India,South Asia dedicated sprint,main universe,MyOldBooks — local buy/sell used-books app,app,runtime_gap_bridge_web_2026_04_25_india_pass76_77_app_marketplace_hardening || runtime_gap_bridge_web_2026_05_02_pass128_india_residual_apps || runtime_gap_bridge_web_2026_05_02_pass129_india_second_residual_app_storefront_hardening,high,"Official Google Play listing presents a local online marketplace for buying and selling used books, with seller upload/photo/category flow, nearby discovery, direct chat, no middleman, and India developer address. || Pass128 recheck: Play support metadata remains live; keep high strict app evidence but support-site depth is still a targeted follow-up. || Pass129: Play listing confirms login, sell upload, nearby search, seller chat and academic/exam categories; retain high.",core,india_myoldbooks_local_buy_sell_used_books_app
India,South Asia dedicated sprint,offline / fair / literacy layer,MyPustak — donated/free used-books social-cause platform,site,runtime_gap_bridge_web_2026_04_25_india_pass71_dedicated_sprint,high,"MyPustak connects donated/unwanted books to readers and offers quality-assured free/used books; important recommerce/literacy layer, not a seller marketplace.",supporting,india_mypustak_donated_free_used_books_social_cause_platform
India,South Asia,offline / fair / literacy layer,Nai Sarak — Old Delhi student-textbook market seam,offline_market,runtime_gap_bridge_web_2026_04_25_india_pass73_city_offline_layer,medium-high,"Old Delhi school/college textbook market adjacent to Daryaganj; offline academic textbook context, not strict online core.",context,india_nai_sarak_old_delhi_student_textbook_market_seam
India,South Asia dedicated sprint,main universe,NearBook — hyper-local used-books app,app,runtime_gap_bridge_web_2026_04_25_india_pass71_dedicated_sprint; 2026-04-26_runtime_gap_bridge_pass95_india_seller_mechanics_conflict_cleanup,high,"Pass95 hardening: current Play listing supports India hyper-local used-books marketplace with buy/sell/donate, photo listing, seller-set price, direct buyer contact, and commission-free operation; remains high strict-candidate.",primary,india_nearbook_hyperlocal_used_books_app
India,South Asia dedicated sprint,annex / classifieds,OLX India — books classifieds category,site,runtime_gap_bridge_web_2026_04_25_india_pass71_dedicated_sprint,high,"OLX provides buy/sell second-hand books listings in India; horizontal classifieds annex only, not strict book-specific core.",supporting,india_olx_books_classifieds_category
India,South Asia dedicated sprint,single-store used booksellers,Old Book Depot — used/old books online store,site,runtime_gap_bridge_web_2026_04_25_india_pass71_dedicated_sprint,medium,Old Book Depot is an online used/old/new books store; single-store used-bookseller layer.,supporting,india_old_book_depot_used_old_books_online_store
India,South Asia,main universe,Padhaiseekers — educational-material buy/sell/donate marketplace app,app,runtime_gap_bridge_web_2026_04_25_india_pass72_online_app_surface,medium-high,"App Store listing describes an online classified marketplace for educational material with ads to sell/donate textbooks, notes, guidebooks, and exam material; book-specific enough for strict-main candidate lane.",core,india_padhaiseekers_educational_material_buy_sell_donate_marketplace_app
India,South Asia dedicated sprint,annex / classifieds,PeerMart — India local marketplace with old-books student signal,app,runtime_gap_bridge_web_2026_04_25_india_pass80_81_horizontal_annex_and_app_rank_hardening,medium-high,PeerMart is a broad India buy/sell/rent marketplace with explicit student old-books signal; annex only because it is horizontal rather than book-specific strict core.,horizontal local marketplace; student old-books signal; India app; P2P local deals,india_peermart_india_local_marketplace_with_old_books_student_signal
India,South Asia dedicated sprint,main universe,Pustak Market — buy/sell books marketplace app,book_specific_buy_sell_app_marketplace,runtime_gap_bridge_web_2026_05_02_pass129_india_second_residual_app_storefront_hardening,medium,"Net-new pass129 row. Google Play says Pustak Market is an online books marketplace allowing users to sell and buy favorite books, with e-book discovery/download. Book-specific buy/sell mechanics support main-universe strict-candidate status, but evidence is one app-store listing with limited scale/activity proof and e-book breadth; keep medium confidence and targeted activity revisit.",candidate_core,india_pustak_market_buy_sell_books_marketplace_app
India,South Asia,main universe,PustakMart — buy/sell/donate second-hand-books platform,site,runtime_gap_bridge_web_2026_04_25_india_pass72_online_app_surface || runtime_gap_bridge_web_2026_05_02_pass128_india_residual_apps || runtime_gap_bridge_web_2026_05_02_pass129_india_second_residual_app_storefront_hardening,medium-high,"Pass75 controlled reclassification from weak-fit: official surface says it is a platform for buying, selling, and donating second-hand books in India, with login/signup and Sell Now entry point. Keep seller-flow mechanics in revisit queue; do not overstate beyond strict-candidate core. || Pass128 recheck: buy/sell/donate second-hand books remain supported; managed pickup/verification caveat retained. || Pass129: FAQ clarifies managed flow: sell-form, pickup, verification and payment; recommerce retained but not open P2P/high.",core,india_pustakmart_buy_sell_donate_second_hand_books_platform
India,South Asia,main universe,PustakStore — local buy/sell second-hand-books marketplace,site,runtime_gap_bridge_web_2026_04_25_india_pass72_online_app_surface,high,"Official site documents seller listing, buyer discovery of used books from local sellers, payment hold, seller wallet payout, and delivery flow; strong strict-main fit.",core,india_pustakstore_local_buy_sell_second_hand_books_marketplace
India,South Asia dedicated sprint,weak-fit core,Pustakkosh — used/second-hand books and rental/buyback store,site,runtime_gap_bridge_web_2026_04_25_india_pass71_dedicated_sprint,medium-high,"Pustakkosh has used/second-hand book inventory and sell-books/rental language, but current evidence reads more like store/rental/buyback than verified third-party marketplace; keep weak-fit.",supporting,india_pustakkosh_used_books_rental_buyback_store
India,South Asia dedicated sprint,annex / classifieds,Quikr — used books and magazines category,site,runtime_gap_bridge_web_2026_04_25_india_pass71_dedicated_sprint,high,Quikr has used/second-hand books and magazines categories; horizontal classifieds/marketplace annex only.,supporting,india_quikr_used_books_magazines_category
India,South Asia,annex / classifieds,Ragman — horizontal local used-goods marketplace with used-books signal,app/site,runtime_gap_bridge_web_2026_04_25_india_pass75_annex_control,low,F6S profile frames Ragman as an India local buy/sell used-goods marketplace with used books among many categories. Record as horizontal annex only; no book-specific strict-core promotion.,annex,india_ragman_used_books_category_signal
India,South Asia,main universe,ReRead — used-books listing and fulfillment marketplace,site,runtime_gap_bridge_web_2026_04_25_india_pass72_online_app_surface,high,"Official site asks sellers to list used books, set a price, receive buyer interest across India, and says it handles delivery and payment when books sell; strict-main candidate.",core,india_reread_used_books_listing_fulfillment_marketplace
India,South Asia dedicated sprint,main universe,ReSell Books — nearby used-books chat marketplace app,app,runtime_gap_bridge_web_2026_04_25_india_pass76_77_app_marketplace_hardening; 2026-04-26_runtime_gap_bridge_pass98_india_active_inventory_mechanics_hardening; 2026-04-26_runtime_gap_bridge_pass100_india_hybrid_boundary_consolidation; 2026-04-27_runtime_gap_bridge_pass101_india_residue_closure_exit_readiness,medium-high,"Pass101 closure: retain medium-high, not high. Google Play remains strong for strict mechanics (nearby old/used-book marketplace, city/locality users, direct chat, distance search, no-middleman language, India developer address), but AppBrain now confirms only ~1K total downloads, 81 recent downloads, no ratings, and a not-recently-updated warning; APKPure shows a 2024 APK update but not enough active user/listing depth. Keep as strict-candidate with low-scale/dormant telemetry caveat.",app-first; nearby used-books marketplace; direct chat; India developer; low-scale/dormant telemetry caveat,india_resell_books_nearby_used_books_chat_marketplace_app
India,South Asia dedicated sprint,main universe,ResellPanda — student pre-owned books marketplace beta surface,site,runtime_gap_bridge_web_2026_04_25_india_pass71_dedicated_sprint; 2026-04-25_runtime_gap_bridge_pass83_india_exchange_app_and_saturation_hardening || runtime_gap_bridge_web_2026_05_02_pass128_india_residual_apps || runtime_gap_bridge_web_2026_05_02_pass129_india_second_residual_app_storefront_hardening,high,"Reclassified from weak-fit beta surface to strict-candidate main universe after secondary appstore proof documented India old-book buy/sell, upload photos, local deals, fast chat, no commission, and student-marketplace positioning; official Play/site proof still required. Pass97 official-site hardening raised confidence to medium-high; active inventory/domain-stability revisit retained. || Pass128 recheck: APKPure/site evidence supports India student old-book buy/sell with instant listings/chat/local deals; retain medium-high pending official live inventory. || Pass129: official site supports 50,000+ students across India, verified sellers and secure payments; upgrade to high strict-candidate but keep live-inventory/official-Play follow-up.",strict-candidate main universe; appstore-secondary only; official-surface revisit,india_resellpanda_student_preowned_books_beta_surface
India,South Asia dedicated sprint,annex / classifieds,Resellpur — horizontal second-hand marketplace with books signal,site/app,runtime_gap_bridge_web_2026_04_25_india_pass78_79_secondary_marketplace_hardening,medium-high,"Resellpur provides buy/sell/ask second-hand marketplace rails and explicit books-category signaling, but it is a broad horizontal used-goods marketplace, so annex/classifieds only.",horizontal second-hand marketplace; books category signal; India recommerce context,india_resellpur_horizontal_second_hand_marketplace_with_books_signal
India,South Asia dedicated sprint,main universe,ReuseBooks / Buy & Sell Old Books — city/school used-books app,app/site,runtime_gap_bridge_web_2026_04_25_india_pass78_79_secondary_marketplace_hardening || runtime_gap_bridge_web_2026_05_02_pass128_india_residual_apps,high,"Official site and Play listing support strict-main fit: users upload old books/free or paid listings, search by city/school/college/category, chat directly with buyers/sellers, and finalize deals without commissions. Pass85 added current mechanics/active-source hardening evidence. || Pass128 recheck: Google Play supports map-based city/school/college old-book listings; retain high strict-candidate.",strict_candidate; school/college/city used-books discovery; direct buyer-seller chat; no commission; India developer,india_reusebooks_buy_sell_old_books_city_school_used_books_app
India,South Asia dedicated sprint,single-store used booksellers,Second Hand Books India — online second-hand books store,site,runtime_gap_bridge_web_2026_04_25_india_pass71_dedicated_sprint,medium-high,Second Hand Books India states it is an online store for second-hand books in India serving customers since 2004; single-store used-bookseller layer.,supporting,india_second_hand_books_india_online_store
India,South Asia,annex / classifieds,SecondHandBazaar — horizontal classifieds with books category signal,site,runtime_gap_bridge_web_2026_04_25_india_pass72_online_app_surface,high,Horizontal classifieds marketplace explicitly includes books among many used-product categories; useful annex but excluded from strict main universe under book-specific boundary.,supporting,india_secondhandbazaar_horizontal_classifieds_books_signal
India,South Asia dedicated sprint,weak-fit core,Sell My Book / Hashkrio — student-to-student bookstore product surface,site,runtime_gap_bridge_web_2026_04_25_india_pass71_dedicated_sprint,medium,"Hashkrio product page describes Sell My Book as an intercommunity student-to-student bookstore for buying/selling used books, but live operational surface needs hardening; weak-fit/revisit.",supporting,india_sell_my_book_hashkrio_student_to_student_surface
India,South Asia dedicated sprint,main universe,Sell My Books — buy/sell used-books app,app,runtime_gap_bridge_web_2026_04_25_india_pass78_79_secondary_marketplace_hardening,high,"Official Google Play listing supports strict-main fit: used-book marketplace, seller listing/upload flow, buyer search, seller ratings, secure payment, direct buyer/seller chat, updated Mar 2026, India developer metadata.",strict_candidate; app-first used-books marketplace; seller listings; chat; secure payment; India developer,india_sell_my_books_buy_sell_used_books_app
India,South Asia dedicated sprint,main universe,ShelfSwap — used academic-books marketplace,site,runtime_gap_bridge_web_2026_04_25_india_pass71_dedicated_sprint; 2026-04-26_runtime_gap_bridge_pass95_india_seller_mechanics_conflict_cleanup,high,Pass95 hardening: official current ShelfSwap page supports India used-academic-books marketplace connecting students who sell used books with buyers; raise to high strict-candidate while preserving academic-textbook scope.,primary,india_shelfswap_used_academic_books_marketplace
India,South Asia dedicated sprint,annex / classifieds,Sodagar — Gujarat local buy/sell app,app,runtime_gap_bridge_web_2026_04_25_india_pass80_81_horizontal_annex_and_app_rank_hardening,medium,"Sodagar is a Gujarat-focused local listing/contact platform; no current book-specific proof, so annex-atmospheric only as a regional horizontal recommerce rail.",horizontal Gujarati local marketplace; no book-specific category in current copy; Gujarat locality signal,india_sodagar_gujarat_local_buy_sell_app
India,South Asia dedicated sprint,main universe,Sumrux Eco Textbooks Campaign,book_specific_peer_to_peer_textbook_reuse_marketplace,runtime_gap_bridge_web_2026_05_02_pass128_india_residual_apps || runtime_gap_bridge_web_2026_05_02_pass129_india_second_residual_app_storefront_hardening,high,"Net-new pass128 row. Bengaluru/India book-specific reuse platform/campaign: official page supports list/find books, sell/donate/swap choice, nearby connection and visible textbook listings with prices/free/out-of-stock states; terms frame Sumrux as peer-to-peer marketplace for lend/hire/sell-buy/swap where users transact directly. Retain as main-universe strict-candidate, with school/textbook seasonal/Bengaluru scope caveat. || Pass129: TOI April 2026 confirms current Bengaluru sell/exchange/lend/donate textbook operation; upgrade to high strict-candidate with school/textbook scope caveat.",candidate_core,india_sumrux_eco_textbooks_campaign
India,South Asia dedicated sprint,single-store used booksellers,UsedBookR — second-hand books online store,site,runtime_gap_bridge_web_2026_04_25_india_pass71_dedicated_sprint,medium,UsedBookR presents affordable new/used second-hand books online in India; single-store used-bookseller layer.,supporting,india_usedbookr_second_hand_books_online_store
India,South Asia dedicated sprint,main universe,UsedBooksFactory — multi-vendor second-hand-books marketplace,site,runtime_gap_bridge_web_2026_04_25_india_pass71_dedicated_sprint,high,UsedBooksFactory says it aggregates multiple old-book vendors and includes other second-hand book sellers as part of its marketplace; strict-main candidate.,primary,india_usedbooksfactory_multivendor_second_hand_books_marketplace
India,South Asia dedicated sprint,annex / classifieds,Zutilo — Gujarat local marketplace with used-books selling guides,site,runtime_gap_bridge_web_2026_04_25_india_pass76_77_app_marketplace_hardening,medium-high,"Horizontal Gujarat local marketplace with direct local selling, zero-commission, and explicit used-books selling guides/categories; annex/classifieds only, not book-specific strict core.",annex,india_zutilo_gujarat_local_marketplace_used_books_guides
Indonesia,Southeast Asia,single-store bookstore layer,Bukukita,site,pass206_indonesia_recon_backfill,high,"Pass206 backfill: current Indonesian online bookstore with account/login, cart/checkout, stock and shipping signals. Treated as operator/retail bookstore layer; not used-book or open seller marketplace proof.",context_control,indonesia::bukukita
Indonesia,Southeast Asia,single-store bookstore layer,Gramedia,site,pass206_indonesia_recon_backfill,high,Pass206 backfill: Gramedia.com current major Indonesian online bookstore/chain retail surface. Treated as operator/retail bookstore layer; not used-book or open seller marketplace proof.,context_control,indonesia::gramedia
Iran,MENA / West Asia hardening,main universe,CanSell,site,mena_west_asia_hardening_web_pass57,high,Iran-focused second-hand and new book marketplace with buy/sell framing; strict main-universe candidate pending seller-flow hardening after rebuild notice.,primary,iran::cansell
Iran,MENA / West Asia hardening,annex / classifieds,Facebook Marketplace Tehran / Qarchak books,site,mena_west_asia_hardening_web_pass57,medium,Social-marketplace new/used books signal around Tehran/Qarchak; annex only.,supporting,iran::facebook_marketplace_tehran_qarchak_books
Iran,MENA / West Asia hardening,single-store used / bookstore signal,IraniBook,site,mena_west_asia_hardening_web_pass57,medium,"Persian online bookstore advertises new, old, rare and used titles; useful single-store used/rare signal, not marketplace proof.",supporting,iran::iranibook
Ireland,Western Europe,main universe,ABA Book Search / Antiquarian Booksellers’ Association — Ireland scope,association-mediated UK/Ireland antiquarian book-search rail,fresh_web_pass167_final_ireland,high,"Added under Ireland as a strict/main association-mediated search rail because ABA identifies itself as the senior trade body for dealers in antiquarian and rare books in the UK, Ireland and overseas and exposes book-search/catalogue infrastructure. Cross-territory operator overlap with UK pass165 preserved explicitly. ISBN_CAPTURE: No item-level ISBN values captured; old/rare/antiquarian material often non-ISBN or manifestation-specific.",primary,ireland::aba_book_search_antiquarian_booksellers_association_ireland_scope
Ireland,Western Europe,annex / classifieds,Adverts.ie — Books & Magazines,Irish horizontal classifieds with books category,chat_claimed_pass166_reconstructed,high,"Irish horizontal marketplace/classifieds rail with books/magazines category depth. Preserved as annex/classifieds, not strict-main. ISBN_CAPTURE: No stable ISBN values captured in checked surfaces.",primary,ireland::adverts_ie_books_magazines
Ireland,Western Europe,main universe,Biblio.ie,Ireland-localized/global book-specific used/rare marketplace,chat_claimed_pass166_reconstructed,high,Reconstructed from the missing pass166 Ireland package summary: Biblio.ie is an Ireland-localized/global book-specific marketplace surface for used/rare/out-of-print books and independent bookseller inventory. Kept strict/main with caveat that it is localized/global rather than Ireland-native. ISBN_CAPTURE: ISBN search capability captured in pass166 summary; no stable Ireland item-level ISBN value captured in final cleanup.,primary,ireland::biblio_ie
Ireland,Western Europe,single-store used booksellers,Book Haven — Used School Books,Irish used-schoolbook chain/online seller,fresh_web_pass167_final_ireland,high,"Book Haven says it sells used school books in branches and online, and separately describes itself as stocking new and second-hand school books year-round online and in ten retail shops. Kept single-store/chain layer, not marketplace. ISBN_CAPTURE: No item-level ISBN values captured; used schoolbook online/branch availability captured.",primary,ireland::book_haven_used_school_books
Ireland,Western Europe,annex / social classifieds,Book Swap Ireland,Ireland book-swap social group,chat_claimed_pass166_reconstructed,medium-high,Book-specific Ireland swap/resale social rail. Useful circularity texture but not standalone platform infrastructure; retained annex/social classifieds. ISBN_CAPTURE: No ISBN values captured; social/group surface only.,primary,ireland::book_swap_ireland
Ireland,Western Europe,single-store used booksellers,BookWorld Ireland,Irish online new/used bookseller,chat_claimed_pass166_reconstructed,high,Irish online bookseller with new and used books and Ireland delivery; retained as single-store/operator layer rather than marketplace. ISBN_CAPTURE: No stable item-level ISBN values captured in pass167 cleanup.,primary,ireland::bookworld_ireland
Ireland,Western Europe,weak-fit core,BuyTheBook.ie,Irish-owned author/direct-sales book marketplace,chat_claimed_pass166_reconstructed,high,"Irish-owned independent online book marketplace for authors to sell books directly. Important Irish book-market infrastructure, but not used-book recommerce; retained weak-fit core. ISBN_CAPTURE: Seller-dashboard ISBN capability noted in pass166 summary; no item-level used-book ISBN captured.",primary,ireland::buythebook_ie
Ireland,Western Europe,single-store used booksellers,Chapters Bookstore Dublin,Dublin secondhand bookseller with online trade-in,chat_claimed_pass166_reconstructed_plus_pass167_hardened,high,"Pass167 hardened the pass166 Chapters row: the site says it has over 20,000 secondhand/preloved books ready to ship and now takes trade-ins of old books online. Kept single-store/operator layer rather than strict-main marketplace. ISBN_CAPTURE: No stable item-level ISBN values captured; online trade-in and secondhand inventory mechanics captured.",primary,ireland::chapters_bookstore_dublin
Ireland,Western Europe,single-store used booksellers,Charlie Byrne's Bookshop,Irish new/secondhand/antiquarian bookshop layer,chat_claimed_pass166_reconstructed,medium-high,Galway bookshop long associated with new/secondhand/antiquarian stock; retained as single-store layer rather than platform. ISBN_CAPTURE: No stable item-level ISBN values captured in pass167 cleanup.,primary,ireland::charlie_byrne_s_bookshop
Ireland,Western Europe,annex / classifieds,DoneDeal.ie — Books,Irish horizontal classifieds with books listings,chat_claimed_pass166_reconstructed,high,"Irish horizontal classifieds/marketplace rail with book listings. Preserved as annex/classifieds, not strict-main. ISBN_CAPTURE: No stable ISBN values captured in checked surfaces.",primary,ireland::donedeal_ie_books
Ireland,Western Europe,annex / social classifieds,Irish schoolbook swap/sell groups,schoolbook resale/swap social-group cluster,chat_claimed_pass166_reconstructed,medium-high,School Books For Sale Ireland and related Facebook schoolbook groups show Irish schoolbook sale/seeking/exchange texture. Retained annex/social rather than strict-main. ISBN_CAPTURE: No ISBN values captured; social/group surface only.,primary,ireland::irish_schoolbook_swap_sell_groups
Ireland,Western Europe,single-store used booksellers,Kennys,Irish bookseller with used/secondhand inventory signal,chat_claimed_pass166_reconstructed,medium-high,Irish bookseller with secondhand/used-book signals; retained as single-store/operator layer pending deeper item-level used-inventory capture. ISBN_CAPTURE: No stable item-level ISBN values captured in pass167 cleanup.,primary,ireland::kennys
Ireland,Western Europe,single-store used booksellers,Readers Paradise Bookshop Wexford,Wexford new/second-hand bookshop,fresh_web_pass167_final_ireland,high,"Readers Paradise says it stocks new and second-hand books and both new and second-hand school books, and sells new and second-hand titles. Kept single-store/operator layer, not platform. ISBN_CAPTURE: No stable item-level ISBN values captured; site is shop/service surface rather than metadata-rich product feed.",primary,ireland::readers_paradise_bookshop_wexford
Ireland,Western Europe,single-store used booksellers,The Secret Book and Record Store,Dublin used/discount book and record shop,chat_claimed_pass166_reconstructed,medium-high,Dublin discount/used bookshop texture; retained as single-store/operator layer rather than platform. ISBN_CAPTURE: No stable item-level ISBN values captured in pass167 cleanup.,primary,ireland::the_secret_book_and_record_store
Ireland,Western Europe,single-store used booksellers,The Shelf Bookshop — Used Books,Cork used-schoolbook online seller,fresh_web_pass167_final_ireland,high,"The Shelf/Cork states it has supplied new and second-hand school books for over 40 years and sells used-schoolbook collections online. Kept single-store/chain layer, not marketplace. ISBN_CAPTURE: No stable item-level ISBN values captured; checked product/category pages did not expose a reliable ISBN field in web snippets.",primary,ireland::the_shelf_bookshop_used_books
Ireland,Western Europe,single-store used booksellers,TheBookshop.ie,Irish vintage/used/collectible online bookseller,chat_claimed_pass166_reconstructed,high,"Irish online used/vintage/collectible bookseller. FAQ states bulk used-book buying; retained single-store/operator layer, not platform. ISBN_CAPTURE: No stable item-level ISBN values captured in pass167 cleanup.",primary,ireland::thebookshop_ie
Ireland,Western Europe,single-store used booksellers,Vibes & Scribes — Second-Hand Books,Cork single-store used-book buy/sell/exchange rail,fresh_web_pass167_final_ireland,high,"Cork bookseller page explicitly says it buys, sells, and exchanges used and second-hand books and links to trade-in guidance. Strong single-store/operator circularity; not open marketplace. ISBN_CAPTURE: No stable item-level ISBN values captured; used-book buy/sell/exchange capability captured.",primary,ireland::vibes_scribes_second_hand_books
Ireland,Western Europe,main universe,World of Books Ireland / Wob en-ie,Ireland-localized used-book recommerce rail,fresh_web_pass167_final_ireland,high,"Ireland-localized World of Books surface states it sells second-hand books online, offers free Ireland delivery, and points users to sell old books through World of Books. Strict/main with localization caveat because it is a global/UK-rooted recommerce operator serving Ireland, not Ireland-native. ISBN_CAPTURE: No item-level ISBN value captured in this pass; sell-flow/book-recommerce capability captured.",primary,ireland::world_of_books_ireland_wob_en_ie
Israel,MENA / West Asia hardening,single-store used booksellers,Eva's Used Books,site,mena_west_asia_hardening_web_pass57,high,Online used bookstore in Israel with cheap/secondhand English books; single-store used-books layer.,supporting,israel::eva_s_used_books
Israel,Levant / Mashriq,main universe,Findabook.co.il,site,specialist_used_marketplace_remote_verified,high,"Israel-wide used-books marketplace with nearly 200,000 books listed, 13,000+ wanted-book requests, and hundreds of active sellers. | Pass57 hardening: Promoted: site says users buy/sell used and rare books online, has over 100k books, seller flows and charging over the 101st listed book.",supporting,israel::findabook
Israel,Levant / Mashriq,offline / fair / literacy layer,Hebrew Book Week / Book Month 2026,fair,bookseller_event_page_remote_verified,medium,"2026 Book Month / Hebrew Book Week programming across Tzomet Sfarim branches and fairs shows active nationwide literary-event infrastructure, albeit security-contingent.",supporting,israel::hebrew_book_week_2026
Israel,Levant / Mashriq,offline / fair / literacy layer,Jerusalem International Book Forum,fair,official_event_remote_verified,high,"Long-running Jerusalem publishing-professional forum/book-fair structure with a scheduled 2025 program, even after the larger 2025 fair format was curtailed.",supporting,israel::jerusalem_international_book_forum
Israel,Levant / Mashriq,single-store bookstore layer,Pomeranz Bookseller,site,official_site_remote_verified,high,"Jerusalem specialist English/Judaica bookstore with secure payments, home delivery, gift registry, and a strong expatriate/religious-books niche.",supporting,israel::pomeranz_bookseller
Israel,Levant / Mashriq,single-store used / bookstore signal,Sefer ve Sefel,site,official_site_remote_verified,high,"Landmark Jerusalem English bookstore explicitly centered on new and used books, with roughly 26,000 books and an active trade/buy/sell culture.",supporting,israel::sefer_ve_sefel
Israel,Levant / Mashriq,main universe,Steimatzky,site,official_company_page_remote_verified,high,"National books-and-culture chain founded in 1925 with a live online bookstore, countrywide branches, annual Hebrew Book Week fairs, and digital-reading infrastructure.",primary,israel::steimatzky
Israel,MENA / West Asia hardening,annex / classifieds,Tel Aviv Book Exchange and Sale,site,mena_west_asia_hardening_web_pass57,medium,Local social group for exchanging or selling books in English in Tel Aviv area; annex social rail.,supporting,israel::tel_aviv_book_exchange_and_sale
Israel,Levant / Mashriq,single-store used booksellers,The Book Gallery,site,official_site_remote_verified,high,"Jerusalem second-hand and antiquarian specialist with an online catalogue of roughly 40,000 titles and tens of thousands more in-store.",primary,israel::the_book_gallery
Israel,Levant / Mashriq,main universe,Tzomet Sfarim / Booknet,site,ecommerce_site_remote_verified,high,Major nationwide online books rail with thousands of English-book listings and dedicated Book Month / Hebrew Book Week activity across branches and fairs.,primary,israel::tzomet_sfarim_booknet
Israel,MENA / West Asia hardening,annex / classifieds,Yad2 — second-hand books and magazines,site,mena_west_asia_hardening_web_pass57,high,Horizontal second-hand marketplace category for books and magazines; annex beside stricter FindABook.,supporting,israel::yad2_second_hand_books_and_magazines
Israel,Levant / Mashriq,main universe,עברית / e-vrit,site,digital_book_platform_remote_verified,high,"Large Hebrew digital-books platform with ebooks, BitBooks audio, digital public-library functionality, gift vouchers, and active 2026 merchandising.",primary,israel::e_vrit
Italy,Central Mediterranean,offline / association / dealer network,ALAI / ILAB Italian antiquarian bookseller network,association,official/live web recheck,high,Added pass181 as antiquarian dealer-network infrastructure. ALAI has 101 antiquarian booksellers and supports the professional antiquarian layer feeding Italy marketplace/dealer surfaces; not itself an open marketplace.,supporting,italy::alai_ilab_italian_antiquarian_bookseller_network
Italy,Central Mediterranean,main universe,AbeBooks.it,site,official/live web recheck,medium-high,Added pass181 as Italian-facing transnational strict-main marketplace. AbeBooks.it exposes used/rare/out-of-print books from partner/professional booksellers and seller onboarding; Italy-local uniqueness caveated.,primary,italy::abebooks_it
Italy,Central Mediterranean,weak-fit core,Bookbot Italy,site,official/live web recheck,medium-high,"Added pass181 as operator/consignment used-book recommerce. Bookbot.it supports selling used books, free home collection, second-hand inventory, watchdog and catalog surface; not open seller marketplace because Bookbot handles intake, photographing/listing and payout.",secondary,italy::bookbot_italy
Italy,Central Mediterranean,main universe,ComproVendoLibri.it,site,official/live web recheck,high,"Added pass181 as high-confidence Italy-native strict-main used-book marketplace. Official copy describes a meeting place for sellers and buyers of used books, without intermediaries, and free service.",primary,italy::comprovendolibri_it
Italy,Central Mediterranean,single-store used booksellers,Comprovendolibriusati.it Livorno/Pisa,site,official/live web recheck,medium-high,Added pass181 as single-store/local used-book ecommerce and buyer. Current catalog exposes used/rare books and cart flow; name resembles ComproVendoLibri but it is a separate Livorno/Pisa operator and must not be merged.,supporting,italy::comprovendolibriusati_it_livorno_pisa
Italy,Central Mediterranean,single-store bookstore layer,Libraccio physical/online used-book store layer,store_network,official/live web recheck,high,"Added pass181 as chain/store layer complement to the buyback rail. Libraccio catalog sells new, used, school texts and out-of-print books; not an open marketplace.",supporting,italy::libraccio_physical_online_used_book_store_layer
Italy,Central Mediterranean,weak-fit core,Libraccio.it used-book buyback/sales,site,official/live web recheck,high,"Added pass181 as major Italian used-book operator/buyback rail. Libraccio buys used books/textbooks online and resells used books; operator-mediated buyback, not open third-party marketplace.",secondary,italy::libraccio_it_used_book_buyback_sales
Italy,Central Mediterranean,weak-fit core,LibreriaUniversitaria.it used textbook buyback,site,official/live web recheck,medium-high,"Added pass181 as school/university textbook buyback rail. Source describes online sale of used school texts with instant quotation and time-bounded procedure; operator buyback, not open marketplace.",secondary,italy::libreriauniversitaria_it_used_textbook_buyback
Italy,Central Mediterranean,main universe,Maremagnum,site,official/live web recheck,high,"Pass181 reverified and URL-backed. Italy-based book-specific marketplace for old, used, rare, unavailable and out-of-print books; kept strict/main. Do not merge with AbeBooks.it or ComproVendoLibri because platform/body mechanics differ.",primary,italy::maremagnum
Italy,Central Mediterranean,weak-fit core,RebelBooks / AccioBooks successor,site,official/live web recheck,medium,"Added pass181 as provisional weak-fit book-sharing/book-resale platform. Current beta describes itself as the first Italian marketplace where sale, purchase, and book sharing coexist; held below strict-main pending maturity/current activity hardening.",secondary,italy::rebelbooks_acciobooks_successor
Italy,Central Mediterranean,annex / classifieds,Subito.it — Libri/book listings,site,official/live web recheck,high,"Added pass181 as high annex/horizontal. Subito is a national secondhand buy/sell platform with protected transactions and large classified flow; book listings matter, but platform is not book-specific strict-main.",annex,italy::subito_it_libri_book_listings
Italy,Central Mediterranean,annex / classifieds,Vinted Italy — books spillover,site,official/live web recheck,medium,"Added pass181 as annex/social-horizontal spillover only. Italian reader discussions mention Vinted for private used-book resale, but it is not book-specific and was not promoted.",annex,italy::vinted_italy_books_spillover
Italy,Central Mediterranean,annex / classifieds,eBay.it — Libri usati,site,official/live web recheck,high,Added pass181 as high annex/horizontal marketplace. eBay.it exposes used-books category pages with private/professional sellers and condition labels; not Italy-native book-first marketplace.,annex,italy::ebay_it_libri_usati
Jamaica,Caribbean,single-store used / bookstore signal,Jus Books,site,consolidated_matrix_2026_04_15,medium,"retail-heavy, weak marketplace depth",primary,jamaica::jus books
Jamaica,Caribbean,offline / fair / literacy layer,Kingston Book Festival and informal textbook trade,site,consolidated_matrix_2026_04_15,medium,"retail-heavy, weak marketplace depth",primary,jamaica::kingston book festival and informal textbook trade
Jamaica,Caribbean,single-store used / bookstore signal,Readers' Book Shop,site,consolidated_matrix_2026_04_15,medium,"retail-heavy, weak marketplace depth",primary,jamaica::readers' book shop
Jamaica,Caribbean,annex / classifieds,YaadSale,site,consolidated_matrix_2026_04_15,medium,"retail-heavy, weak marketplace depth",primary,jamaica::yaadsale
Jamaica,Caribbean,annex / classifieds,Yaadari,site,consolidated_matrix_2026_04_15,medium,"retail-heavy, weak marketplace depth",primary,jamaica::yaadari
Jamaica,Caribbean,single-store used / bookstore signal,strong retail layer,site,consolidated_matrix_2026_04_15,medium,"retail-heavy, weak marketplace depth",primary,jamaica::strong retail layer
Japan,East Asia,main universe,BOOKOFF公式オンラインストア,site,east asia japan pass3 closure,high,Major used-book/media recommerce rail with constant 400万点+ assortment and store pickup; remains a main-universe anchor.,primary,japan::bookoff公式オンラインストア
Japan,East Asia,main universe,e-hon,site,east asia japan pass3 closure,high,"ToHan-operated online bookstore with pickup through about 3,000 affiliated bookstores nationwide; clear top-tier platform rail.",primary,japan::e-hon
Japan,East Asia,weak-fit core,honto,site,east asia japan pass3 closure,high,"Still significant as an ebook and linkage layer, but its own print通販 ended in 2024 and now links outward for paper-book fulfillment.",primary,japan::honto
Japan,East Asia,weak-fit core,まんだらけ,site,east asia japan pass3 closure,high,"Specialist pre-owned manga/anime/doujin chain and mail-order marketplace; strongly book-relevant in its niche, but not a general mainstream national spine.",primary,japan::まんだらけ
Japan,East Asia,weak-fit core,ネットオフ,site,east asia japan pass3 closure,high,Large used-book/media buy-sell rail with explicit 古本・中古本 sales and 本＆ゲーム買取 service.,primary,japan::ネットオフ
Japan,East Asia,weak-fit core,バリューブックス,site,east asia japan pass3 closure,high,"Online used-book buy/sell specialist with national scale; official materials describe it as an online bookstore centered on secondhand and new books, receiving tens of thousands of books daily.",primary,japan::バリューブックス
Japan,East Asia,annex / classifieds,メルカリ 本・雑誌・漫画,site,east asia japan pass3 closure,high,Important books-category spillover within a giant horizontal marketplace; retained as annex rather than core.,primary,japan::メルカリ 本・雑誌・漫画
Japan,East Asia,offline / fair / literacy layer,上野の森親子ブックフェスタ,site,east asia japan pass3 closure,high,Large annual reading-promotion and book-sales event organized within the Japanese publishing-promotion ecosystem; literacy/fair layer rather than commerce core.,primary,japan::上野の森親子ブックフェスタ
Japan,East Asia,weak-fit core,丸善ジュンク堂書店ネットストア,site,east asia japan pass3 closure,high,Strong chain-linked network store with nationwide store inventory search and pickup/hold service.,primary,japan::丸善ジュンク堂書店ネットストア
Japan,East Asia,offline / fair / literacy layer,国立国会図書館,site,east asia japan pass3 closure,high,National legal-deposit and digital-library infrastructure anchor for Japan; core literacy/preservation institution rather than marketplace rail.,primary,japan::国立国会図書館
Japan,East Asia,main universe,日本の古本屋,site,east asia japan pass3 closure,high,"National antiquarian marketplace operated under the old-booksellers federation; official site says about 1,000 stores and roughly 7 million books.",primary,japan::日本の古本屋
Japan,East Asia,main universe,楽天ブックス,site,east asia japan pass3 closure,high,Major national online bookstore rail with broad print-book depth and mainstream reach; remains core main-universe anchor.,primary,japan::楽天ブックス
Japan,East Asia,weak-fit core,紀伊國屋書店ウェブストア,site,east asia japan pass3 closure,high,"Large book-forward chain/storefront rail integrating print, ecommerce, and ebooks under one account; strong core rail below top-tier platform dominance.",primary,japan::紀伊國屋書店ウェブストア
Japan,East Asia,weak-fit core,駿河屋,site,east asia japan pass3 closure,high,Specialist used/new commerce rail with deep books/comics/doujin coverage; clearly book-relevant but subculture-heavy rather than territory-dominating mainstream core.,primary,japan::駿河屋
Jordan,Levant / Mashriq,weak-fit core,ABC Books LLC,site,official_site_remote_verified,high,Amman-based online bookstore specializing in medical/professional books with broad catalog depth and explicit shipping/delivery language including Jordan and the region.,primary,jordan::abc_books_llc
Jordan,Levant / Mashriq,offline / fair / literacy layer,Amman International Book Fair,fair,international_publishers_association_event_listing,high,"2026 Amman fair listing under royal patronage, organized by the Jordanian Publishers Union with Ministry of Culture and Greater Amman Municipality cooperation.",supporting,jordan::amman_international_book_fair
Jordan,Levant / Mashriq,weak-fit core,BookZone Jordan,site,official_site_remote_verified,high,Jordan-facing online bookstore searchable by title/ISBN with broad educational and trade-book merchandising.,secondary,jordan::bookzone_jordan
Jordan,Levant / Mashriq,main universe,Nebras Books,site,official_site_remote_verified,high,"Jordanian marketplace for exchanging, buying, and selling books with points-based used/new book flows. | Pass57 hardening: Promoted: Jordanian marketplace for exchanging and buying books, with submit/earn-points and shop-with-points circulation mechanics.",secondary,jordan::nebras_books
Jordan,Levant / Mashriq,annex / classifieds,OpenSooq Jordan — books,site,marketplace_site_remote_verified,high,Horizontal classifieds/marketplace surface with live Jordan books listings.,supporting,jordan::opensooq_jordan_books
Jordan,Levant / Mashriq,weak-fit core,Readers.jo / Readers Bookshop,site,official_site_remote_verified,high,Jordan-leading online bookstore and flagship bookshop brand with Arabic/English books and nationwide delivery language.,primary,jordan::readers_jo
Jordan,Levant / Mashriq,single-store bookstore layer,Resheh Bookstore,site,official_site_remote_verified,high,Boutique Amman bookstore with online ordering and 24–48 hour shipping across Jordan.,supporting,jordan::resheh_bookstore
Jordan,MENA / West Asia hardening,annex / classifieds,"SELL, BUY OR TRADE BOOKS IN JORDAN",site,mena_west_asia_hardening_web_pass57,medium,"Book-specific social group for individuals buying, selling and trading pre-loved books in Jordan; social annex, not platform core.",supporting,jordan::sell_buy_or_trade_books_in_jordan
Kazakhstan,Caucasus / Caspian + Central Asia,offline / fair / literacy layer,Almaty book swaps and city bookcrossing kiosks,offline_exchange_bookcrossing,runtime_gap_bridge_web_2026_04_26_pass89,medium-high,Heaven and Hell book swaps and city bookcrossing kiosks support offline/book-exchange context only; no online marketplace promotion.,offline/literacy,kazakhstan_almaty_book_swaps_city_bookcrossing
Kazakhstan,Caucasus / Caspian + Central Asia,single-store used booksellers,Antika.kz — Bukinistika / antique-books category,site,runtime_gap_bridge_web_2026_05_02_pass125_kazakhstan_direct_hardening,medium-high,"Kazakhstan antique/rare-book ecommerce category with rare antiquarian books on Kazakhstan/Central Asia history and ethnography. Single-operator antiques/bookseller layer, not open marketplace core.",used-bookseller,kazakhstan_antika_kz_bukinistika_antique_books_category
Kazakhstan,Caucasus / Caspian + Central Asia,single-store used booksellers,Azbuka — Orbita / Almaty,store,runtime_gap_bridge_web_2026_04_26_pass89,medium-high,"Neighborhood shop mixing bukinist and new books, with strong children/school-literature signal. Single-store layer only.",used-bookseller,kazakhstan_azbuka_orbita_almaty
Kazakhstan,Caucasus / Caspian + Central Asia,annex / classifieds,Bukinist Almaty VK groups,book_specific_social_classifieds,runtime_gap_bridge_web_2026_04_26_pass89,medium,"Book-specific VK group surfaces where users can offer their own books and communicate directly buyer-to-seller; social classifieds annex, not governed marketplace core.",supporting,kazakhstan_bukinist_almaty_vk_groups
Kazakhstan,Caucasus / Caspian + Central Asia,single-store used booksellers,Bukinist on Timiryazeva / Almaty,store,runtime_gap_bridge_web_2026_04_26_pass89,medium,Small bukinist shop near KazNU where readers can bring their own books; single-store used/consignment signal only.,used-bookseller,kazakhstan_bukinist_timiryazeva_almaty
Kazakhstan,Caucasus / Caspian + Central Asia,single-store used booksellers,Bukinist with Nikolsky / Almaty,store,runtime_gap_bridge_web_2026_04_25_caucasus_central_asia_hardening_sprint,medium-high,"Almaty bukinist store documented as selling, accepting, and exchanging books; strong used/consignment store layer, not online marketplace.",used-bookseller,kazakhstan_bukinist_with_nikolsky_almaty
Kazakhstan,Caucasus / Caspian + Central Asia,single-store used booksellers,Bukinist — Tole bi 49 / Almaty,store,runtime_gap_bridge_web_2026_04_26_pass89,high,"Almaty bukinist store with used/rare books and vinyl; older established shop. Single-store used-bookseller layer only, not strict marketplace core.",used-bookseller,kazakhstan_bukinist_tole_bi_almaty
Kazakhstan,Caucasus / Caspian + Central Asia,single-store used booksellers,Bukinist “Belaya Aruana” / online Almaty,social_store,runtime_gap_bridge_web_2026_04_26_pass89,medium-high,"Online bukinist social-store started in 2020; sources rare books, accepts request/watchlist behavior, and ships across Kazakhstan. Not open marketplace core.",used-bookseller,kazakhstan_bukinist_belaya_aruana_online
Kazakhstan,Caucasus / Caspian + Central Asia,single-store used booksellers,Dudar Kitap / Almaty used-book consignment node,store,runtime_gap_bridge_web_2026_04_25_caucasus_central_asia_hardening_sprint,medium,Almaty used-book/consignment node mentioned in bukinistika guide; useful single-store/consignment signal.,used-bookseller,kazakhstan_dudar_kitap_almaty_used_book_consignment_node
Kazakhstan,Central Asia,weak-fit core,Flip,site,frontier_note_shorthand,medium,Recovered from frontier shorthand 'Meloman/Flip core'.,primary,kazakhstan::flip
Kazakhstan,Caucasus / Caspian + Central Asia,annex / classifieds,Kaspi Объявления — Books/Journals category,site,runtime_gap_bridge_web_2026_05_02_pass125_kazakhstan_direct_hardening,high,"Kazakhstan-wide horizontal classifieds rail with a books/journals category and explicit new/used book listings, counts, prices, condition and exchange filters. Strong resale texture but not book-specific strict main.",supporting,kazakhstan_kaspi_ads_books_journals_category
Kazakhstan,Caucasus / Caspian + Central Asia,single-store used booksellers,Kitapashar / Кітапашар — Astana bukinist bookstore,store/social_store,runtime_gap_bridge_web_2026_05_02_pass125_kazakhstan_direct_hardening,high,"Astana bukinist bookstore and cultural space; sources describe it as the only/major bukinist store in Astana, accepting/selling old books and running sales. Useful regional used-book node, not marketplace infrastructure.",used-bookseller,kazakhstan_kitapashar_astana_bukinist_bookstore
Kazakhstan,Central Asia,weak-fit core,Meloman,site,frontier_note_shorthand,medium,Recovered from frontier shorthand 'Meloman/Flip core'.,primary,kazakhstan::meloman
Kazakhstan,Caucasus / Caspian + Central Asia,single-store used booksellers,Mir Uchebnikov — Zeleny Bazaar / Almaty,store,runtime_gap_bridge_web_2026_04_26_pass89,medium,"Educational-book shop where rare/used literary stock is reported as regularly replenished; used-bookstore signal, not marketplace core.",used-bookseller,kazakhstan_mir_uchebnikov_zeleny_bazaar
Kazakhstan,Caucasus / Caspian + Central Asia,annex / classifieds,OLX.kz — Books/Journals category,site,runtime_gap_bridge_web_2026_05_02_pass125_kazakhstan_direct_hardening,high,Kazakhstan horizontal classifieds with live books/journals listings and used/new condition flags. Added as explicit row to complement the prior antique/bukinistika OLX row; not book-specific strict main.,supporting,kazakhstan_olx_kz_books_journals_category
Kazakhstan,Caucasus / Caspian + Central Asia,annex / classifieds,OLX.kz — Bukinistika / antique-books category,site,runtime_gap_bridge_web_2026_04_25_caucasus_central_asia_hardening_sprint,high,"Kazakhstan horizontal classifieds with dedicated buikinistika/old-antique-books category and private sellers. Annex/classifieds, not book-specific platform core.",supporting,kazakhstan_olx_kz_bukinistika_antique_books_category
Kazakhstan,Caucasus / Caspian + Central Asia,main universe,ObmenBook — Almaty book exchange/sale platform,site/social_platform,runtime_gap_bridge_web_2026_05_02_pass125_kazakhstan_direct_hardening,high,"Pass125 direct hardening: orgs.biz and Instagram surfaces confirm book-specific exchange/sale/contact flow and current social activity, while The Village describes user-listed exchange/purchase. Retain as strict-main candidate/book-specific social-platform rail; no full promotion to independent marketplace until account/listing/payment mechanics are directly proven.",primary,kazakhstan_obmenbook_almaty_book_exchange_sale_platform
Kazakhstan,Caucasus / Caspian + Central Asia,single-store used booksellers,OldBook.kz / OldBookKz,site,runtime_gap_bridge_web_2026_04_25_caucasus_central_asia_hardening_sprint,high,"Largest online bukinist in Kazakhstan; >10,000-book catalogue in Telegram, weekly additions, detailed condition photos. Single-operator online used-book rail, not open marketplace.",used-bookseller,kazakhstan_oldbook_kz_oldbookkz
Kenya,East Africa,single-store used bookseller,Attic Books Kenya,online_bookshop_pre_owned_buyback,runtime_gap_bridge_web_2026_04_25_east_africa_horn_sprint,high,Nairobi online bookshop offering new/pre-owned books and explicit used-book selling/buyback instructions.,supporting,kenya_attic_books_kenya
Kenya,East Africa,single-store used bookseller,Books First Africa pre-loved books,regional_pre_loved_book_wholesaler_retailer,runtime_gap_bridge_web_2026_04_25_east_africa_horn_sprint,high,Kenya-based East Africa wholesaler/retailer offering new and pre-loved books with delivery across Kenya/Uganda/Tanzania/Rwanda.,supporting,kenya_books_first_africa_pre_loved_books
Kenya,East Africa,single-store used bookseller,Books Point Bookstore Ruaka,used_bookstore_pre_loved,runtime_gap_bridge_web_2026_04_25_east_africa_horn_sprint,high,Ruaka bookstore explicitly focused on high-quality pre-loved/used books.,supporting,kenya_books_point_bookstore_ruaka
Kenya,East Africa,annex / classifieds,Facebook Marketplace Nairobi Books,social_marketplace_book_category,runtime_gap_bridge_web_2026_04_25_east_africa_horn_sprint,high,Facebook Marketplace exposes new and used books for sale in Nairobi; general social marketplace category.,supporting,kenya_facebook_marketplace_nairobi_books
Kenya,East Africa,single-store used bookseller,Half Priced Books Kenya,online_secondhand_bookstore,runtime_gap_bridge_web_2026_04_25_east_africa_horn_sprint,high,"Current official and mall/store evidence confirms Kenyan second-hand/pre-owned book retailer with multiple Nairobi branches and online shop; strong single-operator used-book layer, not strict main.",supporting,kenya_half_priced_books_kenya
Kenya,East Africa,annex / classifieds,Jiji Kenya Books & Table Games,general_classifieds_book_category,runtime_gap_bridge_web_2026_04_25_east_africa_horn_sprint,high,"Large general classifieds category for books/games in Kenya/Nairobi; annex rail, not book-specific.",supporting,kenya_jiji_kenya_books_and_table_games
Kenya,East Africa,single-store bookstore layer,Magunga Bookstore / African literature online bookstore,author_bookstore_distribution_signal,runtime_gap_bridge_web_2026_04_25_east_africa_horn_sprint,medium,"Kenyan online bookstore and literary distribution signal; The New Yorker describes sale-or-return author/publisher stocking, but no used-book marketplace.",supporting,kenya_magunga_bookstore_african_literature_online_bookstore
Kenya,East Africa,annex / classifieds,Nairobi Second Hand Bookstore Facebook group,book_specific_social_resale_group,runtime_gap_bridge_web_2026_04_25_east_africa_horn_sprint,medium-high,"Nairobi social group for buying, selling, or swapping second-hand books; social rail only.",supporting,kenya_nairobi_second_hand_bookstore_facebook_group
Kenya,East Africa,single-store bookstore layer,Nuria Store Kenya,local_online_bookstore,runtime_gap_bridge_web_2026_04_25_east_africa_horn_sprint,high,Major Kenya online bookstore; important retail layer but not used/recommerce.,supporting,kenya_nuria_store_kenya
Kenya,East Africa,main universe,PickaBook Used Books Marketplace,book_specific_used_books_marketplace,runtime_gap_bridge_web_2026_04_25_east_africa_horn_sprint,high,"Official Pick A Book site exposes Marketplace – Used Books! category, used-book product listings, buy/sell pre-owned framing, seller-connection language, login/register/account surface, pay-on-delivery/support; high strict-main candidate, but open self-service seller dashboard remains unverified.",core_candidate,kenya_pickabook_used_books_marketplace
Kenya,East Africa,single-store used bookseller,Soma Nami Books used books,local_bookstore_used_book_inventory,runtime_gap_bridge_web_2026_04_25_east_africa_horn_sprint,high,"Current official product pages confirm used adult, used kids and second-hand children’s books within Soma Nami online bookstore; bookstore/retail inventory only, not marketplace.",supporting,kenya_soma_nami_books_used_books
Kenya,East Africa,single-store bookstore layer,Text Book Centre Kenya,large_bookstore_chain_online,runtime_gap_bridge_web_2026_04_25_east_africa_horn_sprint,high,Large Kenyan/East African bookstore and educational content distributor with online book sales; bookstore layer only.,supporting,kenya_text_book_centre_kenya
Kosovo,CEE/Balkans,context / historical-provisional book-exchange app signal,Bookey Kosovo book-swap app signal,site,pass188_live_web_added,medium,"Historical/provisional Kosovo Innovations/Facebook evidence describes a Kosovo book-swap app using scans and local discovery, but current independently verifiable operating surface was not found; retained as provisional context, not strict-main.",secondary,kosovo::bookey kosovo book-swap app signal
Kosovo,CEE/Balkans,single-store bookstore layer,Dukagjini Books / Libraria Dukagjini,site,pass188_live_web_reclassified,high,"Kosovo online/physical bookstore and publisher/bookstore catalogue with item pages, prices, cart/out-of-stock status and ISBN metadata; bookstore layer, not used-book marketplace.",primary,kosovo::dukagjini books / libraria dukagjini
Kosovo,CEE/Balkans,single-store bookstore layer,Educational Centre Kosova,site,pass188_live_web_reclassified,high,"Prishtina international bookshop/publishing house active since 2014 with foreign-language, education, academic and general-reading catalogue; bookstore layer, not recommerce marketplace.",primary,kosovo::educational centre kosova
Kosovo,CEE/Balkans,annex / horizontal ecommerce book-adjacent,Gjirafa50 — e-reader/book-adjacent ecommerce,site,pass188_live_web_added,medium,"Kosovo horizontal ecommerce surface with e-reader/book-accessory catalogue and Kosovo delivery; book-adjacent ecommerce texture only, not bookstore/recommerce marketplace.",secondary,kosovo::gjirafa50 — e-reader/book-adjacent ecommerce
Kosovo,CEE/Balkans,single-store bookstore layer,Libraria Artini - Toena,site,pass188_live_web_added,medium-high,"Prishtina bookstore surface visible through Wolt/Facebook with delivery/storefront evidence; bookstore layer, not recommerce marketplace.",secondary,kosovo::libraria artini - toena
Kosovo,CEE/Balkans,single-store bookstore layer,Libraria Buzuku,site,pass188_live_web_added,medium-high,"Prominent Prishtina bookstore with online-ordering/social presence and multiple locations; bookstore/cultural layer, not used-book marketplace.",secondary,kosovo::libraria buzuku
Kosovo,CEE/Balkans,digital library / reading app context,Librashqipe app / Albanian digital library,site,pass188_live_web_added,medium-high,"Albanian-language digital library/reading app covering Albania, Kosovo and diaspora authors; reading infrastructure context, not physical used-book recommerce.",secondary,kosovo::librashqipe app / albanian digital library
Kosovo,CEE/Balkans,annex / classifieds,MerrJep Kosovo — Libra dhe Revista,site,pass188_live_web_added,high,"Kosovo horizontal classifieds/marketplace with books-and-magazines category and app copy explicitly listing used books among pre-owned goods; annex/classifieds only, not book-first strict main.",secondary,kosovo::merrjep kosovo — libra dhe revista
Kosovo,CEE/Balkans,offline / fair / literacy layer,Prishtina Book Fair / Kosovo Publishers Association,site,pass188_live_web_added,high,"Major Kosovo book fair / publishing ecosystem layer; 2025 edition reported about 100 publishers and thousands of titles. Important literacy/book infrastructure, not recommerce marketplace.",secondary,kosovo::prishtina book fair / kosovo publishers association
Kosovo,CEE/Balkans,bookstore/cafe cultural layer,Soma Book Station,site,pass188_live_web_added,medium-high,"Prishtina café/bar/bookstore and cultural gathering point with curated books; cultural/bookstore layer, not recommerce marketplace.",secondary,kosovo::soma book station
Kuwait,Gulf / Arabian Peninsula,weak-fit core,Al Noori Bookstore,local_online_or_physical_bookstore,runtime_gap_bridge_web_2026_05_03_pass140_kuwait_hardening,medium,Retained as medium weak-fit local bookstore/bookshop anchor. Useful Kuwait book-forward infrastructure but no used/recommerce or third-party seller mechanics verified in this pass.,primary,kuwait::al noori bookstore
Kuwait,Gulf / Arabian Peninsula,single-store used / bookstore signal,Benny's Books Kuwait — Pre-Loved Books,childrens_bookstore_preloved_intake_storefront,runtime_gap_bridge_web_2026_05_03_pass140_kuwait_hardening,high,"Added as high single-store/operator-managed children’s pre-loved-book signal. Direct pages show a Pre-Loved Books collection, contact flow for sending children’s pre-loved books, and Kuwait children’s bookstore/subscription infrastructure; local coverage describes a recycling program exchanging gently used books for store credit. Not open marketplace infrastructure.",primary,kuwait::benny s books kuwait pre loved books
Kuwait,Gulf / Arabian Peninsula,single-store used booksellers,Better Books Kuwait,single_store_secondhand_bookshop,runtime_gap_bridge_web_2026_05_03_pass140_kuwait_hardening,high,"Upgraded from medium to high single-store used-book signal. The direct site says Better Books has over 12,000 books and that its books are mostly pre-owned; 2025 local coverage says the popular used bookshop reopened after a prior closure. Still single-store/operator layer, not marketplace infrastructure.",primary,kuwait::better books kuwait
Kuwait,Gulf / Arabian Peninsula,single-store used booksellers,Bliss & Paper Kuwait,single_store_secondhand_bookstore_cafe,runtime_gap_bridge_web_2026_05_03_pass140_kuwait_hardening,medium,"Added as medium single-store secondhand bookstore signal. 2025 LSE Review of Books profile describes Bliss & Paper as a second-hand bookstore in Kuwait City with a donation-based model, Arabic and English titles, children/YA section, and rare/out-of-print Kuwait material. Not an online marketplace.",primary,kuwait::bliss paper kuwait
Kuwait,Gulf / Arabian Peninsula,single-store used / bookstore signal,Bookish Corner Kuwait,single_store_new_and_preloved_bookshop,runtime_gap_bridge_web_2026_05_03_pass140_kuwait_hardening,high,"Upgraded from medium to high single-store used/bookstore signal. Direct site shows New Books and Used Books navigation; social copy says Kuwait cozy bookshop since 2019, new and pre-loved English books, fast delivery, and accepts used books.",primary,kuwait::bookish_corner_kuwait
Kuwait,Gulf / Arabian Peninsula,annex / classifieds,Books exchange in Kuwait,book_specific_social_resale_exchange_group,runtime_gap_bridge_web_2026_05_03_pass140_kuwait_hardening,medium,"Added as medium annex/social rail distinct from the existing books-for-sale-and-exchange group. Public snippets show 6.1K members and live new/used book-for-sale posts in Kuwait/Salmiya; still Facebook-hosted social resale/exchange, not standalone marketplace infrastructure.",primary,kuwait::books exchange in kuwait
Kuwait,Gulf / Arabian Peninsula,annex / classifieds,Books for sale and exchange in Kuwait,book_specific_social_resale_exchange_group,runtime_gap_bridge_web_2026_05_03_pass140_kuwait_hardening,medium,"Reverified as medium annex/social rail. The group explicitly frames itself for people inside Kuwait who want to sell, buy, or exchange books; remains social-hosted rather than independent marketplace infrastructure.",primary,kuwait::books_for_sale_and_exchange_in_kuwait
Kuwait,Gulf / Arabian Peninsula,weak-fit core,Dar Salma Publishing and Distribution,publisher_distributor_online_bookstore,runtime_gap_bridge_web_2026_05_03_pass140_kuwait_hardening,medium,"Retained as medium weak-fit publisher/distribution/bookstore-style rail. Evidence supports publishing/distribution and cultural/book-fair presence, not used-book recommerce.",primary,kuwait::dar salma publishing and distribution
Kuwait,Gulf / Arabian Peninsula,annex / classifieds,Facebook Marketplace Kuwait — Books,horizontal_social_marketplace_books_category,runtime_gap_bridge_web_2026_05_03_pass140_kuwait_hardening,medium,"Added as medium annex/social classifieds. Facebook Marketplace has a Kuwait books category with new and used books for sale and free item posting, but remains horizontal/social marketplace infrastructure.",primary,kuwait::facebook marketplace kuwait books
Kuwait,Gulf / Arabian Peninsula,weak-fit core,Jarir Bookstore Kuwait,kuwait_facing_chain_online_bookstore,runtime_gap_bridge_web_2026_05_03_pass140_kuwait_hardening,high,"Reverified as high weak-fit book retail. Jarir Kuwait exposes a Kuwait-facing online retail surface and delivery across Kuwait, but no used-book recommerce or open seller mechanics.",primary,kuwait::jarir bookstore kuwait
Kuwait,Gulf / Arabian Peninsula,single-store used booksellers,Kuwait Bazar Books,single_operator_used_book_storefront,runtime_gap_bridge_web_2026_05_03_pass140_kuwait_hardening,high,Reverified as high single-store used-book storefront. Its direct site brands itself as a home for used books and a variety of used books in good shape; no open third-party marketplace mechanics.,primary,kuwait::kuwait_bazar_books
Kuwait,Gulf / Arabian Peninsula,offline / fair / literacy layer,Kuwait International Book Fair,major_book_fair_cultural_infrastructure,runtime_gap_bridge_web_2026_05_03_pass140_kuwait_hardening,high,"Reverified as high offline/fair/literacy layer. KUNA/QNA coverage says the 48th Kuwait International Book Fair opened in November 2025, with 611 publishers from 33 countries reported ahead of the fair; not online recommerce infrastructure.",primary,kuwait::kuwait international book fair
Kuwait,Gulf / Arabian Peninsula,weak-fit core,Kuwaitbookstore.com,local_online_bookstore,runtime_gap_bridge_web_2026_05_03_pass140_kuwait_hardening,medium,"Added as medium weak-fit local online bookstore. Direct/search-visible pages describe a Kuwait online bookstore with browsing, purchases, pre-orders/rare finds, and free delivery above a KWD threshold; no used/recommerce proof.",primary,kuwait::kuwaitbookstore com
Kuwait,Gulf / Arabian Peninsula,annex / classifieds,OpenSooq Kuwait — books & magazines,horizontal_classifieds_book_category,runtime_gap_bridge_web_2026_05_03_pass140_kuwait_hardening,high,"Reverified as high annex/classifieds. OpenSooq Kuwait has a live books-and-magazines category with new, used and rare books language plus buy/sell framing and city-level surfaces; remains horizontal classifieds, not book-specific strict main.",primary,kuwait::opensooq books magazines
Kuwait,Gulf / Arabian Peninsula,single-store used booksellers,Page Turner Kuwait,family_run_online_new_and_used_bookstore,runtime_gap_bridge_web_2026_05_03_pass140_kuwait_hardening,high,"Reverified as high single-store/operator-managed used-book signal. Public Instagram copy says Page Turner gives used books a second chance, adds new books, and is run by siblings who upload/wrap/hand-deliver books; not an open third-party marketplace.",primary,kuwait::page turner kuwait
Kuwait,Gulf / Arabian Peninsula,weak-fit core,Takween Bookstore & Publishing House,independent_bookstore_publisher_cultural_platform,runtime_gap_bridge_web_2026_05_03_pass140_kuwait_hardening,high,"Reverified as high weak-fit cultural/bookstore/publishing spine. Official/search-visible copy describes Takween as a Kuwait-based bookstore, publishing house, creative-writing workshop and cultural platform; not used-book recommerce.",primary,kuwait::takween bookstore publishing house
Kyrgyzstan,Caucasus / Caspian + Central Asia,annex / classifieds,Aksy Market — Kyrgyzstan local ads app,horizontal_local_classifieds_app,runtime_gap_bridge_web_2026_04_26_pass90,medium,"Google Play describes Aksy Market as a Kyrgyzstan universal ads/shopping/selling app for unnecessary things and local offers; no book-specific rail found, so annex only.",supporting,kyrgyzstan_aksy_market_horizontal_local_ads_app
Kyrgyzstan,Caucasus / Caspian + Central Asia,annex / classifieds,Bazar.kg — Kyrgyzstan marketplace / classifieds app,horizontal_marketplace_app,runtime_gap_bridge_web_2026_04_26_pass90,high,Google Play describes Bazar.kg as a Kyrgyzstan free-advertising marketplace for goods/services with seller calls/WhatsApp and includes books under hobbies/leisure; horizontal annex only.,supporting,kyrgyzstan_bazar_kg_horizontal_marketplace_app
Kyrgyzstan,Caucasus / Caspian + Central Asia,annex / classifieds,Facebook Marketplace Bishkek — Books,social_marketplace,runtime_gap_bridge_web_2026_04_25_caucasus_central_asia_hardening_sprint,medium-low,Item-level Bishkek book-resale signal on Facebook Marketplace; retained as social classifieds layer.,supporting,kyrgyzstan_facebook_marketplace_bishkek_books
Kyrgyzstan,Central Asia,weak-fit core,Foliant,site,frontier_note_shorthand,medium,Recovered from frontier shorthand 'Foliant/Raritet core'.,primary,kyrgyzstan::foliant
Kyrgyzstan,Caucasus / Caspian + Central Asia,weak-fit core,Komoda — Bishkek book marketplace app,book_marketplace_app_local_sellers,runtime_gap_bridge_web_2026_04_26_pass90,medium-high,"Google Play describes Komoda as a Bishkek book marketplace app that aggregates books from local stores and sellers, with delivery and trusted sellers; book-specific but not yet used/resale-specific, so weak-fit rather than strict used-book core.",supporting,kyrgyzstan_komoda_bishkek_book_marketplace_app
Kyrgyzstan,Caucasus / Caspian + Central Asia,annex / classifieds,Lalafo Kyrgyzstan — used books/textbooks,site/app,runtime_gap_bridge_web_2026_04_25_caucasus_central_asia_hardening_sprint,high,Kyrgyzstan/Bishkek horizontal marketplace with used textbook/language-book listings and buyer-seller contact mechanics. Annex/classifieds only.,supporting,kyrgyzstan_lalafo_kyrgyzstan_used_books_textbooks
Kyrgyzstan,Central Asia,weak-fit core,Raritet,site,frontier_note_shorthand,medium,Recovered from frontier shorthand 'Foliant/Raritet core'.,primary,kyrgyzstan::raritet
Kyrgyzstan,Caucasus / Caspian + Central Asia,single-store bookstore layer,Raritet BookStore — Bishkek,store,runtime_gap_bridge_web_2026_04_25_caucasus_central_asia_hardening_sprint,medium,"Bishkek bookstore/store-layer anchor with English-book and children’s book stock; useful bookstore layer, not used-book marketplace.",bookstore,kyrgyzstan_raritet_bookstore_bishkek
Kyrgyzstan,Caucasus / Caspian + Central Asia,annex / classifieds,Tabylga — Kyrgyzstan seller/buyer marketplace app,horizontal_marketplace_app,runtime_gap_bridge_web_2026_04_26_pass90,medium-high,"Google Play describes Tabylga 2.0 as a Kyrgyzstan shopping app that brings sellers and buyers onto one platform; no book-specific proof located, so annex only.",supporting,kyrgyzstan_tabylga_horizontal_marketplace_app
Laos,Southeast Asia,single-store bookstore layer,Book Delivery,site,current_session_sea_2026_04_19,medium,Current-session controlled pass: also serves as weak-fit core.,secondary,laos::book delivery
Laos,Southeast Asia,weak-fit core,Book Delivery,site,current_session_working_surface,medium,Current-session controlled pass classified Laos as compact weak-fit.,primary,laos::book delivery
Latvia,Baltics/CEE,annex / horizontal marketplace,Andele Mandele — Grāmatas,site/marketplace,fresh_web_pass173_latvia_hardening,high,Added as annex/horizontal marketplace. Andele Mandele’s books category states it includes both new and used books in good condition and provides category filters. It remains annex-only because the broader marketplace is not book-first.,annex,latvia::andele_mandele_gr_matas
Latvia,Baltics/CEE,main universe,Book.id.LV,site/app,fresh_web_pass173_latvia_hardening,medium-high,"Updated existing weak-fit row and promoted conservatively to main universe. About page says Book.id.LV is a marketplace where readers buy, sell and exchange books across Latvia and other countries; current pages invite users to register and offer books with free advertisements, and item/category pages expose price, condition, owner/contact and ISBN metadata. Confidence remains medium-high because it appears new/small, but mechanics are book-specific and public.",primary,latvia::book_id_lv
Latvia,Baltics/CEE,single-store used / bookstore signal,Buki.lv — Lietotas grāmatas,site/store,fresh_web_pass173_latvia_hardening,high,"Added as high-confidence single-store used/bookstore signal. The Buki.lv used-books category exposes current priced used-book inventory with titles, authors and condition snippets. It is retained as a store/category layer rather than strict/main because open third-party seller onboarding/marketplace mechanics were not evidenced.",secondary,latvia::buki_lv_lietotas_gr_matas
Latvia,Baltics/CEE,annex / collectibles auction,Coinstore.lv — second-hand bookseller auction category,site/auction,fresh_web_pass173_latvia_hardening,medium,"Added as annex/collectibles auction. Coinstore exposes a second-hand bookseller/old-books-and-antique-prints auction category, but it is a numismatics/collectibles auction environment and checked page had no listed products. Not strict/main.",annex,latvia::coinstore_lv_second_hand_bookseller_auction_category
Latvia,Baltics/CEE,annex / social marketplace,Facebook Marketplace — Riga books,social_marketplace,fresh_web_pass173_latvia_hardening,medium-high,Added as annex/social marketplace. Facebook Marketplace exposes Riga/Latvia books listing surfaces with new and used books for sale. It is not strict/main because it is a broad social marketplace rather than a book-specific public inventory platform.,annex,latvia::facebook_marketplace_riga_books
Latvia,Baltics/CEE,single-store used booksellers,GUNAS GRĀMATAS / GunasGramatas,site/store,fresh_web_pass173_latvia_hardening,high,"Added as high-confidence single-store used-bookseller. Gunas Grāmatas describes itself as a rare and used-book antiquarian bookstore in Riga; it sells antiquarian books, postcards, guidebooks, rare periodicals and related printed material and buys/sells literature in multiple languages. No open third-party marketplace mechanics were found.",secondary,latvia::gunas_gr_matas_gunasgramatas
Latvia,Baltics/CEE,main universe,Luta.lv,site/app,fresh_web_pass173_latvia_hardening,high,"Added as high-confidence strict/main. Luta states it is a safe and convenient used-book trading platform with buyer/seller protection, card/internet-bank payment, Omniva delivery card creation, automated seller/buyer workflows and public item pages with used-condition copies, sellers, prices and ISBNs. Labs of Latvia launch coverage notes the service allows any Latvia resident to offer books for sale and buy from other sellers.",primary,latvia::luta_lv
Latvia,Baltics/CEE,single-store used / bookstore signal,Robert's Books / Ex Libris Riga used-book shop layer,site/store,fresh_web_pass173_latvia_hardening,medium,"Added conservatively as a single-store used/bookstore signal. Travel/social surfaces identify Robert's Books and Ex Libris Riga as second-hand/used bookshop layers in Riga. No structured online inventory or open marketplace mechanics were confirmed, so confidence remains medium and this is not strict/main.",secondary,latvia::robert_s_books_ex_libris_riga_used_book_shop_layer
Latvia,Baltics/CEE,annex / classifieds,SS.COM — Grāmatas,site/classifieds,fresh_web_pass173_latvia_hardening,high,"Added as annex/classifieds. SS.COM has a dedicated Grāmatas category with many book subcategories and individual sale/wanted listing surfaces. It is important Latvian horizontal book-recommerce texture, but it is a general classifieds site, not a book-first strict-main platform.",annex,latvia::ss_com_gr_matas
Latvia,Baltics/CEE,annex / external marketplace seller,VintageBooksLatvia — Etsy shop,single_seller_external_marketplace,fresh_web_pass173_latvia_hardening,medium-high,"Added as annex/external single-seller signal. The Etsy shop is Latvia-based and sells vintage/antiquarian books and ephemera, but it is not a Latvia-native platform or open book-marketplace rail. Kept only as atmospheric/export-facing seller evidence.",annex,latvia::vintagebookslatvia_etsy_shop
Latvia,Baltics/CEE,main universe,iBook.lv,site/app,fresh_web_pass173_latvia_hardening,high,"Added as high-confidence strict/main. Homepage describes a trusted community/platform where readers buy, sell and exchange books, exposes add-product/login/user mechanics and current priced listings. Search-result item pages expose ISBN10/ISBN13, publisher, year, language and page counts. A visible data-loss notice after technical problems is recorded as operational caveat, not disqualifier.",primary,latvia::ibook_lv
Latvia,Baltics/CEE,main universe,myBook.lv,site/app,fresh_web_pass173_latvia_hardening,high,"Updated existing Latvia row. myBook.lv explicitly supports buying, selling and exchanging books; checked workflow text says users photograph and post books in their profile, receive buyer emails and coordinate delivery. Item pages expose ISBN13 where available and create-listing actions for selling/buying/give-away. Retained as high-confidence strict/main book-specific recommerce marketplace.",primary,latvia::mybook_lv
Lebanon,Levant / Mashriq,main universe,ALMAKTABAH.COM,site,official_site_remote_verified,medium,"Beirut-based Arabic internet bookstore since 1997 serving private customers, companies, and universities worldwide from Lebanon.",secondary,lebanon::almaktabah
Lebanon,Levant / Mashriq,single-store used / bookstore signal,Afkar Bookshop Lebanon,social_storefront,rbm_pass141_lebanon_shadow_layer_web_hardening,medium,"Haret Hreik/Beirut social storefront for new and secondhand books and novels, selling and renting with delivery; social/single-store reuse layer.",supporting,lebanon::afkar_bookshop_lebanon
Lebanon,Levant / Mashriq,main universe,Antoine Online / Librairie Antoine,site,official_site_remote_verified,high,"Official Antoine company page says the Beirut-founded chain operates about a dozen branches across Beirut, its suburbs, Keserwan, Matn, and Tripoli and provides the country’s largest selection of Arabic, French, and English books through branches and ecommerce.",primary,lebanon::antoine_online
Lebanon,Levant / Mashriq,annex / classifieds,BEIRUT Second Hand Books,social_group,rbm_pass141_lebanon_shadow_layer_web_hardening,medium,Facebook group for selling and buying secondhand books in and around Beirut; book-specific social resale but not standalone platform infrastructure.,supporting,lebanon::beirut_second_hand_books_group
Lebanon,Levant / Mashriq,single-store used / bookstore signal,BOOKS!!!! / books_beirut,social_storefront,rbm_pass141_lebanon_shadow_layer_web_hardening,medium,"Independent Beirut online social bookstore with mix of brand-new and secondhand books, all low-priced, with delivery all over Lebanon; social/operator storefront not open marketplace.",supporting,lebanon::books_beirut_social_storefront
Lebanon,Levant / Mashriq,single-store used booksellers,Barzakh Bookshop & Café,site,rbm_pass141_lebanon_shadow_layer_web_hardening,medium-high,Hamra cultural/bookshop space with large archive/used-book-library character and online-store plans; useful used/archive bookshop depth but not seller-onboarding marketplace infrastructure.,supporting,lebanon::barzakh_bookshop_cafe
Lebanon,Levant / Mashriq,offline / fair / literacy layer,Beirut International Arab Book Fair,event,official_news_remote_verified,medium,National News Agency reported in 2026 that the Arab Cultural Club and Lebanese Publishers Association agreed to jointly organize the next Beirut International Arab Book Fair starting in 2026.,supporting,lebanon::beirut_international_arab_book_fair
Lebanon,Levant / Mashriq,single-store used booksellers,Book Bazar Hamra,site,rbm_pass141_lebanon_shadow_layer_web_hardening,high,Beloved Hamra secondhand bookshop reopened/expanded as a book café; public sources describe it as one of Lebanon's largest second-hand bookstores with used/preloved stock.,supporting,lebanon::book_bazar_hamra
Lebanon,Levant / Mashriq,annex / classifieds,Book Exchange Beirut,social_group,rbm_pass141_lebanon_shadow_layer_web_hardening,medium,"Facebook group for trading, selling, or giving away books and magazines in Beirut; social book exchange/resale rail outside strict main.",supporting,lebanon::book_exchange_beirut_group
Lebanon,Levant / Mashriq,single-store used / bookstore signal,Bookbee Lebanon,social_storefront,rbm_pass141_lebanon_shadow_layer_web_hardening,medium,"Instagram/social online used-book shop that asks sellers to DM to sell books and offers delivery across Lebanon; operator/social flow, not multi-seller marketplace.",supporting,lebanon::bookbee_lebanon
Lebanon,Levant / Mashriq,single-store bookstore layer,Chapter One Book Store,site,official_site_remote_verified,medium,"Locally owned Lebanese online bookstore with English and Arabic stock, live ecommerce, and shipping all over Lebanon.",supporting,lebanon::chapter_one_book_store
Lebanon,MENA / West Asia hardening,annex / classifieds,Facebook Marketplace Beirut Books,site,mena_west_asia_hardening_web_pass57,medium,New and used books for sale in Beirut on Facebook Marketplace; social-classifieds spillover.,supporting,lebanon::facebook_marketplace_beirut_books
Lebanon,Levant / Mashriq,single-store used booksellers,Halabi Bookshop,site,official_site_remote_verified,high,"Independent Beirut bookshop explicitly offering used, old, vintage, out-of-print, rare, and new books with online catalog and WhatsApp ordering.",primary,lebanon::halabi_bookshop
Lebanon,Levant / Mashriq,weak-fit core,LEVR,site,official_site_remote_verified,medium,"Lebanese online bookstore with curated law, children’s, educational, philosophy, religion, and English sections plus fast delivery across Lebanon and worldwide DHL shipping.",secondary,lebanon::levr
Lebanon,Levant / Mashriq,offline / fair / literacy layer,Lebanese Book Fair (Antelias),event,official_event_remote_verified,high,"NDU and the Antelias Cultural Movement list the 2026 Lebanese Book Fair in Antelias as a major annual books-and-publishing event running March 5–15, 2026.",supporting,lebanon::lebanese_book_fair_antelias
Lebanon,MENA / West Asia hardening,annex / classifieds,Lebanon Book Exchange,site,mena_west_asia_hardening_web_pass57,medium,Book-exchange social surface; annex only until activity/onboarding is hardened.,supporting,lebanon::lebanon_book_exchange
Lebanon,Levant / Mashriq,annex / classifieds,Lebanon school books exchange,social_group,rbm_pass141_lebanon_shadow_layer_web_hardening,medium,"School-book exchange/selling group created during Lebanon economic crisis; strong social reuse/schoolbook signal, not independent marketplace infrastructure.",supporting,lebanon::lebanon_school_books_exchange_group
Lebanon,Levant / Mashriq,main universe,Maliks,site,official_site_remote_verified,high,"Official Maliks pages describe it as Lebanon’s #1 academic and general bookshop with 100,000 titles, 30+ / 40+ branches, a books category online, and nationwide delivery.",primary,lebanon::maliks
Lebanon,MENA / West Asia hardening,annex / classifieds,OLX Lebanon — Used Books,site,mena_west_asia_hardening_web_pass57,high,OLX Lebanon used-books category with visible ad counts and local classified mechanics; annex/horizontal marketplace.,supporting,lebanon::olx_lebanon_used_books
Lebanon,MENA / West Asia hardening,single-store used / bookstore signal,Stories_and_tales.lb resale signal,site,mena_west_asia_hardening_web_pass57,low,"Reddit user report of Instagram account listing second-hand books and paying after sale; retained as low-confidence lead, not promoted.",supporting,lebanon::stories_and_tales_lb_resale_signal
Lebanon,Levant / Mashriq,main universe,URBAN BOOKS,site,official_site_remote_verified,high,"Live ecommerce bookstore explicitly branding itself as an online book store in Lebanon with fast shipping across Lebanon, cash on delivery, and thousands of listed books.",secondary,lebanon::urban_books
Lebanon,Levant / Mashriq,annex / classifieds,dubizzle Lebanon — Used Books,site,classifieds_marketplace_remote_verified,medium,"Large live Lebanon used-books classifieds surface with thousands of listings across Beirut, Metn, Keserouan, Aley, and beyond.",supporting,lebanon::dubizzle_used_books
Lesotho,Southern Africa,annex / classifieds,AAAFreeAds Maseru Books & Magazines,horizontal_classifieds_books_magazines_category,pass123_web_reverified_2026_05_02,low,Maseru Books & Magazines classifieds category exists but currently reports no selected-category/area classifieds. Retain as low-confidence horizontal classifieds texture only.,supporting,lesotho_aaafreeads_maseru_books__magazines
Lesotho,Southern Africa,offline / fair / literacy layer,Books for Lesotho,literacy_distribution,web_verified_2026_04_21,high,Ongoing school and community library distribution pipeline with 2024-2025 shipments documented.,supporting,lesotho::books_for_lesotho
Lesotho,Southern Africa,offline fair/literacy layer,Books for Lesotho second-hand donation sales,book_donation_secondhand_sale_literacy_layer,runtime_gap_bridge_web_2026_04_25_southern_africa_deepening_sprint,medium,"Books for Lesotho news notes second-hand book sales in exchange for donations; literacy/donation layer, not marketplace.",supporting,lesotho_books_for_lesotho_second_hand_donation_sales
Lesotho,Southern Africa,annex / classifieds,Facebook Marketplace Foso Books,social_marketplace_books_category,pass123_web_reverified_2026_05_02,medium,Foso/Maseru city-level Facebook Marketplace books category says new and used books for sale and free item posting; social marketplace/classifieds only.,supporting,lesotho_facebook_marketplace_foso_books
Lesotho,Southern Africa,annex / classifieds,Facebook Marketplace Maseru Books,social_marketplace_books_category,runtime_gap_bridge_web_2026_04_25_southern_africa_deepening_sprint,medium,New and used books for sale in Maseru; social marketplace category only.,supporting,lesotho_facebook_marketplace_maseru_books
Lesotho,Southern Africa,annex / classifieds,Facebook Marketplace Mazenod Books,social_marketplace_books_category,runtime_gap_bridge_web_2026_04_25_southern_africa_deepening_sprint,medium,New and used books for sale in Mazenod; social marketplace category only.,supporting,lesotho_facebook_marketplace_mazenod_books
Lesotho,Southern Africa,annex / classifieds,Facebook Marketplace Roma Books,social_marketplace_books_category,runtime_gap_bridge_web_2026_04_25_southern_africa_deepening_sprint,medium,New and used books for sale in Roma; social marketplace category only.,supporting,lesotho_facebook_marketplace_roma_books
Lesotho,Southern Africa,weak-fit core,IXcess Book App Lesotho,book_app_rent_buy_sell_current_status_hold,pass123_web_reverified_2026_05_02,medium-low,"Book-specific Lesotho app-era lead: public Facebook/search surfaces describe an app acting as both library/bookstore with rent/buy/sell language, while APKPure confirms a 2021 iXcess Bookstore app for renting/reading books. Current live store/listing depth is unresolved; hold as weak-fit, not strict-main used marketplace.",primary,lesotho_ixcess_book_app_lesotho
Lesotho,Southern Africa,single-store bookstore layer,Leisure Book Store,directory,web_verified_2026_04_21,medium,Current Maseru Mall bookstore listing adding another physical retail node.,supporting,lesotho::leisure_book_store
Lesotho,Southern Africa,single-store bookstore layer,Lesotho Book Centre branch network,local_bookstore_branch_directory,pass123_web_reverified_2026_05_02,medium,"Directory evidence supports Lesotho Book Centre branches in Maseru/Hlotse/Mafeteng; branch-network bookstore layer only, no recommerce platform mechanics.",supporting,lesotho_lesotho_book_centre_branch_network
Lesotho,Southern Africa,single-store bookstore layer,Lesotho Book Depot,directory,web_verified_2026_04_21,medium,Named Maseru bookstore listing providing a physical bookstore anchor.,supporting,lesotho::lesotho_book_depot
Lesotho,Southern Africa,weak-fit core,Lesotho online Bookshop,social_storefront,web_verified_2026_04_21,medium,Current Maseru-facing online bookshop offering new high school and primary textbooks with local delivery.,primary,lesotho::lesotho_online_bookshop
Lesotho,Southern Africa,single-store bookstore layer,Lifestyle Books Lesotho,local_bookstore_social_surface,runtime_gap_bridge_web_2026_04_25_southern_africa_deepening_sprint,medium,Maseru/Pioneer Mall social bookstore surface; local bookstore layer only.,supporting,lesotho_lifestyle_books_lesotho
Lesotho,Southern Africa,single-store bookstore layer,Maseru Book Centre,local_bookstore_directory_social_surface,pass123_web_reverified_2026_05_02,medium,Maseru physical bookstore anchor; LesothoYP and social/directory surfaces describe textbook/leisure/church/stationery supply and Kingsway location. Single-store/bookstore layer only.,supporting,lesotho_maseru_book_centre
Lesotho,Southern Africa,single-store bookstore layer,Mazenod Book Centre,local_bookstore_secondhand_category_listing,runtime_gap_bridge_web_2026_04_25_southern_africa_deepening_sprint,medium,"LesothoYP lists Mazenod Book Centre under secondhand books in Maseru, but description is bookstore/educational resource hub; single-store lead.",supporting,lesotho_mazenod_book_centre
Lesotho,Southern Africa,single-store bookstore layer,Mohale's Hoek Book Centre,local_bookstore_directory_secondhand_category_lead,pass123_web_reverified_2026_05_02,medium-low,LesothoYP secondhand/books directory lead for Mohale’s Hoek. Treated as local bookstore / directory hold rather than verified marketplace or used-book platform.,supporting,lesotho_mohale_s_hoek_book_centre
Lesotho,Southern Africa,annex / classifieds,Rebuydeal Lesotho — used books posting rail,horizontal_secondhand_listing_form_books_category,pass123_web_reverified_2026_05_02,medium-low,"Global horizontal secondhand listing form localized to Lesotho with explicit Books used/secondhand categories across Maseru, Mafeteng, Leribe, Maputsoe, Mohale’s Hoek, Qacha’s Nek, Quthing, and Butha-Buthe; not book-specific strict main.",supporting,lesotho_rebuydeal_lesotho__used_books_posting_rail
Lesotho,Southern Africa,weak-fit core,Ubuy Lesotho Books,import_ecommerce_book_category,runtime_gap_bridge_web_2026_04_25_southern_africa_deepening_sprint,medium,"Country-localized import ecommerce bookstore category; ordinary retail/import, not used marketplace.",supporting,lesotho_ubuy_lesotho_books
Liberia,West Africa,annex / classifieds,AAAFreeAds Liberia Books & Magazines,classifieds_category_empty,runtime_gap_bridge_web_2026_04_25_liberia_compact_pass1,low,Category page exists for Liberia books/magazines classifieds but page reports nothing found in selected category/area; preserve as weak/negative classified-surface evidence.,supporting,liberia::aaafreeads_liberia_books_and_magazines
Liberia,West Africa,annex / classifieds,BNS Liberia / Buy & Sell Liberia,app/site,runtime_gap_bridge_pass103_liberia_current_status_hardening,medium-high,"Liberia-focused horizontal multi-vendor buy/sell platform/app with vendor dashboard, secure payments, product boosting, trusted seller badges, and 2025 launch/update signals; includes books only as a category/app-store browse label, so keep annex/classifieds rather than strict main.",supporting,liberia::bns_liberia_buy_sell_liberia
Liberia,West Africa,single-store bookstore layer,Bible Society of Liberia Bookshop,bookshop_listing,runtime_gap_bridge_web_2026_04_25_liberia_compact_pass1,medium,"Publisher/bookseller listing gives Bible Society of Liberia Bookshop address and contacts in Monrovia; single-store religious bookshop layer, not used/multi-seller.",supporting,liberia::bible_society_of_liberia_bookshop
Liberia,West Africa,annex / classifieds,Connecting Deals Monrovia Books,classifieds_category,runtime_gap_bridge_web_2026_04_25_liberia_compact_pass1,medium-low,"Search-visible local marketplace page for Books in Monrovia from private sellers; direct open was bot-gated, so keep as medium-low annex evidence.",supporting,liberia::connecting_deals_monrovia_books
Liberia,West Africa,annex / classifieds,Facebook Marketplace Monrovia Books,social_marketplace_category,runtime_gap_bridge_web_2026_04_25_liberia_compact_pass1,high,General social marketplace category explicitly for new and used books in Monrovia; book-resale signal but not book-dominant platform.,supporting,liberia::facebook_marketplace_monrovia_books
Liberia,West Africa,annex / classifieds,"Facebook Marketplace Monrovia Books, Movies & Music",social_marketplace_category,runtime_gap_bridge_web_2026_04_25_liberia_compact_pass1,medium,"Broader Facebook Marketplace media category with new/used books, movies, and music near Monrovia; keep annex only.",supporting,liberia::facebook_marketplace_monrovia_books_movies_and_music
Liberia,West Africa,annex / classifieds,Freead1 Liberia Books,classifieds_category,runtime_gap_bridge_web_2026_04_25_liberia_compact_pass1,medium,"Country-level Freead1 books classifieds category for Liberia; useful resale lead rail, not book-dominant marketplace.",supporting,liberia::freead1_liberia_books
Liberia,West Africa,annex / classifieds,Freead1 Liberia Textbooks,classifieds_category,runtime_gap_bridge_web_2026_04_25_liberia_compact_pass1,medium,"Country-level Freead1 textbooks category; student-textbook resale lead, not book-specific marketplace.",supporting,liberia::freead1_liberia_textbooks
Liberia,West Africa,annex / classifieds,Freead1 Monrovia Books,classifieds_category,runtime_gap_bridge_web_2026_04_25_liberia_compact_pass1,medium,Monrovia-level Freead1 category for books sale/buy advertisements; annex/classifieds only.,supporting,liberia::freead1_monrovia_books
Liberia,West Africa,single-store bookstore layer,Horseman Books Liberia,social/store,runtime_gap_bridge_pass103_liberia_current_status_hardening,medium-low,"Current social/search-visible bookstore surface at Broad Street, Monrovia, with 2026 book-lover activity signal; first-party bookstore layer only, not marketplace/strict main.",supporting,liberia::horseman_books_liberia
Liberia,West Africa,annex / classifieds,LIBSHOP,general_marketplace,runtime_gap_bridge_web_2026_04_25_liberia_compact_pass1,medium,"Liberia general buy/sell marketplace infrastructure across cities/counties; no book-specific category verified in pass, so annex/classifieds only.",supporting,liberia::libshop
Liberia,West Africa,single-store bookstore layer,La Bibliothèque Online Bookstore,social_storefront,runtime_gap_bridge_web_2026_04_25_liberia_compact_pass1; runtime_gap_bridge_pass103_liberia_current_status_hardening,medium,"Pass103 current-status hardening: 2025 launch/current social surfaces show Liberia/Monrovia online bookstore activity; remains first-party bookstore layer, not strict main.",supporting,liberia::la_biblioth_que_online_bookstore
Liberia,West Africa,main universe,Liberia Book Store,site,runtime_gap_bridge_web_2026_04_25_liberia_compact_pass1; runtime_gap_bridge_pass103_liberia_current_status_hardening,medium,"Pass103 partial hardening: live site confirms book-specific buy/sell wording, cart/checkout/product pages, Mobile Money payment framing, and 2025/2026 footer/product signals; seller onboarding/third-party consignment remains unverified, so strict-main candidate stays cautious.",primary,liberia::liberia_book_store
Liberia,West Africa,single-store bookstore layer,Monrovia Book Store,social_storefront,runtime_gap_bridge_web_2026_04_25_liberia_compact_pass1; runtime_gap_bridge_pass103_liberia_current_status_hardening,medium,"Pass103 current-status hardening: current Facebook/search-visible surface gives order phone/WhatsApp and Monrovia location; remains single-store bookstore layer, not strict main.",supporting,liberia::monrovia_book_store
Liberia,West Africa,single-store bookstore layer,Monrovia READS NOOK BOOK Store,literary_space_bookstore,runtime_gap_bridge_web_2026_04_25_liberia_compact_pass1,medium,"Literacy NGO book store/literary space for Liberian literature where people can read, research, and purchase Liberian books; not resale marketplace.",supporting,liberia::monrovia_reads_nook_book_store
Liberia,West Africa,single-store bookstore layer,One Moore Bookstore / One Moore Book,historical_literacy_bookstore,runtime_gap_bridge_web_2026_04_25_liberia_compact_pass1,medium,"2016 evidence for one of Liberia’s few bookstores and local children’s-book publishing/literacy layer; current status not verified, not used/resale.",contextual,liberia::one_moore_bookstore_one_moore_book
Liberia,West Africa,single-store used/rare bookstore signal,The Book Shop of Liberia,bookstore_directory_page,runtime_gap_bridge_web_2026_04_25_liberia_compact_pass1,low,Travel/directory page describes a rare bookstore in Monrovia with local authors and international classics; useful rare-book signal but no marketplace/online resale rail verified.,supporting,liberia::the_book_shop_of_liberia
Liberia,West Africa,weak-fit core,Ubuy Liberia Books,retail_ecommerce_category,runtime_gap_bridge_web_2026_04_25_liberia_compact_pass1,medium,"Online book retail/import catalogue for Liberia with fiction, educational books, children’s books, and international titles; not used/resale or multi-seller book rail.",supporting,liberia::ubuy_liberia_books
Liechtenstein,DACH,single-store bookstore layer,Bücherwurm Vaduz,site,live_web_resolution,high,Confirmed bookstore-layer anchor with Liechtenstein delivery/pickup rail.,primary,liechtenstein::bücherwurm vaduz
Liechtenstein,DACH,offline / fair / literacy layer,Liechtensteinische Landesbibliothek,site,live_web_resolution,high,National/library infrastructure anchor.,primary,liechtenstein::liechtensteinische landesbibliothek
Liechtenstein,DACH,used-book signal (territory note),Thin / unverified as a standing native market,territory_note,dach_matrix_2026_04_16,medium,Commercially narrow but culturally and bibliographically much deeper than its size suggests.,primary,liechtenstein::thin / unverified as a standing native market
Liechtenstein,DACH,offline / fair / literacy layer,eLiechtensteinensia,site,live_web_resolution,medium,Digital heritage/publication access layer for Liechtenstein.,primary,liechtenstein::eliechtensteinensia
Lithuania,Baltics/CEE,single_store_used_booksellers,Antra knyga / Perskaityta,single_store_used_bookseller,pass174_lithuania_hardening_opening,medium-high,Used-book online store layer rather than open marketplace. Site presents itself as a place where used books become discoveries and includes shop/about/delivery/returns plus buyer request form.,supporting,lithuania::antra-knyga-perskaityta
Lithuania,Baltics/CEE,main universe,Bookswap.lt,book_specific_exchange_platform,pass174_lithuania_hardening_opening,high,"Book-specific exchange/recommerce platform. Help page describes offering owned books for points, parcel-shipping workflow, app support, wanted/offered/completed exchange surfaces, and terms covering user and business-client book transfers.",primary,lithuania::bookswap.lt
Lithuania,Baltics/CEE,annex_classifieds,Facebook Marketplace — Vilnius books,horizontal_social_marketplace_books_category,pass174_lithuania_hardening_opening,medium,Local social-marketplace books category with new/used books around Vilnius; retained as annex/horizontal social marketplace only.,context,lithuania::facebook-marketplace-vilnius-books
Lithuania,Baltics/CEE,annex_social,Facebook group — Dovanoju/Keičiu/Parduodu KNYGAS,social_group_books_recommerce,pass174_lithuania_hardening_opening,medium,Book-specific social group for wanted/sell/exchange/give-away book posts; retained as social annex.,context,lithuania::facebook-group-dovanoju-keiciu-parduodu-knygas
Lithuania,Baltics/CEE,annex_social,Facebook group — Knygų mylėtojai,social_group_books_recommerce,pass174_lithuania_hardening_opening,medium,Reader community for information exchange and buying/selling/exchanging/recommending books; retained as social annex.,context,lithuania::facebook-group-knygu-myletojai
Lithuania,Baltics/CEE,annex_social,"Facebook group — NAUDOTOS KNYGOS: pirk, parduok, mainyk, dovanok",social_group_books_recommerce,pass174_lithuania_hardening_opening,medium,"Book-specific social group for buying, selling, exchanging, or giving away used and new books; retained as social annex, not strict platform.",context,lithuania::facebook-group-naudotos-knygos
Lithuania,Baltics/CEE,main universe,Knygos.lt,book_first_retailer_with_private_used_book_marketplace,pass174_lithuania_hardening_opening,high,"Promoted pass174 from weak-fit to strict/main: Knygos.lt has a book-first used-book marketplace where private people sell read books, with seller onboarding, individual used-book offers, seller ratings, order/payment/shipping rules, and item-level ISBN metadata.",primary,lithuania::knygos.lt
Lithuania,Baltics/CEE,single_store_used_booksellers,KnygosPigiau.lt,single_store_used_bookseller,pass174_lithuania_hardening_opening,medium,"Single-store new/used books surface; retained as used-bookseller layer, not strict/main, because checked evidence showed store retail rather than third-party seller onboarding.",supporting,lithuania::knygospigiau.lt
Lithuania,Baltics/CEE,main universe,NaudotosKnygos.lt,book_specific_p2p_used_book_marketplace,pass174_lithuania_hardening_opening,high,"Book-specific P2P marketplace. FAQ says it connects people selling books and buyers seeking cheaper/out-of-print books, handles portal payment escrow/holding, Omniva/LPexpress parcel shipping, virtual wallet, seller listings, condition fields, and safe transaction flow.",primary,lithuania::naudotosknygos.lt
Lithuania,Baltics/CEE,weak-fit core,SENA.LT — Knygos used-goods books category,general_marketplace_books_category,pass148_cee_baltics_new_region_sprint|pass174_lithuania_hardening_opening,high,"Hardened pass174 but not promoted: SENA.LT has strong books-category marketplace mechanics, platform fees, seller/user listing pages, cart/offer/message flows, and ISBN-capable book detail pages; kept weak-fit/core because current public posture is broader used-goods marketplace rather than book-first strict main.",supporting,lithuania::sena.lt — knygos used-goods books category
Lithuania,Baltics/CEE,annex_classifieds,"Skelbiu.lt — Knygos, kinas",horizontal_classifieds_books_category,pass174_lithuania_hardening_opening,high,Major horizontal classifieds layer with large Knygos/knygos-kinas category counts and used-condition filtering; retained as annex/classifieds rather than strict book-first marketplace.,context,lithuania::skelbiu.lt-knygos-kinas
Luxembourg,Benelux,offline / fair / literacy layer,Bazar International Book Stand / Spring Book Sale,offline_used_book_sale_event,live_web_pass176_luxembourg_targeted_cleanup,high,Recurring Book Stand / Spring Book Sale offers a wide range of second-hand books at low prices with proceeds supporting Bazar International humanitarian projects. Offline/event reuse layer only; no online marketplace mechanics. ISBN note: no item-level ISBN values captured.,supporting,luxembourg::bazar international book stand spring book sale
Luxembourg,Benelux,single-store used-bookseller,Bouquins Malins,online_secondhand_bookstore,live_web_pass176_luxembourg_targeted_cleanup,high,"Online second-hand bookstore based in Luxembourg, specializing in French and English used books; item cards show fixed €3 pricing and stock status. Single-store/operator layer only; no third-party seller marketplace mechanics verified. ISBN note: no ISBN values captured on checked visible pages.",primary,luxembourg::bouquins malins
Luxembourg,Benelux,annex / auction / collectibles spillover,Enchères Luxembourg / Kanerz Art — Livres anciens & Luxemburgensia auctions,auction_house_books_manuscripts_department,live_web_pass176_luxembourg_targeted_cleanup,medium-high,"Auction-house surface includes old-books / bibliophily and Luxemburgensia sales. Useful antiquarian/collectibles spillover, but not ordinary public used-book recommerce or a book-specific marketplace. ISBN note: no ISBN values captured.",supporting,luxembourg::encheres luxembourg kanerz art livres anciens luxemburgensia
Luxembourg,Benelux,single-store bookstore layer,Ernster,site,live_web_pass176_luxembourg_targeted_cleanup,high,"Pass176 reverified as flagship Luxembourg bookshop/chain with online catalogue, 10+ shops, multilingual assortment, and ISBN/GTIN-rich product detail pages. Store/catalogue layer only; no used-book marketplace mechanics verified.",primary,luxembourg::ernster
Luxembourg,Benelux,weak-fit core,Letzshop,site,live_web_pass176_luxembourg_targeted_cleanup,medium-high,"Pass176 reverified as a Luxembourg local-commerce marketplace with Books & Media / Books category, local-retailer onboarding, multi-vendor product cards and delivery/click-and-collect mechanics. Retain weak-fit only: broad local retail marketplace, not a book-first used/recommerce marketplace.",primary,luxembourg::letzshop
Luxembourg,Benelux,annex / social book-sale groups,Luxembourg Facebook/social book-swap groups,social_book_sale_exchange_groups,live_web_pass176_luxembourg_targeted_cleanup,low-medium,"Book Nook Luxembourg and Book Swap Luxembourg surfaces advertise member-to-member sale/exchange of used books, but render/access limits and social-platform scope prevent strict-main promotion. Annex/social only. ISBN note: no ISBN values captured.",supporting,luxembourg::facebook social book swap groups
Luxembourg,Benelux,offline / fair / literacy layer,Lëtzebuerg City Bibliothèque,site,live_web_pass176_luxembourg_targeted_cleanup,high,Existing public library/literacy layer retained. Pass176 did not promote to marketplace; kept as cultural infrastructure context only.,primary,luxembourg::lëtzebuerg city bibliothèque
Luxembourg,Benelux,charity / thrift used-book layer,Lëtzebuerger Bicherfrënn / Pabeierscheier & Bicherstuff Wooltz,charity_used_book_outlets,live_web_pass176_luxembourg_targeted_cleanup,high,"Volunteer-run association sells donated second-hand books and operates two used-book outlets, Pabeierscheier in Bourglinster and Bicherstuff/Bicherstuff Wolz in Wiltz. Charity/thrift used-book layer only; no online third-party marketplace mechanics. ISBN note: no item-level ISBN values captured.",primary,luxembourg::letzebuerger bicherfrenn pabeierscheier bicherstuff wooltz
Luxembourg,Benelux,legacy / dormant / closed,The Green Library / Storehouse Luxembourg,online_secondhand_bookshop_historical_current_uncertain,live_web_pass176_luxembourg_targeted_cleanup,low-medium,"2022 Luxembourg press reported The Green Library as an online second-hand bookshop enabling the Luxembourg population to buy and sell pre-loved books and earn money from sold books. No current direct operating surface was verified in pass176, so preserve as historical/current-uncertain used-book rail only. ISBN note: no ISBN values captured.",supporting,luxembourg::the green library storehouse historical current uncertain
Luxembourg,Benelux,offline / fair / literacy layer,eluxemburgensia,site,live_web_pass176_luxembourg_targeted_cleanup,high,Existing BnL digital heritage/books portal retained. Pass176 did not promote to marketplace; kept as digitized-book/preservation context only.,primary,luxembourg::eluxemburgensia
Macau,East Asia,weak-fit core,A&P Book Centre (Macau) / Bookshop4U,site,east asia macau pass1,medium,"Macau-focused online textbook / tertiary-book rail with explicit online ordering, free delivery language, Macau publications, and links out to individual bookshops. Narrower than a full general-marketplace spine, but a real local online book rail.",primary,macau::a-and-p-book-centre-bookshop4u
Macau,East Asia,weak-fit core,Cultural Affairs Bureau Online Book Shop,site,east asia macau pass1,high,"Government-run online bookshop for Cultural Affairs Bureau publications. Not a full general-marketplace spine, but it is a real multilang Macao online book rail with catalog depth, local pickup through public libraries, EMS shipping, and recurrent 2025–2026 operating notices.",primary,macau::cultural-affairs-bureau-online-book-shop
Macau,East Asia,single-store bookstore layer,Livraria Portuguesa,site,east asia macau pass1,medium,"Concrete bookstore-layer anchor with a dedicated Macau web/app presence and direct ordering contact. Important bookstore rail, but still a store-led node rather than a broad marketplace.",primary,macau::livraria-portuguesa
Macau,East Asia,single-store bookstore layer,Livraria Wan Tat,site,east asia macau pass1,medium,"Officially registered Macau bookseller in the consumer-protection directory; useful store-layer anchor, but not evidence of a wider multi-seller marketplace spine.",primary,macau::livraria-wan-tat
Macau,East Asia,annex / classifieds,Macau Second Hand,site,east asia macau pass1,medium,"Horizontal second-hand marketplace/app for Macau people across many categories. Relevant as used-book spillover, but clearly not a book-first specialist rail.",primary,macau::macau-second-hand
Macau,East Asia,used-book signal (territory note),"Present, but only as horizontal classifieds spillover",territory_note,east asia macau pass1,medium,"Pass 1 closure view: a real second-hand/classifieds spillover exists, but no book-first used-books specialist or antiquarian spine was verified strongly enough to promote into core.",primary,macau::used-book-signal
Madagascar,Indian Ocean / Madagascar,annex / classifieds,Afribaba Madagascar CD/DVD/Livres,general_classifieds_books_media_category,runtime_gap_bridge_web_2026_04_25_lusophone_indian_ocean_sprint,low-medium,Afribaba exposes Madagascar book/media classified category; empty/weak in captured page.,supporting,madagascar_afribaba_madagascar_cd_dvd_livres
Madagascar,Indian Ocean / Madagascar,offline fair/literacy layer,Ambohijatovo / Antananarivo second-hand book market,offline_secondhand_book_market,runtime_gap_bridge_web_2026_04_25_lusophone_indian_ocean_sprint,medium-high,MadaCamp describes an everyday second-hand book market near Ambohijatovo Park with wooden stalls selling old books and magazines.,supporting,madagascar_ambohijatovo_antananarivo_second_hand_book_market
Madagascar,Indian Ocean / Madagascar,single-store used bookseller,Athena Shop Madagascar,vide_grenier_books_social,runtime_gap_bridge_web_2026_04_25_lusophone_indian_ocean_sprint,low-medium,Social surface describes online garage-sale/vide-grenier selling second-hand clothes and books.,supporting,madagascar_athena_shop_madagascar
Madagascar,Indian Ocean / Madagascar,single-store used bookseller,BOOKlover Mada,new_and_used_book_seller_social,runtime_gap_bridge_web_2026_04_25_lusophone_indian_ocean_sprint,medium,Social bookstore/seller advertises new and used books in Antananarivo.,supporting,madagascar_booklover_mada
Madagascar,Indian Ocean / Madagascar,single-store used bookseller,Boky Occaz MDG,used_book_social_storefront,runtime_gap_bridge_web_2026_05_03_pass132_madagascar_deepening,medium-high,"Antananarivo social storefront with explicit conditions that books/toys are used and recurring “balle livres occasion” sales; useful dedicated secondhand-book seller signal, not independent marketplace infrastructure.",supporting,madagascar_boky_occaz_mdg
Madagascar,Indian Ocean / Madagascar,annex / classifieds,"Facebook Marketplace Antananarivo Books, Movies & Music category",social_marketplace_books_category,runtime_gap_bridge_web_2026_05_03_pass132_madagascar_deepening,medium,"City-level Facebook Marketplace category explicitly presents new and used Books, Movies & Music near Antananarivo; horizontal social marketplace texture only.",supporting,madagascar_facebook_marketplace_antananarivo_books_movies_music_category
Madagascar,Indian Ocean / Madagascar,annex / classifieds,Facebook Marketplace Antananarivo book listings,social_marketplace_book_items,runtime_gap_bridge_web_2026_04_25_lusophone_indian_ocean_sprint,low-medium,Item-level Facebook Marketplace book listings in Antananarivo; social/classifieds evidence only.,supporting,madagascar_facebook_marketplace_antananarivo_book_listings
Madagascar,Indian Ocean / Madagascar,weak-fit core,KIBO Madagascar Librairie,first_party_online_book_retail,runtime_gap_bridge_web_2026_05_03_pass132_madagascar_deepening,medium-high,"Madagascar online bookstore category with catalogue depth, subcategories, prices/order buttons, account/cart/payment/shipping surfaces, and 69 visible items; ordinary first-party/new-book retail, not used/recommerce.",supporting,madagascar_kibo_librairie
Madagascar,Indian Ocean / Madagascar,single-store used bookstore signal,La Bouquinerie de Linda,online_bouquinerie_ordering,runtime_gap_bridge_web_2026_04_25_lusophone_indian_ocean_sprint,medium-high,Online bouquinerie lets readers order across Madagascar via couriers/taxi-brousse and supports private/tourism/school demand; single-store used/bouquinerie signal.,supporting,madagascar_la_bouquinerie_de_linda
Madagascar,Indian Ocean / Madagascar,single-store bookstore layer,Librairie Il Etait Une Fois,bookstore_social_surface,runtime_gap_bridge_web_2026_04_25_lusophone_indian_ocean_sprint,medium,Madagascar bookstore social surface associated with book events/sales/expos.,supporting,madagascar_librairie_il_etait_une_fois
Madagascar,Indian Ocean / Madagascar,single-store used bookseller,Livres de Mi,online_used_bookstore_social_storefront,runtime_gap_bridge_web_2026_05_03_pass132_madagascar_deepening,medium-high,"Antananarivo online-only bookstore/social seller advertising original used novels, delivery in Madagascar, and active Facebook/Instagram book-sale flow; dedicated used-book seller, not open multi-seller platform.",supporting,madagascar_livres_de_mi
Madagascar,Indian Ocean / Madagascar,annex / social book-sale groups,Livres à vendre MDG / Balle Boky social-sale seam,social_book_sale_group_texture,runtime_gap_bridge_web_2026_05_03_pass132_madagascar_deepening,medium,"Facebook/social sale-group traces show books for sale and used-book “balle boky / balle livres occasion” circulation; group-hosted texture, not platformized marketplace infrastructure.",supporting,madagascar_livres_a_vendre_mdg_balle_boky_social_sale_seam
Madagascar,Indian Ocean / Madagascar,annex / classifieds,Loozap Madagascar Antananarivo Books,general_classifieds_book_category,runtime_gap_bridge_web_2026_04_25_lusophone_indian_ocean_sprint,medium,Loozap exposes book listings in Antananarivo; general classifieds/book category only.,supporting,madagascar_loozap_madagascar_antananarivo_books
Madagascar,Indian Ocean / Madagascar,single-store used bookseller,Romans et Divers - Rayon des Livres,used_book_seller_social,runtime_gap_bridge_web_2026_04_25_lusophone_indian_ocean_sprint,medium,Social seller identifies as selling used books in Antananarivo.,supporting,madagascar_romans_et_divers_rayon_des_livres
Madagascar,Indian Ocean / Madagascar,weak-fit core,Zoma Marketplace librairie en ligne,marketplace_bookstore_channel,runtime_gap_bridge_web_2026_04_25_lusophone_indian_ocean_sprint,medium-high,"Zoma hosts an online bookstore channel tied to Il était une fois across Antananarivo and other cities; bookstore-on-marketplace, not used-book marketplace.",supporting,madagascar_zoma_marketplace_librairie_en_ligne
Madagascar,Indian Ocean / Madagascar,annex / classifieds,ZomaOkaz Madagascar Books,general_classifieds_book_category_new_used,runtime_gap_bridge_web_2026_04_25_lusophone_indian_ocean_sprint,medium-high,"Madagascar classifieds category for books to buy/sell, new or used; multi-seller resale rail but not book-dominant, so annex/weak rather than strict.",supporting,madagascar_zomaokaz_madagascar_books
Malawi,Southern Africa,single-store used booksellers,Africana Bookshop / Central Africana — Blantyre antiquarian and out-of-print seam,independent_antiquarian_bookshop,pass122_malawi_secondhand_bookshop_classifieds_hardening_web_check,high,"Added pass122. Malawi Travel describes dusty old tomes, old/out-of-print/antiquarian books, maps, prints, and Africana stock; important used/antiquarian bookshop seam, not marketplace.",supporting,malawi::africana_bookshop_central_africana_blantyre_antiquarian_and_out_of_print_seam
Malawi,Southern Africa,single-store used booksellers,Baobab Bookshop — Lilongwe second-hand books,independent_secondhand_bookshop_social_surface,pass122_malawi_secondhand_bookshop_classifieds_hardening_web_check,medium-high,"Added pass122. Public profile states it sells quality second-hand books in Lilongwe; single-store/social used-bookshop signal, not marketplace infrastructure.",supporting,malawi::baobab_bookshop_lilongwe_second_hand_books
Malawi,Southern Africa,single-store used booksellers,Book Lover's Shop — Lilongwe fairly used books,independent_used_bookshop_social_surface,pass122_malawi_secondhand_bookshop_classifieds_hardening_web_check,medium-high,Added pass122. Public profile says it sells fairly used books from novels to motivational and educational books; single-store used-bookshop layer only.,supporting,malawi::book_lover_s_shop_lilongwe_fairly_used_books
Malawi,Southern Africa,single-store bookstore layer,Books and More 265 Lilongwe,independent_bookshop_social_surface,runtime_gap_bridge_web_2026_04_25_southern_africa_deepening_sprint,medium,Lilongwe independent bookshop social surface; bookstore layer only until used/resale mechanics verified.,supporting,malawi_books_and_more_265_lilongwe
Malawi,Southern Africa,weak-fit core,CLAIM Mabuku,publisher_bookseller,web_verified_2026_04_21,medium,"Long-running Malawian publisher-bookseller focused on Christian and academic literature, with active current social storefront signals.",supporting,malawi::claim_mabuku
Malawi,Southern Africa,single-store bookstore layer,Central Bookshop Malawi,bookstore,web_verified_2026_04_21,medium,Current city bookstore signal explicitly positioning itself around reading culture in Malawi.,supporting,malawi::central_bookshop_malawi
Malawi,Southern Africa,single-store used booksellers,Chambo Market / Logos Open Culture,independent_bookshop_antiquarian_used_stock,runtime_gap_bridge_web_2026_04_25_southern_africa_deepening_sprint,high,Lilongwe bookshop layer with Malawian/African literature and explicitly antiquarian/old/out-of-print regional book stock.,supporting,malawi_chambo_market_logos_open_culture
Malawi,Southern Africa,single-store used booksellers,Chambo Market Old Town Mall antiquarian stock,independent_bookshop_antiquarian_used_stock,runtime_gap_bridge_web_2026_04_25_southern_africa_deepening_sprint,high,Chambo Market Old Town Mall article documents antiquarian books and special old regional items; single-store used/antiquarian signal.,supporting,malawi_chambo_market_old_town_mall_antiquarian_stock
Malawi,Southern Africa,single-store used booksellers,DAPP Secondhand Book Shop — Blantyre directory hold,directory_listed_secondhand_bookshop,pass122_malawi_secondhand_bookshop_classifieds_hardening_web_check,medium,"Added pass122. Directory lists Dapp Secondhand Book Shop at Fairground behind Stanbic Bank, Blantyre; retained as secondhand-bookshop directory hold, not independently platformized.",supporting,malawi::dapp_secondhand_book_shop_blantyre_directory_hold
Malawi,Southern Africa,annex / classifieds,Facebook Marketplace Blantyre Books,social_marketplace_books_category,runtime_gap_bridge_web_2026_04_25_southern_africa_deepening_sprint,medium,New and used books for sale in Blantyre; useful local resale texture but social marketplace only.,supporting,malawi_facebook_marketplace_blantyre_books
Malawi,Southern Africa,annex / classifieds,Facebook Marketplace Lilongwe Books,social_marketplace_books_category,runtime_gap_bridge_web_2026_04_25_southern_africa_deepening_sprint,medium,"New and used books for sale in Lilongwe; general social marketplace category, not book-specific core.",supporting,malawi_facebook_marketplace_lilongwe_books
Malawi,Southern Africa,annex / classifieds,Facebook Marketplace Zomba Books,social_marketplace_books_city_category,pass122_malawi_secondhand_bookshop_classifieds_hardening_web_check,medium,Added pass122. City-level Facebook Marketplace books category for Zomba; confirms new/used social-marketplace book circulation but remains general social marketplace infrastructure.,supporting,malawi::facebook_marketplace_zomba_books
Malawi,Southern Africa,weak-fit core,MABUKU Online,site,web_verified_2026_04_21,high,Malawi digital bookstore focused on locally authored ebooks and audiobooks.,primary,malawi::mabuku_online
Malawi,Southern Africa,offline / fair / literacy layer,Malawi Writers Union national book fair / indaba,event,web_verified_2026_04_21,high,2025 national book fair and writers’ indaba infrastructure documented in Malawi arts reporting.,supporting,malawi::mawu_national_book_fair_indaba
Malawi,Southern Africa,single-store used booksellers,Malawian Book Seller — Lilongwe used-book buyer/seller,social_used_book_buyer_seller,pass122_malawi_secondhand_bookshop_classifieds_hardening_web_check,medium-high,Added pass122. Public profile says it mostly buys and sells used books to encourage reading culture; social/single-store used-book signal only.,supporting,malawi::malawian_book_seller_lilongwe_used_book_buyer_seller
Malawi,Southern Africa,annex / classifieds,MalondaPlace Books,marketplace,web_verified_2026_04_21,high,"Local Malawi marketplace with books listings across Blantyre, Lilongwe, Mzuzu and Zomba.",supporting,malawi::malondaplace_books
Malawi,Southern Africa,annex / classifieds,MalondaPlace verified seller/listing infrastructure,general_marketplace_books_category,runtime_gap_bridge_web_2026_04_25_southern_africa_deepening_sprint,high,MalondaPlace exposes WhatsApp-verified seller infrastructure and a Books category; strengthens but does not promote existing classifieds row.,supporting,malawi_malondaplace_verified_seller_listing_infrastructure
Malawi,Southern Africa,annex / classifieds,Tisitano Malawi — books classified-search rail,horizontal_classifieds_books_search,pass122_malawi_secondhand_bookshop_classifieds_hardening_web_check,medium-high,Added pass122. Tisitano provides Malawi horizontal classifieds / buy-sell infrastructure with book searches and app-level seller flow; not book-specific strict main.,supporting,malawi::tisitano_malawi_books_classified_search_rail
Malawi,Southern Africa,annex / classifieds,Tisitano Malawi — secondary/school books search seam,horizontal_classifieds_education_books_search,pass122_malawi_secondhand_bookshop_classifieds_hardening_web_check,medium,"Added pass122. Search surface returns school/secondary-book listings; education/textbook classified seam only, not a book-specific recommerce marketplace.",supporting,malawi::tisitano_malawi_secondary_school_books_search_seam
Malaysia,Southeast Asia,single-store used bookstore signal,BUKU by PJ Preloved House / LearnINC x BUKU,self_service_secondhand_bookshop,runtime_gap_bridge_web_2026_05_03_pass143_malaysia_secondhand_bookshop_social_classifieds_hardening,medium-high,"Self-service secondhand/pre-loved bookstore at KL Eco City / LearnINC x BUKU with cashless payments, drop-bin/donation texture, and pop-up/roadshow layer; single-operator/store rail only.",used-bookseller,malaysia_buku_pj_preloved_house
Malaysia,Southeast Asia,single-store used bookstore signal,Book X-Change Bangsar,book_rental_used_bookshop,runtime_gap_bridge_web_2026_05_03_pass143_malaysia_secondhand_bookshop_social_classifieds_hardening,medium,"Long-running Kuala Lumpur/Bangsar book rental and old/new novel shop with historical blog and current social listing; single-store/rental texture, not marketplace infrastructure.",used-bookseller,malaysia_book_x_change_bangsar
Malaysia,Southeast Asia,weak-fit core,BookSwap,site,web_resolved_2026_04_19,medium-high,"Legacy Malaysia-focused buy/sell/donate/exchange row retained as current-status hold; pass143 could not recover fresh direct URL proof, so no strict-main promotion.",primary,malaysia::bookswap
Malaysia,Southeast Asia,weak-fit core,BookXcess,site,runtime_gap_bridge_web_2026_05_03_pass143_malaysia_secondhand_bookshop_social_classifieds_hardening,medium,"Major Malaysian remainder/new-book retailer and Big Bad Wolf sibling rail; book commerce spine, not used-book recommerce.",primary,malaysia::bookxcess
Malaysia,Southeast Asia,single-store used bookstore signal,Books For A Better World / BFBW,self_service_secondhand_bookshop,runtime_gap_bridge_web_2026_05_03_pass143_malaysia_secondhand_bookshop_social_classifieds_hardening,high,"Malaysia secondhand/self-service bookshop chain and donation/rescue model with online/Carousell presence and multiple outlets; strong used-book reuse rail, not marketplace infrastructure.",used-bookseller,malaysia_books_for_a_better_world_bfbw
Malaysia,Southeast Asia,single-store used bookstore signal,Books n Bobs,operator_managed_secondhand_bookstore,runtime_gap_bridge_web_2026_05_03_pass143_malaysia_secondhand_bookshop_social_classifieds_hardening,high,"Malaysia online/pre-loved bookstore with large curated secondhand inventory, physical/self-service shop layer, Shopee channel, and frequent pre-loved drops; operator-managed, not open third-party marketplace.",used-bookseller,malaysia_books_n_bobs
Malaysia,Southeast Asia,offline / fair / literacy layer,Books on the Move / The LINC KL Book Sharing Corner,book_exchange_corner,pass208_malaysia_recon_surface_rebuild,medium-high,Pass208 hardening: The LINC KL Book Sharing Corner / Books on the Move is explicitly a donate/exchange pre-loved book corner and community/library-access project. Offline/community reuse layer only.,exchange_donation_control,malaysia_books_on_the_move_linc_kl
Malaysia,Southeast Asia,weak-fit core,Bookurve,site,pass208_malaysia_recon_surface_rebuild,high,"Pass208 hardening: Bookurve has used-book purchase/rent/trade-in rails, but its FAQ says it does not buy used books from customers/outside and routes clearing books through its GoGreen trade-in program. Operator-managed pre-loved/rental/trade-in surface; no open third-party marketplace promotion.",operator_tradein_control,malaysia::bookurve
Malaysia,Southeast Asia,annex / classifieds,Carousell Malaysia — Books & Magazines / secondhand books,horizontal_classifieds_marketplace,pass208_malaysia_recon_surface_rebuild,high,"Pass208 hardening: Carousell Malaysia continues to expose large used/secondhand book listing depth and direct chat/buyer-seller mechanics, but remains a broad horizontal marketplace rather than book-specific strict-main infrastructure.",horizontal_control,malaysia_carousell_books_magazines_secondhand
Malaysia,Southeast Asia,single-store used bookstore signal,Dokusho Bookstore,secondhand_bookstore_current_status_hold,runtime_gap_bridge_web_2026_05_03_pass143_malaysia_secondhand_bookshop_social_classifieds_hardening,medium-high,Pre-loved/secondhand bookstore with online-origin and physical-store history; 2025 sources show active secondhand/pay-as-you-wish/donation model but a closure/move signal means current status should be spot-checked.,used-bookseller,malaysia_dokusho_bookstore
Malaysia,Southeast Asia,single-store bookstore layer,MPHOnline / MPH Bookstores,site,runtime_gap_bridge_web_2026_05_03_pass143_malaysia_secondhand_bookshop_social_classifieds_hardening,high,Leading Malaysian bookstore chain and online bookstore; ordinary bookstore-layer anchor.,primary,malaysia::mphonline / mph bookstores
Malaysia,Southeast Asia,annex / classifieds,Mudah.my — books/textbooks,site,runtime_gap_bridge_web_2026_05_03_pass143_malaysia_secondhand_bookshop_social_classifieds_hardening,high,Large Malaysian horizontal marketplace with music/movies/books/magazines and textbook listings; annex/classifieds only.,primary,malaysia::mudah.my — books/textbooks
Malaysia,Southeast Asia,annex / social resale,Second Hand Books Malaysia — Facebook group,facebook_group,runtime_gap_bridge_web_2026_05_03_pass143_malaysia_secondhand_bookshop_social_classifieds_hardening,medium-high,Book-specific Malaysian Facebook group for local buy/sell/swap of secondhand books; confirms social resale layer but not independent platform infrastructure.,supporting,malaysia_second_hand_books_facebook_group
Malaysia,Southeast Asia,weak-fit core,Thryft Malaysia / thrift.my,regional_operator_secondhand_retail,pass208_malaysia_recon_surface_rebuild,high,Pass208 hardening: Thryft/Thryft Asia exposes Malaysia currency/delivery country coverage and describes itself as a large online preloved bookstore. It remains Singapore/regional operator-managed retail rather than Malaysia-native open third-party marketplace.,regional_operator_control,malaysia_thryft_my
Maldives,South Asia compact sprint,single-store bookstore layer,Avasbay Maldives online bookstore directory,directory,runtime_gap_bridge_web_2026_04_25_south_asia_compact_sprint,medium,"Directory of Malé/Hulhumalé online bookstores, including Thriftbooks.mv and other book sellers; bookstore discovery layer.",supporting,maldives_avasbay_maldives_online_bookstore_directory
Maldives,South Asia compact sprint,single-store used-bookseller,Baraveli Books,facebook_page,runtime_gap_bridge_web_2026_04_25_south_asia_compact_sprint,medium,Maldives pre-owned/pre-loved books seller with Greater Malé pickup/free delivery framing; single-store/social seller.,supporting,maldives_baraveli_books
Maldives,South Asia compact sprint,annex / classifieds,Facebook Marketplace Malé — Books,marketplace_category,runtime_gap_bridge_web_2026_04_25_south_asia_compact_sprint,medium-high,"Malé Facebook Marketplace books category explicitly exposes new and used books; general/social marketplace annex, not book-specific core.",supporting,maldives_facebook_marketplace_mal_books
Maldives,South Asia,offline / fair / literacy layer,IQRA Online Book Fair,site,live_web_resolution,high,Educational book-fair / book-culture infrastructure in Maldives.,primary,maldives::iqra online book fair
Maldives,South Asia,single-store bookstore layer,The Garden of Knowledge & Wonder,site,live_web_resolution,medium,Online bookstore in Maldives; bookstore-layer support beneath weak-fit core.,primary,maldives::the garden of knowledge & wonder
Maldives,South Asia compact sprint,single-store used-bookseller,Thriftbooks.mv,social_store,runtime_gap_bridge_web_2026_04_25_south_asia_compact_sprint,medium,Maldives second-hand books social-store; delivery within Malé/Hulhumalé and book donation framing; single-store/social seller.,supporting,maldives_thriftbooks_mv
Maldives,South Asia compact sprint,annex / social resale,Used Books & Toys — Maldives,facebook_group,runtime_gap_bridge_web_2026_04_25_south_asia_compact_sprint,medium,Maldives used-books/toys social group; annex/social resale.,supporting,maldives_used_books_toys_maldives
Maldives,South Asia,weak-fit core,Zyga Books,site,web_resolved_2026_04_19,high,Resolved from live web evidence: online bookstore with new and used books in Maldives.,primary,maldives::zyga books
Maldives,South Asia compact sprint,single-store used-bookseller,Zyga Books — new and used books,site/social_store,runtime_gap_bridge_web_2026_04_25_south_asia_compact_sprint,high,"Maldives online bookstore with new and used books, 250+ preloved books, and delivery across Malé/Hulhumalé/boats; single-store/curated, not strict marketplace.",supporting,maldives_zyga_books_new_and_used_books
Maldives,South Asia,weak-fit core,iCanRead Bookstore,site,web_resolved_2026_04_19,high,Resolved from live web evidence: leading online children’s bookstore with delivery to all islands.,primary,maldives::icanread bookstore
Mali,West Africa,single-store used booksellers,Autour Du Livre,site,runtime_gap_bridge_web_2026_04_25,medium,Bamako bookstore offering new and used books; single-store used-book signal.,supporting,mali::autour_du_livre
Mali,West Africa,annex / classifieds,"CoinAfrique Mali — DVDs, CDs & Livres",platform_category,runtime_gap_bridge_web_2026_04_25,high,General classifieds rail with Mali books/DVD/CD category and live book listing examples.,supporting,mali::coinafrique_mali_dvds_cds_livres
Mali,West Africa,main universe,Lamarlib,site,runtime_gap_bridge_web_2026_04_25,high,First online platform in Mali for sale and consignment/deposit-sale of new and used books/brochures; strong strict main-universe fit.,primary,mali::lamarlib
Mali,West Africa,weak-fit core,Ubuy Mali — Books,site,runtime_gap_bridge_web_2026_04_25,medium,International e-commerce book category localized to Mali; weak book-access rail rather than local resale marketplace.,primary,mali::ubuy_mali_books
Malta,Central Mediterranean,charity / thrift used-book layer,ALS Malta Store / MaltaOutlet Books,site,pass186_live_web_added,medium-high,"Charity web-store books collection explicitly offering new and second-hand books in aid of ALS Malta; charity/operator layer, not marketplace.",secondary,malta::als malta store / maltaoutlet books
Malta,Central Mediterranean,single-store bookstore layer,Agenda,site,pass186_live_web_reverified,high,"Major Maltese online/in-store book retailer with millions-of-books search, bargain books, local delivery and click/collect; retailer layer, not third-party used-book marketplace.",primary,malta::agenda
Malta,Central Mediterranean,charity / thrift used-book layer,Books 'n' Bits / Holy Trinity Sliema,site,pass186_live_web_added,high,Volunteer charity shop adjacent to Holy Trinity Church with a large used-books section and donation/payment-by-donation model; offline charity/thrift layer.,secondary,malta::books 'n' bits / holy trinity sliema
Malta,Central Mediterranean,single-store used bookseller,Bookstop MLT,site,pass186_live_web_added,medium-high,"Small Malta book-lover/community shop focused mainly on selling Maltese second-hand books; single-operator/community seller layer, not open marketplace.",secondary,malta::bookstop mlt
Malta,Central Mediterranean,annex / horizontal marketplace,Facebook Marketplace Malta Books,site,pass186_live_web_added,high,"Facebook Marketplace Malta/Luqa books category with new and used book listings; horizontal/social marketplace, not book-first strict main.",secondary,malta::facebook marketplace malta books
Malta,Central Mediterranean,offline / fair / literacy layer,Malta Book Festival / National Book Council,site,pass186_live_web_reverified,high,"National Book Council / Malta Book Festival exhibitor and literacy infrastructure layer; useful book-ecosystem context, not recommerce marketplace.",primary,malta::malta book festival / national book council
Malta,Central Mediterranean,single-store used/rare bookstore signal,Malta Online Bookshop,site,pass186_live_web_reclassified,high,"Online-first specialist in Melitensia, rare, out-of-print, antiquarian and collectible titles; strong used/rare single-operator layer, not open marketplace.",primary,malta::malta online bookshop
Malta,Central Mediterranean,annex / social book-sale groups,Malta book-sale Facebook groups,site,pass186_live_web_added,medium-high,Book-specific Malta Facebook groups for buying/selling used/pre-owned/new books; social annex only because activity is Facebook-mediated rather than a standalone marketplace.,secondary,malta::malta book-sale facebook groups
Malta,Central Mediterranean,annex / classifieds,Maltapark Books,site,pass186_live_web_added,high,"Large Malta classifieds books category with thousands of listings and buy-online/classifieds structure; horizontal classifieds rail, not book-first strict main.",secondary,malta::maltapark books
Malta,Central Mediterranean,single-store bookstore layer,Merlin Library,site,pass186_live_web_reverified,high,"Major Malta/Gozo online textbook and general-book retailer with delivery/pickup and item-level ISBN product pages; bookstore layer, not used-book marketplace.",primary,malta::merlin library
Malta,Central Mediterranean,single-store bookstore layer,Wise Owl Bookshop,site,pass186_live_web_added,medium-high,"Malta/Gozo low-cost local bookshop with online/local shipping surface and physical outlets; bookshop/bargain layer, not used-book marketplace.",secondary,malta::wise owl bookshop
Malta,Central Mediterranean,charity / thrift used-book layer,YMCA Malta Books 4 Charity,site,pass186_live_web_added,high,"YMCA Malta online space where second-hand books of all genres can be purchased; charity/thrift used-book layer, not third-party marketplace.",secondary,malta::ymca malta books 4 charity
Martinique,Caribbean,annex / classifieds,BambaAd,site,consolidated_matrix_2026_04_15,medium,"high book infrastructure, weak marketplace depth",primary,martinique::bambaad
Martinique,Caribbean,single-store used / bookstore signal,Bouquinerie RSP used,site,consolidated_matrix_2026_04_15,medium,"high book infrastructure, weak marketplace depth",primary,martinique::bouquinerie rsp used
Martinique,Caribbean,annex / classifieds,CLLAJ,site,consolidated_matrix_2026_04_15,medium,"high book infrastructure, weak marketplace depth",primary,martinique::cllaj
Martinique,Caribbean,annex / classifieds,CityToo,site,consolidated_matrix_2026_04_15,medium,"high book infrastructure, weak marketplace depth",primary,martinique::citytoo
Martinique,Caribbean,offline / fair / literacy layer,strong public-reading/festival layer,site,consolidated_matrix_2026_04_15,medium,"high book infrastructure, weak marketplace depth",primary,martinique::strong public-reading/festival layer
Mauritania,West Africa / Sahel-Atlantic,annex / classifieds,All SouQ Mauritania Books and stories category,general_classifieds_books_category,runtime_gap_bridge_web_2026_04_25_mauritania_compact_pass1,medium-low,General classifieds category for Books and stories in Nouakchott Sud; not book-dominant.,supporting,mauritania_all_souq_mauritania_books_and_stories_category
Mauritania,West Africa / Sahel-Atlantic,annex / classifieds,All-Souq Mauritania classified-app rail,general_classifieds_app,runtime_gap_bridge_web_2026_05_03_pass131_mauritania_deepening,medium,"Google Play app surface confirms Mauritania-wide buyer/seller classifieds, posting photos/descriptions/prices, messaging, new and used goods across many categories; horizontal rail only.",supporting,mauritania_all_souq_classified_app_rail
Mauritania,West Africa / Sahel-Atlantic,offline fair/literacy layer,Chinguetti / private manuscript libraries,manuscript_library_heritage_layer,runtime_gap_bridge_web_2026_04_25_mauritania_compact_pass1,medium-low,"Heritage manuscript/library layer, not online resale; useful atmosphere for book culture only.",supporting,mauritania_chinguetti_private_manuscript_libraries
Mauritania,West Africa / Sahel-Atlantic,annex / classifieds,Facebook Marketplace Nouakchott Books,social_marketplace_books_item_surface,runtime_gap_bridge_web_2026_04_25_mauritania_compact_pass1,medium-low,"Facebook Marketplace book item in Nouakchott; evidence of social resale/classifieds, not book-specific marketplace.",supporting,mauritania_facebook_marketplace_nouakchott_books
Mauritania,West Africa / Sahel-Atlantic,annex / classifieds,"Facebook Marketplace Nouakchott Books, Movies & Music category",social_marketplace_books_category,runtime_gap_bridge_web_2026_05_03_pass131_mauritania_deepening,medium-low,"Broader Facebook Marketplace city-category surface for new and used Books, Movies & Music near Nouakchott; social/horizontal marketplace texture only.",supporting,mauritania_facebook_marketplace_nouakchott_books_movies_music_category
Mauritania,West Africa / Sahel-Atlantic,single-store used-bookseller signal,Facebook-mediated book selling in Mauritania / Moulay Rachid signal,book_selling_social_surface,runtime_gap_bridge_web_2026_04_25_mauritania_compact_pass1,medium,"Al Jazeera documents Facebook as a book-selling interface in Mauritania; preserve as social bookseller/surface, not marketplace platform.",supporting,mauritania_facebook_mediated_book_selling_in_mauritania_moulay_rachid_signal
Mauritania,West Africa / Sahel-Atlantic,single-store bookstore layer,Librairie 15/21,bookstore_publisher,runtime_gap_bridge_web_2026_04_25_mauritania_compact_pass1,medium,Nouakchott bookstore/publisher signal; external catalog records identify Éditions de la Librairie 15/21.,bookstore,mauritania_librairie_15_21
Mauritania,West Africa / Sahel-Atlantic,single-store bookstore layer,Librairie 15/21 Facebook / Arabic bookstore surface,bookstore_social_surface,runtime_gap_bridge_web_2026_04_25_mauritania_compact_pass1,medium-low,Social listing identifies مكتبة القرنين 15/21 as a Nouakchott bookstore.,supporting,mauritania_librairie_15_21_facebook_arabic_bookstore_surface
Mauritania,West Africa / Sahel-Atlantic,single-store used-bookseller signal,Librairie Ambulante Nouakchott,book_selling_social_surface,runtime_gap_bridge_web_2026_05_03_pass131_mauritania_deepening,medium-high,"Nouakchott social surface describes a platform for sale/exchange of books of all types, including new and second-hand books; book-specific reuse signal but Facebook/social-hosted, not independent marketplace infrastructure.",supporting,mauritania_librairie_ambulante_nouakchott
Mauritania,West Africa / Sahel-Atlantic,single-store bookstore layer,Librairie Vents du Sud,bookstore,runtime_gap_bridge_web_2026_04_25_mauritania_compact_pass1,high,"Established Nouakchott francophone bookstore; ALF profile says founded 1990, engaged in book diffusion/promotion.",bookstore,mauritania_librairie_vents_du_sud
Mauritania,West Africa / Sahel-Atlantic,single-store bookstore layer,MauritaniaYP Nouakchott books listings,directory_bookstore_cluster,runtime_gap_bridge_web_2026_04_25_mauritania_compact_pass1,medium,"Directory lists multiple Nouakchott book/bookshop entries; useful bookstore-cluster signal, not resale platform.",supporting,mauritania_mauritaniayp_nouakchott_books_listings
Mauritania,West Africa / Sahel-Atlantic,offline fair/literacy layer,National Library of Mauritania,national_library_institutional_layer,runtime_gap_bridge_web_2026_04_25_mauritania_compact_pass1,medium,Institutional book/document stock and national library infrastructure; supporting texture only.,supporting,mauritania_national_library_of_mauritania
Mauritania,West Africa / Sahel-Atlantic,single-store bookstore layer,Near-place Mauritania book store cluster,directory_bookstore_cluster,runtime_gap_bridge_web_2026_04_25_mauritania_compact_pass1,low,Directory surface lists several Mauritania book stores; low-confidence supporting cluster row only.,supporting,mauritania_near_place_mauritania_book_store_cluster
Mauritania,West Africa / Sahel-Atlantic,annex / classifieds,OpenSooq Mauritania — Books & Magazines,general_classifieds_books_category,runtime_gap_bridge_web_2026_05_03_pass131_mauritania_deepening,medium,Country/city horizontal classifieds books vertical with buy/sell framing and new/used/rare book language; evidence supports active book-category rail but not book-specific marketplace infrastructure.,supporting,mauritania_opensooq_books_magazines
Mauritania,West Africa / Sahel-Atlantic,weak-fit core,Ubuy Mauritania Books,ordinary_ecommerce_books_category,runtime_gap_bridge_web_2026_04_25_mauritania_compact_pass1,medium-high,"Ordinary import/ecommerce book category with fiction, educational and children’s books; weak-fit only.",supporting,mauritania_ubuy_mauritania_books
Mauritania,West Africa / Sahel-Atlantic,single-store bookstore layer,rim book Nouakchott,bookstore_social_surface,runtime_gap_bridge_web_2026_05_03_pass131_mauritania_deepening,medium,Nouakchott social bookstore/page describing itself as a major provider of books and novels in Mauritania; bookstore/social-commerce depth only.,supporting,mauritania_rim_book_nouakchott
Mauritania,West Africa / Sahel-Atlantic,single-store bookstore layer,مكتبة الإصلاح,bookstore_social_surface,runtime_gap_bridge_web_2026_04_25_mauritania_compact_pass1,medium-low,Arabic bookstore social surface for new books in multiple fields; Nouakchott/Nouadhibou context in snippet.,supporting,mauritania
Mauritania,West Africa / Sahel-Atlantic,single-store bookstore layer,مكتبة قرطبة موريتانيا,bookstore_social_surface,runtime_gap_bridge_web_2026_04_25_mauritania_compact_pass1,medium-low,Arabic social bookstore surface; search snippet references school book provision and delivery/order service.,supporting,mauritania
Mauritius,Indian Ocean / Mauritius,annex / classifieds,AsterVender Mauritius schoolbook and fiction subcategory depth,general_secondhand_marketplace_book_subcategory_depth,runtime_gap_bridge_web_2026_05_03_pass133_mauritius_deepening,high,"AsterVender subcategory pages confirm book-category depth beyond the root: fictional books, children’s books and secondary-school books with used/new condition tags, prices, seller add-product/login flow, and postal/contact notes. This hardens classifieds depth, but remains horizontal/general marketplace infrastructure.",supporting,mauritius_astervender_schoolbook_fiction_subcategory_depth
Mauritius,Indian Ocean / Mauritius,annex / classifieds,AsterVender second-hand Bookshop Mauritius,general_secondhand_marketplace_book_category,runtime_gap_bridge_web_2026_04_25_lusophone_indian_ocean_sprint; runtime_gap_bridge_web_2026_05_03_pass133_mauritius_deepening,high,"AsterVender directly exposes Mauritius second-hand Bookshop classifieds with seller registration/login/add-product flow, 187 second-hand bookshop offers, and live used-book subcategories including fiction, children’s books and schoolbooks; horizontal/general marketplace, not book-dominant strict main.",supporting,mauritius_astervender_second_hand_bookshop_mauritius
Mauritius,Indian Ocean / Mauritius,annex / classifieds,Books For Sale & Exchange - Mauritius,book_specific_social_exchange_group,runtime_gap_bridge_web_2026_04_25_lusophone_indian_ocean_sprint,medium,"Platform-style social group for exchange/selling school books, novels, fiction and nonfiction.",supporting,mauritius_books_for_sale_exchange_mauritius
Mauritius,Indian Ocean / Mauritius,single-store bookstore layer,Bookstore.mu,online_bookstore,runtime_gap_bridge_web_2026_04_25_lusophone_indian_ocean_sprint,medium,"Mauritius online bookstore for browsing, discovering, preordering and shopping books.",supporting,mauritius_bookstore_mu
Mauritius,Indian Ocean / Mauritius,annex / classifieds,"Buy, Sell & Exchange Books in Mauritius",book_specific_social_buy_sell_exchange_group,runtime_gap_bridge_web_2026_04_25_lusophone_indian_ocean_sprint,medium,Facebook group with used textbook and book sale posts; social resale rail only.,supporting,mauritius_buy_sell_exchange_books_in_mauritius
Mauritius,Indian Ocean / Mauritius,single-store bookstore layer,Dream Books Mauritius,online_bookstore,runtime_gap_bridge_web_2026_04_25_lusophone_indian_ocean_sprint,medium,Mauritius online bookstore with catalog and pricing; first-party retail layer.,supporting,mauritius_dream_books_mauritius
Mauritius,Indian Ocean / Mauritius,annex / social marketplace,Facebook Marketplace Mauritius city book categories,social_marketplace_books_category,runtime_gap_bridge_web_2026_05_03_pass133_mauritius_deepening,medium,"Facebook Marketplace city pages for Moka, Mahébourg, Tamarin, Port Louis and other Mauritius locations show new/used books for sale and free listing mechanics. Horizontal social marketplace texture only.",supporting,mauritius_facebook_marketplace_city_book_categories
Mauritius,Indian Ocean / Mauritius,single-store used bookstore signal,Le BookShop Grand Baie / Books in Crannies,secondhand_bookstore_social_storefront,runtime_gap_bridge_web_2026_05_03_pass133_mauritius_deepening,medium,"Facebook/Instagram-visible Grand Baie shop surfaces advertise excellent-quality second-hand books in multiple genres and 2024 clearance of 2nd-hand English/French books. Single-store/social shop signal, not marketplace infrastructure.",supporting,mauritius_le_bookshop_grand_baie_books_in_crannies
Mauritius,Indian Ocean / Mauritius,single-store used bookstore signal,Librairie Bourbon Port Louis,secondhand_bookstore_reported,runtime_gap_bridge_web_2026_04_25_lusophone_indian_ocean_sprint; runtime_gap_bridge_web_2026_05_03_pass133_mauritius_deepening,medium-high,Librairie Bourbon re-hardened beyond Reddit: 2026 Frolic profile says it was the first in Mauritius to sell second-hand primary and secondary school textbooks and continues that practice; Yelo lists a long-running Port Louis bookstore. Single-store used-schoolbook signal only.,supporting,mauritius_librairie_bourbon_port_louis
Mauritius,Indian Ocean / Mauritius,annex / classifieds,Mauritius Book Club buy/sell/exchange,book_specific_social_buy_sell_exchange_group,runtime_gap_bridge_web_2026_04_25_lusophone_indian_ocean_sprint,medium,"Book club group explicitly for exchange, buy, or sell books; social rail only.",supporting,mauritius_mauritius_book_club_buy_sell_exchange
Mauritius,Indian Ocean / Mauritius,charity / thrift used-book layer,The Charity Centre / The Good Shop Mauritius second-hand books,charity_thrift_secondhand_books,runtime_gap_bridge_web_2026_05_03_pass133_mauritius_deepening,medium,"Propertyfinder Mauritius describes The Charity Centre and The Good Shop as charitable/sustainable shops selling second-hand books and pre-loved items. Useful reuse/thrift layer, not book-specific recommerce marketplace.",supporting,mauritius_charity_centre_good_shop_secondhand_books
Mauritius,Indian Ocean / Mauritius,weak-fit core,Ubuy Mauritius Books,ordinary_ecommerce_import_retail_books,runtime_gap_bridge_web_2026_04_25_lusophone_indian_ocean_sprint,low,Ordinary import/ecommerce book category; weak texture only.,supporting,mauritius_ubuy_mauritius_books
Mauritius,Indian Ocean / Mauritius,single-store used bookstore signal,Unique Bookshop Rose Hill,secondhand_rare_bookshop_profiled,runtime_gap_bridge_web_2026_05_03_pass133_mauritius_deepening,medium,"Propertyfinder Mauritius profile describes Unique Bookshop in Rose Hill as a rare/second-hand bookstore with out-of-print/vintage books; useful offline used-bookshop signal, not platform infrastructure.",supporting,mauritius_unique_bookshop_rose_hill
Mayotte,Indian Ocean / Mayotte,weak-fit core,DoukaMay,local_general_marketplace_with_vendor_accounts,runtime_gap_bridge_web_2026_04_25_lusophone_indian_ocean_sprint,medium-high,Local Mayotte marketplace with seller/client account paths and “Vendez sur DoukaMay”; no book category verified in this pass.,supporting,mayotte_doukamay
Mayotte,Indian Ocean / Mayotte,single-store bookstore layer,La Maison des livres Mayotte,local_bookstore_social_surface,runtime_gap_bridge_web_2026_04_25_lusophone_indian_ocean_sprint,medium,Mamoudzou/Mayotte bookstore social surface; bookstore/cultural event layer.,supporting,mayotte_la_maison_des_livres_mayotte
Mayotte,Indian Ocean / Mayotte,single-store bookstore layer,Mayotte librairies directory,bookstore_directory,runtime_gap_bridge_web_2026_04_25_lusophone_indian_ocean_sprint,low-medium,"PagesJaunes Mayotte librairies directory gives bookstore discovery texture, not used marketplace.",supporting,mayotte_mayotte_librairies_directory
Mayotte,Indian Ocean / Mayotte,annex / classifieds,Mayotte vente d’occasion used-book posts,general_social_secondhand_books,runtime_gap_bridge_web_2026_04_25_lusophone_indian_ocean_sprint,low-medium,Mayotte secondhand-sale social surface with book lots; item-level evidence only.,supporting,mayotte_mayotte_vente_doccasion_used_book_posts
Mayotte,Indian Ocean / Mayotte,annex / classifieds,Petites et grandes annonces Mayotte book listings,general_social_classifieds_book_items,runtime_gap_bridge_web_2026_04_25_lusophone_indian_ocean_sprint,medium,Social/classifieds group has used-book listings in Dzaoudzi and Mayotte; general rail only.,supporting,mayotte_petites_et_grandes_annonces_mayotte_book_listings
Mexico,North America,single-store used / bookstore signal,Donceles / Hermanos de la Hoja / Librerías de Ocasión,site,consolidated_matrix_2026_04_15,medium,"clear main-universe marketplace anchor via Mercado Libre; very strong bookstore, used-book, library, and fair infrastructure",primary,mexico::donceles / hermanos de la hoja / librerías de ocasión
Mexico,North America,single-store used / bookstore signal,Educal,site,consolidated_matrix_2026_04_15,medium,"clear main-universe marketplace anchor via Mercado Libre; very strong bookstore, used-book, library, and fair infrastructure",primary,mexico::educal
Mexico,North America,single-store used / bookstore signal,El Sótano,site,consolidated_matrix_2026_04_15,medium,"clear main-universe marketplace anchor via Mercado Libre; very strong bookstore, used-book, library, and fair infrastructure",primary,mexico::el sótano
Mexico,North America,single-store used / bookstore signal,FCE,site,consolidated_matrix_2026_04_15,medium,"clear main-universe marketplace anchor via Mercado Libre; very strong bookstore, used-book, library, and fair infrastructure",primary,mexico::fce
Mexico,North America,offline / fair / literacy layer,FIL Guadalajara,site,consolidated_matrix_2026_04_15,medium,"clear main-universe marketplace anchor via Mercado Libre; very strong bookstore, used-book, library, and fair infrastructure",primary,mexico::fil guadalajara
Mexico,North America,single-store used / bookstore signal,Gandhi,site,consolidated_matrix_2026_04_15,medium,"clear main-universe marketplace anchor via Mercado Libre; very strong bookstore, used-book, library, and fair infrastructure",primary,mexico::gandhi
Mexico,North America,offline / fair / literacy layer,Librobús,site,consolidated_matrix_2026_04_15,medium,"clear main-universe marketplace anchor via Mercado Libre; very strong bookstore, used-book, library, and fair infrastructure",primary,mexico::librobús
Mexico,North America,main universe,Mercado Libre Libros,site,explicit Mexico cut carried into Mexico control ledgers,high,Control ledger shorthand says Mercado Libre; raw continuation names Mercado Libre Libros.,primary,mexico::mercado libre libros
Mexico,North America,single-store used / bookstore signal,Porrúa,site,consolidated_matrix_2026_04_15,medium,"clear main-universe marketplace anchor via Mercado Libre; very strong bookstore, used-book, library, and fair infrastructure",primary,mexico::porrúa
Mexico,North America,offline / fair / literacy layer,Red Nacional de Bibliotecas Públicas,site,consolidated_matrix_2026_04_15,medium,"clear main-universe marketplace anchor via Mercado Libre; very strong bookstore, used-book, library, and fair infrastructure",primary,mexico::red nacional de bibliotecas públicas
Mexico,North America,annex / classifieds,generic classifieds and community resale rails,site,consolidated_matrix_2026_04_15,medium,"clear main-universe marketplace anchor via Mercado Libre; very strong bookstore, used-book, library, and fair infrastructure",primary,mexico::generic classifieds and community resale rails
Moldova,CEE/Balkans,weak-fit core,Alexandria,site,frontier_note_shorthand,medium,Recovered from frontier note naming native second-hand marketplace candidate.,primary,moldova::alexandria
Monaco,Western Europe / microstates,offline / fair / literacy layer,Bourse aux livres scolaires et musicaux de Monaco — Facebook group,social_schoolbook_donation_exchange_group,live_web_pass155_zero_surface_opening,low-medium,Search-result render describes a Monaco school/music book exchange/donation group collecting old schoolbooks plus novels and comics for onward donation. Facebook render was not independently accessible enough for promotion; preserved as low-medium offline/social reuse texture only. ISBN note: no ISBN values captured.,zero-surface opening row,monaco::bourse_aux_livres_scolaires_et_musicaux_de_monaco_facebook_group
Monaco,Western Europe / microstates,annex / classifieds,Click Monaco — Petites Annonces / Livres-Magazines,horizontal_local_classifieds_books_magazines_category,live_web_pass155_zero_surface_opening,high,"Monaco-local classified ads category for Livres/Magazines. Checked render showed 94 offers, mostly private listings, with locality, price, and posting date. Kept annex/classifieds only because it is a horizontal ads rail, not a book-specific used-book marketplace. ISBN note: no ISBN values captured in visible checked category/listing cards.",zero-surface opening row,monaco::click_monaco_petites_annonces_livres_magazines
Monaco,Western Europe / microstates,annex / auction / collectibles spillover,Hôtel des Ventes de Monte-Carlo — Livres Anciens & Manuscrits,auction_house_books_manuscripts_department,live_web_pass155_zero_surface_opening,high,Monte-Carlo auction-house department covers old books and manuscripts with historical sales and auction results. Useful for antiquarian/collectibles spillover but not a public book-specific used-book marketplace or general recommerce rail. ISBN note: no ISBN values captured in checked department/results pages.,zero-surface opening row,monaco::hôtel_des_ventes_de_monte_carlo_livres_anciens_manuscrits
Monaco,Western Europe / microstates,single-store bookstore layer,La Bookinerie Monaco,independent_bookstore_ecommerce_layer,live_web_pass155_zero_surface_opening,high,"Current Monaco press coverage says La Bookinerie opened in August 2025 as a new independent bookstore after a long absence of independent bookstores in Monaco. Official site is live but thinly rendered. Preserved as bookstore layer only; no used-book marketplace, seller, buyback or exchange mechanics verified. ISBN note: no ISBN values captured in visible checked surfaces.",zero-surface opening row,monaco::la_bookinerie_monaco
Monaco,Western Europe / microstates,offline / fair / literacy layer,Marché de la Condamine book exchange / Parc Princesse Antoinette shelf,public_book_exchange_shelf_literacy_reuse_layer,live_web_pass155_zero_surface_opening,high,"Monaco Life reports a book-exchange service at Marché de la Condamine, open to visitors and residents, with drop-off/discovery and second-life/sustainability framing; it also notes another exchange shelf at Parc Princesse Antoinette. Preserved as offline/literacy reuse only, not marketplace. ISBN note: no ISBN values captured; not an item-level online listing surface.",zero-surface opening row,monaco::marché_de_la_condamine_book_exchange_parc_princesse_antoinette_shelf
Monaco,Western Europe / microstates,annex / classifieds,SmailAds Monaco — classifieds app,horizontal_classifieds_app_used_goods_marketplace,live_web_pass155_zero_surface_opening,medium,"Play Store surface describes a Monaco classifieds app for buying and selling used items; seller flow includes photos, descriptions, price and in-app messaging. Kept annex only because no book-specific vertical, inventory depth, ISBN metadata, or recommerce specialization was verified. ISBN note: no ISBN values captured.",zero-surface opening row,monaco::smailads_monaco_classifieds_app
Mongolia,East Asia,weak-fit core,Az Khur / Book.mn,site,east asia mongolia pass1,high,"Major bookstore / online-book rail. Book.mn's official About Us page positions Az Khur as a large book department store with Mongolian and foreign books, children's departments, stationery, and packaging; third-party business listings align it with a substantial bookstore operation in Ulaanbaatar.",primary,mongolia::az-khur-book-mn
Mongolia,East Asia,weak-fit core,Internom,site,east asia mongolia pass1,high,"Largest bookstore chain and a real online retail rail: official materials describe Internom as Mongolia's largest bookstore, with 30,000+ item lines and 10 branches, and its online store terms confirm official e-commerce operations. The partner page also shows direct product placement and amarnom ebook/audiobook integration.",primary,mongolia::internom
Mongolia,East Asia,single-store bookstore layer,Majestic Book Store,site,east asia mongolia pass1,medium,"Concrete bookstore-layer anchor. Nomin's official retail page presents Majestic Book Store as a physical bookstore with Mongolian and foreign-language books, textbooks, and stationery; important bookstore node rather than a wider multi-seller marketplace.",primary,mongolia::majestic-book-store
Mongolia,East Asia,weak-fit core,Mbook,site,east asia mongolia pass1,medium,"Book-forward digital shadow layer. Mbook presents itself as a combined ebook / audiobook / podcast platform with subscription access and direct purchases; important digital reading rail, but not the same thing as a dominant paper-book marketplace.",primary,mongolia::mbook
Mongolia,East Asia,weak-fit core,Monsudar,site,east asia mongolia pass1,medium,"Direct-to-reader publisher-commerce rail. Monsudar's own product pages support direct purchase, and the site describes Monsudar as a leading Mongolian publisher with 50–60 new titles annually. Important publisher-store depth, but not evidence of a dominant general marketplace spine by itself.",primary,mongolia::monsudar
Mongolia,East Asia,offline / fair / literacy layer,National Book Festival (Ulaanbaatar / Mongolia),site,east asia mongolia pass1,high,"National-scale literacy and publishing institution. MONTSAME coverage describes the National Book Festival as a major recurring spring/autumn event organized by Nomiin Soyolt Yurtunts NGO, drawing over 200 publishers and about 300 authors; held in the literacy/fair layer rather than marketplace layers.",primary,mongolia::national-book-festival
Mongolia,East Asia,used-book signal (territory note),Present through horizontal classifieds spillover; no national book-first used-book specialist verified in pass 1,territory_note,east asia mongolia pass1,medium,"Pass 1 closure view: used-book activity is visible through Unegui and likely small store-level pockets, but a national specialist used-book or antiquarian spine was not verified strongly enough to promote into core.",primary,mongolia::used-book-signal
Mongolia,East Asia,annex / classifieds,Unegui.mn — books section,site,east asia mongolia pass1,medium,"Horizontal classifieds spillover. Unegui's books section shows live listings for books, magazines, and educational materials, which supports a real second-hand / peer-to-peer seam, but clearly as a general classifieds rail rather than a book-first specialist marketplace.",primary,mongolia::unegui-books
Montenegro,CEE/Balkans,single-store bookstore layer,Gradska knjižara Montenegro,local_online_bookstore,pass192_live_web_resolution,medium-high,"Montenegro bookstore e-commerce/catalogue surface for books, school and office supplies; store/retail layer, not recommerce marketplace.",primary,montenegro::gradska knjižara montenegro
Montenegro,CEE/Balkans,bookstore/cafe cultural layer,Knjižara Karver Podgorica,local_bookstore_cafe_cultural_layer,pass192_live_web_resolution,medium,"Podgorica bookstore/cafe cultural layer with active social/store traces; book-culture/store signal only, not recommerce marketplace.",primary,montenegro::knjižara karver podgorica
Montenegro,CEE/Balkans,single-store bookstore layer,Narodna knjiga Podgorica,local_online_bookstore,pass192_live_web_resolution,medium-high,Montenegro bookstore/retail e-commerce surface with Podgorica contact data and product catalogue; no used-book marketplace mechanics verified.,primary,montenegro::narodna knjiga podgorica
Montenegro,CEE/Balkans,offline / fair / literacy layer,National Library of Montenegro,site,pass192_live_web_reverification,high,"National library and book-culture institution; official site describes NLM as a treasury of Montenegrin written heritage and intellectual memory. Context layer only, not recommerce.",primary,montenegro::national library of montenegro
Montenegro,CEE/Balkans,annex / classifieds,Oglasi.me — Literature / Books category,horizontal_classifieds_book_category,pass192_live_web_resolution,medium-high,"Montenegro/Bar classifieds platform with literature/books category and subcategories including antiquarian books, textbooks, magazines, comics; horizontal classifieds.",primary,montenegro::oglasi.me — literature / books category
Montenegro,CEE/Balkans,single-store used / bookstore signal,Otkup knjiga Crna Gora,social_used_book_buyback_operator,pass192_live_web_resolution,medium,Book-buyback social operator in Montenegro with used-books hashtags and direct phone/Viber contact; buyback/store signal only.,primary,montenegro::otkup knjiga crna gora
Montenegro,CEE/Balkans,annex / classifieds,Patuljak.me — Books category,horizontal_classifieds_book_category,pass192_live_web_resolution,high,"Montenegro classifieds site with book category and explicit buy/sell new and used books copy; horizontal classifieds, not book-first strict/main.",primary,montenegro::patuljak.me — books category
Montenegro,CEE/Balkans,annex / classifieds,"Pazar3.me Montenegro — Books, textbooks and magazines",horizontal_classifieds_book_category,pass192_live_web_resolution,medium-high,"Montenegro Pazar3 books/textbooks/magazines category exposes used-book and textbook listing examples; horizontal classifieds, not book-first strict/main.",primary,"montenegro::pazar3.me montenegro — books, textbooks and magazines"
Montenegro,CEE/Balkans,weak-fit core,Platforma knjiga,online_bookstore_marketplace_like_retail,pass192_live_web_reverification,high,"Montenegro-first specialized online bookstore; includes book retail and a visible Polovne/Antikvarne category, but no open third-party used-book marketplace mechanics verified.",primary,montenegro::platforma knjiga
Montenegro,CEE/Balkans,annex / social resale,Prodaja Polovnih Knjiga Anastasija,social_used_book_resale_page,pass192_live_web_resolution,medium-low,"Montenegro-facing used-book resale social page; retained as social annex, not standalone marketplace infrastructure.",primary,montenegro::prodaja polovnih knjiga anastasija
Montenegro,CEE/Balkans,single-store used bookstore signal,Prodaja knjiga Podgorica social storefront,social_used_book_storefront,pass192_live_web_resolution,medium,"Social storefront advertises new, used, and antiquarian books plus book buyback and courier delivery; single-operator/social storefront, not open marketplace.",primary,montenegro::prodaja knjiga podgorica social storefront
Montenegro,CEE/Balkans,offline / fair / literacy layer,Square of the Book,fair,pass192_live_web_reverification,medium-high,Herceg Novi international book fair / Trg od knjige reverified with 2025 event evidence; offline fair/literacy layer only.,primary,montenegro::square of the book
Montenegro,CEE/Balkans,single-store bookstore layer,Tabernakl,publisher_bookstore_catalog,pass192_live_web_reverification,medium-high,"Active Montenegro publisher/bookstore e-commerce surface with cart/product pages; store/publisher rail only, not used-book marketplace.",primary,montenegro::tabernakl
Montserrat,Caribbean,offline / fair / literacy layer,library + Alliouagana festival,site,consolidated_matrix_2026_04_15,medium,"extremely thin commerce, real literary infrastructure",primary,montserrat::library + alliouagana festival
Montserrat,Caribbean,single-store used / bookstore signal,very thin retail layer,site,consolidated_matrix_2026_04_15,medium,"extremely thin commerce, real literary infrastructure",primary,montserrat::very thin retail layer
Morocco,North Africa / Maghreb,single-store bookstore layer,ALC-ALIF Bookstore,site,web_verified_pass_morocco_2026-04-20,high,"Fes bookstore with 6,000+ titles and strong academic/English-language specialization.",supporting,morocco::alc-alif-bookstore
Morocco,North Africa / Maghreb,weak-fit core,ALMOUGGAR.com / Librairie Al Mouggar Livres,site,web_verified_pass_morocco_2026-04-20,medium,Agadir-rooted Moroccan online shopping site with books in multiple languages and 48-hour delivery across Morocco; built on a long-running bookstore base.,primary,morocco::almouggar
Morocco,North Africa / Maghreb,single-store used booksellers,BookOnDesk,site,web_verified_pass_morocco_2026-04-20,high,Online bookstore explicitly selling new and used books with national and international delivery.,primary,morocco::bookondesk
Morocco,North Africa / Maghreb,weak-fit core,Mabooko,site,web_verified_pass_morocco_2026-04-20,high,"Large Morocco-facing online bookstore with multilingual catalogue, 200,000+ titles claim, cash on delivery, and nationwide delivery.",primary,morocco::mabooko
Morocco,North Africa / Maghreb,weak-fit core,Mexique Bookshop,site,web_verified_pass_morocco_2026-04-20,high,Tangier-based English/French/Arabic online bookstore with thousands of English books and fast delivery across Morocco.,primary,morocco::mexique-bookshop
Morocco,North Africa / Maghreb,annex / classifieds,OpenSooq Morocco — Books,site,web_verified_pass_morocco_2026-04-20,high,Morocco-wide classifieds/books listings surface with used-book circulation across multiple cities.,supporting,morocco::opensooq-books
Morocco,North Africa / Maghreb,offline / fair / literacy layer,SIEL 2026 / Rabat International Book Fair,fair,web_verified_pass_morocco_2026-04-20,high,31st International Book and Publishing Fair in Rabat aligned with Rabat’s 2026 UNESCO World Book Capital year.,supporting,morocco::siel-2026-rabat-book-fair
Mozambique,Southeast / Lusophone Africa,weak-fit core,Bazara Livraria / CPAD Livraria store,marketplace_store_book_category,runtime_gap_bridge_web_2026_04_25_lusophone_indian_ocean_sprint,medium,Mozambican marketplace/storefront infrastructure with a livraria category and CPAD Livraria store; no used-book marketplace proof.,supporting,mozambique_bazara_livraria_cpad_livraria_store
Mozambique,Southeast / Lusophone Africa,single-store bookstore layer,Bookzone,online_bookstore,runtime_gap_bridge_web_2026_04_25_lusophone_indian_ocean_sprint,medium,Mozambique online bookstore presenting itself as an innovative bookshop experience.,supporting,mozambique_bookzone
Mozambique,Southeast / Lusophone Africa,annex / classifieds,Facebook Marketplace Maputo book listings,social_marketplace_book_items,runtime_gap_bridge_web_2026_04_25_lusophone_indian_ocean_sprint,low-medium,Item-level Facebook Marketplace listings in Maputo; social/classifieds texture only.,supporting,mozambique_facebook_marketplace_maputo_book_listings
Mozambique,Southeast / Lusophone Africa,annex / classifieds,Livros compra e venda novos e semi-novos (Maputo-Moçambique),book_specific_social_buy_sell_group,runtime_gap_bridge_web_2026_04_28_pass107_mozambique_current_status_hardening,medium,"Book-specific Maputo/Mozambique social group for buying and selling new and semi-new books; social rail only, not standalone marketplace infrastructure.",supporting,mozambique_livros_compra_venda_novos_semi_novos_maputo
Mozambique,Southeast / Lusophone Africa,annex / classifieds,Livros em Moçambique - Vendas e Trocas,book_specific_social_sell_exchange_group,runtime_gap_bridge_web_2026_04_25_lusophone_indian_ocean_sprint,medium,"Book-specific social group explicitly permits selling or exchanging used books; social rail, not standalone marketplace.",supporting,mozambique_livros_em_mocambique_vendas_e_trocas
Mozambique,Southeast / Lusophone Africa,annex / classifieds,MOYA Marketplace Mozambique,general_classifieds_app,runtime_gap_bridge_web_2026_04_25_lusophone_indian_ocean_sprint,medium-high,"Mozambican classifieds app/site with free ad posting, direct buyer-seller contact, location-based listings, and an explicit bookseller testimonial; horizontal rail, no book-dominance verified.",supporting,mozambique_moya_marketplace_mozambique
Mozambique,Southeast / Lusophone Africa,single-store bookstore layer,Mabuko,online_bookstore,runtime_gap_bridge_web_2026_04_25_lusophone_indian_ocean_sprint,medium-high,"Mozambican online bookstore with cart/account, featured books, delivery and payment/support claims.",supporting,mozambique_mabuko
Mozambique,Southeast / Lusophone Africa,annex / classifieds,Mais Vendas Moçambique,general_classifieds_marketplace,runtime_gap_bridge_web_2026_04_25_lusophone_indian_ocean_sprint,medium,General Mozambican buy/sell classifieds with account/ad posting and M-Pesa/E-Mola top-up; no book-specific dominance verified.,supporting,mozambique_mais_vendas_mocambique
Mozambique,Southeast / Lusophone Africa,offline fair/literacy layer,Maputo sidewalk used-book exchange,offline_used_book_exchange_market,runtime_gap_bridge_web_2026_04_25_lusophone_indian_ocean_sprint,medium-high,Reporting describes Maputo sidewalk book sale/exchange practice with cheap used books and exchange pricing.,supporting,mozambique_maputo_sidewalk_used_book_exchange
Mozambique,Southeast / Lusophone Africa,single-store bookstore layer,Plural Editores Moçambique,publisher_bookshop_trace,runtime_gap_bridge_web_2026_04_25_lusophone_indian_ocean_sprint,medium,Mozambican publisher/book catalog surface; book-distribution texture only.,supporting,mozambique_plural_editores_mocambique
Mozambique,Southeast / Lusophone Africa,weak-fit core,Ubuy Mozambique Books,ordinary_ecommerce_import_retail_books,runtime_gap_bridge_web_2026_04_25_lusophone_indian_ocean_sprint,low,Import/ecommerce bookstore category for Mozambique; not a local used-book or third-party book rail.,supporting,mozambique_ubuy_mozambique_books
Mozambique,Southeast / Lusophone Africa,single-store used bookseller,Venda de Livros Usados Moz,used_book_seller_social_surface,runtime_gap_bridge_web_2026_04_25_lusophone_indian_ocean_sprint,medium,Social seller states it sells second-hand books in English and Portuguese in good condition; single-seller used-book row.,supporting,mozambique_venda_de_livros_usados_moz
Myanmar,Southeast Asia,weak-fit core,Myanmar Bookshop,site,current_session_working_surface,medium,Current-session controlled pass classified Myanmar as upper weak-fit.,primary,myanmar::myanmar bookshop
Myanmar,Southeast Asia,weak-fit core,Myanmar Online Sales,site,current_session_working_surface,medium,Current-session controlled pass classified Myanmar as upper weak-fit.,primary,myanmar::myanmar online sales
Myanmar,Southeast Asia,annex / classifieds,Myanmarkt books,site,current_session_sea_2026_04_19,medium,Current-session controlled pass.,primary,myanmar::myanmarkt books
Myanmar,Southeast Asia,single-store bookstore layer,Parami Bookshop,site,current_session_sea_2026_04_19,medium,Current-session controlled pass.,primary,myanmar::parami bookshop
Namibia,Southern Africa,annex / classifieds,Books Exchange and Sale in Namibia,social_book_exchange_sale_group,runtime_gap_bridge_web_2026_04_25_southern_africa_deepening_sprint,medium,"Group is explicitly for exchange, sale and purchase of books within Namibia; book-specific social rail, not platform-level marketplace.",supporting,namibia_books_exchange_and_sale_in_namibia
Namibia,Southern Africa,offline / fair / literacy layer,Doek Literary Festival,event,web_verified_2026_04_21,high,Biennial literary festival in Namibia; 2026 planning surface live.,supporting,namibia::doek_literary_festival
Namibia,Southern Africa,annex / classifieds,Facebook Marketplace Windhoek Books,social_marketplace_books_category,runtime_gap_bridge_web_2026_04_25_southern_africa_deepening_sprint,medium,New and used books for sale in Windhoek; social marketplace category only.,supporting,namibia_facebook_marketplace_windhoek_books
Namibia,Southern Africa,annex / classifieds,Kalahari Deals Namibia New & Pre-owned Books,general_classifieds_preowned_books_category,runtime_gap_bridge_web_2026_04_25_southern_africa_deepening_sprint,medium-high,"Kalahari Deals exposes new and pre-owned books from sellers across Namibia; strong classifieds/book category, not book-specific core.",supporting,namibia_kalahari_deals_namibia_new_pre_owned_books
Namibia,Southern Africa,annex / classifieds,Kalahari Deals Namibia classifieds platform,general_classifieds_marketplace,runtime_gap_bridge_web_2026_04_25_southern_africa_deepening_sprint,medium,Platform positions itself as Namibia buy/sell classifieds with free advertising; supports marketplace-infrastructure classification.,supporting,namibia_kalahari_deals_namibia_classifieds_platform
Namibia,Southern Africa,weak-fit core,My Book Owl,site,web_verified_2026_04_21,high,Current Namibia online bookstore/ecommerce rail.,supporting,namibia::my_book_owl
Namibia,Southern Africa,weak-fit core,Namibia Book Market,site,web_verified_2026_04_21,high,Online shop is only a small selection of physical Macadam Street stock; strong current bookstore rail.,primary,namibia::namibia_book_market
Namibia,Southern Africa,single-store bookstore layer,Namibia Book Market online shop deepening,local_bookshop_online_shop,runtime_gap_bridge_web_2026_04_25_southern_africa_deepening_sprint,high,Homepage states online shop is a selection of stock from the physical Macadam Street bookshop; strengthens existing bookstore row.,supporting,namibia_namibia_book_market_online_shop_deepening
Namibia,Southern Africa,single-store used booksellers,The Red Shelf Namibia,preloved_books_clothing_accessories_shop,runtime_gap_bridge_web_2026_04_25_southern_africa_deepening_sprint,medium-high,Swakopmund/Windhoek shop sells curated new and pre-loved books alongside clothing/accessories; single-store pre-loved signal.,supporting,namibia_the_red_shelf_namibia
Namibia,Southern Africa,single-store bookstore layer,Van Schaik Namibia / campus-store seam,site,web_verified_2026_04_21,medium,Regional academic/school-books rail with Namibia-facing campus/book supply seam.,supporting,namibia::van_schaik_namibia
Nepal,South Asia compact sprint,annex / social resale,2nd Hand Books Buy/Sell in Nepal,facebook_group,runtime_gap_bridge_web_2026_04_25_south_asia_compact_sprint,medium,Nepal social group allowing members to post books for sale/buying; annex/social resale.,supporting,nepal_2nd_hand_books_buy_sell_in_nepal
Nepal,South Asia,annex / classifieds,Boli Bajar Nepal — second-hand bidding marketplace,horizontal_secondhand_bidding_marketplace_app,runtime_gap_bridge_web_2026_05_03_pass136_nepal_hardening,medium,"Nepal dedicated online bidding marketplace for second-hand products with product listing, bidding, seller choice and profiles. Useful recommerce/context rail but not book-specific and low download/activity evidence, so annex only.",supporting,nepal_boli_bajar_secondhand_bidding_marketplace
Nepal,South Asia compact sprint,single-store used-bookseller,Books Mandala — Used Books,site,runtime_gap_bridge_web_2026_04_25_south_asia_compact_sprint; runtime_gap_bridge_web_2026_05_03_pass136_nepal_hardening,medium-high,"Direct pass136 check confirms Books Mandala has dedicated Used Books quick link/category for second-hand books. Retained as single-store/retail used-book layer, not open marketplace.",supporting,nepal_books_mandala_used_books
Nepal,South Asia,annex / classifieds,Hamrobazar Nepal — Books & Learning / book classified listings,horizontal_classifieds_book_category,runtime_gap_bridge_web_2026_05_03_pass136_nepal_hardening,medium-high,"Hamrobazar has a Books & Learning category, post-for-free flow, condition/price/location filters, and visible second-hand book listing/product pages with seller contact/chat and related used/new book products. Strong Nepal classifieds book spillover, but horizontal and not book-specific strict main.",supporting,nepal_hamrobazar_books_learning_book_classifieds
Nepal,South Asia,annex / classifieds,Jhigu Bazar Nepal — buy/sell/donate used-items app,horizontal_used_items_marketplace_app,runtime_gap_bridge_web_2026_05_03_pass136_nepal_hardening,medium,"Free Nepal marketplace app for buying, selling and donating new or used things, with ad creation, in-built messenger, location/nearby discovery and seller contact. Useful horizontal reuse rail, not book-specific strict main.",supporting,nepal_jhigu_bazar_buy_sell_donate_used_items_app
Nepal,South Asia,single-store bookstore layer,Pilgrims Book House,site,live_web_resolution,high,Large Kathmandu bookstore with online ordering and national delivery.,primary,nepal::pilgrims book house
Nepal,South Asia,main universe,Sajha Kitab,site,live_web_resolution; runtime_gap_bridge_web_2026_05_03_pass136_nepal_hardening,high,"Fresh direct pass136 check confirms Sajha Kitab is an online platform to buy and sell old books, with 2,683+ ads, post-free-ad flow, dated 2026 listings, prices, locations and view counts. Promoted from annex/classifieds to strict-main book-specific old-book listing platform.",primary,nepal::sajha kitab
Nepal,South Asia,main universe,Sasto Kitab,site,web_resolved_2026_04_19; runtime_gap_bridge_web_2026_04_25_south_asia_compact_sprint; runtime_gap_bridge_web_2026_05_03_pass136_nepal_hardening,high,"Fresh pass136 check confirms active Sasto Kitab category counts and official framing as Nepal platform for buying, selling, exchanging and donating books locally. Retained high strict main.",primary,nepal::sasto kitab
Nepal,South Asia compact sprint,main universe,Sasto Kitab app surface — buy/sell/exchange locally,site,runtime_gap_bridge_web_2026_04_25_south_asia_compact_sprint; runtime_gap_bridge_web_2026_05_03_pass136_nepal_hardening,medium-high,"Retained as supporting Sasto app-surface/mechanics row. Direct pass136 source evidence focused on root and blog; app still functions as mechanics support, not a distinct platform.",supporting,nepal_sasto_kitab_app_surface_buy_sell_exchange_locally
Nepal,South Asia compact sprint,main universe,Sasto Kitab — local buy/sell/donate platform,site,runtime_gap_bridge_web_2026_04_25_south_asia_compact_sprint; runtime_gap_bridge_web_2026_05_03_pass136_nepal_hardening,high,"Direct and blog evidence now show Sasto Kitab as Nepal free platform with category counts, local buy/sell/exchange language, second-hand book seller guide, and visible listings/prices. Retained strict main.",primary,nepal_sasto_kitab_local_buy_sell_donate_platform
Nepal,South Asia compact sprint,annex / social resale,Second hand Books Buy and Sell Group Nepal,facebook_group,runtime_gap_bridge_web_2026_04_25_south_asia_compact_sprint,medium,Nepal second-hand book buy/sell group; annex/social resale.,supporting,nepal_second_hand_books_buy_and_sell_group_nepal
Nepal,South Asia,weak-fit core,StudyShelf,site,web_resolved_2026_04_19; runtime_gap_bridge_web_2026_05_03_pass136_nepal_hardening,medium,Current pass136 search did not recover decisive fresh direct StudyShelf platform evidence; retained as legacy Nepal student-to-student academic book resale lead but downgraded to medium current-status hold pending direct render.,primary,nepal::studyshelf
Netherlands,Benelux,main universe,Antiqbook,site,pass178_live_hardening,medium-high,Netherlands-rooted international antiquarian/used/old-book marketplace; retained as Netherlands-relevant strict book-specific marketplace/global antiquarian rail.,primary,netherlands::antiqbook
Netherlands,Benelux,single-store used booksellers,Boek2 Antiquariaat,site,pass178_live_hardening,high,"Maarssen antiquarian/second-hand bookseller with ~33,500 second-hand books directly available and purchasing/selling of used books; single-store/operator layer.",secondary,netherlands::boek2_antiquariaat
Netherlands,Benelux,single-store used booksellers,Boeken-Kringloop.nl,site,pass178_live_hardening,high,Online sustainable second-hand bookshop; sells carefully selected used books across genres; single-store/operator layer.,secondary,netherlands::boeken_kringloop_nl
Netherlands,Benelux,weak-fit core,BoekenBalie Netherlands,site,pass178_live_hardening,medium-high,"Major Dutch operator-mediated used-book buyback/resale rail with barcode/ISBN scan app and bulk seller intake; not open third-party marketplace, so held below strict/main.",secondary,netherlands::boekenbalie_netherlands
Netherlands,Benelux,main universe,Boekwinkeltjes.nl,site,pass178_live_hardening,high,"Confirmed strict/main: public book-specific marketplace for second-hand books; states ~11,200 antiquarians/booksellers/private sellers and ~7.3M-book offer.",primary,netherlands::boekwinkeltjes
Netherlands,Benelux,main universe,Bookmatch.nl,site,pass178_live_hardening,high,"Dutch student-textbook marketplace for buying and selling second-hand textbooks; exposes ISBN-based item pages, iDEAL/Stripe payment protection and seller/buyer workflow.",primary,netherlands::bookmatch_nl
Netherlands,Benelux,main universe,Booknext.nl,site,pass178_live_hardening,high,"Dutch second-hand book marketplace with ISBN-based listing, negotiation/bid workflow, iDEAL payment to platform, and guaranteed seller payout after shipping.",primary,netherlands::booknext_nl
Netherlands,Benelux,single-store used booksellers,De Slegte Netherlands,site,pass178_live_hardening,high,"Large Netherlands/Belgium used-book and antiquarian chain/webshop with second-hand categories, daily purchasing/selection, and ISBN search; store/operator layer, not open marketplace.",secondary,netherlands::de_slegte_netherlands
Netherlands,Benelux,annex / classifieds,Marktplaats books category,site,pass178_live_hardening,high,Huge Netherlands horizontal classifieds books category with ~1.9M book listings; important recommerce texture but not book-first strict/main.,annex,netherlands::marktplaats_books_category
Netherlands,Benelux,annex / social classifieds,Netherlands Facebook/social book-sale and book-swap groups,social_surface,pass178_live_hardening,medium,Social/local book-sale and swap surfaces retained as annex texture only; not promoted without durable public book-specific platform mechanics.,annex,netherlands::facebook_social_book_sale_and_swap_groups
Netherlands,Benelux,single-store used booksellers,The Book Exchange Amsterdam,site,pass178_live_hardening,high,Independent Amsterdam second-hand bookstore specializing in English-language books; strong local used-book layer but not a marketplace.,secondary,netherlands::the_book_exchange_amsterdam
Netherlands,Benelux,weak-fit core,bol,site,pass178_live_hardening,medium-high,"Hardened as weak-fit retailer/marketplace layer: public second-hand books category with ISBN-bearing product cards and external sellers, but not book-first used-book marketplace.",primary,netherlands::bol
Nicaragua,Central America,single-store used / bookstore signal,Managua market/textbook sellers,site,consolidated_matrix_2026_04_15,medium,market/exchange ecosystem,primary,nicaragua::managua market/textbook sellers
Nicaragua,Central America,annex / classifieds,Mercado Libre NI,site,consolidated_matrix_2026_04_15,medium,market/exchange ecosystem,primary,nicaragua::mercado libre ni
Nicaragua,Central America,annex / classifieds,Mercanica,site,consolidated_matrix_2026_04_15,medium,market/exchange ecosystem,primary,nicaragua::mercanica
Nicaragua,Central America,offline / fair / literacy layer,Roberto Huembes and fairs,site,consolidated_matrix_2026_04_15,medium,market/exchange ecosystem,primary,nicaragua::roberto huembes and fairs
Niger,West Africa,annex / classifieds,"CoinAfrique Niger — DVDs, CDs & Livres",platform_category,runtime_gap_bridge_web_2026_04_25,high,General classifieds rail with Niger books/DVD/CD category and book/PDF examples; annex not book-dominant.,supporting,niger::coinafrique_niger_dvds_cds_livres
Niger,West Africa,weak-fit core,Ubuy Niger — Books,site,runtime_gap_bridge_web_2026_04_25,medium,International e-commerce book category localized to Niger; weak book-access rail rather than local resale marketplace.,primary,niger::ubuy_niger_books
Nigeria,West Africa,main universe,ALÁKÒWÉ — managed thrift book marketplace,social_launch_marketplace,runtime_gap_bridge_web_2026_04_27_pass102,medium,"Pass102 recovery: search-visible Instagram evidence describes ALÁKÒWÉ as a managed thrift book marketplace where people sell finished/preloved books and others buy them, with Lagos/Nigeria-commerce signals. Multiple posts also say launching soon/join waitlist; retain as strict-candidate launch hold, not confirmed live strict marketplace. Pass130 retained launch-hold due to current launching-soon/waitlist social evidence despite strong managed thrift marketplace language.",strict-candidate launch hold,nigeria_alakowe_managed_thrift_book_marketplace
Nigeria,West Africa,weak-fit core,Booka Nigeria — campus textbook ordering app,campus_bookshop_ordering_app,web_reverified_2026_05_02_pass130,medium,"Current Google Play listing describes a Nigerian campus textbook app connecting students, campus bookshops, and delivery agents with online payment/pickup/delivery; textbook infrastructure but not used-book recommerce or third-party resale.",supporting,nigeria_booka_campus_textbook_ordering_app
Nigeria,West Africa,weak-fit core,Booki / TheMainBooki,site,runtime_gap_bridge_web_2026_04_25,medium,"Author-direct self-publishing and digital book marketplace; book marketplace signal but not used/resale. Pass130 reaffirmed digital author/self-publishing boundary, not used-book resale.",primary,nigeria::booki_themainbooki
Nigeria,West Africa,weak-fit core,Bookville World eBook seller program,digital_book_marketplace_vendor_rail,runtime_gap_bridge_web_2026_04_25_pass88,medium,"Nigeria bookstore/digital seller rail for e-book authors, publishers, and accredited resellers; book-specific commerce but digital/not used-resale.",supporting,nigeria_bookville_world_ebook_seller_program
Nigeria,West Africa,weak-fit core,BuyBooks NG,site,runtime_gap_bridge_web_2026_04_25,high,"Book-forward online marketplace with vendor agreement for Nigerian businesses to sell books, audiobooks and e-books; third-party rail but not primarily used/resale.",primary,nigeria::buybooks_ng
Nigeria,West Africa,annex / classifieds,BuyOnWasApp.NG — Books WhatsApp Marketplace,platform_category,runtime_gap_bridge_web_2026_04_27_pass102,medium,"Pass102 recovery: live BuyOnWasApp books category presents a “Books WhatsApp Marketplace,” direct WhatsApp seller contact, book subcategories, nationwide state counts, and recent book listings. It is a horizontal classifieds/WhatsApp marketplace category, not book-specific strict core.",supporting,nigeria_buyonwasapp_books_whatsapp_marketplace
Nigeria,West Africa,annex / classifieds,CampusHub Nigeria — campus used-items marketplace,student_horizontal_marketplace_app,web_reverified_2026_05_02_pass130,medium,"Nigeria campus marketplace for students to give away/sell used items and academic materials; current site claims 50,000+ used items sold but book activity remains horizontal campus-commerce rather than book-specific resale.",supporting,nigeria_campushub_campus_used_items_marketplace
Nigeria,West Africa,annex / classifieds,CampusPlug — Nigerian campus student marketplace,student_horizontal_marketplace_app,runtime_gap_bridge_web_2026_04_27_pass102,medium-high,"Pass102 recovery: Google Play describes CampusPlug as a campus-only Nigerian student-to-student marketplace for secondhand goods, including old phones, laptops, or textbooks, with seller verification, trust scores, in-app chat, report/block, and active campuses. It is not book-specific, so keep as annex/classifieds texture. Pass130 hardened as current horizontal campus app with old textbooks but not book-specific strict main.",supporting,nigeria_campusplug_campus_student_marketplace
Nigeria,West Africa,annex / classifieds,CampusTradeNG — Nigerian campus student marketplace app,student_horizontal_marketplace_app,web_reverified_2026_05_02_pass130,medium,"Google Play current listing frames CampusTradeNG as a Nigerian university-student marketplace for buying/selling items within campus, including textbooks/books alongside electronics, fashion and services; not book-specific strict main.",supporting,nigeria_campustradeng_campus_student_marketplace_app
Nigeria,West Africa,weak-fit core,Eego Nigeria eBook seller rail,digital_creator_commerce_books,runtime_gap_bridge_web_2026_04_25_pass88,medium-low,Nigerian-friendly digital commerce surface enabling creators to sell eBooks/courses and receive local payouts; not book-specific or used-book core.,supporting,nigeria_eego_ebook_seller_rail
Nigeria,West Africa,annex / classifieds,Facebook Marketplace Nigeria — Books,platform_category,runtime_gap_bridge_web_2026_04_25,medium,General classifieds/social-marketplace book category; supports resale discovery but not book-dominant.,supporting,nigeria::facebook_marketplace_nigeria_books
Nigeria,West Africa,annex / classifieds,Jiji.ng Books & Table Games,platform_category,runtime_gap_bridge_web_2026_04_25_pass88,medium,"Nigeria general classifieds categories with live education/textbook/book listings; supports resale discovery but is horizontal classifieds, not book-specific strict core.",supporting,nigeria_jiji_ng_books_table_games
Nigeria,West Africa,weak-fit core,Nairabookstore seller program,book_specific_marketplace_vendor_rail,runtime_gap_bridge_web_2026_04_25_pass88,medium,"Nigeria book interface with seller program for bookshop owners, authors, e-book authors, freelancers, and publishers; book marketplace rail but not used/resale.",supporting,nigeria_nairabookstore_seller_program
Nigeria,West Africa,annex / classifieds,Paseero Nigeria: Sell & Buy,general_marketplace_app,runtime_gap_bridge_web_2026_04_25_pass88,medium,"Nigeria app for new and used items with seller orders/payments/auction mechanics; horizontal marketplace, not book-dominant.",supporting,nigeria_paseero_sell_buy
Nigeria,West Africa,main universe,PreownedBooks.ng,site,runtime_gap_bridge_web_2026_04_25,high,"Book-specific curated online marketplace for buying and selling preloved books across Nigeria; strong strict main-universe fit. Pass130 reconfirmed strict-core seller/account/listing/commission/payout mechanics and 1,000+ pre-loved inventory.",primary,nigeria::preownedbooks_ng
Nigeria,West Africa,main universe,SchoolBOOKS Nigeria — school/used-books marketplace,site,runtime_gap_bridge_web_2026_04_27_pass102,high,"Pass102 recovery: official/search-visible surface frames SchoolBOOKS as Nigeria’s premier books marketplace connecting local bookstores and fellow students across Nigeria, with used-books-near-you and sell-your-used-books language. Strong book-specific used/resale marketplace fit, but static page capture returned no parseable lines, so keep medium-high pending direct account/listing-flow proof. Pass130 upgraded to high strict-candidate on current official/search-visible used-book listing/start-selling proof.",strict-candidate,nigeria_schoolbooks_school_used_books_marketplace
Nigeria,West Africa,weak-fit core,Selar Nigeria eBook seller rail,digital_creator_commerce_books,runtime_gap_bridge_web_2026_04_25_pass88,medium,Nigerian creator-commerce surface frequently used for e-books; useful book commerce rail but not book-specific or used-book core.,supporting,nigeria_selar_ebook_seller_rail
Nigeria,West Africa,weak-fit core,Six 33 Four NG bookstore / seller marketplace,book_specific_seller_marketplace_historical_current_uncertain,runtime_gap_bridge_web_2026_04_27_pass102,medium-low,Pass102 recovery: Nairaland posts by six33fourng describe selling old books for cash and an independent marketplace for book sellers/sellers with no monthly fee option and low commissions. Direct site fetch failed in current pass; keep as weak-fit/book-seller rail pending direct live verification and used/resale account-flow proof. Pass130 could not recover current direct site; historical Nairaland/seller-marketplace evidence retained as unresolved weak-fit only.,supporting,nigeria_six33four_bookstore_seller_marketplace
Nigeria,West Africa,single-store used booksellers,The Thrift Reader Bookstore,site,runtime_gap_bridge_web_2026_04_25,medium,Online thrift/discount bookshop with bookstacks and used/thrift positioning; useful used-book signal but not clearly multi-seller.,supporting,nigeria::the_thrift_reader_bookstore
North Macedonia,CEE/Balkans,single-store bookstore layer,Akademska Kniga,site,pass189_current_web,medium-high,Akademska Kniga is a Skopje bookshop/online bookstore surface with English/international-title evidence and public venue/bookstore references. No used-book or seller marketplace mechanics verified. ISBN note: No ISBN values captured; no bulk ISBN scrape attempted.,primary,north_macedonia::akademska_kniga
North Macedonia,CEE/Balkans,single-store bookstore layer,Antolog Books,site,pass189_current_web,high,"Resolved old Antolog shorthand to the official Antolog Books site: book categories, publisher/bookstore contact details, and newsletter/storefront structure. No used-book or third-party seller mechanics verified. ISBN note: No ISBN values captured; no bulk ISBN scrape attempted.",primary,north_macedonia::antolog_books
North Macedonia,CEE/Balkans,single-store bookstore layer,Bad Wolf Bookstore,site,pass189_current_web,medium-high,"Bad Wolf presents as an English bookstore in Skopje with online shopping for fantasy, romance, literary fiction, sci-fi, thrillers, children’s books and request capability. Single-store bookstore layer only. ISBN note: No ISBN values captured; no bulk ISBN scrape attempted.",primary,north_macedonia::bad_wolf_bookstore
North Macedonia,CEE/Balkans,single-store bookstore layer,Bookcorner.mk,site,pass189_current_web,medium-high,Bookcorner.mk presents as an online shop for English books in Macedonia with product cards and sold-out/sale signals. Single-store bookstore layer only. ISBN note: No ISBN values captured; no bulk ISBN scrape attempted.,primary,north_macedonia::bookcorner_mk
North Macedonia,CEE/Balkans,annex / social book-sale groups,Buy and sell books — Macedonia Facebook group,site,pass189_current_web,medium,Facebook group evidence states that the group was created so members can buy and sell books to/from each other. Useful social resale texture only; not a standalone marketplace. ISBN note: No ISBN values captured; no bulk ISBN scrape attempted.,primary,north_macedonia::buy_and_sell_books_macedonia_facebook_group
North Macedonia,CEE/Balkans,single-store used bookstore signal,Chitam.mk / Читам.мк used-book antikvarnica social storefront,site,pass191_current_web,medium-high,"Pass191 false-flag repair follow-up: Chitam.mk social/listing traces advertise sale of used/second-hand books, antikvarnica albums, ordering by message, and parcel delivery. Treated as single-operator/social storefront used-book signal, not a third-party marketplace.",primary,north_macedonia::chitam_mk_used_book_antikvarnica_social_storefront
North Macedonia,CEE/Balkans,single-store bookstore layer,Matica / Klub Matica,site,pass189_current_web,high,"Matica is a major Macedonian online/physical bookstore with 32,000+ titles language, online ordering, payment/delivery FAQ, categories, cart/profile mechanics, and Skopje contact details. Store/bookstore layer only. ISBN note: No ISBN values captured; no bulk ISBN scrape attempted.",primary,north_macedonia::matica_klub_matica
North Macedonia,CEE/Balkans,annex / classifieds,"Pazar3.mk — Books, Textbooks and Magazines",site,pass189_current_web,high,"Resolved old URL-less/possibly mistyped Pazar5 row to Pazar3. Pazar3 exposes a countrywide Books, Textbooks and Magazines classifieds category with For sale, Wanted and Exchange filters, active listings, locations across North Macedonia, and register-an-ad buy/sell copy. Kept annex/classifieds only because it is a horizontal classifieds rail, not a book-first recommerce marketplace. ISBN note: No ISBN values captured; no bulk ISBN scrape attempted.",primary,north_macedonia::pazar3_mk_books_textbooks_and_magazines
North Macedonia,CEE/Balkans,annex / classifieds,Reklama5.mk — Books category,site,pass189_current_web,high,"Reklama5 exposes a North Macedonia books category with subcategories including Books, School textbooks, Newspapers, Magazines, literature for college, children’s books, and live listing pages with prices/locations. Kept annex/classifieds only because Reklama5 is a horizontal ads platform. ISBN note: No ISBN values captured; no bulk ISBN scrape attempted.",primary,north_macedonia::reklama5_mk_books_category
North Macedonia,CEE/Balkans,offline / fair / literacy layer,Skopje Book Fair / Macedonian Association of Publishers,site,pass189_current_web,high,"Skopje Book Fair / Macedonian Association of Publishers added as fair/literacy/book-market context. 2025 fellowship materials describe the Macedonian publishing scene and the Book Fair; MIA reporting described the 37th Skopje Book Fair as May 8-14, 2025 with 110 book launches and 65 publishers. ISBN note: No ISBN values captured; no bulk ISBN scrape attempted.",primary,north_macedonia::skopje_book_fair_macedonian_association_of_publishers
North Macedonia,CEE/Balkans,offline / used-antiquarian sellers layer,Skopje old-book sellers / Kej 13 Noemvri stalls,offline_context,pass191_current_web,medium,Pass191 false-flag repair follow-up: preserved Skopje old-book/antiquarian stall tradition as offline used-book infrastructure and historical/current-uncertain texture. 2022 reporting documents old-book and antiquarian-item sellers in wooden kiosks on Kej 13 Noemvri and their disputed displacement. Not a marketplace platform.,primary,north_macedonia::skopje_old_book_sellers_kej_13_noemvri_stalls
North Macedonia,CEE/Balkans,annex / classifieds aggregator,"Starokupujem.mk — Books, textbooks and magazines ads aggregator",site,pass191_current_web,medium-high,"Pass191 false-flag repair follow-up: Starokupujem exposes a books/textbooks/magazines ads surface aggregating Macedonian classifieds for faster search/alerts. Kept annex/classifieds-aggregator only because it is an ads/search layer, not an open book-first marketplace.",primary,north_macedonia::starokupujem_books_textbooks_magazines_ads_aggregator
North Macedonia,CEE/Balkans,annex / classifieds,"VIPMarket5.mk — Books, magazines and comics category",site,pass191_current_web,high,"Pass191 false-flag repair follow-up: VIPMarket5 exposes a North Macedonia books/magazines/comics classifieds category with individual listing cards, prices, dates, and marketplace positioning as an online ads platform. Kept annex/classifieds only because it is horizontal classifieds, not book-first strict/main recommerce. ISBN note: no ISBN values captured; no bulk ISBN scrape attempted.",primary,north_macedonia::vipmarket5_mk_books_magazines_comics_category
North Macedonia,CEE/Balkans,single-store bookstore layer,kniga.mk / TRI Publishing Centre,site,pass189_current_web,high,"Resolved old kniga.mk / TRI row to the live TRI online bookstore/publishing-centre surface, with book categories, cart/order structures, store contacts, and product pages. ISBN note: Captured sample ISBN 9786086507787 from a kniga.mk product page; no bulk ISBN scrape attempted.",primary,north_macedonia::kniga_mk_tri_publishing_centre
North Macedonia,CEE/Balkans,weak-fit core,kupikniga.mk,site,pass189_current_web,high,"Hardened existing row as a major Macedonian online-bookstore rail. It remains weak-fit/core rather than strict-main because current evidence supports book-forward retail aggregation, not used-book/open seller recommerce. ISBN note: No ISBN values captured; no bulk ISBN scrape attempted.",primary,north_macedonia::kupikniga_mk
North Macedonia,CEE/Balkans,weak-fit core,literatura.mk,site,pass189_current_web,high,Hardened existing row as a major Macedonian online bookstore / virtual bookstore rail with extensive book categories and bookstore/ecommerce structure. No used-book or third-party seller recommerce mechanics verified. ISBN note: No ISBN values captured; no bulk ISBN scrape attempted.,primary,north_macedonia::literatura_mk
North Macedonia,CEE/Balkans,single-store bookstore layer,sakamknigi.mk,site,pass189_current_web,medium-high,"sakamknigi.mk is a Macedonian bookshop surface with broad book categories. Retained as bookstore layer, not recommerce marketplace. ISBN note: No ISBN values captured; no bulk ISBN scrape attempted.",primary,north_macedonia::sakamknigi_mk
North Macedonia,CEE/Balkans,annex / social book-sale groups,"Продажба, подарување и размена на стари и нови книги Facebook group",social,pass191_current_web,medium,"Pass191 false-flag repair follow-up: Macedonian Facebook group explicitly supports selling, requesting, gifting, and exchanging old and new books. Useful social resale texture only; not a standalone marketplace.",primary,north_macedonia::facebook_sale_gift_exchange_old_new_books_group
Norway,Nordics,single-store used booksellers,Antikvariat Bryggen,site,fresh_web_pass170_norway_hardening,medium-high,"Single-store antiquarian layer. Current page says the antikvariat is interested in buying rare books, first editions, and collections matching titles in its catalogues/homepage. Not a marketplace, but useful Norwegian used/rare-book inventory node.",secondary,norway::antikvariat-bryggen
Norway,Nordics,single-store used booksellers,Antikvariat Soon,site,fresh_web_pass170_norway_hardening,medium-high,"Specialist antikvariat single-store layer. Current page exposes a large set of literature categories including occupation of Norway, National Samling publications, archaeology, polar literature, biographies, comics, books about books, and related collectible categories. Not marketplace.",secondary,norway::antikvariat-soon
Norway,Nordics,main universe,Antikvariat.net — Norway/Scandinavia scope,site,raw_continuation_transcript; fresh_web_pass170_norway_hardening,high,"Promoted existing Norway Antikvariat.net row from weak-fit pending-backfill to strict/main. Current Norwegian terms say Antikvariat.net mediates contact between customers and members of the antiquarian bookseller associations in Denmark, Norway, and Sweden registered in the webshop, with payment due to each individual antikvariat. The public site describes itself as Scandinavia's professional webshop for books across genres and price classes. Strict/main as association-mediated multi-seller antiquarian/used-book marketplace, not a P2P platform.",primary,norway::antikvariat-net-norway-scandinavia-scope
Norway,Nordics,weak-fit core,BenBig — Bøker Norway,site,fresh_web_pass170_norway_hardening,medium,"Norway marketplace/category surface stating all books in BenBig.com Norway's new marketplace for buying and selling, mostly used and some new, with sell/login/register controls. Kept weak-fit because the platform appears horizontal/thin and public book-first mechanics are less mature than Bookis/iBok.",secondary,norway::benbig-boker-norway
Norway,Nordics,single-store used booksellers,Bokbua.no,site,fresh_web_pass170_norway_hardening,medium-high,"Single-store used-book seller. Current page says it has no shop premises but a large warehouse of used books across categories, aiming for broad selection. Preserved as single-store used layer, not marketplace.",secondary,norway::bokbua-no
Norway,Nordics,single-store used booksellers,Bokbyen Skagerrak nettbutikk,site/catalogue,fresh_web_pass170_norway_hardening,medium-high,Book-town/antikvariat online shop layer. Search evidence exposes categories for newer and older books and item-level ISBN fields. Not a multi-seller marketplace in the checked evidence; preserved as ISBN-rich single-store/catalogue layer.,secondary,norway::bokbyen-skagerrak-nettbutikk
Norway,Nordics,single-store used booksellers,Bokia.no,site,fresh_web_pass170_norway_hardening,high,"Large single-operator used-book online store, not an open marketplace. Current evidence calls Bokia Norway's largest online store for nicely used books, over 100,000 titles, donation/use-book sustainability model, ISBN search, and item-level ISBN fields. Preserved as high-value single-store used layer.",secondary,norway::bokia-no
Norway,Nordics,single-store used booksellers,Boklibris.no,site,fresh_web_pass170_norway_hardening,high,"Large single-operator used-book store. Current evidence advertises over 300,000 used books, classics/crime/nonfiction, fast home delivery, and claims largest used-book-store scale. Strong single-store used layer; not strict main because no third-party seller marketplace mechanics confirmed.",secondary,norway::boklibris-no
Norway,Nordics,single-store used booksellers,Bokloftet.no,site,fresh_web_pass170_norway_hardening,high,"Single-store used/new bookshop layer. Current page says more than 40,000 book titles and local literature from the whole country, both new and used books. Strong atmosphere/store-owned used inventory; not strict marketplace.",secondary,norway::bokloftet-no
Norway,Nordics,main universe,Bookis Norway,site/app,later Nordic deepening pass; fresh_web_pass170_norway_hardening,high,"Updated existing pending-backfill Norway Bookis row. Bookis is Norway-native and book-specific: its Norway page calls it Norway's largest market for buying and selling used books, while seller help requires app signup, barcode scan, condition selection, and seller-set pricing. App evidence also documents used books from bookstores and users, barcode scanning, buyer/seller flow, shipment, and payment. Item pages expose ISBN metadata and used-book seller shipping. Strict main.",primary,norway::bookis-norway
Norway,Nordics,annex / horizontal marketplace,FINN Torget — Bøker og blader,site/app,fresh_web_pass170_norway_hardening,high,"Massive Norway horizontal recommerce rail. FINN Torget books-and-magazines category exposes hundreds of thousands of ads, subcategories, condition filters, private/dealer split, buy/giveaway/wanted ad types, and Fiks ferdig shipping/payment support. Annex only because it is horizontal rather than book-first, despite enormous book volume.",annex,norway::finn-torget-boker-og-blader
Norway,Nordics,annex / social classifieds,Facebook groups — Norway books/textbooks buy-sell,social groups,fresh_web_pass170_norway_hardening,medium,"Social classifieds/texture layer. Public Facebook snippets expose Norway-relevant groups for buying/selling/exchanging curriculum literature and general books/magazines. Annex only because these are social groups, not standalone marketplace infrastructure.",annex,norway::facebook-groups-norway-books-textbooks-buy-sell
Norway,Nordics,offline / fair / literacy layer,Mammutsalget / Adlibris Norway sale rail,sale/event/ecommerce context,fresh_web_pass170_norway_hardening,medium,"Norwegian book-market context layer. Current evidence says Mammut is Norway's largest book sale, with hundreds of titles and participating bookstores. Kept as offline/sale ecology context only; it is not used-book recommerce or marketplace infrastructure.",secondary,norway::mammutsalget-adlibris-norway-sale-rail
Norway,Nordics,single-store used booksellers,Norlis Antikvariat,site,fresh_web_pass170_norway_hardening,high,"Major Norwegian antikvariat/single-store layer. Current page directs users to search all its books on Antikvariat.net, mentions current catalogue sections, and includes a selling/valuation intake. Preserved as single-store antiquarian layer and Antikvariat.net member-store texture.",secondary,norway::norlis-antikvariat
Norway,Nordics,offline / fair / literacy layer,Norsk Antikvarbokhandlerforening / Antikvariat.no,association/directory,fresh_web_pass170_norway_hardening,high,"Norwegian antiquarian trade infrastructure. Current page states the association represents the professional antiquarian book trade in Norway, founded in 1942, and that antikvariat chiefly trade used and antiquarian books. Preserved as context/directory infrastructure and support evidence for Antikvariat.net member-store scope, not strict marketplace itself.",secondary,norway::norsk-antikvarbokhandlerforening-antikvariat-no
Norway,Nordics,single-store used booksellers,Nynorsk Antikvariat catalogue,site/catalogue,fresh_web_pass170_norway_hardening,medium-high,"Antiquarian single-store/catalogue layer with item-level metadata. Search result exposes catalogue entries and ISBN fields. Useful for ISBN/backfill lane, not strict marketplace.",secondary,norway::nynorsk-antikvariat-catalogue
Norway,Nordics,single-store used / bookstore signal,Toftes Antikvariat,site,fresh_web_pass170_norway_hardening,medium-high,"Single-store used/antikvariat signal with platform spillover. Current page says Toftes buys and sells old and used books and offers objects via Finn.no and QXL.no. Kept as single-store signal, not marketplace.",secondary,norway::toftes-antikvariat
Norway,Nordics,main universe,iBok.no,site,fresh_web_pass170_norway_hardening,high,"Norway-specific book-first used textbook marketplace. Current page calls iBok Norway's largest marketplace for buying and selling used curriculum books, with ad creation/login, choosing the seller ad that fits, and contacting sellers via chat/contact form. Strict main textbook recommerce rail.",primary,norway::ibok-no
Oman,Gulf / Arabian Peninsula,single-store bookstore layer,Al Batra Bookshop,site,gulf oman pass1,medium,Concrete Muscat bookstore-layer anchor with fixed location and phone listing in Al Qurum; useful confirmation that Oman has a real bookstore substrate beyond the online rails.,supporting,oman::al_batra_bookshop
Oman,Gulf / Arabian Peninsula,weak-fit core,Al Manahil Books Muscat,site,gulf oman pass1,medium,"Book-forward academic/import rail: wholesale distributor importing academic, medical, and ELT books to order with weekly shipment from the UK; meaningful corroborating Oman-facing book-supply spine even if less retail-polished than Al Manarah.",secondary,oman::al_manahil_books
Oman,Gulf / Arabian Peninsula,weak-fit core,Al Manarah Bookshop,site,gulf oman pass1,high,"Native Muscat-based online bookstore/storefront with add-to-cart commerce, a dedicated book category, and explicit educational/cultural-books positioning; strongest current verified ecommerce-style rail in the pass.",primary,oman::al_manarah_bookshop
Oman,Gulf / Arabian Peninsula,annex / social resale,Books Bank Oman,facebook_group,runtime_gap_bridge_web_2026_05_03_pass142_oman_secondhand_classifieds_hardening,medium,Oman social group/listing surface showing inexpensive used/pre-owned book sale posts; social resale texture only.,supporting,oman_books_bank_social_resale
Oman,MENA / West Asia hardening,annex / classifieds,Buy and sell second hand books — Muscat/Oman,site,mena_west_asia_hardening_web_pass57,medium,"Book-specific social group to sell, buy or exchange second-hand books in Muscat/Oman; annex only.",supporting,oman::buy_and_sell_second_hand_books_muscat_oman
Oman,Gulf / Arabian Peninsula,annex / classifieds,Facebook Marketplace Muscat — Books,social_marketplace,runtime_gap_bridge_web_2026_05_03_pass142_oman_secondhand_classifieds_hardening,medium-high,City-level Facebook Marketplace books category for Muscat with new and used books for sale; social/horizontal marketplace only.,supporting,oman_facebook_marketplace_muscat_books
Oman,Gulf / Arabian Peninsula,single-store bookstore layer,Family Bookshop,site,gulf oman pass1,medium,"Concrete bookstore-layer anchor with multiple Oman locations and explicit stock of English, Omani, bestseller, and academic titles; retained in store layer because a current ecommerce spine was not strongly verified.",supporting,oman::family_bookshop
Oman,Gulf / Arabian Peninsula,single-store used bookstore signal,House of Prose Muscat,secondhand_bookshop,runtime_gap_bridge_web_2026_05_03_pass142_oman_secondhand_classifieds_hardening,medium-high,"Secondhand/pre-loved English-language bookstore lineage in Muscat/Qurum with refund/rental/member mechanics; treated as single-store/operator secondhand bookshop, not platform infrastructure.",used-bookseller,oman_house_of_prose_muscat
Oman,Gulf / Arabian Peninsula,single-store used bookstore signal,Let’s Read Charity Book Shop and Children’s Library,charity_used_bookshop,runtime_gap_bridge_web_2026_05_03_pass142_oman_secondhand_classifieds_hardening,high,"Oman Avenues Mall charity library/bookshop seam selling donated/pre-loved secondhand books, with child-library/charity framing; secondhand store/literacy layer, not open marketplace.",used-bookseller,oman_lets_read_charity_book_shop_childrens_library
Oman,Gulf / Arabian Peninsula,offline / fair / literacy layer,Muscat International Book Fair,institution,gulf oman pass1,high,"National-scale fair/literacy institution with official search/map/app infrastructure; 2026 edition was postponed rather than canceled outright, which still confirms major book-fair infrastructure in Oman.",supporting,oman::muscat_international_book_fair
Oman,Gulf / Arabian Peninsula,annex / classifieds,OpenSooq Oman — Books & Magazines,platform_category,runtime_gap_bridge_web_2026_05_03_pass142_oman_secondhand_classifieds_hardening,high,"Oman-wide horizontal classifieds books category advertising thousands of new, used, and rare novels/textbooks/children’s books; useful resale spillover, not book-specific strict marketplace infrastructure.",supporting,oman_opensooq_books_magazines
Oman,Gulf / Arabian Peninsula,weak-fit core,Ubuy Oman Books,import_retail_category,runtime_gap_bridge_web_2026_05_03_pass142_oman_secondhand_classifieds_hardening,medium,"Oman-facing online/import retail book category with broad book selection; weak-fit commerce rail, not used/recommerce or seller-marketplace infrastructure.",secondary,oman_ubuy_books
Oman,MENA / West Asia hardening,annex / classifieds,dubizzle Oman — Used Books,site,mena_west_asia_hardening_web_pass57,high,Used-books classified category on horizontal marketplace; annex only.,supporting,oman::dubizzle_oman_used_books
Oman,Gulf / Arabian Peninsula,annex / classifieds,dubizzle Oman — books in Muscat,site,gulf oman pass1,medium,Horizontal classifieds spillover with a live Muscat books category and dozens of active used-book listings; supports a real second-hand seam without proving a specialist used-book marketplace.,supporting,oman::dubizzle_books
Panama,Central America,main universe,CompartirLibros,site,latest explicit Panama cut in imported prior transcript,high,Coverage matrix had Panama in weak-fit; later imported transcript explicitly promoted CompartirLibros to main universe.,primary,panama::compartirlibros
Panama,Central America,weak-fit core,CompartirLibros,site,country_coverage_matrix,high,Explicit weak-fit core in checkpoint matrix.,secondary,panama::compartirlibros
Panama,Central America,offline / fair / literacy layer,FIL Panamá,site,consolidated_matrix_2026_04_15,medium,informal/event-driven,primary,panama::fil panamá
Panama,Central America,annex / classifieds,Mercado Libre PA,site,consolidated_matrix_2026_04_15,medium,informal/event-driven,primary,panama::mercado libre pa
Panama,Central America,annex / classifieds,Okdatos,site,consolidated_matrix_2026_04_15,medium,informal/event-driven,primary,panama::okdatos
Panama,Central America,offline / fair / literacy layer,Salsipuedes,site,consolidated_matrix_2026_04_15,medium,informal/event-driven,primary,panama::salsipuedes
Panama,Central America,offline / fair / literacy layer,swaps,site,consolidated_matrix_2026_04_15,medium,informal/event-driven,primary,panama::swaps
Panama,Central America,single-store used / bookstore signal,weak web-visible used-store layer,site,consolidated_matrix_2026_04_15,medium,informal/event-driven,primary,panama::weak web-visible used-store layer
Peru,South America,weak-fit core,BookClass,site,prior_transcript_explicit,high,Explicit weak-fit core in bundled prior transcript.,primary,peru::bookclass
Peru,South America,main universe,Buscalibre Perú,site,latest explicit Peru cut in imported prior transcript,high,Recovered from latest explicit Peru cut in imported prior transcript; exact rationale text was not preserved in the prior artifact surface.,primary,peru::buscalibre perú
Philippines,Southeast Asia,single-store used booksellers,Biblio,site,pass200_philippines_recon_live_backfill,high,"Backfilled current site: Biblio presents as purveyor/specialty store of pre-owned books/gifts/merchandise in the Philippines; operator store, not marketplace.",primary,philippines::biblio
Philippines,Southeast Asia,single-store used booksellers,Bookchigo,site,pass200_philippines_recon_live_backfill,high,"Backfilled current site: books by weight / books-per-kilo imported/pre-loved stock; operator warehouse/store and Shopee presence, not third-party marketplace.",primary,philippines::bookchigo
Philippines,Southeast Asia,single-store used booksellers,Books for Less,site,pass200_philippines_recon_live_backfill,high,"Backfilled current site: sells quality used books in the Philippines; store/chain/operator with Shopee/Lazada/live-selling channels, not open marketplace.",primary,philippines::books for less
Philippines,Southeast Asia,single-store used booksellers,Booksale,site,pass200_philippines_recon_live_backfill,medium-high,"Backfilled current social/official surface for Booksale used-book chain/warehouse/shop layer; operator store, not marketplace.",primary,philippines::booksale
Philippines,Southeast Asia,weak-fit core,Bookshelf PH,site,pass200_philippines_recon_live_backfill,medium-high,"Hardened as consignment/merchant marketplace for Philippine/local books and publishers/authors/booksellers, but not primarily used-book recommerce.",primary,philippines::bookshelf ph
Philippines,Southeast Asia,annex / classifieds,Carousell Philippines,site,pass200_philippines_recon_live_backfill,high,Backfilled horizontal classifieds marketplace with large new/preloved books category; not book-specific strict-main.,primary,philippines::carousell philippines
Philippines,Southeast Asia,main universe,Chapters,site,pass201_philippines_targeted_hardening,high,"Pass201 hardened: official site says Chapters is a Philippines community for pre-loved books where users can buy, sell, or donate; search-visible seller/shop path and third-party user report show individual shop pages, small-scale declutterer/self-published author use, one sale, and seller-side GCash payment. Classify as current book-specific P2P/direct-seller marketplace; managed escrow/checkout not verified; no ISBN values captured in checked public renders.",primary,philippines::chapters
Poland,Baltics/CEE,weak-fit core,Empik Marketplace,site,raw_continuation_transcript,high,Explicit weak-fit core in raw continuation transcript.,primary,poland::empik marketplace
Poland,Baltics/CEE,main universe,SkupSzop,site,pass148_cee_baltics_new_region_sprint,high,Added pass148. SkupSzop is an operator-managed Polish book recommerce portal combining online book buyback with sale of new and used books; official source describes ISBN scan/input for selling and daily used-book drops. Strict/main operator-managed recommerce candidate.,primary,poland::skupszop
Poland,Baltics/CEE,main universe,Tezeusz,site,raw_continuation_transcript; pass148_cee_baltics_new_region_sprint,high,"Pass148 promotion. Current Tezeusz source says it buys books from private persons, institutions, companies, and libraries, with a self-service sale/valuation path via skupksiazek.pl; operator-managed book buyback + resale now fits strict/main recommerce rather than generic weak-fit.",primary,poland::tezeusz
Portugal,Iberia,offline / fair / literacy layer,445 municipal libraries in RNBP,public_library_infrastructure,runtime_gap_bridge_web_2026_05_06_pass183_portugal_hardening,high,Pass183 hardening: retained as Portuguese public-library/literacy infrastructure context only; not a recommerce marketplace.,primary,portugal::445 municipal libraries in rnbp
Portugal,Iberia,single-store used booksellers,Alfarrabista.com,online_alfarrabista_used_rare_books,runtime_gap_bridge_web_2026_05_06_pass183_portugal_hardening,high,Pass183 Portugal hardening: online alfarrabista selling rare/old/used books with ecommerce/cart mechanics; single-store/operator layer.,primary,portugal::alfarrabista.com
Portugal,Iberia,single-store bookstore layer,Almedina,book_retailer_chain,runtime_gap_bridge_web_2026_05_06_pass183_portugal_hardening,high,Pass183 hardening: Portuguese book retailer/catalogue layer; no open third-party used-book marketplace mechanics confirmed in this pass.,primary,portugal::almedina
Portugal,Iberia,single-store bookstore layer,Bertrand,book_retailer_chain,runtime_gap_bridge_web_2026_05_06_pass183_portugal_hardening,high,Pass183 hardening: Portuguese book retailer/catalogue layer; no open third-party used-book marketplace mechanics confirmed in this pass.,primary,portugal::bertrand
Portugal,Iberia,single-store used booksellers,Bokay Livraria Alfarrabista,online_alfarrabista_used_rare_books,runtime_gap_bridge_web_2026_05_06_pass183_portugal_hardening,medium-high,"Pass183 Portugal hardening: online Portuguese alfarrabista advertising thousands of used, old, rare and out-of-print books; single-store/operator layer.",primary,portugal::bokay livraria alfarrabista
Portugal,Iberia,legacy / closed marketplace,Book in Loop,legacy_used_textbook_operator_platform,runtime_gap_bridge_web_2026_05_06_pass183_portugal_hardening,high,"Pass183 Portugal correction: Book in Loop was a Portuguese used-schoolbook buy/sell/reuse platform, but its current official page says the Book in Loop chapter has closed; preserve as legacy/closed, not active.",primary,portugal::book in loop
Portugal,Iberia,annex / classifieds,CustoJusto — Livros,horizontal_classifieds_books_category,runtime_gap_bridge_web_2026_05_06_pass183_portugal_hardening,high,"Pass183 Portugal hardening: CustoJusto exposes a large Portugal books category with private and professional sellers; horizontal classifieds annex, not book-first strict/main.",primary,portugal::custojusto — livros
Portugal,Iberia,single-store used booksellers,Ecolivros.pt,operator_used_bookstore_online_auction_surface,runtime_gap_bridge_web_2026_05_06_pass183_portugal_hardening,medium-high,"Pass183 Portugal hardening: online/physical used-book operator with shop, auctions, donation/sell intake, and terms identifying transactions between Ecolivros and clients; store/operator layer, not open third-party marketplace.",primary,portugal::ecolivros.pt
Portugal,Iberia,single-store used booksellers,Esconderijo dos Livros,online_alfarrabista_used_bookstore,runtime_gap_bridge_web_2026_05_06_pass183_portugal_hardening,high,"Pass183 Portugal hardening: online Portuguese alfarrabista/used-bookstore with secure cart, used-book catalogue and no physical public store; single-store/operator layer.",primary,portugal::esconderijo dos livros
Portugal,Iberia,weak-fit core,FNAC Marketplace,retailer_hosted_marketplace_books_surface,runtime_gap_bridge_web_2026_05_06_pass183_portugal_hardening,medium-high,"Pass183 hardening: Fnac Portugal marketplace exposes certified seller marketplace mechanics and book/category marketplace context, but retailer-hosted and broader than books; weak-fit core, not strict/main.",primary,portugal::fnac marketplace
Portugal,Iberia,annex / classifieds,Facebook Marketplace Portugal — Books,social_horizontal_marketplace_books_category,runtime_gap_bridge_web_2026_05_06_pass183_portugal_hardening,medium,"Pass183 Portugal hardening: Facebook Marketplace Portugal exposes new/used books for sale near users; social/horizontal annex, not book-first strict/main.",primary,portugal::facebook marketplace portugal — books
Portugal,Iberia,offline / fair / literacy layer,Feira de Alfarrabistas do Chiado / Rua da Anchieta,weekly_secondhand_antiquarian_book_fair,runtime_gap_bridge_web_2026_05_06_pass183_portugal_hardening,high,"Pass183 Portugal hardening: Lisbon weekly second-hand/rare-book fair at Rua da Anchieta/Chiado; offline antiquarian/used-book fair layer, not online marketplace.",primary,portugal::feira de alfarrabistas do chiado / rua da anchieta
Portugal,Iberia,offline / fair / literacy layer,Feira do Livro de Lisboa,national_book_fair_literacy_layer,runtime_gap_bridge_web_2026_05_06_pass183_portugal_hardening,high,Pass183 hardening: retained as major national book fair/literacy infrastructure; not a used-book marketplace.,primary,portugal::feira do livro de lisboa
Portugal,Iberia,single-store bookstore layer,Ler Devagar,independent_bookstore_cultural_layer,runtime_gap_bridge_web_2026_05_06_pass183_portugal_hardening,high,Pass183 hardening: Lisbon independent bookstore/cultural venue layer; not an online used-book recommerce marketplace.,primary,portugal::ler devagar
Portugal,Iberia,single-store used booksellers,Livraria Alfarrabista Manuel Ferreira,antiquarian_bookseller_auction_layer,runtime_gap_bridge_web_2026_05_06_pass183_portugal_hardening,high,Pass183 Portugal hardening: Porto antiquarian bookseller active since 1959 with rare/old book and auction/catalogue evidence; single-store/dealer layer.,primary,portugal::livraria alfarrabista manuel ferreira
Portugal,Iberia,single-store used booksellers,Livraria Miguel de Carvalho,coimbra_antiquarian_bookstore_catalogue,runtime_gap_bridge_web_2026_05_06_pass183_portugal_hardening,high,"Pass183 Portugal hardening: Coimbra antiquarian bookstore with >76,000 old/rare/out-of-circulation books in catalogue; single-store/dealer layer.",primary,portugal::livraria miguel de carvalho
Portugal,Iberia,single-store used booksellers,Livraria Trindade,lisbon_antiquarian_used_rare_bookstore,runtime_gap_bridge_web_2026_05_06_pass183_portugal_hardening,high,Pass183 Portugal hardening: Lisbon alfarrabista/rare-old-out-of-print bookstore with online shop and book-acquisition services; single-store layer.,primary,portugal::livraria trindade
Portugal,Iberia,annex / classifieds,OLX Portugal,horizontal_classifieds_books_category,runtime_gap_bridge_web_2026_05_06_pass183_portugal_hardening,high,"Pass183 hardening: OLX Portugal exposes a books/magazines category and used-book queries; horizontal classifieds annex, not book-first strict/main.",primary,portugal::olx portugal
Portugal,Iberia,offline / fair / literacy layer,PNL2027,national_reading_literacy_program,runtime_gap_bridge_web_2026_05_06_pass183_portugal_hardening,high,Pass183 hardening: retained as national reading/literacy program context only; not a marketplace.,primary,portugal::pnl2027
Portugal,Iberia,offline / fair / literacy layer,Salão do Livro Antigo — Coimbra/Porto seam,antiquarian_book_fair_series,runtime_gap_bridge_web_2026_05_06_pass183_portugal_hardening,medium-high,"Pass183 Portugal hardening: current/recent antiquarian-book fair seam in Portugal; offline fair layer for later event-level enrichment, not marketplace.",primary,portugal::salão do livro antigo — coimbra/porto seam
Portugal,Iberia,main universe,Trade Stories,native_c2c_used_book_marketplace,runtime_gap_bridge_web_2026_05_06_pass183_portugal_hardening,high,Pass183 hardening: Portugal-native book-only used-book marketplace for buying/selling used books; homepage exposes large active inventory/sold counts and book-only sale rules.,primary,portugal::trade stories
Portugal,Iberia,weak-fit core,WOOK,book_retailer_hosted_marketplace_secondhand_surface,runtime_gap_bridge_web_2026_05_06_pass183_portugal_hardening,medium-high,Pass183 hardening: WOOK has a Portugal bookseller/marketplace seller-registration surface and marketplace book-product handling; retailer-hosted weak-fit rather than independent strict/main.,primary,portugal::wook
Puerto Rico,Caribbean,offline / fair / literacy layer,Biblioteca Nacional,site,consolidated_matrix_2026_04_15,medium,"high overall book infrastructure, low specialist-platform depth",primary,puerto rico::biblioteca nacional
Puerto Rico,Caribbean,single-store used / bookstore signal,Casa Norberto,site,consolidated_matrix_2026_04_15,medium,"high overall book infrastructure, low specialist-platform depth",primary,puerto rico::casa norberto
Puerto Rico,Caribbean,annex / classifieds,ClasificadosOnline,site,consolidated_matrix_2026_04_15,medium,"high overall book infrastructure, low specialist-platform depth",primary,puerto rico::clasificadosonline
Puerto Rico,Caribbean,single-store used / bookstore signal,Laberinto,site,consolidated_matrix_2026_04_15,medium,"high overall book infrastructure, low specialist-platform depth",primary,puerto rico::laberinto
Puerto Rico,Caribbean,offline / fair / literacy layer,multiple fairs,site,consolidated_matrix_2026_04_15,medium,"high overall book infrastructure, low specialist-platform depth",primary,puerto rico::multiple fairs
Puerto Rico,Caribbean,annex / classifieds,others,site,consolidated_matrix_2026_04_15,medium,"high overall book infrastructure, low specialist-platform depth",primary,puerto rico::others
Puerto Rico,Caribbean,single-store used / bookstore signal,real used-book shops,site,consolidated_matrix_2026_04_15,medium,"high overall book infrastructure, low specialist-platform depth",primary,puerto rico::real used-book shops
Qatar,Gulf / Arabian Peninsula,weak-fit core,Alif Stores,site,gulf qatar pass1,high,"Qatar-based knowledge hub and ecommerce bookstore/lifestyle retailer that explicitly describes itself as housing the biggest bookstore in the State of Qatar and offering online shopping with books among 25,000+ products; strong local core rail even if not book-only.",primary,qatar::alif stores
Qatar,Gulf / Arabian Peninsula,weak-fit core,Crescent Bookshop,site,gulf qatar pass1,high,"Native Qatar bookstore/distributor with its own ecommerce storefront, category depth, and explicit positioning as a leading distributor of books from the UK, USA, Malaysia, and India; strong local corroborating rail.",secondary,qatar::crescent bookshop
Qatar,MENA / West Asia hardening,annex / classifieds,"Doha Books Sell, Swap or Buy",site,mena_west_asia_hardening_web_pass57,medium,Book-specific Doha social exchange/sale group; annex social rail.,supporting,qatar::doha_books_sell_swap_or_buy
Qatar,Gulf / Arabian Peninsula,offline / fair / literacy layer,Doha International Book Fair,institution,gulf qatar pass1,high,"Official long-running national book-fair infrastructure under Qatar's Ministry of Culture; the 35th edition is scheduled for May 14–23, 2026, reinforcing Qatar's strong fair/literacy layer.",supporting,qatar::doha international book fair
Qatar,Gulf / Arabian Peninsula,single-store bookstore layer,Edumart Bookshop,site,gulf qatar pass1,medium,Concrete Doha bookstore-layer anchor with fixed location and broad books/stationery/educational stock; useful confirmation of a real neighborhood bookstore substrate beyond the larger rails.,supporting,qatar::edumart bookshop
Qatar,Gulf / Arabian Peninsula,single-store bookstore layer,Ibn AlQayyim Bookstore,site,gulf qatar pass1,medium,"Concrete Doha bookstore-layer anchor with long-running local presence, bookstore/stationery identity, and directory-confirmed ecommerce/delivery language; retained in store layer because books are only part of a broader retail mix.",supporting,qatar::ibn alqayyim bookstore
Qatar,Gulf / Arabian Peninsula,weak-fit core,Jarir Bookstore Qatar,site,gulf qatar pass1,high,"Verified Qatar-facing online book rail with dedicated English and Arabic book sections, live priced inventory, and Qatar delivery/support language; strongest current chain-style generalist book-commerce spine in the pass.",primary,qatar::jarir bookstore qatar
Qatar,Gulf / Arabian Peninsula,annex / classifieds,Mzad Qatar — books & stationery,site,gulf qatar pass1,medium,Horizontal classifieds spillover with a live national books & stationery category and current used-book listings across Doha and Al Wakra; supports a real second-hand seam without proving a specialist book-first marketplace.,supporting,qatar::mzad qatar books
Qatar,MENA / West Asia hardening,annex / classifieds,The Biggest Market of Books in Qatar,site,mena_west_asia_hardening_web_pass57,medium,"Social group explicitly for buying, selling and exchanging used/second-hand books, CDs and DVDs in Qatar; annex only.",supporting,qatar::the_biggest_market_of_books_in_qatar
Qatar,MENA / West Asia hardening,weak-fit core,Ubuy Qatar — Pre-owned books,site,mena_west_asia_hardening_web_pass57,low,"Pre-owned books e-commerce category; weak/import layer, not local resale platform proof.",supporting,qatar::ubuy_qatar_pre_owned_books
Qatar,Gulf / Arabian Peninsula,weak-fit core,Virgin Megastore Qatar — books,site,gulf qatar pass1,high,"Verified Qatar-facing online bookshop with fiction, non-fiction, kids & teens, Arabic, Islamic, French, and comics/manga lanes plus live priced inventory; meaningful broader retail-book rail rather than a token books shelf.",secondary,qatar::virgin megastore qatar books
Qatar,MENA / West Asia hardening,annex / classifieds,dubizzle Qatar — Used Books,site,mena_west_asia_hardening_web_pass57,high,Used-books classified category on horizontal marketplace; annex only.,supporting,qatar::dubizzle_qatar_used_books
Republic of Congo,Central Africa / West-Central Africa,single-store bookstore layer,Brazzaville Francophone bookstore cluster,bookstore_directory_cluster,runtime_gap_bridge_web_2026_04_25_central_africa_marketplace_sprint,medium,"Local guide lists Les Manguiers, L’Harmattan, BUKU, CNRA and other Brazzaville bookstore points.",supporting,republic_of_congo_brazzaville_francophone_bookstore_cluster
Republic of Congo,Central Africa / West-Central Africa,offline fair/literacy layer,Brazzaville librairies par terre / used-book street market,offline_used_book_market,runtime_gap_bridge_web_2026_04_25_central_africa_marketplace_sprint,medium-high,"Local reporting says Brazzaville used-book/street book market is more important than traditional bookstore sales; 2025 reporting confirms a continuing chain of used-book venues and reader preference for livres d’occasion; offline market signal, not online marketplace.",supporting,republic_of_congo_brazzaville_librairies_par_terre_used_book_street_market
Republic of Congo,Central Africa / West-Central Africa,annex / classifieds,"CoinAfrique Congo DVDs, CDs & Livres",general_classifieds_books_category,runtime_gap_bridge_web_2026_04_25_central_africa_marketplace_sprint,medium,Congo-Brazzaville CoinAfrique category exposes DVDs/CDs/books classifieds with recent listings and city filters.,supporting,republic_of_congo_coinafrique_congo_dvds_cds_livres
Republic of Congo,Central Africa / West-Central Africa,offline fair/literacy layer,Congo librairies d’occasion / librairies par terre,offline_used_book_market,runtime_gap_bridge_web_2026_04_25_central_africa_marketplace_sprint,medium,Older CongoPage piece documents used-book sellers/librairies d’occasion in Congo; offline used-book ecosystem signal.,supporting,republic_of_congo_congo_librairies_doccasion_librairies_par_terre
Republic of Congo,Central Africa / West-Central Africa,annex / classifieds,Facebook Marketplace Brazzaville,social_marketplace_local_surface,runtime_gap_bridge_web_2026_04_25_central_africa_marketplace_sprint,medium-low,Facebook Marketplace local buy/sell surface for Brazzaville with item-level book/media listings; social marketplace only.,supporting,republic_of_congo_facebook_marketplace_brazzaville
Republic of Congo,Central Africa / West-Central Africa,annex / classifieds,Facebook Marketplace Brazzaville book/e-book items,social_marketplace_book_items,runtime_gap_bridge_web_2026_04_25_central_africa_marketplace_sprint,low,Item-level book/e-book listings in Brazzaville; confirms resale/listing activity but no book-dominant rail.,supporting,republic_of_congo_facebook_marketplace_brazzaville_book_e_book_items
Republic of Congo,Central Africa / West-Central Africa,single-store bookstore layer,Harmattan Congo-Brazzaville,publisher_bookstore_library_layer,rbm_pass105_republic_of_congo_current_status_hardening,medium-high,"Official Congo-Brazzaville Harmattan surface confirms an editions-librairie-bibliothèque/publisher-bookstore layer with print and digital catalogue evidence; important current bookstore/publishing infrastructure, but not a used-book or third-party marketplace rail.",supporting,republic_of_congo_harmattan_congo_brazzaville
Republic of Congo,Central Africa / West-Central Africa,single-store used bookstore signal,Librairie BUKU Brazzaville,bookstore_brocante_signal,runtime_gap_bridge_web_2026_04_25_central_africa_marketplace_sprint,medium,Brazzaville librairie/papeterie/brocante/carterie with current page/directory evidence; used-book/brocante signal but not online marketplace.,supporting,republic_of_congo_librairie_buku_brazzaville
Republic of Congo,Central Africa / West-Central Africa,single-store bookstore layer,Librairie Paillet / La Coupole / Dépêches bookstore cluster,bookstore_directory_cluster,runtime_gap_bridge_web_2026_04_25_central_africa_marketplace_sprint,medium,"Petit Futé lists major Congo-Brazzaville bookstores including Paillet, La Coupole, and Les Dépêches; bookstore layer only.",supporting,republic_of_congo_librairie_paillet_la_coupole_depeches_bookstore_cluster
Republic of Congo,Central Africa / West-Central Africa,single-store used bookseller,Librairie en ligne de Brazzaville,single_store_used_bookseller,runtime_gap_bridge_web_2026_04_25_central_africa_marketplace_sprint,medium-high,"Social-page online bookstore selling used law books with delivery in Brazzaville and shipment beyond; current about/catalog evidence confirms livres de droit d’occasion, home/work delivery from 1000 FCFA, WhatsApp catalogue additions, and shipment beyond Brazzaville; single-store used seller, not marketplace.",supporting,republic_of_congo_librairie_en_ligne_de_brazzaville
Republic of Congo,Central Africa / West-Central Africa,annex / classifieds,Marketplace Congo social group,general_social_marketplace,runtime_gap_bridge_web_2026_04_25_central_africa_marketplace_sprint,low,General Congo social marketplace group; no book-dominant evidence in this pass.,supporting,republic_of_congo_marketplace_congo_social_group
Romania,CEE/Balkans,weak-fit core,Cărturești,site,pass204_romania_recon_surface_rebuild,high,Backfilled in pass204: major Romanian book retailer/current ecommerce surface. Useful market context but no used-book recommerce/third-party seller mechanics verified.,primary,romania::cărturești
Romania,CEE/Balkans,weak-fit core,Elefant,site,pass204_romania_recon_surface_rebuild,high,Backfilled in pass204: broad Romanian online retailer/book retailer. Useful book-commerce context but not used-book marketplace evidence.,primary,romania::elefant
Romania,CEE/Balkans,weak-fit core,Libris,site,pass204_romania_recon_surface_rebuild,high,Backfilled in pass204: major Romanian online bookstore. Useful book-commerce context but not used-book marketplace evidence.,primary,romania::libris
Romania,CEE/Balkans,single-store used booksellers,PrintreCarti.ro,site,pass204_romania_recon_surface_rebuild,high,"Rehardened in pass204: online antiquarian store with current product/cart listings and 200,000+ books in stock; operator inventory only, not third-party marketplace.",supporting,romania::printrecarti.ro
Romania,CEE/Balkans,single-store used booksellers,TargulCartii.ro,site,pass204_romania_recon_surface_rebuild,high,"Rehardened in pass204: Romanian online anticariat with old/new books and separate buyback/donation intake; operator inventory/buyback only, not third-party marketplace.",supporting,romania::targulcartii.ro
Rwanda,Great Lakes / East Africa,annex / classifieds,Affordable books for sale in Kigali,book_sale_social_group,runtime_gap_bridge_web_2026_04_25_east_africa_horn_sprint,medium,Rwanda-local social book sale posts; useful resale/discovery rail but not platform-level marketplace.,supporting,rwanda_affordable_books_for_sale_in_kigali
Rwanda,Great Lakes / East Africa,single-store bookstore layer,Kigali Book Shop,local_author_online_bookshop,runtime_gap_bridge_web_2026_04_25_east_africa_horn_sprint,medium,Rwanda-focused online bookstore for hard copies and ebooks by Rwandan authors; not used or marketplace rail.,supporting,rwanda_kigali_book_shop
Rwanda,Great Lakes / East Africa,single-store bookstore layer,Kigali Bookstore,local_online_bookstore,runtime_gap_bridge_web_2026_04_25_east_africa_horn_sprint,medium,Kigali online bookstore with product/order surface; ordinary retail layer.,supporting,rwanda_kigali_bookstore
Rwanda,Great Lakes / East Africa,weak-fit core,KigaliLife classifieds,general_classifieds_marketplace,runtime_gap_bridge_web_2026_04_25_east_africa_horn_sprint,low-medium,General Kigali classifieds/buy-sell surface; book-specific evidence weak in this pass.,supporting,rwanda_kigalilife_classifieds
Rwanda,Great Lakes / East Africa,single-store bookstore layer,Librairie Caritas online book request,local_bookstore_request_surface,runtime_gap_bridge_web_2026_04_25_east_africa_horn_sprint,medium,Kigali bookstore with online book-request system; bookstore/order layer only.,supporting,rwanda_librairie_caritas_online_book_request
Rwanda,Great Lakes / East Africa,single-store bookstore layer,Librairie Ikirezi Bookshop,local_bookstore_online_surface,runtime_gap_bridge_web_2026_04_25_east_africa_horn_sprint,high,Established Kigali bookstore with online/contact surface and broad Rwanda/Africa catalogue; bookstore layer only.,supporting,rwanda_librairie_ikirezi_bookshop
Rwanda,Great Lakes / East Africa,single-store used bookseller,Patchwork Used Books Kigali,used_bookstore_buy_trade,runtime_gap_bridge_web_2026_04_25_east_africa_horn_sprint,medium-high,"Kigali secondhand bookshop signal with buy/trade framing; important used-book layer but single-store, not marketplace.",supporting,rwanda_patchwork_used_books_kigali
Rwanda,Great Lakes / East Africa,weak-fit core,Ubuy Rwanda Books,import_ecommerce_book_category,runtime_gap_bridge_web_2026_04_25_east_africa_horn_sprint,medium,"Country-localized import ecommerce book category; ordinary retail/import, not used/recommerce marketplace.",supporting,rwanda_ubuy_rwanda_books
Réunion,Indian Ocean / Réunion,single-store used bookseller,Bourbonlivre.com,used_antiquarian_book_ecommerce_single_operator,runtime_gap_bridge_web_2026_05_03_pass134_reunion_hardening,high,"Réunion/Indian Ocean used-book ecommerce site: describes itself as a site de vente de livres d’occasion, exposes account/cart/wishlist/buy-now/question flows, topical regional categories, prices, add-to-cart, and a rachat de vos livres anciens path. Strong book-specific used/antiquarian ecommerce, but appears single-operator rather than third-party marketplace.",supporting,reunion_bourbonlivre_used_antiquarian_ecommerce
Réunion,Indian Ocean / Réunion,annex / horizontal secondhand retail,Cash Converters Réunion — Livres d’occasion,horizontal_secondhand_chain_book_category,runtime_gap_bridge_web_2026_05_03_pass134_reunion_hardening,medium-high,"Cash Converters Réunion has a dedicated livres category under produits culturels, with buy flow, payment/security/service pages and explicit revendre vos anciens livres language. Useful local secondhand retail/recommerce signal, but horizontal chain retail, not book-specific marketplace.",supporting,reunion_cash_converters_livres_doccasion
Réunion,Indian Ocean / Réunion,single-store used bookstore signal,Ellipsis Bookstore — Le Tampon,used_bookstore_social_profile,runtime_gap_bridge_web_2026_05_03_pass134_reunion_hardening,medium-high,"Le Tampon librairie d’occasion with current Facebook/Instagram/directory traces, used-book positioning and regular new-arrival language. Single-store/social bookstore signal only.",supporting,reunion_ellipsis_bookstore_le_tampon
Réunion,Indian Ocean / Réunion,annex / classifieds,Facebook Marketplace Réunion book listings,social_marketplace_book_items,runtime_gap_bridge_web_2026_04_25_lusophone_indian_ocean_sprint,low-medium,Item-level Facebook Marketplace book listings in Réunion; social/classifieds rail only.,supporting,reunion_facebook_marketplace_reunion_book_listings
Réunion,Indian Ocean / Réunion,offline fair/literacy layer,La Réunion des Livres,book_trade_association_literary_infrastructure,runtime_gap_bridge_web_2026_04_25_lusophone_indian_ocean_sprint,medium,Interprofessional book-sector association for Réunion; ecosystem/institutional layer only.,supporting,reunion_la_reunion_des_livres
Réunion,Indian Ocean / Réunion,annex / classifieds,La foire aux livres 974,book_specific_social_resale_group,runtime_gap_bridge_web_2026_04_25_lusophone_indian_ocean_sprint,medium,Book-sale/search social group for Réunion; useful resale signal but not standalone marketplace.,supporting,reunion_la_foire_aux_livres_974
Réunion,Indian Ocean / Réunion,single-store used bookseller,Livres d’occasion 974,used_book_social_seller,runtime_gap_bridge_web_2026_04_25_lusophone_indian_ocean_sprint,medium,Social used-book seller states unsold books are later put on Facebook Marketplace profile; single-seller used-book row.,supporting,reunion_livres_doccasion_974
Réunion,Indian Ocean / Réunion,annex / classifieds,"Livres à échanger, partager ou à vendre 974",book_specific_social_exchange_sale_group,runtime_gap_bridge_web_2026_04_25_lusophone_indian_ocean_sprint,medium,"Book-specific Réunion social group for exchanging, sharing, or selling books.",supporting,reunion_livres_a_echanger_partager_ou_a_vendre_974
Réunion,Indian Ocean / Réunion,single-store used bookstore signal,L’Accent du Sud / Bouquinerie Terre Sainte,used_bookstore_social_directory_profile,runtime_gap_bridge_web_2026_05_03_pass134_reunion_hardening,medium-high,"Saint-Pierre used bookstore / librairie d’occasion with social and directory profiles; directory profile notes used products and delivery, while social snippets describe broad used-book stock. Single-store/offline used-book signal only.",supporting,reunion_laccent_du_sud_bouquinerie_terre_sainte
Réunion,Indian Ocean / Réunion,annex / classifieds,ParuVendu Réunion livres et BD,horizontal_classifieds_book_category,runtime_gap_bridge_web_2026_05_03_pass134_reunion_hardening,medium,"ParuVendu Réunion has livres/BD item listings with prices, item descriptions and local Réunion locations. Horizontal classifieds spillover only.",supporting,reunion_paruvendu_livres_bd
Réunion,Indian Ocean / Réunion,weak-fit book retail shadow,Sète à Lire,discount_new_book_retail_local_ecommerce,runtime_gap_bridge_web_2026_05_03_pass134_reunion_hardening,medium,"Réunion-local discounted new-book retailer/ecommerce surface with account/cart, prices, broad children/adult book inventory and delivery in 3 working days. Important local book-access infrastructure but explicitly new/discount books, not used-book recommerce.",supporting,reunion_sete_a_lire_discount_new_books
Réunion,Indian Ocean / Réunion,annex / classifieds,Vente de Livres 974,book_specific_social_sale_group,runtime_gap_bridge_web_2026_04_25_lusophone_indian_ocean_sprint,medium,Book-specific social sale group for Réunion; social rail only.,supporting,reunion_vente_de_livres_974
Réunion,Indian Ocean / Réunion,weak-fit core,leboncoin Réunion livres d’occasion,large_general_marketplace_used_book_category,runtime_gap_bridge_web_2026_04_25_lusophone_indian_ocean_sprint; runtime_gap_bridge_web_2026_05_03_pass134_reunion_hardening,high,"Fresh direct leboncoin Réunion category check shows a very high-volume used-books vertical (23k+ listings) with local city/location fields, seller names, condition, price and delivery indicators. Major recommerce rail but general marketplace, so not strict book-specific core.",supporting,reunion_leboncoin_reunion_livres_doccasion
Saba,Caribbean,offline / fair / literacy layer,Book Week,site,consolidated_matrix_2026_04_15,medium,very thin marketplace depth,primary,saba::book week
Saba,Caribbean,offline / fair / literacy layer,Queen Wilhelmina Library,site,consolidated_matrix_2026_04_15,medium,very thin marketplace depth,primary,saba::queen wilhelmina library
Saba,Caribbean,annex / classifieds,Saba News Classifieds,site,consolidated_matrix_2026_04_15,medium,very thin marketplace depth,primary,saba::saba news classifieds
Saba,Caribbean,single-store used / bookstore signal,extremely thin retail/resale layer,site,consolidated_matrix_2026_04_15,medium,very thin marketplace depth,primary,saba::extremely thin retail/resale layer
Saint-Barthélemy,Caribbean,single-store used / bookstore signal,Barnes,site,consolidated_matrix_2026_04_15,medium,very weak specialist marketplace depth; meaningful bookstore + library + festival + exchange infrastructure,primary,saint-barthélemy::barnes
Saint-Barthélemy,Caribbean,offline / fair / literacy layer,Bibliothèque Territoriale,site,consolidated_matrix_2026_04_15,medium,very weak specialist marketplace depth; meaningful bookstore + library + festival + exchange infrastructure,primary,saint-barthélemy::bibliothèque territoriale
Saint-Barthélemy,Caribbean,offline / fair / literacy layer,Bourse aux Livres,site,consolidated_matrix_2026_04_15,medium,very weak specialist marketplace depth; meaningful bookstore + library + festival + exchange infrastructure,primary,saint-barthélemy::bourse aux livres
Saint-Barthélemy,Caribbean,annex / classifieds,Cyphoma,site,consolidated_matrix_2026_04_15,medium,very weak specialist marketplace depth; meaningful bookstore + library + festival + exchange infrastructure,primary,saint-barthélemy::cyphoma
Saint-Barthélemy,Caribbean,single-store used / bookstore signal,La Case aux Livres,site,consolidated_matrix_2026_04_15,medium,very weak specialist marketplace depth; meaningful bookstore + library + festival + exchange infrastructure,primary,saint-barthélemy::la case aux livres
Saint-Barthélemy,Caribbean,offline / fair / literacy layer,Saint-B'Art festival layer,site,consolidated_matrix_2026_04_15,medium,very weak specialist marketplace depth; meaningful bookstore + library + festival + exchange infrastructure,primary,saint-barthélemy::saint-b'art festival layer
Saint-Barthélemy,Caribbean,annex / classifieds,local buy/sell channels,site,consolidated_matrix_2026_04_15,medium,very weak specialist marketplace depth; meaningful bookstore + library + festival + exchange infrastructure,primary,saint-barthélemy::local buy/sell channels
Saint-Barthélemy,Caribbean,single-store used / bookstore signal,used-book signal mostly event/exchange rather than shop-based,site,consolidated_matrix_2026_04_15,medium,very weak specialist marketplace depth; meaningful bookstore + library + festival + exchange infrastructure,primary,saint-barthélemy::used-book signal mostly event/exchange rather than shop-based
Saint-Martin (French side),Caribbean,annex / classifieds,Cyphoma Saint-Martin,site,consolidated_matrix_2026_04_15,medium,no strong specialist marketplace depth; real bookstore layer; real classifieds annex; strong literary / fair / educational infrastructure,primary,saint-martin (french side)::cyphoma saint-martin
Saint-Martin (French side),Caribbean,offline / fair / literacy layer,Les Fruits de Mer distribution/education ecology,site,consolidated_matrix_2026_04_15,medium,no strong specialist marketplace depth; real bookstore layer; real classifieds annex; strong literary / fair / educational infrastructure,primary,saint-martin (french side)::les fruits de mer distribution/education ecology
Saint-Martin (French side),Caribbean,single-store used / bookstore signal,Librairie des Isles,site,consolidated_matrix_2026_04_15,medium,no strong specialist marketplace depth; real bookstore layer; real classifieds annex; strong literary / fair / educational infrastructure,primary,saint-martin (french side)::librairie des isles
Saint-Martin (French side),Caribbean,single-store used / bookstore signal,Librairie du Bord de Mer,site,consolidated_matrix_2026_04_15,medium,no strong specialist marketplace depth; real bookstore layer; real classifieds annex; strong literary / fair / educational infrastructure,primary,saint-martin (french side)::librairie du bord de mer
Saint-Martin (French side),Caribbean,offline / fair / literacy layer,St. Martin Book Fair,site,consolidated_matrix_2026_04_15,medium,no strong specialist marketplace depth; real bookstore layer; real classifieds annex; strong literary / fair / educational infrastructure,primary,saint-martin (french side)::st. martin book fair
Saint-Martin (French side),Caribbean,single-store used / bookstore signal,no clean used-book specialist verified,site,consolidated_matrix_2026_04_15,medium,no strong specialist marketplace depth; real bookstore layer; real classifieds annex; strong literary / fair / educational infrastructure,primary,saint-martin (french side)::no clean used-book specialist verified
San Marino,Central Mediterranean,offline / fair / literacy layer,Biblioteca di Stato e Beni Librari,site,live_web_resolution,high,National/state library and cultural-reading infrastructure for San Marino.,primary,san marino::biblioteca di stato e beni librari
San Marino,Central Mediterranean,single-store bookstore layer,Libreria Cosmo,site,live_web_resolution,high,"Online bookstore and physical bookshop in Borgo Maggiore, San Marino; exact bookstore-layer anchor.",primary,san marino::libreria cosmo
San Marino,Central Mediterranean,single-store used / bookstore signal,Libreria Cosmo — libri usati e in scambio,site,live_web_resolution,high,Cosmo explicitly offers used books and exchange service; retained below weak-fit as store-owned used-book signal.,primary,san marino::libreria cosmo — libri usati e in scambio
Senegal,West Africa,main universe,Bëgg Lire,site,runtime_gap_bridge_web_2026_04_25,high,Senegal book marketplace for buying and selling used and new books; sellers set prices and nationwide connection is claimed.,primary,senegal::b_gg_lire
Senegal,West Africa,annex / classifieds,"CoinAfrique Senegal — DVDs, CDs & Livres",platform_category,runtime_gap_bridge_web_2026_04_25,high,General Francophone classifieds rail with Senegal books/DVD/CD category; annex not book-dominant.,supporting,senegal::coinafrique_senegal_dvds_cds_livres
Senegal,West Africa,annex / classifieds,Jiji Senegal — Livres & Jeux,platform_category,runtime_gap_bridge_web_2026_04_25,high,General classifieds marketplace with books/games category and live book listings; annex resale/discovery rail.,supporting,senegal::jiji_senegal_livres_jeux
Senegal,West Africa,main universe,La Bouquinerie,site,runtime_gap_bridge_web_2026_04_25,high,Online purchase/sale bookstore for used books in Senegal; strong strict main-universe used-book rail.,primary,senegal::la_bouquinerie
Senegal,West Africa,single-store bookstore layer,Livres AU Sénégal,site,runtime_gap_bridge_web_2026_04_25,medium,Physical/digital African bookstore signal in Senegal; useful culture/bookstore layer but not strict resale marketplace.,supporting,senegal::livres_au_s_n_gal
Serbia,CEE/Balkans,annex / classifieds,"Facebook Marketplace Belgrade — Books, Movies & Music",social_horizontal_marketplace_books_category,runtime_gap_bridge_web_2026_05_06_pass190_serbia_targeted_hardening,medium,"Pass190 Serbia targeted hardening: Facebook Marketplace surface for new and used books/media near Belgrade; social/horizontal resale rail, not standalone book-specific marketplace.",targeted hardening row,"serbia::facebook_marketplace_belgrade__books,_movies_and_music"
Serbia,CEE/Balkans,annex / classifieds,Goglasi.com — Polovne knjige search,horizontal_classifieds_search_aggregator_books,runtime_gap_bridge_web_2026_05_06_pass190_serbia_targeted_hardening,medium-high,Pass190 Serbia targeted hardening: Serbia/Balkan horizontal classifieds/search aggregator exposing live used-book and textbook ads; useful annex texture but not book-first strict/main.,targeted hardening row,serbia::goglasi.com__polovne_knjige_search
Serbia,CEE/Balkans,annex / classifieds,Halo Oglasi — Knjige,horizontal_classifieds_book_category,live_web_pass149_zero_surface_opening,high,"Serbia classifieds surface whose Books category copy explicitly covers new and used books, school/university literature, comics, magazines, antiquarian books, delivery, cash-on-delivery, and in-person pickup. Annex/classifieds only; no book-specific marketplace promotion.",zero-surface opening row,serbia::halo_oglasi_knjige
Serbia,CEE/Balkans,offline / fair / literacy layer,International Belgrade Book Fair — Hall 4 gallery used/antiquarian books,offline_book_fair_used_antiquarian_gallery,runtime_gap_bridge_web_2026_05_06_pass190_serbia_targeted_hardening,high,Pass190 Serbia targeted hardening: Official Belgrade Book Fair Hall 4 gallery surface lists Serbian antiquarian/used-book exhibitors; official fair text also states the gallery is intended for sale of used and antiquarian books.,targeted hardening row,serbia::international_belgrade_book_fair__hall_4_gallery_used_antiquarian_books
Serbia,CEE/Balkans,single-store used bookseller,Knjiga na dlanu,bookstore,live_web_pass149_zero_surface_opening,high,"Serbia used-book online seller. Current public render says Polovne knjige - online prodaja and exposes search, order flow, newest listings, contact, and book-request surface. It is useful used-book commerce evidence but not an open marketplace/strict-main platform.",zero-surface opening row,serbia::knjiga_na_dlanu
Serbia,CEE/Balkans,weak-fit core,Knjizara.com — Antikvarnica,operator_managed_antiquarian_book_aggregation,runtime_gap_bridge_web_2026_05_06_pass190_serbia_targeted_hardening,high,"Pass190 Serbia targeted hardening: Serbia book-specific online antikvarnica aggregation: used, rare, antiquarian and out-of-print books from 450 private libraries and four antiquarian bookshops; operator-mediated ordering rather than open marketplace mechanics.",targeted hardening row,serbia::knjizara.com__antikvarnica
Serbia,CEE/Balkans,single-store used bookseller,Knjižara Antikvarnica / Antikvarne Knjige,bookstore,live_web_pass149_zero_surface_opening,high,"Serbia online antiquarian/used bookstore with cart/order flow, new-offer cadence, product pages, Beograd old/rare book signals, and prices in RSD. Single-store used-bookseller layer only, not open marketplace.",zero-surface opening row,serbia::antikvarne_knjige
Serbia,CEE/Balkans,single-store used bookseller,Knjižara Obradović / PolovneKnjige.rs,single_store_used_textbook_bookseller,runtime_gap_bridge_web_2026_05_06_pass190_serbia_targeted_hardening,medium-high,Pass190 Serbia targeted hardening: Serbia single-store/operator used-book and textbook seller; current search evidence shows a shop/catalogue surface for used books and textbooks.,targeted hardening row,serbia::knjižara_obradović__polovneknjige.rs
Serbia,CEE/Balkans,weak-fit core,Kupindo — Knjige,marketplace,live_web_pass149_zero_surface_opening,high,"Serbia horizontal marketplace with a dedicated Knjige/Books category and large book subcategory counts, including professional literature, fiction, children’s books, textbooks, and antiquarian books. Important Serbia book-commerce surface, but not promoted strict-main because it is horizontal rather than book-specific used-book marketplace infrastructure.",zero-surface opening row,serbia::kupindo_knjige
Serbia,CEE/Balkans,annex / classifieds,KupujemProdajem — Knjige,horizontal_classifieds_book_category,live_web_pass149_zero_surface_opening,high,"Serbia horizontal classifieds rail with a dedicated Books category, post-ad/login mechanics, 160,511 book ads in the checked render, and many book subcategories plus live item cards. Annex/classifieds only, not strict-main, because it is a general classifieds platform rather than book-specific recommerce.",zero-surface opening row,serbia::kupujemprodajem_knjige
Serbia,CEE/Balkans,single-store used bookseller,Kuća za sunce,single_store_used_antiquarian_bookseller,runtime_gap_bridge_web_2026_05_06_pass190_serbia_targeted_hardening,medium-high,"Pass190 Serbia targeted hardening: Serbia online sale and buyback surface for used and antiquarian books across literature, philosophy, comics, poetry and foreign-language material; treated as operator/store, not open marketplace.",targeted hardening row,serbia::kuća_za_sunce
Serbia,CEE/Balkans,weak-fit core,Limundo — Knjige,marketplace,live_web_pass149_zero_surface_opening,high,"Serbia horizontal auction/marketplace rail with a Books category, user sellers, 10,000 listed book items in the checked render, condition filters including Polovno/used, seller/location filters, and live used-book listings. Strong weak-fit book-market layer, not strict-main because the platform is horizontal.",zero-surface opening row,serbia::limundo_knjige
Serbia,CEE/Balkans,single-store used / bookstore signal,Otkupknjiga.com — Otkup knjiga Beograd/Srbija,operator_buyback_antiquarian_intake,runtime_gap_bridge_web_2026_05_06_pass190_serbia_targeted_hardening,high,"Pass190 Serbia targeted hardening: Belgrade operator buying used, old and antiquarian books, including home libraries, with collection across Belgrade and Serbia; buyback/intake layer rather than marketplace.",targeted hardening row,serbia::otkupknjiga.com__otkup_knjiga_beograd_srbija
Serbia,CEE/Balkans,single-store used / bookstore signal,Polovne knjige i udžbenici / PolovneKnjigeSrbija,operator_managed_secondhand_book_storefront,live_web_pass149_zero_surface_opening,medium-high,"Serbia operator-managed used textbook/book rail with buy and sell copy, school/university categories, delivery, and seller/buyback intake. Useful for the used-bookstore signal layer; not strict-main because seller marketplace mechanics are not proven.",zero-surface opening row,serbia::polovneknjigesrbija
Serbia,CEE/Balkans,annex / classifieds,Polovni udžbenici Srbija Facebook group,social_textbook_resale_exchange_group,runtime_gap_bridge_web_2026_05_06_pass190_serbia_targeted_hardening,medium,"Pass190 Serbia targeted hardening: Serbia social group for sale, purchase, donation and requests of used primary/secondary-school textbooks; useful social resale annex, not platform strict-main.",targeted hardening row,serbia::polovni_udžbenici_srbija_facebook_group
Serbia,CEE/Balkans,single-store used bookseller,Sigedon Books & Antiques,single_store_antiquarian_bookseller,runtime_gap_bridge_web_2026_05_06_pass190_serbia_targeted_hardening,high,"Pass190 Serbia targeted hardening: Belgrade/Serbia online antiquarian bookstore specializing in rare books, antique maps, vintage posters, and related collectible paper.",targeted hardening row,serbia::sigedon_books_and_antiques
Seychelles,Indian Ocean / Seychelles,single-store bookstore layer,Antigone Bookshop,local_bookshop,pass124_seychelles_strict_candidate_recommerce_bookstore_depth_hardening,medium-high,"Established Seychelles bookshop/bookstore layer. Koek describes Antigone as a Victoria book destination established in 1987 with broad reading materials, literary community positioning, and contact/location details. Single-store bookstore layer only.",supporting,seychelles_antigone_bookshop
Seychelles,Indian Ocean / Seychelles,annex / classifieds,BUY sell SELL buy Seychelles — book-lot spillover,general_social_classifieds_book_item_spillover,pass124_seychelles_strict_candidate_recommerce_bookstore_depth_hardening,low-medium,"General Seychelles buy/sell Facebook group with book-lot snippets, including children/classic-book sets and used-like-new children’s books. Social classifieds/item spillover only, not book-specific platform infrastructure.",supporting,seychelles_buy_sell_sell_buy_book_lot_spillover
Seychelles,Indian Ocean / Seychelles,annex / classifieds,Buy and Sell Seychelles official,general_social_classifieds,runtime_gap_bridge_web_2026_04_25_lusophone_indian_ocean_sprint,medium,"Large social buy/sell community for Seychelles; general classifieds rail, not book-specific.",supporting,seychelles_buy_and_sell_seychelles_official
Seychelles,Indian Ocean / Seychelles,single-store bookstore layer,Chanterelle Bookshop,local_bookshop,runtime_gap_bridge_web_2026_04_25_lusophone_indian_ocean_sprint,medium,"Seychelles business listing for Chanterelle Bookshop, active since 2011; bookstore layer.",supporting,seychelles_chanterelle_bookshop
Seychelles,Indian Ocean / Seychelles,annex / classifieds,Exchanging books; Seychelles,book_specific_social_exchange_group,runtime_gap_bridge_web_2026_04_25_lusophone_indian_ocean_sprint,low-medium,Book-exchange social group; social exchange texture only.,supporting,seychelles_exchanging_books_seychelles
Seychelles,Indian Ocean / Seychelles,annex / classifieds,Facebook item-level Seychelles book lots,social_marketplace_book_items,runtime_gap_bridge_web_2026_04_25_lusophone_indian_ocean_sprint,low,Item-level social listing for book lots/novels in Seychelles; not platform-level book rail.,supporting,seychelles_facebook_item_level_seychelles_book_lots
Seychelles,Indian Ocean / Seychelles,single-store bookstore layer,Giraffe Book Shop,local_bookshop,pass124_seychelles_strict_candidate_recommerce_bookstore_depth_hardening,medium,"Eden Plaza/Eden Island bookstore layer. Commercial Register describes a new Seychelles book store with books, magazines, stationery, gifts and cards; Seychelles.com and other listings place it among local book-buying outlets. Single-store bookstore layer only.",supporting,seychelles_giraffe_book_shop
Seychelles,Indian Ocean / Seychelles,single-store bookstore layer,Mortar Fist Comic Book Store,comic_bookshop,pass124_seychelles_strict_candidate_recommerce_bookstore_depth_hardening,low-medium,Victoria comic-book/specialist bookstore directory signal from Cybo book-stores/newsstands list. Added as specialist bookstore texture only; no used-book marketplace mechanics.,supporting,seychelles_mortar_fist_comic_book_store
Seychelles,Indian Ocean / Seychelles,annex / classifieds,Rebuydeal Seychelles — used books posting rail,horizontal_secondhand_classifieds_books_category,pass124_seychelles_strict_candidate_recommerce_bookstore_depth_hardening,medium-low,"Seychelles-localized global horizontal secondhand classifieds form for posting used/secondhand Books, with account/register, photos, price, country/city, condition/details and seller-to-buyer intermediary language. Useful book-category rail, but not book-specific strict main.",supporting,seychelles_rebuydeal_used_books_posting_rail
Seychelles,Indian Ocean / Seychelles,single-store bookstore layer,Royal Bookshop,local_bookshop_religious_law_books,pass124_seychelles_strict_candidate_recommerce_bookstore_depth_hardening,low-medium,"Victoria bookstore/social retail signal, including current Instagram/public-search snippets for Royal Bookshop and law/religious book availability. Single-store bookstore layer; evidence is social/directory-heavy and not recommerce.",supporting,seychelles_royal_bookshop
Seychelles,Indian Ocean / Seychelles,annex / classifieds,Seychelles Buy & Sell Products & Services,general_social_classifieds,runtime_gap_bridge_web_2026_04_25_lusophone_indian_ocean_sprint,low-medium,General Seychelles buy/sell social platform; book listings observed only as item-level spillover.,supporting,seychelles_seychelles_buy_sell_products_services
Seychelles,Indian Ocean / Seychelles,main universe,The Dusty Collection,online_secondhand_book_recommerce,runtime_gap_bridge_web_2026_04_25_lusophone_indian_ocean_sprint;pass124_seychelles_strict_candidate_recommerce_bookstore_depth_hardening,high,"Seychelles online secondhand/pre-loved bookshop with cart/account/wishlist, visible prices and add-to-basket inventory, Victoria/Providence delivery note, and Sell Your Books path; strict local recommerce candidate retained/high.",primary,seychelles_the_dusty_collection
Seychelles,Indian Ocean / Seychelles,weak-fit core,Ubuy Seychelles Books,international_book_ecommerce_vertical,pass124_seychelles_strict_candidate_recommerce_bookstore_depth_hardening,medium-low,"Seychelles-facing books ecommerce vertical with broad online book-shopping language and international title access. Useful weak-fit retail/import rail, but not used-book recommerce or local third-party strict main.",supporting,seychelles_ubuy_books
Sierra Leone,West Africa,single-store bookstore layer,CLC Bookshop Sierra Leone,site,runtime_gap_bridge_web_2026_04_25_sierra_leone_compact_pass1,high,"CLC International country page reports three bookshops in Sierra Leone, with locations in Freetown and Bo; bookstore layer, not resale marketplace.",supporting,sierra_leone::clc_bookshop_sierra_leone
Sierra Leone,West Africa,annex / classifieds,Classi4U Sierra Leone — Books for Sale,platform_category,runtime_gap_bridge_web_2026_04_25_sierra_leone_compact_pass1,medium,General local classifieds surface with explicit Books for Sale category under Items for Sale; annex rail only.,supporting,sierra_leone::classi4u_books_for_sale
Sierra Leone,West Africa,annex / classifieds,Facebook Marketplace Freetown — Books,platform_category,runtime_gap_bridge_web_2026_04_25_sierra_leone_compact_pass1,medium,General social-marketplace category for new and used books in Freetown; resale discovery rail but not book-dominant.,supporting,sierra_leone::facebook_marketplace_freetown_books
Sierra Leone,West Africa,annex / classifieds,Freead1 Sierra Leone — Textbooks,platform_category,runtime_gap_bridge_web_2026_04_25_sierra_leone_compact_pass1,medium,"Country-level books/textbooks classified-ad category; useful textbook resale/discovery signal, not book-dominant.",supporting,sierra_leone::freead1_textbooks
Sierra Leone,West Africa,single-store bookstore layer,NextChapter Bookstore,social_page,runtime_gap_bridge_web_2026_04_25_sierra_leone_compact_pass1,low,Freetown social-surface online bookstore signal; useful book culture layer but not validated as used or marketplace rail.,supporting,sierra_leone::nextchapter_bookstore
Sierra Leone,West Africa,annex / classifieds,Salone Goo,classifieds_platform,runtime_gap_bridge_web_2026_04_25_sierra_leone_compact_pass1,medium,"Sierra Leone online classified site for free ads and buying/selling almost anything; relevant general resale rail, not book-specific.",supporting,sierra_leone::salone_goo
Sierra Leone,West Africa,weak-fit core,Ubuy Sierra Leone — Books,site,runtime_gap_bridge_web_2026_04_25_sierra_leone_compact_pass1,medium,"Localized international e-commerce book category covering fiction, non-fiction, educational and children’s books; book access rail, not local used/multi-seller resale.",primary,sierra_leone::ubuy_sierra_leone_books
Sierra Leone,West Africa,single-store bookstore layer,Vickie Remoe Children’s Books shop,site,runtime_gap_bridge_web_2026_04_25_sierra_leone_compact_pass1,medium,"Direct retail/wholesale online shop for Sierra Leonean children’s books; local author/publisher sales layer, not used/resale.",supporting,sierra_leone::vickie_remoe_childrens_books_shop
Singapore,Southeast Asia,weak-fit core,Bookshop.sg,site,frontier_note_shorthand,medium,Recovered from frontier shorthand 'Bookshop.sg + Thryft + huge Carousell overflow'.,primary,singapore::bookshop.sg
Singapore,Southeast Asia,weak-fit core,Thryft,site,frontier_note_shorthand,medium,Recovered from frontier shorthand 'Bookshop.sg + Thryft + huge Carousell overflow'.,primary,singapore::thryft
Sint Eustatius,Caribbean,single-store used / bookstore signal,Paper Corner + tiny outlet ring,site,consolidated_matrix_2026_04_15,medium,extremely thin marketplace depth,primary,sint eustatius::paper corner + tiny outlet ring
Sint Eustatius,Caribbean,offline / fair / literacy layer,public library + school materials support,site,consolidated_matrix_2026_04_15,medium,extremely thin marketplace depth,primary,sint eustatius::public library + school materials support
Sint Maarten,Caribbean,annex / classifieds,Marketplace SXM,site,consolidated_matrix_2026_04_15,medium,bookstore + general-marketplace + literacy/fair,primary,sint maarten::marketplace sxm
Sint Maarten,Caribbean,annex / classifieds,SxmMarket,site,consolidated_matrix_2026_04_15,medium,bookstore + general-marketplace + literacy/fair,primary,sint maarten::sxmmarket
Sint Maarten,Caribbean,single-store used / bookstore signal,broad bookstore layer,site,consolidated_matrix_2026_04_15,medium,bookstore + general-marketplace + literacy/fair,primary,sint maarten::broad bookstore layer
Sint Maarten,Caribbean,offline / fair / literacy layer,library + St. Martin Book Fair,site,consolidated_matrix_2026_04_15,medium,bookstore + general-marketplace + literacy/fair,primary,sint maarten::library + st. martin book fair
Slovakia,CEE/Baltics,annex / classifieds,Aukro.sk — Knihy / Použité knihy,horizontal_auction_marketplace_book_category,live_web_pass150_zero_surface_opening,medium-high,"Aukro.sk has a Slovak horizontal auction/bazaar surface with books, used-goods posture, and specific used-book listings. Kept annex/horizontal rather than weak-fit or strict-main because the platform is not book-specific and some item surfaces are cross-border/translated. ISBN note: No ISBN field captured at category/result level in pass150.",zero-surface opening row,slovakia::aukro_sk_knihy_pouzite
Slovakia,CEE/Baltics,annex / classifieds,Bazar.sk — Knihy,horizontal_classifieds_book_category,live_web_pass150_zero_surface_opening,high,Slovakia horizontal classifieds surface with a dedicated Knihy/Books section and extensive book subcategory rail. Annex/classifieds only; useful for market topology but not a book-specific strict-main platform. ISBN note: No ISBN field captured at category/result level in pass150.,zero-surface opening row,slovakia::bazar_sk_knihy
Slovakia,CEE/Baltics,annex / classifieds,Bazoš.sk — Knihy,horizontal_classifieds_book_category,live_web_pass150_zero_surface_opening,high,"Slovakia horizontal classifieds surface with a dedicated Knihy/Books section, many book subcategories, and 24k+ active book adverts in the checked render. Annex/classifieds only, not strict/main, because it is a general classifieds platform rather than book-specific marketplace infrastructure. ISBN note: No ISBN field captured at category/result level in pass150.",zero-surface opening row,slovakia::bazos_knihy
Slovakia,CEE/Baltics,main universe,Bookbot.sk / Knihobot Slovakia,operator_managed_secondhand_book_marketplace,live_web_pass150_zero_surface_opening,high,"Slovakia-local Bookbot/Knihobot surface with book-specific buy-and-sell posture: ""Nakupuj a predávaj knihy na jednom mieste"", recent-added-books signal, sell-books navigation, scanner, and logistics surface. Promoted strict/main as operator-managed book recommerce, consistent with Czech Bookbot/Knihobot treatment. ISBN note: ISBN capability not directly captured on category surface; scanner/sell flow suggests detail/intake-level identifier capture should be tested later.",zero-surface opening row,slovakia::bookbot_knihobot
Slovakia,CEE/Baltics,single-store bookstore layer,Gorila — Bazár kníh / Čítané knihy,bookstore_used_inventory_category,live_web_pass150_zero_surface_opening,high,"Gorila has a Bazár kníh / Čítané knihy used-book category with used/read book listing cards and cart flow. Preserved as bookstore used-inventory layer, not strict/main, because public evidence supports retailer-managed used inventory but not open seller or recommerce platform mechanics. ISBN note: No ISBN captured at category/result level in pass150.",zero-surface opening row,slovakia::gorila_bazar_knih_citane_knihy
Slovakia,CEE/Baltics,weak-fit core,Martinus — Knihovrátok / Čítané knihy,bookstore_used_book_buyback_program,live_web_pass150_zero_surface_opening,high,"Martinus used-book category and Knihovrátok program show customer-sold read books being bought back and offered onward. Preserved as strong weak-fit core rather than strict/main because it is a used-book program inside a broad new-book retailer, not a standalone used-book marketplace/recommerce platform. ISBN note: ISBN capability likely exists at intake/database level, but pass150 did not obtain a rendered ISBN-field proof from Martinus due blocked render.",zero-surface opening row,slovakia::martinus_knihovratok_citane_knihy
Slovakia,CEE/Baltics,main universe,Restorio.sk / Vykupujeme-online.sk,operator_managed_used_book_recommerce,live_web_pass150_zero_surface_opening,high,"Slovakia Restorio surface explicitly supports buying and selling used books, claims hundreds of thousands of titles/authors, and links seller intake to an ISBN/name based buyback rail. Albatros/Restorio context states Restorio takes on resale risk and pays sellers after intake rather than waiting for resale. Promoted strict/main as book-specific operator-managed used-book recommerce. ISBN note: Strong ISBN capture: seller intake asks for ISBN; hromadný výkup supports line-by-line ISBN entry; source says search by author/title/ISBN.",zero-surface opening row,slovakia::restorio_vykupujeme_online
Slovenia,CEE/Balkans,single-store used booksellers,Antikvariat Glavan,site,pass194_live_url_backfill,high,"Ljubljana antiquarian bookshop; buys and sells antiquarian, second-hand, old, rare and out-of-print books/prints.",primary,slovenia::antikvariat glavan
Slovenia,CEE/Balkans,annex / classifieds,Bolha,site,pass194_live_url_backfill,high,"Large Slovenia horizontal classifieds/marketplace rail with very deep public books, magazines, comics, textbook and literature categories; not book-specific strict-main.",primary,slovenia::bolha
Slovenia,CEE/Balkans,single-store used booksellers,Bukvarna.net,site,pass194_live_url_backfill,high,Online antiquarian/used-book catalogue backed by Bukvarna Radovljica stock; operator/store rail rather than third-party marketplace.,primary,slovenia::bukvarna.net
Slovenia,CEE/Balkans,weak-fit core,Emka.si,site,pass194_live_url_backfill,high,Largest Slovenian online bookshop / chain e-commerce surface; useful book-market infrastructure but no verified third-party used-book marketplace mechanics.,primary,slovenia::emka.si
Somalia / Somaliland,Horn of Africa,single-store bookstore layer,Book Shop Somalia Mogadishu,online_bookshop_social_surface,runtime_gap_bridge_web_2026_04_25_east_africa_horn_sprint,medium,Social surface describes itself as Somalia's first online hard-copy bookshop with delivery/orders in Mogadishu.,supporting,somalia_somaliland_book_shop_somalia_mogadishu
Somalia / Somaliland,Horn of Africa,single-store bookstore layer,Bookline Hargeisa,local_bookstore_social_surface,runtime_gap_bridge_web_2026_04_25_east_africa_horn_sprint,medium,Hargeisa bookstore social surface with Somali-language bookshop framing; bookstore layer only.,supporting,somalia_somaliland_bookline_hargeisa
Somalia / Somaliland,Horn of Africa,annex / classifieds,Facebook Marketplace Hargeisa Books/Media,social_marketplace_book_media_category,runtime_gap_bridge_web_2026_04_25_east_africa_horn_sprint,medium,Facebook Marketplace exposes books/media category in Hargeisa; social marketplace only.,supporting,somalia_somaliland_facebook_marketplace_hargeisa_books_media
Somalia / Somaliland,Horn of Africa,annex / classifieds,Facebook Marketplace Hargeisa tablets/e-books,social_marketplace_ebooks_category,runtime_gap_bridge_web_2026_04_25_east_africa_horn_sprint,low-medium,Hargeisa tablets/e-books category is adjacent but not physical used-book marketplace; kept as weak social texture.,supporting,somalia_somaliland_facebook_marketplace_hargeisa_tablets_e_books
Somalia / Somaliland,Horn of Africa,single-store bookstore layer,Sahanbooks Facebook surface,local_bookstore_social_surface,runtime_gap_bridge_web_2026_04_25_east_africa_horn_sprint,medium,"Sahanbooks social surface says it stocks over 100,000 books for the Horn of Africa; supports main Sahanbooks bookstore row.",supporting,somalia_somaliland_sahanbooks_facebook_surface
Somalia / Somaliland,Horn of Africa,single-store bookstore layer,Sahanbooks Hargeisa,local_online_bookstore,runtime_gap_bridge_web_2026_04_25_east_africa_horn_sprint,high,"Hargeisa online bookstore with school, university, children's, English, Af Somali and general categories.",supporting,somalia_somaliland_sahanbooks_hargeisa
Somalia / Somaliland,Horn of Africa,weak-fit core,SoBigDeal Horn of Africa marketplace,regional_general_marketplace,runtime_gap_bridge_web_2026_04_25_east_africa_horn_sprint,medium,"Regional marketplace serving Djibouti, Somaliland, Somalia and Ethiopia; book category not verified, retained as infrastructure watchlist.",supporting,somalia_somaliland_sobigdeal_horn_of_africa_marketplace
Somalia / Somaliland,Horn of Africa,weak-fit core,Suuqa App Somalia Marketplace,general_local_marketplace_app,runtime_gap_bridge_web_2026_04_25_east_africa_horn_sprint,medium-high,"Somalia-local marketplace app covering Mogadishu, Hargeisa, Garowe, Kismayo and other cities; no book-specific category verified.",supporting,somalia_somaliland_suuqa_app_somalia_marketplace
South Africa,Southern Africa,offline / fair / literacy layer,AVBOB Road to Literacy campaign,literacy_distribution,web_verified_2026_04_22_active_open_continuation_8,high,"Nationwide trolley-library campaign run with Oxford University Press South Africa; 2025 expansion covered 1,000 schools and NGOs with 500,000+ books in all 11 official written languages, and the 2026 campaign scales to 2,000 trolley libraries.",primary,south africa::avbob road to literacy campaign
South Africa,Southern Africa,offline / fair / literacy layer,African Book Trust / Johannesburg Literary District,literacy_distribution,web_verified_2026_04_22_active_open_continuation_13,high,"Johannesburg literary-infrastructure organisation improving access to books and book spaces, developing free street libraries and supporting small booksellers around the city’s main library precinct.",primary,south africa::african book trust / johannesburg literary district
South Africa,Southern Africa,offline / fair / literacy layer,After Skool Is Lit Organisation,literacy_distribution,web_verified_2026_04_22_active_open_continuation_8,high,Randburg-based literacy organisation that used an AVBOB trolley library to donate 500 books to Stephenson Primary School in Cosmo City and also runs spelling-bee style youth literacy activity.,supporting,south africa::after skool is lit organisation
South Africa,Southern Africa,offline / fair / literacy layer,Alberton Lions Club back-to-school book covering drive,learner_support,web_verified_2026_04_22_active_open_continuation_12,medium,"Volunteer-run January 2026 learner-support rail where schoolbooks are covered for a donation, sitting adjacent to the book-access ecosystem and helping preserve schoolbook stock while raising community-service funds.",supporting,south africa::alberton lions club back-to-school book covering drive
South Africa,Southern Africa,annex / classifieds,Amber,marketplace,web_verified_2026_04_22_active_open_continuation,high,Student-to-student second-hand university textbook marketplace spanning major campuses nationwide; deepens academic recommerce seam.,supporting,south africa::amber
South Africa,Southern Africa,offline / fair / literacy layer,Aquafresh Confidence Library at Bonamelo Primary,mobile_library,web_verified_2026_04_22_active_open_continuation_12,high,"Bonamelo Primary received a fully equipped mobile library in 2026 through the Aquafresh Confidence Library initiative, adding a branded-but-real school-library access rail in Soweto.",supporting,south africa::aquafresh confidence library at bonamelo primary
South Africa,Southern Africa,annex / classifieds,Auction Chamber / The Library Collection,marketplace,web_verified_2026_04_22_active_open_continuation_5,high,Current online timed-auction rail running recurring 'Library Collection' auctions for books and related library material; adds South African auction-marketplace texture beyond fixed-price secondhand rails.,supporting,south africa::auction chamber / the library collection
South Africa,Southern Africa,annex / classifieds,Bakgat Books,site,web_verified_2026_04_22_active_open_continuation_2,high,"South African online second-hand marketplace that lets individuals create storefronts and also carries rare, antique, and collectible books; adds marketplace-plus-multi-store texture.",primary,south africa::bakgat books
South Africa,Southern Africa,main universe,Bargain Books,site,web_verified_2026_04_22,high,Large South African discount-books chain with a live store-locator across multiple provinces.,primary,south africa::bargain books
South Africa,Southern Africa,offline / fair / literacy layer,Biblionef South Africa,literacy_distribution,sa_pass6_unapplied_package_applied_2026_04_22,high,Book-donation infrastructure supplying children’s books in all eleven official languages to underserved communities.,supporting,south africa::biblionef south africa
South Africa,Southern Africa,single-store bookstore layer,Book Capital,bookstore,sa_pass6_unapplied_package_applied_2026_04_22,high,"Independent Melville, Johannesburg bookshop focusing on African literature; strengthens Johannesburg indie and African-lit specialist seam.",secondary,south africa::book capital
South Africa,Southern Africa,offline / fair / literacy layer,Book Dash,literacy_distribution,web_verified_2026_04_22_active_open_continuation_3,high,South African early-literacy organisation creating openly licensed African storybooks and distributing them through partner channels; adds major national book-creation/distribution infrastructure.,literacy distribution,south africa::book dash
South Africa,Southern Africa,offline / fair / literacy layer,BookBedonnerd / Book Town Richmond,event,sa_pass6_unapplied_package_applied_2026_04_22,medium,Richmond Book Town / BookBedonnerd festival adds a distinctive regional book-town festival seam beyond Cape Town and Johannesburg events.,supporting,south africa::bookbedonnerd / book town richmond
South Africa,Southern Africa,single-store used booksellers,BookFish,site,web_verified_2026_04_22_active_open_continuation_5,high,"Johannesburg online-only independent used-bookseller selling second-hand books and publisher remainders, especially collectables and Africana; adds another direct used-book rail with nationwide shipping.",supporting,south africa::bookfish
South Africa,Southern Africa,offline / fair / literacy layer,BookHive,literacy_distribution,web_verified_2026_04_22_active_open_continuation_10,high,Mpumalanga reading-promotion organisation partnering with Siyafunda Donate a Book and visiting schools to read to pupils and donate books; adds province-specific book-distribution and literary-advocacy infrastructure.,primary,south africa::bookhive
South Africa,Southern Africa,annex / classifieds,BookTrade Campus,site,web_verified_2026_04_22_active_open_continuation_2,high,"Student marketplace for buying, selling, and swapping textbooks and collectibles with university-network verification; deepens campus recommerce beyond earlier textbook platforms.",primary,south africa::booktrade campus
South Africa,Southern Africa,single-store used booksellers,Bookdealers,site,web_verified_2026_04_22_active_open_continuation_5,high,"Johannesburg used-and-collectable books group grown to five shops plus web sales, with remaindered stock and branch collection options; strengthens Gauteng used-book depth beyond single-shop nodes.",supporting,south africa::bookdealers
South Africa,Southern Africa,main universe,Bookle,marketplace,web_verified_2026_04_22_active_open_continuation; runtime_gap_bridge_web_2026_04_25_sa_hardening,high,"PROMOTED in pass43: dedicated South African marketplace for buying and selling secondhand books; current site shows seller list, how-to-buy/how-to-sell paths, local sellers, secure checkout, buyer protection, condition guidelines, and seller communication.",promoted strict-main hardening,south africa::bookle
South Africa,Southern Africa,single-store used / bookstore signal,Booklovers Paradise,bookstore,web_verified_2026_04_22_active_open_continuation_5,high,"Northcliff Shopping Centre bookseller specializing in out-of-print and collectable second-hand books, with over fifteen thousand books listed; deepens collector-oriented Johannesburg physical-bookshop infrastructure.",supporting,south africa::booklovers paradise
South Africa,Southern Africa,weak-fit core,Bookmark,site,web_verified_2026_04_22_active_open_continuation_5,high,"University of Pretoria campus bookstore partner with Hatfield and Prinshof locations; prescribed-textbook, stationery, device, and online-ordering rail that adds formal Pretoria campus coverage.",supporting,south africa::bookmark
South Africa,Southern Africa,single-store used booksellers,Books & Stuff,bookstore,web_verified_2026_04_22_active_open_continuation_9,high,Online South African shop selling new and second-hand books; a supporting foundation page says it donates 20% of gross sales to the Sonneblom Foundation from July 2025.,supporting,south africa::books & stuff
South Africa,Southern Africa,main universe,BooksOnApp,marketplace,web_verified_2026_04_22_active_open_continuation_3; runtime_gap_bridge_web_2026_04_25_sa_hardening,high,"PROMOTED in pass43: dedicated South African app for buying and selling second-hand books; current site exposes seller login, seller subscription tiers, app download, and explicit buy/sell second-hand language.",promoted strict-main hardening,south africa::booksonapp
South Africa,Southern Africa,single-store bookstore layer,Bridge Books,site,web_verified_2026_04_22_active_open_continuation_2,high,"Downtown Johannesburg independent bookstore with Marshalltown and Linden presence, selling new and second-hand books with an emphasis on African writers and local-language publishing; also linked to African Book Trust distribution.",primary,south africa::bridge books
South Africa,Southern Africa,annex / classifieds,Buka,marketplace,web_verified_2026_04_22_active_open_continuation,medium,South African peer-to-peer marketplace for used books focused on affordable access and verified sellers; adds p2p used-book texture.,supporting,south africa::buka
South Africa,Southern Africa,single-store used booksellers,CAFDA Bookshops,bookstore,web_verified_2026_04_22_active_open_continuation_9,high,"CAFDA operates two donation-based bookshops in Cape Town, run by volunteers and selling affordable donated books, including rare and out-of-print titles, as income-generating charity infrastructure.",primary,south africa::cafda bookshops
South Africa,Southern Africa,weak-fit core,CUB Books,bookstore,web_verified_2026_04_22_active_open_continuation,high,"Durban-based bookseller/distributor for school, tertiary, and leisure books with bulk-order capacity; strengthens KwaZulu-Natal education rail.",secondary,south africa::cub books
South Africa,Southern Africa,weak-fit core,CUM Books,site,web_verified_2026_04_22,high,Faith-book chain and publisher-retailer seam with more than 80 years of operation and 33 store locations in South Africa.,secondary,south africa::cum books
South Africa,Southern Africa,annex / classifieds,Campus Trade,marketplace,sa_pass5_unapplied_package_applied_2026_04_22,high,"Student platform connecting buyers and sellers of textbooks, calculators, and study items across South Africa.",supporting,south africa::campus trade
South Africa,Southern Africa,offline / fair / literacy layer,Cape Flats Book Festival 2026,event,sa_pass5_unapplied_package_applied_2026_04_22,medium,Live 2026 community-festival signal broadening South Africa’s civic literary-event infrastructure.,supporting,south africa::cape flats book festival 2026
South Africa,Southern Africa,offline / fair / literacy layer,Children's Book Network,literacy_distribution,web_verified_2026_04_22_active_open_continuation_16,high,"Nonprofit network focused on reading-vulnerable children aged roughly 10 to 12, using reading toolboxes, workshops, book clubs, and community-based distribution of carefully curated books.",primary,south africa::children's book network
South Africa,Southern Africa,weak-fit core,Christian Literature Fund (CLF) Bookshops,site,web_verified_2026_04_22_active_open_continuation_4,high,Christian Literature Fund online shop with bookshops explicitly listed in Bloemfontein and Kimberley; usefully improves Free State and Northern Cape physical bookseller coverage.,south africa continuation / religious bookseller network,south africa::christian literature fund (clf) bookshops
South Africa,Southern Africa,single-store used / bookstore signal,Christison Rare Books,bookstore,web_verified_2026_04_22_active_open_continuation,high,Gqeberha-based online rare-books dealership specialising in Southern African material; extends Eastern Cape antiquarian seam.,secondary,south africa::christison rare books
South Africa,Southern Africa,single-store used / bookstore signal,Clarke's Africana & Rare Books,bookstore,web_verified_2026_04_22_active_open_continuation,high,Long-running antiquarian Africana dealer in Cape Town; strengthens Western Cape antiquarian depth.,secondary,south africa::clarke's africana & rare books
South Africa,Southern Africa,weak-fit core,Coign Books,publisher_bookseller,web_verified_2026_04_22_active_open_continuation_3,high,Polokwane-based Christian publisher and distributor with direct ecommerce; adds Limpopo-specific religious / distributor infrastructure.,publisher-bookseller,south africa::coign books
South Africa,Southern Africa,single-store used / bookstore signal,Collector's Treasury,bookstore,web_verified_2026_04_22_active_open_continuation_5,high,Downtown Johannesburg rare/used/collectables giant describing itself as the largest used and rare bookstore in the Southern Hemisphere; major collector and browse-depth omission now filled.,primary,south africa::collector's treasury
South Africa,Southern Africa,weak-fit core,Comic Warehouse,bookstore,web_verified_2026_04_22_active_open_continuation,medium,Johannesburg specialist comics / graphic novels / collectibles superstore; strengthens Gauteng specialist comics and pop-culture book retail seam.,secondary,south africa::comic warehouse
South Africa,Southern Africa,offline / fair / literacy layer,Communities Assisting Schools (CAS),literacy_distribution,web_verified_2026_04_22_active_open_continuation_8,high,"Johannesburg education nonprofit supporting government-funded schools; 2025 reporting shows CAS as H.A. Jack Primary School's long-time partner, running a literacy programme and helping deliver a renovated library stocked with storybooks.",primary,south africa::communities assisting schools (cas)
South Africa,Southern Africa,weak-fit core,Create-a-Book,publisher_bookseller,sa_pass5_unapplied_package_applied_2026_04_22,medium,Long-running personalised-storybook business adding a children/family book-commerce seam.,secondary,south africa::create-a-book
South Africa,Southern Africa,offline / fair / literacy layer,Daily Dispatch Donate-a-Book campaign,literacy_distribution,web_verified_2026_04_22_active_open_continuation_13,high,"East London community book-drive rail run from November 2025 to January 2026; books were handed over in February 2026 to schools, community organisations, old age homes and youth centres, with school libraries among the beneficiaries.",primary,south africa::daily dispatch donate-a-book campaign
South Africa,Southern Africa,annex / classifieds,Dog Eared Books,marketplace,web_verified_2026_04_22_active_open_continuation,high,Used school-books marketplace with verification and PAXI delivery; deepens school-textbook recommerce seam.,supporting,south africa::dog eared books
South Africa,Southern Africa,single-store bookstore layer,Dynamic Books,bookstore,web_verified_2026_04_22_active_open_continuation,high,"Independent Durban online bookstore focused on school and university textbooks, study guides, and stationery; deepens KZN education/bookselling seam.",secondary,south africa::dynamic books
South Africa,Southern Africa,annex / classifieds,Easy Textbooks,marketplace,sa_pass5_unapplied_package_applied_2026_04_22,high,South African online platform for buying and selling secondhand textbooks with buyer-protection language.,supporting,south africa::easy textbooks
South Africa,Southern Africa,offline / fair / literacy layer,Ekufundzeni Mobile Library,mobile_library,web_verified_2026_04_22_active_open_continuation_16,high,"Long-running mobile library model serving disadvantaged schools in Daveyton and Etwatwa, with the bus visiting participating schools twice a term and maintaining a stock of nearly 20,000 donated books.",primary,south africa::ekufundzeni mobile library
South Africa,Southern Africa,annex / classifieds,Empangeni SPCA PAWS charity shop,charity_shop,web_verified_2026_04_22_active_open_continuation_10,high,Empangeni SPCA PAWS charity shop selling pre-loved items including books and puzzles while supporting animal care; adds northern KwaZulu-Natal charity-resale infrastructure with book signal.,supporting,south africa::empangeni spca paws charity shop
South Africa,Southern Africa,weak-fit core,Ethnikids,site,web_verified_2026_04_22,high,Online children’s bookstore specialising in diverse South African-language representation and multilingual children’s books.,secondary,south africa::ethnikids
South Africa,Southern Africa,main universe,Exclusive Books,site,web_verified_2026_04_22,high,National chain-linked online books rail with free delivery to stores nationwide and broad category depth.,primary,south africa::exclusive books
South Africa,Southern Africa,single-store used / bookstore signal,Fact and Fiction,bookstore,web_verified_2026_04_22_active_open_continuation_4,high,"Pietermaritzburg independent online bookstore stocking out-of-print, rare, pre-loved, and new books, with a visible African-author / scholarship emphasis; adds KZN secondhand-specialist depth.",south africa continuation / kzn used-specialist depth,south africa::fact and fiction
South Africa,Southern Africa,single-store bookstore layer,Faebel Bookstore,bookstore,web_verified_2026_04_22_active_open_continuation,medium,Durban online bookstore that evolved from second-hand Instagram selling into a dedicated online bookseller; adds KZN independent online-store texture.,secondary,south africa::faebel bookstore
South Africa,Southern Africa,weak-fit core,Ferndale Textbooks,bookstore,sa_pass6_unapplied_package_applied_2026_04_22,high,Established school-textbook specialist with current 2026 school-list commerce; strengthens specialist textbook retail beyond general chains.,secondary,south africa::ferndale textbooks
South Africa,Southern Africa,offline / fair / literacy layer,Focus-Team JHB book distribution,literacy_distribution,web_verified_2026_04_22_active_open_continuation_11,high,"Community-driven Johannesburg South NPO that organised a 2025 book distribution of more than 600 books to schools and daycare centres, adding another urban donation-and-literacy rail.",primary,south africa::focus-team jhb book distribution
South Africa,Southern Africa,single-store bookstore layer,Fogarty's Bookshop,bookstore,web_verified_2026_04_22_active_open_continuation_3,high,Long-running independent Port Elizabeth / Gqeberha bookshop with online shop and sourcing services; materially improves Eastern Cape bookstore coverage.,indie bookstore,south africa::fogarty's bookshop
South Africa,Southern Africa,offline / fair / literacy layer,Friends of Bracken Library,event,web_verified_2026_04_22_active_open_continuation_7,medium,"2025 local coverage shows the group still hosting its recurring Bracken Library book sale, adding another library-fundraiser resale seam in Johannesburg South.",supporting,south africa::friends of bracken library
South Africa,Southern Africa,offline / fair / literacy layer,Friends of Olivedale Library (FOOLS),literacy_distribution,web_verified_2026_04_22_active_open_continuation_6,high,"Volunteer friends-of-library group at Olivedale Library with an on-site bookshop, repeated R10 sales, and current 2026 activity; raises funds for new books and supports nearby libraries, schools, and charities.",primary,south africa::friends of olivedale library (fools)
South Africa,Southern Africa,offline / fair / literacy layer,Friends of Sandton Library,literacy_distribution,web_verified_2026_04_22_active_open_continuation_7,high,"Current 2026 profile says the group raises funds for Sandton Library through monthly book sales, run entirely by volunteers, with proceeds going to the library.",primary,south africa::friends of sandton library
South Africa,Southern Africa,offline / fair / literacy layer,Friends of the Benoni Library Book Bash,event,web_verified_2026_04_22_active_open_continuation_7,high,The Benoni Library Friends group has for years run volunteer-led Book Bash sales of pre-loved books to fund new library purchases; 2023 coverage confirms the revived sale and volunteer structure.,primary,south africa::friends of the benoni library book bash
South Africa,Southern Africa,offline / fair / literacy layer,Friends of the Kempton Park Libraries,literacy_distribution,web_verified_2026_04_22_active_open_continuation_7,high,"The group was established to collect funds to purchase books for Kempton Park libraries and still contributes through memberships, book access, and activity-led fundraising in 2025 coverage.",supporting,south africa::friends of the kempton park libraries
South Africa,Southern Africa,offline / fair / literacy layer,Friends of the Library Killarney Book Sale 2026,event,web_verified_2026_04_22_active_open_continuation_5,medium,Current March 2026 second-hand library fundraiser in Johannesburg showing live friends-of-library resale infrastructure and community-library revitalisation via book sales.,supporting,south africa::friends of the library killarney book sale 2026
South Africa,Southern Africa,offline / fair / literacy layer,FunDza Literacy Trust,literacy_distribution,web_verified_2026_04_22_active_open_continuation_16,high,"National youth literacy organisation promoting reading for pleasure, writing for meaning, and learning for life through a large digital reading-and-writing platform for South African youth.",primary,south africa::fundza literacy trust
South Africa,Southern Africa,offline / fair / literacy layer,Garden Route Festival of Books 2026,event,web_verified_2026_04_22_active_open_continuation_4,high,"Live 2026 book-festival infrastructure on Thesen Island, Knysna; adds Garden Route / Southern Cape literary-event depth beyond Cape Town and Johannesburg.",south africa continuation / regional literary festival,south africa::garden route festival of books 2026
South Africa,Southern Africa,offline / fair / literacy layer,Grow Your Life Libraries,literacy_distribution,web_verified_2026_04_22_active_open_continuation_16,high,"South African nonprofit explicitly focused on improving literacy by providing libraries and books to youth, framing its mission as addressing illiteracy one library and one book at a time.",primary,south africa::grow your life libraries
South Africa,Southern Africa,offline / fair / literacy layer,HP Mokoka Library donation rail,literacy_distribution,web_verified_2026_04_22_active_open_continuation_8,medium,"Rotary Club of Benoni Aurora and the Daveyton Rotary Community Corp donated hundreds of books to HP Mokoka Library in Etwatwa, adding another local public-library replenishment and Rotary-linked donation channel.",supporting,south africa::hp mokoka library donation rail
South Africa,Southern Africa,single-store used booksellers,Help the Rural Child Charity Bookshops,bookstore,web_verified_2026_04_22_active_open_continuation_9,high,"Goedgedacht Trust charity-shop chain with two dedicated South African bookshops and an online book shop, selling donated second-hand goods and books to support rural children and communities.",primary,south africa::help the rural child charity bookshops
South Africa,Southern Africa,single-store used booksellers,Hillcrest AIDS Centre Trust Secondhand Bookshop,bookstore,web_verified_2026_04_22_active_open_continuation_9,high,"KwaZulu-Natal secondhand bookshop listed through the APCC thrift-shop collective, taking book donations and selling used books, CDs and DVDs to support the centre's work.",supporting,south africa::hillcrest aids centre trust secondhand bookshop
South Africa,Southern Africa,single-store used / bookstore signal,Huddy's Books,bookstore,web_verified_2026_04_22_active_open_continuation_5,high,Midlands Meander books-and-collectibles specialist that closed its physical shop but continues as an online timed-auction book rail focused on second-hand and collectible stock; adds KwaZulu-Natal auction depth.,supporting,south africa::huddy's books
South Africa,Southern Africa,weak-fit core,IGO Books,publisher_bookseller,web_verified_2026_04_22_active_open_continuation_4,medium,"Online bookstore plus print/distribution platform operated via Pinetown Printers, explicitly serving authors, publishers, bookstores, and resellers; deepens KZN book-distribution infrastructure.",south africa continuation / print-distribution-bookseller hybrid,south africa::igo books
South Africa,Southern Africa,single-store bookstore layer,IH Pentz Campus Bookshop,bookstore,web_verified_2026_04_22_active_open_continuation,high,"Wits East Campus academic/general bookshop with more than 30,000 titles and online nationwide delivery; strengthens Gauteng campus rail.",secondary,south africa::ih pentz campus bookshop
South Africa,Southern Africa,single-store used / bookstore signal,Ike's Books,site,web_verified_2026_04_22_active_open_continuation_2,high,"Durban independent second-hand, out-of-print, and antiquarian bookshop with strong Africana/politics texture; deepens KwaZulu-Natal used-and-collectible rail.",primary,south africa::ike's books
South Africa,Southern Africa,annex / classifieds,Independent Books,marketplace,web_verified_2026_04_22_active_open_continuation_4,medium,Author-direct South African platform/forum for independently published books sold by authors or agents without a central retail middleman; adds self-publishing direct-sale infrastructure.,south africa continuation / author-direct marketplace,south africa::independent books
South Africa,Southern Africa,offline / fair / literacy layer,Ingcayizivele Book Festival,festival,web_verified_2026_04_22_active_open_continuation_10,high,"Mpumalanga indigenous-language literary festival whose 2025 edition began with a school book tour donating books across Matsulu, KaBokweni, and Barberton; adds festival-plus-donation infrastructure.",primary,south africa::ingcayizivele book festival
South Africa,Southern Africa,offline / fair / literacy layer,Kgadi Moshukutswane Foundation + Vahluri Reading Club / Maune library campaign,literacy_distribution,web_verified_2026_04_22_active_open_continuation_8,high,"Limpopo campaign to stock Maune Primary School's newly built library with books and furniture, led by the Kgadi Moshukutswane Foundation and Vahluri Reading Club under the 'Help Us Fill Our New Library' drive.",primary,south africa::kgadi moshukutswane foundation + vahluri reading club / maune library campaign
South Africa,Southern Africa,offline / fair / literacy layer,Kingsmead Book Fair 2026,event,web_verified_2026_04_22,high,Live 2026 Johannesburg book-fair infrastructure with current ticketing and bookseller partnership signals.,supporting,south africa::kingsmead book fair 2026
South Africa,Southern Africa,offline / fair / literacy layer,KwaDukuza Public Libraries donation rail,literacy_distribution,web_verified_2026_04_22_active_open_continuation_7,high,2025 reporting shows KwaDukuza's six public libraries actively soliciting donations of gently used and new books and rotating stock between branches; this adds a current North Coast public-library replenishment rail.,supporting,south africa::kwadukuza public libraries donation rail
South Africa,Southern Africa,offline / fair / literacy layer,Kwasukela Storytelling Festival,festival,web_verified_2026_04_22_active_open_continuation_11,high,"Standerton literacy festival where children received books donated by Standerton Public Library, Nal'ibali, and One Hope; adds festival-plus-book-giveaway infrastructure in Mpumalanga.",primary,south africa::kwasukela storytelling festival
South Africa,Southern Africa,offline / fair / literacy layer,LIASA,library_infrastructure,web_verified_2026_04_22_active_open_continuation_20,high,"Library and Information Association of South Africa, a national library-sector professional body with active national office, events, and sector-facing infrastructure for South African libraries and information services.",supporting,south africa::liasa
South Africa,Southern Africa,offline / fair / literacy layer,Libraries for Literacy,literacy_distribution,web_verified_2026_04_22_active_open_continuation_3,high,South Africa-focused organisation partnering with under-resourced schools to create libraries with age-appropriate English and African-language books.,library-building literacy infrastructure,south africa::libraries for literacy
South Africa,Southern Africa,offline / fair / literacy layer,Literacy Association of South Africa,literacy_organisation,web_verified_2026_04_22_active_open_continuation_14,medium,"Volunteer-run national literacy member body connecting practitioners through workshops, outreach, scholarly publishing, and branch-level activity; adds literacy-sector coordination infrastructure rather than direct retail.",supporting,south africa::literacy association of south africa
South Africa,Southern Africa,offline / fair / literacy layer,Literacy4life,literacy_distribution,web_verified_2026_04_22_active_open_continuation_3,high,Nonprofit founded in 2019 distributing books to underserved communities and schools nationwide through campaign-based literacy initiatives.,literacy distribution,south africa::literacy4life
South Africa,Southern Africa,offline / fair / literacy layer,Little Zebra Books,literacy_distribution,web_verified_2026_04_22_active_open_continuation,high,Cape Town nonprofit distributing children's books in African languages through local partners; deepens literacy-distribution seam.,supporting,south africa::little zebra books
South Africa,Southern Africa,offline / fair / literacy layer,Living Through Learning,literacy_distribution,web_verified_2026_04_22_active_open_continuation_20,high,"Cape Town literacy NPO/PBO focused on foundation-phase literacy, educator training, and interventions for disadvantaged educators and learners in South Africa.",primary,south africa::living through learning
South Africa,Southern Africa,main universe,Loot Books,site,web_verified_2026_04_22,high,"Very large national online books rail with millions of titles spanning fiction, lifestyle, academic, Christianity, and children’s books.",primary,south africa::loot books
South Africa,Southern Africa,offline / fair / literacy layer,Louwville High School Mobile Digital Library,mobile_library,web_verified_2026_04_22_active_open_continuation_14,high,"March 2026 handover of a Mobile Digital Library at Louwville High School in Vredenburg, providing offline curriculum-aligned digital learning content and expanding school-library-type access on the West Coast.",primary,south africa::louwville high school mobile digital library
South Africa,Southern Africa,offline / fair / literacy layer,Masivuke Primary School Beyond Words library,library,web_verified_2026_04_22_active_open_continuation_11,high,"Philippi school library launched in March 2026 under the Beyond Words collaboration of the Bookery, Cotton On Foundation, and Nomzamo Lighthouse Foundation, with a major curated book installation.",primary,south africa::masivuke primary school beyond words library
South Africa,Southern Africa,offline / fair / literacy layer,Masixhasane,literacy_distribution,web_verified_2026_04_22_active_open_continuation_3,high,"South African mobile-library and classroom-book infrastructure provider supplying stocked book boxes, shelves, and library trolleys to underserved communities.",mobile-library infrastructure,south africa::masixhasane
South Africa,Southern Africa,single-store used booksellers,Midrand SPCA Book Shop,bookstore,web_verified_2026_04_22_active_open_continuation_17,high,"Midrand SPCA used-book shop with dedicated book section and low-cost used books, operating alongside the jumble shop and explicitly positioned as a destination for used and out-of-print titles.",supporting,south africa::midrand spca book shop
South Africa,Southern Africa,offline / fair / literacy layer,Mikhulu Trust,literacy_distribution,web_verified_2026_04_22_active_open_continuation_20,high,"South African child-development and literacy organisation whose work includes capacity building and book-sharing with young children, centered on local wordless picture books.",primary,south africa::mikhulu trust
South Africa,Southern Africa,offline / fair / literacy layer,Mikhulu Trust wordless picture books,literacy_distribution,web_verified_2026_04_22_active_open_continuation_20,high,"Distinct program-level rail producing and distributing affordable South African-context wordless picture books for parents, caregivers, partners, and the public.",supporting,south africa::mikhulu trust wordless picture books
South Africa,Southern Africa,offline / fair / literacy layer,Mpumalanga province mobile libraries Gert Sibande,mobile_library,web_verified_2026_04_22_active_open_continuation_12,high,"Provincial handover of two mobile libraries in the Gert Sibande Region in 2025, adding state-backed mobile-library infrastructure beyond NGO and private rails.",primary,south africa::mpumalanga province mobile libraries gert sibande
South Africa,Southern Africa,offline / fair / literacy layer,NECT and Room to Read MEC Book Club Launch 2025,event,web_verified_2026_04_22_active_open_continuation_19,high,"Mpumalanga province-scale book-distribution rail where NECT and Room to Read donated 40,000 storybooks for 61 schools at the MEC Book Club launch in Barberton.",supporting,south africa::nect and room to read mec book club launch 2025
South Africa,Southern Africa,offline / fair / literacy layer,Nal'ibali,literacy_distribution,web_verified_2026_04_22_active_open_continuation_4,high,National reading-for-enjoyment campaign promoting multilingual stories and distributing reading materials across South Africa; deepens mother-tongue and campaign-based book access.,south africa continuation / reading campaign infrastructure,south africa::nal'ibali
South Africa,Southern Africa,offline / fair / literacy layer,Novalo Learning Sector library upgrade rail,literacy_distribution,web_verified_2026_04_22_active_open_continuation_11,high,"Local learning provider that cleaned Boitumelong Secondary School's library in Thembisa and donated books as part of its Mandela Day contribution, adding another school-library upgrade rail.",supporting,south africa::novalo learning sector library upgrade rail
South Africa,Southern Africa,offline / fair / literacy layer,Nwala Foundation,literacy_distribution,web_verified_2026_04_22_active_open_continuation_21,high,"South African literacy nonprofit dedicated to advancing reading and writing culture across communities, with multiple active programmes including fairs, games, and rural literacy initiatives.",primary,south africa::nwala foundation
South Africa,Southern Africa,offline / fair / literacy layer,"Nwala Foundation A Village, A Story",literacy_distribution,web_verified_2026_04_22_active_open_continuation_21,high,"Flagship rural literacy initiative using storytelling, donated book collections, and mobile or community libraries to bring books into underserved South African villages.",supporting,"south africa::nwala foundation a village, a story"
South Africa,Southern Africa,single-store used booksellers,Oasis Association bookshop,bookstore,web_verified_2026_04_22_active_open_continuation_14,high,"Claremont charity bookshop and art/furniture/book rail taking book donations and selling books, maps, textbooks, plays, antiques and prints as part of Oasis Association’s funding model.",supporting,south africa::oasis association bookshop
South Africa,Southern Africa,annex / classifieds,Old Johannesburg Warehouse Auctioneers,marketplace,web_verified_2026_04_22_active_open_continuation_6,high,Multi-branch South African auction house with current 2026 auctions and explicit rare-books and maps specialization within its books-and-collectables offering; adds broader auction-market texture beyond single book dealers.,supporting,south africa::old johannesburg warehouse auctioneers
South Africa,Southern Africa,offline / fair / literacy layer,One Day. One Book.,literacy_distribution,web_verified_2026_04_22_active_open_continuation_19,medium,Volunteer creative initiative organised by Room to Read and sponsored by the REACH Trust to create South African-language children's books for free online distribution and mass print runs.,supporting,south africa::one day. one book.
South Africa,Southern Africa,offline / fair / literacy layer,Open Book Festival,event,web_verified_2026_04_22,high,Established Cape Town literary festival with an ongoing annual/multi-event model focused on South African literature in international context.,supporting,south africa::open book festival
South Africa,Southern Africa,single-store bookstore layer,Our Books Direct,site,web_verified_2026_04_22_active_open_continuation_4,high,Gauteng online bookstore with direct ecommerce across broad genres; adds another non-chain national-delivery rail.,south africa continuation / online bookstore rail,south africa::our books direct
South Africa,Southern Africa,offline / fair / literacy layer,Pioneer School Library,literacy_distribution,web_verified_2026_04_22_active_open_continuation_5,high,"Worcester-based blind and partially sighted library service offering braille, audio, large-print, and standard books, with free service to blind and partially sighted people in South Africa and neighboring countries.",supporting,south africa::pioneer school library
South Africa,Southern Africa,offline / fair / literacy layer,Pretoria Central High School World Book Day donation rail,literacy_distribution,web_verified_2026_04_22_active_open_continuation_11,medium,"World Book Day 2025 book-and-voucher donation rail at Pretoria Central High School, where the EU donated over 200 books and a book voucher to stock the school library.",supporting,south africa::pretoria central high school world book day donation rail
South Africa,Southern Africa,offline / fair / literacy layer,Project Literacy Big Blue Book Bus,mobile_library,web_verified_2026_04_22_active_open_continuation_12,high,"Project Literacy's mobile library bus visits primary schools with multilingual books during recurring school visits, adding a structured periodic mobile-library access rail.",primary,south africa::project literacy big blue book bus
South Africa,Southern Africa,weak-fit core,Protea Boekhuis,site,web_verified_2026_04_22_active_open_continuation_2,high,Pretoria-rooted Afrikaans and academic bookselling/publishing rail that grew from a small second-hand shop into 15 academic bookstores nationwide; strong Hatfield academic and Afrikaans seam.,primary,south africa::protea boekhuis
South Africa,Southern Africa,offline / fair / literacy layer,Puku Children's Literature Foundation,literacy_distribution,web_verified_2026_04_22_active_open_continuation_20,high,"South African book-development and reading-promotion organisation working to increase access to children's literature in all South African languages through catalogues, digital platforms, reviews, and ecosystem support.",primary,south africa::puku children's literature foundation
South Africa,Southern Africa,weak-fit core,Qualibooks South Africa,site,web_verified_2026_04_22,high,Educational-books and library-solutions rail with resources in all eleven South African languages and school/library support.,secondary,south africa::qualibooks south africa
South Africa,Southern Africa,offline / fair / literacy layer,READ Educational Trust,literacy_distribution,web_verified_2026_04_22_active_open_continuation_15,high,"Long-running literacy organisation focused on learners and teachers in under-resourced schools, with large national reach and continuing literacy interventions.",primary,south africa::read educational trust
South Africa,Southern Africa,offline / fair / literacy layer,READ to RISE,literacy_distribution,sa_pass6_unapplied_package_applied_2026_04_22,high,Book-ownership and literacy-promotion NGO distributing books to young learners across South Africa.,supporting,south africa::read to rise
South Africa,Southern Africa,single-store used / bookstore signal,REEA Charity Bookshop,site,web_verified_2026_04_22_active_open_continuation_2,high,"Craighall Park second-hand charity bookshop fed by donors and volunteers, supporting the REEA Foundation; adds nonprofit charity-bookshop texture to Gauteng's used-book layer.",primary,south africa::reea charity bookshop
South Africa,Southern Africa,offline / fair / literacy layer,Rally to Read / Ford South Africa Eastern Cape 2026,literacy_distribution,web_verified_2026_04_22_active_open_continuation_13,high,"Long-running rural-school literacy rail in the Eastern Cape delivering books, classroom libraries, teacher aids, and teacher training to under-resourced schools through the Ford South Africa and READ Educational Trust partnership.",primary,south africa::rally to read / ford south africa eastern cape 2026
South Africa,Southern Africa,single-store used / bookstore signal,Rare Collections,site,sa_pass6_unapplied_package_applied_2026_04_22,medium,"Rare-books dealer covering fine press, modern first editions, speculative fiction, prints, and ephemera; strengthens specialist rare/collectibles seam.",secondary,south africa::rare collections
South Africa,Southern Africa,single-store used booksellers,ReadMatter,site,web_verified_2026_04_22,high,Nationwide online secondhand-book rail with broad preloved inventory and delivery throughout South Africa.,secondary,south africa::readmatter
South Africa,Southern Africa,weak-fit core,Readers Den Comic Shop,bookstore,web_verified_2026_04_22_active_open_continuation,high,Cape Town specialist comics / graphic novels / manga rail with two branches and online sales; strengthens Western Cape specialist comics seam.,secondary,south africa::readers den comic shop
South Africa,Southern Africa,main universe,Readers Warehouse,site,web_verified_2026_04_22,medium,Current national discount-books ecommerce rail adding further scale beyond the biggest chains and marketplaces.,secondary,south africa::readers warehouse
South Africa,Southern Africa,single-store bookstore layer,Red Owl Books,bookstore,web_verified_2026_04_22_active_open_continuation,medium,Randburg independent online bookstore focused on literary fiction/non-fiction and both new and used stock; adds Gauteng indie-online layer.,secondary,south africa::red owl books
South Africa,Southern Africa,offline / fair / literacy layer,Rhulani Mabasa Children’s Foundation Kasi to Kasi mobile library,mobile_library,web_verified_2026_04_22_active_open_continuation_12,high,"Soweto mobile-library rail launched in 2026 by the Rhulani Mabasa Children’s Foundation, using the Kasi to Kasi mobile library to bring books and reading resources into local communities.",primary,south africa::rhulani mabasa children’s foundation kasi to kasi mobile library
South Africa,Southern Africa,offline / fair / literacy layer,Room to Read South Africa,literacy_distribution,web_verified_2026_04_22_active_open_continuation_19,high,Room to Read's South Africa literacy programme combining classroom instruction with child-friendly libraries and partnerships with the Department of Basic Education and provincial departments.,primary,south africa::room to read south africa
South Africa,Southern Africa,annex / classifieds,Rotary Ann Charity Shop,charity_shop,web_verified_2026_04_22_active_open_continuation_10,medium,Three Rivers charity shop run by Rotary Ann team with a visible second-hand book rail inside a broader resale shop; adds Vaal/Triangles charity-resale texture beyond dedicated bookstores.,supporting,south africa::rotary ann charity shop
South Africa,Southern Africa,offline / fair / literacy layer,Rotary Club of Bedfordview Humanitarian Book Centre,literacy_distribution,web_verified_2026_04_22_active_open_continuation_6,high,"Volunteer-run humanitarian book centre that sources and distributes donated educational and general books to under-resourced schools and libraries, especially in rural areas.",primary,south africa::rotary club of bedfordview humanitarian book centre
South Africa,Southern Africa,offline / fair / literacy layer,SANABP Braille Production,literacy_distribution,web_verified_2026_04_22_active_open_continuation_5,high,Current national blind-and-partially-sighted organisation maintaining braille-production infrastructure as a paid accessibility service; adds another present-day accessible-reading support rail.,supporting,south africa::sanabp braille production
South Africa,Southern Africa,offline / fair / literacy layer,SAPESI,literacy_distribution,web_verified_2026_04_22_active_open_continuation_4,high,South African Primary Education Support Initiative uses mobile library buses and provincial partnerships to bring books to rural schools; materially strengthens library-access infrastructure.,south africa continuation / mobile library infrastructure,south africa::sapesi
South Africa,Southern Africa,single-store used booksellers,SPCA Durban & Coast Charity Shops,bookstore,web_verified_2026_04_22_active_open_continuation_18,high,"Durban & Coast SPCA operates three charity shops carrying second-hand books and other donated goods, with proceeds exceeding R3 million annually for animal care according to the current charity-shops page.",primary,south africa::spca durban & coast charity shops
South Africa,Southern Africa,single-store used booksellers,SPCA Randburg Charity Shop and Book Shop,bookstore,web_verified_2026_04_22_active_open_continuation_18,high,"Randburg SPCA fundraising rail with dedicated charity shops and a separate book shop, all run as part of the organisation's current revenue model.",supporting,south africa::spca randburg charity shop and book shop
South Africa,Southern Africa,single-store used booksellers,SPCA Roodepoort Krugersdorp Book Shop,bookstore,web_verified_2026_04_22_active_open_continuation_17,high,"Volunteer-run SPCA second-hand book shop that accepts donations of used books and sells them to raise funds for animal welfare, adding another Gauteng charity-bookshop rail.",supporting,south africa::spca roodepoort krugersdorp book shop
South Africa,Southern Africa,single-store used booksellers,Sandton SPCA Bookshop and Book Nook,bookstore,web_verified_2026_04_22_active_open_continuation_17,high,"Sandton SPCA charity retail operation that explicitly includes a bookshop and Book Nook, funded by donated goods and books and run as part of the SPCA's fundraising activity.",supporting,south africa::sandton spca bookshop and book nook
South Africa,Southern Africa,offline / fair / literacy layer,School Aid South Africa,literacy_distribution,web_verified_2026_04_22_active_open_continuation_15,high,"National organisation supporting schools in disadvantaged communities with fully functional libraries, trained library assistants, and ongoing book and literacy-programme support.",primary,south africa::school aid south africa
South Africa,Southern Africa,single-store used / bookstore signal,Select Books,bookstore,web_verified_2026_04_22_active_open_continuation,high,Cape Town out-of-print / Africana / sport specialist that buys and sells rare and new books; strengthens antiquarian seam.,secondary,south africa::select books
South Africa,Southern Africa,offline / fair / literacy layer,Shine Literacy Programme (SHINE),literacy_distribution,web_verified_2026_04_22_active_open_continuation_18,medium,"Current Shine chapter page describing a literacy intervention at Goedehoop Primary in Reiger Park with trained volunteers, individualised reading support, and classroom storybooks to build a culture of reading.",supporting,south africa::shine literacy programme (shine)
South Africa,Southern Africa,weak-fit core,Shofar Books,publisher_bookseller,web_verified_2026_04_22_active_open_continuation_4,medium,"Independent publishing house with bookstore surface and offices in Cape Town and Gqeberha, explicitly focused on self-publishing and author distribution; adds Western/Eastern Cape hybrid indie infrastructure.",south africa continuation / self-publishing hybrid,south africa::shofar books
South Africa,Southern Africa,offline / fair / literacy layer,Society for Animals in Distress World Book Day book sale,event,web_verified_2026_04_22_active_open_continuation_10,medium,"Midrand pre-loved-book fundraiser for veterinary care, explicitly built around shelves of affordable second-hand books across genres; adds animal-charity book-sale event infrastructure.",supporting,south africa::society for animals in distress world book day book sale
South Africa,Southern Africa,offline / fair / literacy layer,South Africa Reads,digital_library,web_verified_2026_04_22_active_open_continuation_21,high,"Free open educational resource for homes, schools, and communities, offering text-and-audio stories in English and some other official South African languages through the Global Storybooks project.",primary,south africa::south africa reads
South Africa,Southern Africa,offline / fair / literacy layer,South African Library for the Blind (SALB),literacy_distribution,web_verified_2026_04_22_active_open_continuation_4,high,"Accessible-reading institution in Makhanda providing braille and audio materials, mini-libraries, catalogue services, and postal delivery; adds disability-access reading infrastructure.",south africa continuation / accessible reading infrastructure,south africa::south african library for the blind (salb)
South Africa,Southern Africa,offline / fair / literacy layer,Southbroom Library,library,web_verified_2026_04_22_active_open_continuation_6,medium,"Volunteer-run village library on the KwaZulu-Natal South Coast, open multiple mornings weekly and funded in part through donations and sales of duplicate books; adds a non-metro volunteer library rail.",supporting,south africa::southbroom library
South Africa,Southern Africa,single-store bookstore layer,Spine and Page,bookstore,sa_pass5_unapplied_package_applied_2026_04_22,medium,"Cape Town bookstore surface with local ecommerce and ebook information, adding regional indie depth.",secondary,south africa::spine and page
South Africa,Southern Africa,offline / fair / literacy layer,TAQA,digital_library,web_verified_2026_04_22_active_open_continuation_21,high,South African children’s-books platform designed to improve access to books in all 11 official South African spoken languages through videobook-style formats.,primary,south africa::taqa
South Africa,Southern Africa,main universe,Takealot Books,site,web_verified_2026_04_22,high,"Large national online books marketplace with broad children, fiction, nonfiction, and academic surfaces plus nationwide delivery and collection.",primary,south africa::takealot books
South Africa,Southern Africa,single-store used booksellers,Thandeka's Bookshop at the Boksburg SPCA,bookstore,web_verified_2026_04_22_active_open_continuation_6,high,"Volunteer-run second-hand SPCA bookshop in Boksburg with weekday hours, pensioner pricing, and proceeds directed to animal welfare; adds a durable charity-bookshop rail in Gauteng.",supporting,south africa::thandeka's bookshop at the boksburg spca
South Africa,Southern Africa,single-store bookstore layer,The Book Lounge,bookstore,web_verified_2026_04_22_active_open_continuation_3,high,Cape Town independent bookstore with current events programming and an active online catalogue; fills a major indie omission in the Western Cape retail spine.,indie bookstore,south africa::the book lounge
South Africa,Southern Africa,offline / fair / literacy layer,The Book Tree donate-books routing platform,literacy_distribution,web_verified_2026_04_22_active_open_continuation_15,medium,"Children's-book literacy platform with an explicit donate-books page directing good-condition children's books toward organisations that need them, adding a routing and coordination rail.",supporting,south africa::the book tree donate-books routing platform
South Africa,Southern Africa,offline / fair / literacy layer,The Bookery,literacy_distribution,sa_pass6_unapplied_package_applied_2026_04_22,high,School-library building and literacy-distribution NGO creating learner-centred libraries with stocked books.,supporting,south africa::the bookery
South Africa,Southern Africa,single-store used booksellers,The Crazy Book Inn,site,sa_pass5_unapplied_package_applied_2026_04_22,high,Online South African bookstore focused on secondhand / pre-loved books with nationwide-delivery language.,secondary,south africa::the crazy book inn
South Africa,Southern Africa,offline / fair / literacy layer,The LEARN Project,literacy_distribution,web_verified_2026_04_22_active_open_continuation_18,high,South African nonprofit trust that equips schools and children in need with reading books and creates sustainable libraries and classroom book corners.,primary,south africa::the learn project
South Africa,Southern Africa,single-store used booksellers,The Little Bookstore,site,web_verified_2026_04_22_active_open_continuation_3,medium,Online South African secondhand-book shop also carrying some old-stock and collectible titles; extends the small-scale used-bookseller seam.,used-bookseller,south africa::the little bookstore
South Africa,Southern Africa,single-store used booksellers,The Reading Rooster,bookstore,web_verified_2026_04_22_active_open_continuation_16,high,"Kloof & Highway SPCA second-hand bookstore inside The Mushroom Farm, explicitly reliant on donations and purchases as a valuable fundraising income stream.",supporting,south africa::the reading rooster
South Africa,Southern Africa,offline / fair / literacy layer,The Web Foundation / Siyafunda Donate a Book,literacy_distribution,web_verified_2026_04_22_active_open_continuation_15,high,"South African literacy foundation foregrounding donated-book and trolley-library style projects, including Siyafunda Donate a Book and related access programmes.",primary,south africa::the web foundation / siyafunda donate a book
South Africa,Southern Africa,offline / fair / literacy layer,Touch Africa Book Drive,literacy_distribution,web_verified_2026_04_22_active_open_continuation_13,high,"Countrywide book-drive rail collecting donated books from anywhere in South Africa, sorting and dispatching them from a Johannesburg library warehouse to schools and early-childhood programmes.",primary,south africa::touch africa book drive
South Africa,Southern Africa,main universe,Van Schaik,site,web_verified_2026_04_22,high,Century-old academic retailer with more than 60 stores across Southern Africa and a strong South Africa-facing campus/bookselling seam.,secondary,south africa::van schaik
South Africa,Southern Africa,offline / fair / literacy layer,Western Cape School Library Competition 2025 winners rail,library_support_programme,web_verified_2026_04_22_active_open_continuation_14,high,"Western Cape Education Department school-library-resourcing rail that awarded ten schools R35,000 each for library resources during South African Library Week 2026.",primary,south africa::western cape school library competition 2025 winners rail
South Africa,Southern Africa,offline / fair / literacy layer,Wits Libraries legacy book donation rail,library,web_verified_2026_04_22_active_open_continuation_15,high,University-library donation rail evidenced by a 2025 official handover of a significant book collection from the Santu Mofokeng Foundation to Wits Libraries.,supporting,south africa::wits libraries legacy book donation rail
South Africa,Southern Africa,main universe,Wize Books Secondhand,marketplace,web_verified_2026_04_22_active_open_continuation_9; runtime_gap_bridge_web_2026_04_25_sa_hardening,high,"PROMOTED in pass43: Wize Used Books exposes buy/sell flows, student-listed used textbooks across South Africa, courier collection, bank payouts, cart/account flows, and pre-owned academic/story books marketplace language.",promoted strict-main hardening,south africa::wize books secondhand
South Africa,Southern Africa,offline / fair / literacy layer,Wordworks,literacy_distribution,web_verified_2026_04_22_active_open_continuation_18,high,"South African non-profit focused on early language and literacy development, sharing programmes, resources, and courses through partners including schools, libraries, community organisations, and government departments.",primary,south africa::wordworks
South Africa,Southern Africa,offline / fair / literacy layer,YOUPSA Mobile Village Libraries & Reading Clubs,mobile_library,web_verified_2026_04_22_active_open_continuation_13,high,"Youth Potential South Africa’s rural-village mobile-library and reading-club rail using book bags that circulate from village to village and home to home, with book exchanges and mentoring around library care.",primary,south africa::youpsa mobile village libraries & reading clubs
South Africa,Southern Africa,offline / fair / literacy layer,YearBeyond 1 000 Stories library reading champions,literacy_distribution,web_verified_2026_04_22_active_open_continuation_14,high,"Western Cape 2026/27 library-literacy rail placing young people directly into libraries as reading champions through the YearBeyond programme, backed by R3 million provincial funding.",primary,south africa::yearbeyond 1 000 stories library reading champions
South Africa,Southern Africa,offline / fair / literacy layer,help2read,literacy_distribution,web_verified_2026_04_22_active_open_continuation_19,high,"National literacy NGO providing one-to-one reading support in South African primary schools and youth literacy development, with programmes in Gauteng and the Western Cape.",primary,south africa::help2read
South Africa,Southern Africa,offline / fair / literacy layer,help2read Book Boxes,literacy_distribution,web_verified_2026_04_22_active_open_continuation_19,high,"help2read resource rail providing carefully designed Book Boxes with reading materials, games, worksheets, and writing materials for participating primary schools.",supporting,south africa::help2read book boxes
South Africa,Southern Africa,offline / fair / literacy layer,kibooks.online,digital_library,web_verified_2026_04_22_active_open_continuation_21,high,"Qualibooks digital library platform offering learners, parents, and educators access to thousands of eLibrary resources across all eleven South African languages.",supporting,south africa::kibooks.online
South Africa,Southern Africa,offline / fair / literacy layer,wRite associates Reading & Book Clubs / Tsebe Community Library,library,web_verified_2026_04_22_active_open_continuation_17,medium,"Community programme described on the South African Literary Awards site as establishing reading and book clubs and the Tsebe Community Library, adding community-library and book-club infrastructure to the literacy map.",supporting,south africa::write associates reading & book clubs / tsebe community library
South Korea,East Asia,weak-fit core,RIDI,site,east asia south korea pass1,medium,"Book-forward digital shadow layer: RIDI still includes ebook/books and Select subscription, but now sits inside a broader webtoon/webnovel-heavy platform frame.",primary,south korea::ridi
South Korea,East Asia,used-book signal (territory note),"Strong, but mostly internalized inside Aladin + YES24",territory_note,east asia south korea pass2,high,"Pass 2 closure view: South Korea's used-book/recommerce seam is structurally important, but most of the verified depth is absorbed inside Aladin and YES24 rather than appearing as a clearly separate national specialist spine.",primary,south korea::used-book-signal
South Korea,East Asia,main universe,YES24,site,east asia south korea pass1; east asia south korea pass2,high,"Pass 1/2 anchor: YES24 combines new books with an explicit 중고샵, 바이백(중고팔기), and a smaller used-store network; important integrated recommerce rail inside the main spine.",primary,south korea::yes24
South Korea,East Asia,main universe,교보문고,site,east asia south korea pass1,high,"Pass 1 anchor: Kyobo is one of South Korea's three dominant online-book rails and combines online retail, ebook, store network, and pickup services.",primary,south korea::교보문고
South Korea,East Asia,annex / classifieds,당근,site,east asia south korea pass2,high,"Large horizontal used-goods platform. Official service materials frame 당근 as neighborhood-based 중고거래, and official marketplace pages show live book listings; important annex spillover rather than a book-first core rail.",primary,south korea::당근
South Korea,East Asia,weak-fit core,밀리의서재,site,east asia south korea pass1,medium,"Book-forward subscription rail with very large ebook catalog and reading-platform identity, but not a dominant paper-book marketplace spine in the same sense as the top three.",primary,south korea::밀리의서재
South Korea,East Asia,offline / fair / literacy layer,서울국제도서전,site,east asia south korea pass1,high,National-scale fair and reading/publishing institution; held in the literacy/fair layer rather than the marketplace layers.,primary,south korea::서울국제도서전
South Korea,East Asia,main universe,알라딘,site,east asia south korea pass1; east asia south korea pass2,high,"Pass 1/2 anchor: Aladin combines online used books, direct used fulfillment, and a large national used-store network; the clearest integrated used-book/recommerce rail inside South Korea's core.",primary,south korea::알라딘
South Sudan,Nile / Northeast Africa,single-store bookstore layer,Africa World Books South Sudan order office,book_order_collection_office,runtime_gap_bridge_web_2026_04_25_south_africa_hardening_nile_gap_sprint,medium,Search-visible site text says Africa World Books has an office in South Sudan where it is possible to place and collect book orders; order/distribution layer only.,supporting,south sudan::africa world books office
South Sudan,Nile / Northeast Africa,single-store bookstore layer,Juba Online Books,online_bookstore_buy_sell_signal,runtime_gap_bridge_web_2026_04_25_south_africa_hardening_nile_gap_sprint,medium,Search-visible post calls Juba Online Books the first official online bookstore in South Sudan and says it buys and sells interesting books; single-store/social signal pending hardening.,supporting,south sudan::juba online books
South Sudan,Nile / Northeast Africa,single-store bookstore layer,Kakule Bookstore,online_bookstore,runtime_gap_bridge_web_2026_04_25_south_africa_hardening_nile_gap_sprint,high,"Juba/Thongping online bookstore with cart/account/store flows, current categories, prices, and contact details; ordinary online bookstore, not resale marketplace.",supporting,south sudan::kakule bookstore
South Sudan,Nile / Northeast Africa,single-store used / bookstore signal,Leaves Bookshop,not_for_profit_used_new_bookshop,runtime_gap_bridge_web_2026_04_25_south_africa_hardening_nile_gap_sprint,medium,"Search-visible group describes Leaves as a not-for-profit Juba bookshop with hundreds of new and used books across history, politics, science, economics, and fiction.",supporting,south sudan::leaves bookshop
South Sudan,Nile / Northeast Africa,single-store used / bookstore signal,Ramciel Books Store,online_bookshop_buy_sell_signal,runtime_gap_bridge_web_2026_04_25_south_africa_hardening_nile_gap_sprint,medium,Search-visible post describes Ramciel as an online bookshop based in Juba City that sells and buys books; promising but still single-store/social evidence.,supporting,south sudan::ramciel books store
South Sudan,Nile / Northeast Africa,single-store bookstore layer,South Sudan Online Bookshop,online_bookshop_social_surface,runtime_gap_bridge_web_2026_04_25_south_africa_hardening_nile_gap_sprint,medium,"Search-visible surface offers educational books, bestselling novels, stationery, and free delivery within Juba; ordinary online bookshop signal.",supporting,south sudan::south sudan online bookshop
South Sudan,Nile / Northeast Africa,single-store used / bookstore signal,Yo’ Books Limited,new_bargain_gently_read_bookseller,runtime_gap_bridge_web_2026_04_25_south_africa_hardening_nile_gap_sprint,medium,"Juba bookseller surface describes affordable new, bargain, and gently read books in print/digital; used/pre-loved single-store signal.",supporting,south sudan::yo books limited
Spain,Iberia,main universe,Biblio.es,spain_facing_independent_bookseller_marketplace,runtime_gap_bridge_web_2026_05_06_pass182_spain_hardening,medium-high,"Pass182 Spain hardening: Spain-facing Biblio marketplace for used, rare and collectible books from independent booksellers; international but book-specific and Spain-facing, strict/main.",primary,spain::biblio.es
Spain,Iberia,legacy / closed marketplace,Bolsabooks,legacy_used_textbook_store_platform,runtime_gap_bridge_web_2026_05_06_pass182_spain_hardening,medium-high,"Pass182 Spain correction: older used textbook platform/store cited in legacy guides appears closed by March 2024 and replaced locally by Booky; preserve as legacy/closed, not active main.",primary,spain::bolsabooks
Spain,Iberia,single-store used booksellers,Booky Pamplona / former Bolsabooks successor,local_used_textbook_store,runtime_gap_bridge_web_2026_05_06_pass182_spain_hardening,medium,Pass182 Spain hardening: 2025 local-news evidence for Pamplona used-textbook store replacing the former Bolsabooks local niche; local single-store layer only.,primary,spain::booky pamplona / former bolsabooks successor
Spain,Iberia,single-store bookstore layer,CEGAL independents,independent_bookstore_network,runtime_gap_bridge_web_2026_05_06_pass182_spain_hardening,high,Pass182 hardening: Spanish booksellers association/independent-bookstore network; useful bookstore infrastructure but not a used-book recommerce marketplace.,primary,spain::cegal independents
Spain,Iberia,weak-fit core,Casa del Libro,book_retailer_marketplace_secondhand_surface,runtime_gap_bridge_web_2026_05_06_pass182_spain_hardening,high,"Pass182 correction: Casa del Libro has a books-focused marketplace/second-hand surface and seller onboarding, but this is retailer-hosted rather than a pure independent recommerce marketplace; weak-fit core.",primary,spain::casa del libro
Spain,Iberia,offline / fair / literacy layer,Feria del Libro Antiguo y de Ocasión de Madrid,offline_used_antiquarian_book_fair,runtime_gap_bridge_web_2026_05_06_pass182_spain_hardening,high,"Pass182 Spain hardening: 2026 Madrid old/second-hand/antiquarian book fair with specialist sellers from across Spain; offline fair/literacy layer, not online marketplace.",primary,spain::feria del libro antiguo y de ocasión de madrid
Spain,Iberia,offline / fair / literacy layer,Feria del Libro de Madrid,offline_general_book_fair_literacy_layer,runtime_gap_bridge_web_2026_05_06_pass182_spain_hardening,high,Pass182 hardening: retained as major national book-fair/literacy infrastructure; not a used-book marketplace.,primary,spain::feria del libro de madrid
Spain,Iberia,offline / fair / literacy layer,Fira del Llibre d’Ocasió Antic i Modern de Barcelona,offline_used_antiquarian_book_fair,runtime_gap_bridge_web_2026_05_06_pass182_spain_hardening,medium-high,Pass182 Spain hardening: Barcelona used/antiquarian/modern occasion-book fair evidence; offline fair/literacy layer.,primary,spain::fira del llibre d’ocasió antic i modern de barcelona
Spain,Iberia,weak-fit core,Fnac Marketplace,book_retailer_marketplace_buyback_surface,runtime_gap_bridge_web_2026_05_06_pass182_spain_hardening,medium-high,"Pass182 correction: Fnac has marketplace and 2ª Vida book buyback/reuse mechanics, but remains retailer/operator-hosted weak-fit rather than strict/main.",primary,spain::fnac marketplace
Spain,Iberia,weak-fit core,Fnac Segunda Vida / Libros de 2ª Vida,retailer_buyback_used_book_program,runtime_gap_bridge_web_2026_05_06_pass182_spain_hardening,medium-high,"Pass182 Spain hardening: Fnac 2ª Vida lets users value books by ISBN and deliver accepted books to stores; retailer/operator buyback program, weak-fit.",primary,spain::fnac segunda vida / libros de 2ª vida
Spain,Iberia,weak-fit core,Hamelyn,operator_buyback_used_book_resale,runtime_gap_bridge_web_2026_05_06_pass182_spain_hardening,high,"Pass182 Spain hardening: operator buyback/resale rail that buys used books across Spain by scanning ISBN/barcodes, collecting books and paying sellers; operator-mediated weak-fit, not open marketplace.",primary,spain::hamelyn
Spain,Iberia,main universe,IberLibro,spain_facing_used_rare_bookseller_marketplace,runtime_gap_bridge_web_2026_05_06_pass182_spain_hardening,high,Pass182 hardening: IberLibro is a Spain-facing used/rare/out-of-print book marketplace connecting professional sellers/booksellers with buyers; strict/main.,primary,spain::iberlibro
Spain,Iberia,offline / fair / literacy layer,Liber,book_trade_fair_literacy_layer,runtime_gap_bridge_web_2026_05_06_pass182_spain_hardening,high,Pass182 hardening: retained as Spanish book-sector trade-fair infrastructure; not a used-book marketplace.,primary,spain::liber
Spain,Iberia,annex / classifieds,Milanuncios — Libros,horizontal_classifieds_books_category,runtime_gap_bridge_web_2026_05_06_pass182_spain_hardening,high,Pass182 Spain hardening: Milanuncios exposes a book classifieds category for buying/selling second-hand books; horizontal classifieds annex only.,primary,spain::milanuncios — libros
Spain,Iberia,single-store used booksellers,Plataforma del Estudiante,used_textbook_operator_store,runtime_gap_bridge_web_2026_05_06_pass182_spain_hardening,medium-high,"Pass182 Spain hardening: used-textbook buy/sell specialist with Madrid/Barcelona contact points; operator/store layer, not open marketplace.",primary,spain::plataforma del estudiante
Spain,Iberia,main universe,QuieroLibros,native_app_used_book_marketplace,runtime_gap_bridge_web_2026_05_06_pass182_spain_hardening,high,"Pass182 Spain hardening: native book-only used-book marketplace/app with >150,000 used titles, title/ISBN/author search and scan-to-list app mechanics; strict/main.",primary,spain::quierolibros
Spain,Iberia,single-store used booksellers,Re-Read España,multi_location_used_book_chain,runtime_gap_bridge_web_2026_05_06_pass182_spain_hardening,high,"Pass182 Spain hardening: Spanish low-cost second-hand bookshop chain that buys and resells used books; strong store/operator layer, not third-party marketplace.",primary,spain::re-read españa
Spain,Iberia,single-store used booksellers,Reciclibros,operator_buyback_used_bookstore,runtime_gap_bridge_web_2026_05_06_pass182_spain_hardening,high,Pass182 Spain hardening: used-book sale/buyback operator with environmental/social enterprise framing and barcode-scan app mechanics; operator/store layer.,primary,spain::reciclibros
Spain,Iberia,main universe,Relibrea,native_c2c_used_book_marketplace,runtime_gap_bridge_web_2026_05_06_pass182_spain_hardening,high,"Pass182 Spain hardening: native Spain book-specific C2C platform for buying/selling used books, with >100,000 used books, province/city/type filters and no-intermediary/free listing mechanics.",primary,spain::relibrea
Spain,Iberia,offline / fair / literacy layer,State/public library infrastructure,public_library_infrastructure,runtime_gap_bridge_web_2026_05_06_pass182_spain_hardening,high,Pass182 hardening: retained as literacy/infrastructure context only; not a marketplace.,primary,spain::state/public library infrastructure
Spain,Iberia,weak-fit core,TodosTusLibros,independent_bookstore_commerce_platform,runtime_gap_bridge_web_2026_05_06_pass182_spain_hardening,high,Pass182 hardening: CEGAL/TodosTusLibros is a commerce platform for independent bookstores with millions of titles; important book-specific infrastructure but not used-book recommerce.,primary,spain::todostuslibros
Spain,Iberia,main universe,Uniliber,spain_antiquarian_used_bookseller_marketplace,runtime_gap_bridge_web_2026_05_06_pass182_spain_hardening,high,Pass182 hardening: Uniliber is the Spanish antiquarian/used/out-of-print bookseller portal/association catalogue for independent booksellers across Spain; strict/main.,primary,spain::uniliber
Spain,Iberia,annex / classifieds,Wallapop,horizontal_marketplace_books_category,runtime_gap_bridge_web_2026_05_06_pass182_spain_hardening,high,"Pass182 hardening: Wallapop exposes a very large Spain books category with buy/sell mechanics and no selling commission; retained as horizontal annex, not book-first strict/main.",primary,spain::wallapop
Spain,Iberia,weak-fit core,todocoleccion,collectibles_marketplace_books_category,runtime_gap_bridge_web_2026_05_06_pass182_spain_hardening,high,"Pass182 hardening: todocoleccion has a massive books/old-books/second-hand category with direct sale and auction mechanics, but it is broader collectibles marketplace; weak-fit core, not book-first strict/main.",primary,spain::todocoleccion
St. Kitts and Nevis,Caribbean,single-store used / bookstore signal,Chapter 1,site,consolidated_matrix_2026_04_15,medium,small retail + literacy,primary,st. kitts and nevis::chapter 1
St. Kitts and Nevis,Caribbean,offline / fair / literacy layer,Logos Hope,site,consolidated_matrix_2026_04_15,medium,small retail + literacy,primary,st. kitts and nevis::logos hope
St. Kitts and Nevis,Caribbean,single-store used / bookstore signal,RJ Laws,site,consolidated_matrix_2026_04_15,medium,small retail + literacy,primary,st. kitts and nevis::rj laws
St. Kitts and Nevis,Caribbean,annex / classifieds,classifieds rail,site,consolidated_matrix_2026_04_15,medium,small retail + literacy,primary,st. kitts and nevis::classifieds rail
St. Kitts and Nevis,Caribbean,offline / fair / literacy layer,library programming,site,consolidated_matrix_2026_04_15,medium,small retail + literacy,primary,st. kitts and nevis::library programming
St. Lucia,Caribbean,offline / fair / literacy layer,Saint Lucian Book Fair,site,consolidated_matrix_2026_04_15,medium,literary-event heavy,primary,st. lucia::saint lucian book fair
St. Lucia,Caribbean,annex / classifieds,classifieds rails,site,consolidated_matrix_2026_04_15,medium,literary-event heavy,primary,st. lucia::classifieds rails
St. Lucia,Caribbean,single-store used / bookstore signal,small bookstore layer,site,consolidated_matrix_2026_04_15,medium,literary-event heavy,primary,st. lucia::small bookstore layer
St. Vincent and the Grenadines,Caribbean,annex / classifieds,BambaAd SVG,site,consolidated_matrix_2026_04_15,medium,bookstore + literacy layer,primary,st. vincent and the grenadines::bambaad svg
St. Vincent and the Grenadines,Caribbean,single-store used / bookstore signal,Gaymes,site,consolidated_matrix_2026_04_15,medium,bookstore + literacy layer,primary,st. vincent and the grenadines::gaymes
St. Vincent and the Grenadines,Caribbean,single-store used / bookstore signal,Highway,site,consolidated_matrix_2026_04_15,medium,bookstore + literacy layer,primary,st. vincent and the grenadines::highway
St. Vincent and the Grenadines,Caribbean,single-store used / bookstore signal,Jujube,site,consolidated_matrix_2026_04_15,medium,bookstore + literacy layer,primary,st. vincent and the grenadines::jujube
St. Vincent and the Grenadines,Caribbean,offline / fair / literacy layer,Logos Hope,site,consolidated_matrix_2026_04_15,medium,bookstore + literacy layer,primary,st. vincent and the grenadines::logos hope
St. Vincent and the Grenadines,Caribbean,offline / fair / literacy layer,literacy programs,site,consolidated_matrix_2026_04_15,medium,bookstore + literacy layer,primary,st. vincent and the grenadines::literacy programs
Sudan,Nile / Northeast Africa,single-store used booksellers,Al Khartoum used books,used_book_store_social_surface,runtime_gap_bridge_web_2026_04_25_south_africa_hardening_nile_gap_sprint,medium-high,"Khartoum used-book page explicitly describes itself as a used-book store / page for selling used books; preserved as single-store/social used-book signal, not platform core.",supporting,sudan::al khartoum used books
Sudan,Nile / Northeast Africa,offline / fair / literacy layer,Education Without Borders Sudan used-school-book redistribution,used_book_redistribution_literacy,runtime_gap_bridge_web_2026_04_25_south_africa_hardening_nile_gap_sprint,medium,"Campaign collected used school books from families/private schools and redistributed them to poorer students/schools; literacy/reuse infrastructure, not commerce.",contextual,sudan::education without borders used books
Sudan,Nile / Northeast Africa,annex / classifieds,Khartoum Books group,book_buying_social_group,runtime_gap_bridge_web_2026_04_25_south_africa_hardening_nile_gap_sprint,medium,Booklovers group aimed at informing buyers of the best bookstores in Khartoum and opening a chance for book discovery/purchase; social rail only.,supporting,sudan::khartoum books group
Sudan,Nile / Northeast Africa,offline / fair / literacy layer,Mafroosh used-book street market,offline_used_book_market,runtime_gap_bridge_web_2026_04_25_south_africa_hardening_nile_gap_sprint,medium,Historical/contextual used-book street-market seam in Khartoum; useful offline evidence but not an online marketplace surface and status appears politically fragile.,contextual,sudan::mafroosh used book market
Sudan,Nile / Northeast Africa,single-store bookstore layer,Marawi Bookshop,bookstore_social_surface,runtime_gap_bridge_web_2026_04_25_south_africa_hardening_nile_gap_sprint,medium,Khartoum/Barlaman Avenue bookshop signal with phone and web reference; bookstore layer only.,supporting,sudan::marawi bookshop
Sudan,Nile / Northeast Africa,annex / classifieds,OpenSooq Sudan — Books & Magazines,horizontal_marketplace_books_category,runtime_gap_bridge_web_2026_04_25_south_africa_hardening_nile_gap_sprint,high,"Sudan-facing OpenSooq books category claims thousands of new, used, and rare novels, textbooks, and children’s books; strong horizontal classifieds spillover but not book-dominant strict core.",supporting,sudan::opensooq sudan books magazines
Sudan,Nile / Northeast Africa,single-store bookstore layer,Sudanbooks,online_bookstore,runtime_gap_bridge_web_2026_04_25_south_africa_hardening_nile_gap_sprint,medium-high,Search-visible Facebook surface describes Sudanbooks as a Sudanese online bookstore where people can purchase books online and ship to customers.,supporting,sudan::sudanbooks
Suriname,Caribbean / Northern South America,single-store used booksellers,Atlantis Books and More,single_operator_online_used_and_new_bookseller,live_web_pass156_zero_surface_opening,high,"Atlantis supports online book ordering in Suriname, pick-up/delivery coordination, low-price book supply, more than 2,000 titles, and a visible Used Book Buying service card. Added as strong single-store/operator-managed used-book layer, not strict-main, because no open third-party seller marketplace or peer recommerce mechanics were verified. ISBN note: no ISBN values captured in visible checked surfaces.",zero-surface opening row,suriname::atlantis_books_and_more
Suriname,Caribbean / Northern South America,weak-fit core,Boekenportaal Suriname,nonprofit_book_portal_ordering_and_availability_layer,live_web_pass156_zero_surface_opening,medium-high,"Boekenportaal Suriname supports searching/ordering with account/order/payment flow and Suriname/NL delivery notes, and explicitly directs readers to Atlantis for mainly low-priced second-hand books. Preserved as weak-fit book-infrastructure core only; no used-book marketplace, seller onboarding, or peer recommerce mechanics verified. ISBN note: no ISBN values captured in visible checked search/order surfaces.",zero-surface opening row,suriname::boekenportaal_suriname
Suriname,Caribbean / Northern South America,annex / classifieds,Facebook Marketplace — Paramaribo / Suriname Books category,horizontal_social_marketplace_books_category,live_web_pass156_zero_surface_opening,high,"Facebook Marketplace exposes Paramaribo/Suriname Books category surfaces for new and used books, with ordinary Marketplace free-sell mechanics. Kept annex/classifieds only because the platform is horizontal/social, not a Suriname-native book-specific used-book marketplace. ISBN note: no ISBN values captured in visible checked category/result surfaces.",zero-surface opening row,suriname::facebook_marketplace_paramaribo_suriname_books_category
Suriname,Caribbean / Northern South America,annex / classifieds,Via2000 — Boeken algemeen / Suriname classifieds,horizontal_local_classifieds_books_category,live_web_pass156_zero_surface_opening,high,"Via2000 is a Suriname buy/sell classifieds surface with a Boeken algemeen category, posting/login flow, offer/request filters, and condition filters including nieuw, zo goed als nieuw, and gebruikt. Kept annex/classifieds only because it is horizontal local classifieds, not a book-first marketplace. ISBN note: no ISBN values captured in checked category/home/listing surfaces.",zero-surface opening row,suriname::via2000_boeken_algemeen_suriname_classifieds
Suriname,Caribbean / Northern South America,annex / classifieds,"ViaMarkt — Muziek, boeken en films / Leerboeken categories",horizontal_local_international_classifieds_books_categories,live_web_pass156_zero_surface_opening,medium,"ViaMarkt describes itself as a marketplace connecting Suriname with the Netherlands and Belgium, with posting, account, chat, and buyer/seller mechanics. It exposes categories including Muziek, boeken en films and Leerboeken, but the checked book-category render was thin and not genuinely book-specialist. Kept annex/classifieds. ISBN note: no ISBN values captured.",zero-surface opening row,suriname::viamarkt_muziek_boeken_en_films_leerboeken_categories
Suriname,Caribbean / Northern South America,annex / social classifieds,tweedehandse boeken in Suriname — Facebook group,book_specific_social_used_books_classifieds_group,live_web_pass156_zero_surface_opening,medium-high,"Search-rendered group rules say posted items must have a price, optional contact information, and preferably a photo, and prohibit non-book products. This is strong book-specific second-hand social-classifieds texture, but Facebook group mechanics keep it annex/social rather than strict-main platform evidence. ISBN note: no ISBN values captured from visible group/search render.",zero-surface opening row,suriname::tweedehandse_boeken_in_suriname_facebook_group
Sweden,Nordics,single-store used booksellers,Antikvariat Hundörat,site,fresh_web_pass169_sweden_hardening,medium-high,"Single-store used/antiquarian layer. Current evidence says Hundörat buys and sells books and manuscripts from all periods; its news page describes three shops/gallery/publishing operation, and Trustpilot taxonomy includes antikvariat and used-book-store categories. ISBN capture: none captured.",primary,sweden::antikvariat-hundorat
Sweden,Nordics,single-store used booksellers,Antikvariat Röda Rummet,site,fresh_web_pass169_sweden_hardening,high,"Single-store used/antiquarian layer. Current evidence identifies Röda Rummet as Uppsala's oldest antiquarian shop, with title/author/subject search; item evidence on Antikvariat.net confirms used-book sales terms, and Boktugg reports about 150,000 registered books. ISBN capture: no ISBN captured from checked pages.",primary,sweden::antikvariat-roda-rummet
Sweden,Nordics,main universe,Antikvariat.net — Sweden/Scandinavia scope,site,fresh_web_pass169_sweden_hardening,high,"Association-mediated Scandinavian antiquarian/used-book marketplace, explicitly initiated by Swedish, Danish, and Norwegian antiquarian bookseller associations. Current terms say transactions are with individual antiquarians; almost all goods sold through the site are used books, pictures, or prints. ISBN capture: no ISBN captured from checked front/about pages.",primary,sweden::antikvariat-net-sweden-scandinavia-scope
Sweden,Nordics,annex / classifieds,Blocket — books/textbook classifieds rail,site/app,fresh_web_pass169_sweden_hardening,high,"Swedish horizontal used-goods marketplace/classifieds rail. App evidence describes Sweden's marketplace for buying and selling used goods; Study in Sweden specifically names Blocket as a place to buy and sell textbooks. Annex only, not book-specific strict main. ISBN capture: no ISBN captured.",annex,sweden::blocket-books-textbook-classifieds-rail
Sweden,Nordics,main universe,Bokbörsen,site,later Nordic deepening pass; fresh_web_pass169_sweden_hardening,high,"Updated existing skeletal Sweden row. Bokbörsen is a Sweden-native book-specific used-book, antiquarian, and textbook marketplace. Live app/search evidence describes Sweden's largest bookstore and a direct buyer/seller model where individuals and companies buy and sell on equal terms, with orders going directly to sellers. ISBN capture: sample Bokbörsen result exposed ISBN 9789155021603.",primary,sweden::bokborsen
Sweden,Nordics,comparator / discovery infrastructure,Bokfynd.nu / Bokfynd.se,site,fresh_web_pass169_sweden_hardening,medium-high,Swedish book price-comparison/discovery service over millions of Swedish and English titles. Useful for atmosphere/discovery but not itself a used-book marketplace. ISBN capture: no ISBN captured in checked search snippet.,secondary,sweden::bokfynd-nu-bokfynd-se
Sweden,Nordics,main universe,Bokliv.se,site,fresh_web_pass169_sweden_hardening,high,"Book-specific Swedish marketplace for used and antiquarian books from selected antikvariat, with current product cards and checkout. Search/open evidence describes a new marketplace for both new and used books, with used books from registered antiquarian sellers. ISBN capture: no ISBN captured from checked pages; item pages showed antikvarisk type and seller attribution.",primary,sweden::bokliv-se
Sweden,Nordics,single-store used booksellers,Bokvännens Second Hand,site,fresh_web_pass169_sweden_hardening,medium,"Bookstore-adjacent second-hand webshop / book-culture surface. Current evidence describes Bokvännens Second Hand as a webshop for booklovers; Trustpilot category page lists Bokvännen under bookstore/used-book-store/children's bookstore categories. Kept medium, below strict main, because checked surface is not clearly a used-book marketplace. ISBN capture: none captured.",secondary,sweden::bokvannens-second-hand
Sweden,Nordics,weak-fit core,Bookhero.se,site,fresh_web_pass169_sweden_hardening,medium-high,"Book-forward Swedish ecommerce rail with hundreds of thousands of titles and very low-price positioning; Trustpilot category includes used-book-store taxonomy, but current home evidence does not prove open seller marketplace or used-book recommerce mechanics. Kept weak-fit, not strict main. ISBN capture: none captured from checked home/search surfaces.",secondary,sweden::bookhero-se
Sweden,Nordics,main universe,Bookis Sweden,site/app,fresh_web_pass169_sweden_hardening,high,"Book-specific used-book marketplace/app with Sweden region page. Current Sweden page says users can shop, search used books, or list books for sale; app/help evidence documents scanning barcodes, selling, buying, choosing sellers, and used-book delivery/payment flow. ISBN capture: barcode-scan capability noted; no static ISBN captured from checked home/help surfaces.",primary,sweden::bookis-sweden
Sweden,Nordics,main universe,Campusbokhandeln / Adlibris Campus,site,fresh_web_pass169_sweden_hardening,high,"Book-specific Swedish textbook resale rail. Current pages say users can buy and sell new and used student literature, value old textbooks, choose between leaving books with stores or managing a book ad themselves, and use a P2P resale service. ISBN capture: valuation/search likely ISBN-capable, but no static ISBN captured from checked sell/home pages.",primary,sweden::campusbokhandeln-adlibris-campus
Sweden,Nordics,annex / social marketplace,Facebook Marketplace — Stockholm Books,social marketplace,fresh_web_pass169_sweden_hardening,medium-high,Social-marketplace annex surface: Facebook Marketplace exposes new and used books for sale in Stockholm. Annex only because it is a generic social-commerce rail. ISBN capture: none captured.,annex,sweden::facebook-marketplace-stockholm-books
Sweden,Nordics,single-store used booksellers,Langhof Rare Books,site,fresh_web_pass169_sweden_hardening,medium-high,"Single-store specialist layer: Antikvariat.net seller page identifies Langhof Rare Books in Sweden, online-sale only, member of SVAF/ILAB, specializing in science/medicine/history-of-science antiquarian material. ISBN capture: none captured.",primary,sweden::langhof-rare-books
Sweden,Nordics,single-store used booksellers,Mingus Bok- och skivbutik,site,fresh_web_pass169_sweden_hardening,high,"Single-store used-bookseller layer. Own site exposes current catalog items with prices, and Bokliv describes Mingus as part of a marketplace where used books are sold from reputable antikvariat. Instagram/Facebook snippets identify it as a Umeå book and record shop selling both new and used. ISBN capture: no ISBN captured from checked pages.",primary,sweden::mingus-bok-och-skivbutik
Sweden,Nordics,single-store used booksellers,Rönnells Antikvariat,site,fresh_web_pass169_sweden_hardening,high,"Single-store used/antiquarian layer. Current evidence describes Rönnells, founded in 1929, as one of Sweden/Scandinavia's largest antiquarian bookshops; its own site says around 31,000 of 100,000+ titles are searchable and it buys books selectively. ISBN capture: no ISBN captured from checked pages.",primary,sweden::ronnells-antikvariat
Sweden,Nordics,main universe,Studentapan,site,fresh_web_pass169_sweden_hardening,high,"Book-specific Swedish textbook marketplace. Current pages say users can buy and sell course books, show used listings with seller selection, buyer/seller protection, and over one million books sold. ISBN capture: item pages exposed ISBN 9789147127788 and ISBN 9789144133362.",primary,sweden::studentapan
Sweden,Nordics,annex / social classifieds,Sweden Second-Hand Book Trade,social group,fresh_web_pass169_sweden_hardening,medium,Social classified/community annex for Swedish second-hand book trading. Kept as texture because public search evidence is thin and social-group mechanics are not a standalone marketplace. ISBN capture: none captured.,annex,sweden::sweden-second-hand-book-trade
Sweden,Nordics,annex / horizontal marketplace,Tradera — Böcker & Tidningar,site,fresh_web_pass169_sweden_hardening,high,"Major Swedish horizontal marketplace category for books and magazines. Current page exposes hundreds of thousands of ads and explicitly includes older magazines, modern fiction, antiquarian books, and used course literature. Annex only because marketplace is horizontal, not book-first. ISBN capture: no ISBN captured from category surface.",annex,sweden::tradera-bocker-and-tidningar
Sweden,Nordics,single-store used booksellers,h:ström — Antikvariat & Bokhandel,site,fresh_web_pass169_sweden_hardening,high,"Single-store used/antiquarian layer with ecommerce. Current evidence says h:ström offers many used and antiquarian books, a webshop containing all catalogued books, pickup or shipping, and a large stock including new books and a giant antiquarian assortment. ISBN capture: no ISBN captured from checked pages.",primary,sweden::h-strom-antikvariat-and-bokhandel
Switzerland,DACH,main universe,Antiqbook — Swiss dealer / international antiquarian marketplace surface,switzerland_facing_antiquarian_marketplace,runtime_gap_bridge_web_2026_05_06_pass180_switzerland_hardening,medium-high,"Pass180 Switzerland hardening: Antiqbook is an international book-specific used/antiquarian marketplace with Swiss dealer entries; retained as Switzerland-facing strict/main, not native-only.",primary,switzerland::antiqbook — swiss dealer / international antiquarian marketplace surface
Switzerland,DACH,single-store used booksellers,Bourse aux livres.ch,single_store_used_bookseller_online,runtime_gap_bridge_web_2026_05_06_pass180_switzerland_hardening,medium-high,Pass180 Switzerland hardening: Swiss Romande used-book shop/catalogue; fixed-price second-hand books with cart; not a third-party marketplace.,primary,switzerland::bourse aux livres.ch
Switzerland,DACH,offline / fair / literacy layer,BuchBasel,site,dach_matrix_2026_04_16,high,"Deep, hybrid, exchange-rich book territory: less book-pure than Germany, but richer and more layered than a simple store-led market.",primary,switzerland::buchbasel
Switzerland,DACH,main universe,Buchfreund — Swiss dealer/antiquarian marketplace surface,switzerland_facing_antiquarian_marketplace,runtime_gap_bridge_web_2026_05_06_pass180_switzerland_hardening,high,Pass180 Switzerland hardening: Buchfreund is an antiquarian/new book sales portal; Swiss dealer pages such as Zürich-based Antiquariat Peter Petrej prove Swiss seller surface.,primary,switzerland::buchfreund — swiss dealer/antiquarian marketplace surface
Switzerland,DACH,single-store used booksellers,Buchplanet.ch,single_store_used_bookseller_online,runtime_gap_bridge_web_2026_05_06_pass180_switzerland_hardening,high,"Pass180 Switzerland hardening: Large Swiss online shop for secondhand/antiquarian books; 80,000 secondhand books and active cart/product surface; operator/store, not open marketplace.",primary,switzerland::buchplanet.ch
Switzerland,DACH,single-store used booksellers,Bücher-Brocky,multi_location_donation_based_used_book_operator,runtime_gap_bridge_web_2026_05_06_pass180_switzerland_hardening,high,Pass180 Switzerland hardening: Swiss multi-location donated/secondhand book operator; accepts used books and resells sorted inventory cheaply; not open third-party marketplace.,primary,switzerland::bücher-brocky
Switzerland,DACH,single-store used booksellers,EOS Antiquariat Zürich,antiquarian_single_store_buy_sell,runtime_gap_bridge_web_2026_05_06_pass180_switzerland_hardening,medium-high,"Pass180 Switzerland hardening: Zurich antiquarian bookseller with old-book purchasing/valuation service; single-store antiquarian layer, not open marketplace.",primary,switzerland::eos antiquariat zürich
Switzerland,DACH,comparator / discovery infrastructure,Eurobuch.ch,book_price_comparison_search_engine,runtime_gap_bridge_web_2026_05_06_pass180_switzerland_hardening,high,"Pass180 Switzerland hardening: Eurobuch.ch is a Swiss/DACH book search and price-comparison infrastructure covering new, used, antiquarian and out-of-print books plus ISBN search; not direct marketplace.",supporting,switzerland::eurobuch.ch
Switzerland,DACH,legacy / closed marketplace,Exsila,legacy_closed_media_exchange,runtime_gap_bridge_web_2026_05_06_pass180_switzerland_hardening,high,"Pass180 correction: Exsila was a Swiss media/book exchange but its homepage states operations ended on 2025-12-31 after 20 years; preserve as legacy, not active strict/main.",primary,switzerland::exsila
Switzerland,DACH,annex / social classifieds,Facebook book buy/sell/swap groups — Switzerland,social_book_resale_exchange_groups,runtime_gap_bridge_web_2026_05_06_pass180_switzerland_hardening,medium,"Pass180 Switzerland hardening: Swiss book buy/sell/swap groups provide social recommerce texture; retained as annex/social classifieds, not strict/main.",primary,switzerland::facebook book buy/sell/swap groups — switzerland
Switzerland,DACH,annex / horizontal marketplace,Galaxus Secondhand Books,horizontal_retailer_secondhand_books_category,runtime_gap_bridge_web_2026_05_06_pass180_switzerland_hardening,medium-high,Pass180 Switzerland hardening: Galaxus secondhand books category is large retailer/horizontal platform spillover; book-relevant but not book-first strict/main.,primary,switzerland::galaxus secondhand books
Switzerland,DACH,single-store used booksellers,Les Recyclables,single_store_used_bookseller_online,runtime_gap_bridge_web_2026_05_06_pass180_switzerland_hardening,medium-high,Pass180 Switzerland hardening: Geneva/Swiss used-book shop layer with online catalogue and used-book categories; single-store/operator layer.,primary,switzerland::les recyclables
Switzerland,DACH,single-store used booksellers,Livres-occaz.ch,single_store_used_bookseller_online,runtime_gap_bridge_web_2026_05_06_pass180_switzerland_hardening,medium-high,Pass180 Switzerland hardening: Swiss Romande used/rare/out-of-print book boutique with category/search surface; single-store/operator layer.,primary,switzerland::livres-occaz.ch
Switzerland,DACH,main universe,Loopsy.ch,native_used_schoolbook_marketplace,runtime_gap_bridge_web_2026_05_06_pass180_switzerland_hardening,high,"Pass180 Switzerland hardening: Swiss native marketplace for used schoolbooks/educational materials with seller registration, protected Stripe payments, school handoff and shipping options.",primary,switzerland::loopsy.ch
Switzerland,DACH,weak-fit core,Melando.ch,operator_managed_used_media_book_store,runtime_gap_bridge_web_2026_05_06_pass180_switzerland_hardening,medium-high,Pass180 Switzerland hardening: Swiss used-media/books shop with used book catalogue pages and ecological/second-life framing; operator-managed rather than marketplace.,primary,switzerland::melando.ch
Switzerland,DACH,single-store bookstore layer,Orell Füssli,site,dach_matrix_2026_04_16,high,"Deep, hybrid, exchange-rich book territory: less book-pure than Germany, but richer and more layered than a simple store-led market.",primary,switzerland::orell füssli
Switzerland,DACH,annex / horizontal marketplace,Ricardo,horizontal_marketplace_books_category,runtime_gap_bridge_web_2026_05_06_pass180_switzerland_hardening,high,"Pass180 correction/hardening: Ricardo has a live Swiss books category and general sell mechanics, but remains horizontal marketplace annex rather than book-first strict/main.",primary,switzerland::ricardo
Switzerland,DACH,annex / horizontal marketplace,Ricardo is a huge general-marketplace books rail,horizontal_marketplace_books_category_note,runtime_gap_bridge_web_2026_05_06_pass180_switzerland_hardening,high,Pass180 retained as annex/horizontal duplicate-note row from DACH matrix; Ricardo has books categories and selling mechanics but is not book-specific.,supporting,switzerland::ricardo is a huge general-marketplace books rail
Switzerland,DACH,single-store bookstore layer,SBVV member shops,site,dach_matrix_2026_04_16,high,"Deep, hybrid, exchange-rich book territory: less book-pure than Germany, but richer and more layered than a simple store-led market.",primary,switzerland::sbvv member shops
Switzerland,DACH,single-store bookstore layer,Schweizer Buchzentrum backbone,site,dach_matrix_2026_04_16,high,"Deep, hybrid, exchange-rich book territory: less book-pure than Germany, but richer and more layered than a simple store-led market.",primary,switzerland::schweizer buchzentrum backbone
Switzerland,DACH,used-book signal (territory note),Strong and structurally important,territory_note,dach_matrix_2026_04_16,medium,"Deep, hybrid, exchange-rich book territory: less book-pure than Germany, but richer and more layered than a simple store-led market.",primary,switzerland::strong and structurally important
Switzerland,DACH,offline / fair / literacy layer,Swiss National Library / e-Helvetica,site,dach_matrix_2026_04_16,high,"Deep, hybrid, exchange-rich book territory: less book-pure than Germany, but richer and more layered than a simple store-led market.",primary,switzerland::swiss national library / e-helvetica
Switzerland,DACH,main universe,ZVAB — Swiss antiquarian dealer surface,switzerland_facing_antiquarian_marketplace,runtime_gap_bridge_web_2026_05_06_pass180_switzerland_hardening,high,"Pass180 Switzerland hardening: ZVAB Swiss page lets users browse offerings from Swiss dealers and find antiquariats in Swiss cities; book-specific antiquarian marketplace, Switzerland-facing strict/main.",primary,switzerland::zvab — swiss antiquarian dealer surface
Switzerland,DACH,main universe,booklooker.de — Switzerland-facing DACH used-book marketplace,switzerland_facing_used_book_marketplace,runtime_gap_bridge_web_2026_05_06_pass180_switzerland_hardening,high,"Pass180 Switzerland hardening: booklooker is a marketplace for used and antiquarian books with buy/sell, ISBN search and buyer protection; retained as DACH/Switzerland-facing strict/main.",primary,switzerland::booklooker.de — switzerland-facing dach used-book marketplace
Switzerland,DACH,annex / classifieds,tutti.ch — Bücher/Livres,horizontal_classifieds_books_category,runtime_gap_bridge_web_2026_05_06_pass180_switzerland_hardening,high,Pass180 Switzerland hardening: Swiss horizontal classifieds books/livres category with second-hand book search and free listing; annex only.,primary,switzerland::tutti.ch — bücher/livres
São Tomé and Príncipe,Gulf of Guinea / Lusophone Atlantic,annex / diaspora spillover,AbeBooks São Tomé e Príncipe collections,global_rare_book_marketplace_category,runtime_gap_bridge_web_2026_04_25_sao_tome_principe_compact_pass1,low,Global rare-books marketplace category about São Tomé/Príncipe; useful atmospheric/lead surface only.,supporting,s_o_tom_and_pr_ncipe_abebooks_s_o_tom_e_pr_ncipe_collections
São Tomé and Príncipe,Gulf of Guinea / Lusophone Atlantic,offline fair/literacy layer,Biblioteca Nacional / China technical book room signal,institutional_book_access_signal,runtime_gap_bridge_web_2026_04_25_sao_tome_principe_compact_pass1,medium-low,Institutional book-access texture surfaced in STP press context; not marketplace mechanics.,supporting,s_o_tom_and_pr_ncipe_biblioteca_nacional_china_technical_book_room_signal
São Tomé and Príncipe,Gulf of Guinea / Lusophone Atlantic,annex / classifieds,"COMPRAS, VENDAS & TROCAS - São Tomé e Príncipe",general_buy_sell_trade_group,runtime_gap_bridge_web_2026_04_25_sao_tome_principe_compact_pass1,medium-low,General buy/sell/trade group; possible book-resale discovery rail but not book-dominant.,supporting,s_o_tom_and_pr_ncipe_compras_vendas_trocas_s_o_tom_e_pr_ncipe
São Tomé and Príncipe,Gulf of Guinea / Lusophone Atlantic,annex / classifieds,Facebook Marketplace São Tomé e Príncipe books category,social_marketplace_books_category,runtime_gap_bridge_web_2026_04_25_sao_tome_principe_compact_pass1,low,"Generic Facebook Marketplace new/used books category; local São Tomé specificity weak in retrieved evidence, so keep as low-confidence annex only.",supporting,s_o_tom_and_pr_ncipe_facebook_marketplace_s_o_tom_e_pr_ncipe_books_category
São Tomé and Príncipe,Gulf of Guinea / Lusophone Atlantic,single-store bookstore layer,Livraria Nón,online_order_bookstore,runtime_gap_bridge_web_2026_04_25_sao_tome_principe_compact_pass1,medium-high,"Only/major São Tomé bookstore layer with online ordering/catalogue surface; capture as strong bookstore infrastructure, not used-book marketplace.",bookstore,s_o_tom_and_pr_ncipe_livraria_n_n
São Tomé and Príncipe,Gulf of Guinea / Lusophone Atlantic,single-store bookstore layer,Livraria Nón Facebook / social storefront,bookstore_social_storefront,runtime_gap_bridge_web_2026_04_25_sao_tome_principe_compact_pass1,medium,Facebook/mobile surface describes a platform for book sales in São Tomé with online orders; social storefront only.,supporting,s_o_tom_and_pr_ncipe_livraria_n_n_facebook_social_storefront
São Tomé and Príncipe,Gulf of Guinea / Lusophone Atlantic,annex / diaspora spillover,Livraria Ultramarina São Tomé e Príncipe category,diaspora_rare_bookseller_category,runtime_gap_bridge_web_2026_04_25_sao_tome_principe_compact_pass1,low,"Portugal-based rare/antiquarian seller category for São Tomé materials; preserve as diaspora spillover, not local marketplace.",supporting,s_o_tom_and_pr_ncipe_livraria_ultramarina_s_o_tom_e_pr_ncipe_category
São Tomé and Príncipe,Gulf of Guinea / Lusophone Atlantic,offline fair/literacy layer,UNEAS / Centro Cultural Português literary event layer,literary_institution_event_layer,runtime_gap_bridge_web_2026_04_25_sao_tome_principe_compact_pass1,low,"Literary event/institutional layer only; helps book-culture atmosphere, not resale/marketplace.",supporting,s_o_tom_and_pr_ncipe_uneas_centro_cultural_portugu_s_literary_event_layer
Taiwan,East Asia,weak-fit core,Readmoo 讀墨電子書,site,east asia taiwan live control pass,high,"Readmoo is book-forward and category-dense on ebooks, but ebook-specialist rather than a broader territory-dominating marketplace spine.",primary,taiwan::readmoo 讀墨電子書
Taiwan,East Asia,main universe,TAAZE 讀冊生活,site,east asia taiwan live control pass,high,"TAAZE combines new books, ebooks, a dense used-book market, and explicit seller onboarding; core main-universe rail.",primary,taiwan::taaze 讀冊生活
Taiwan,East Asia,offline / fair / literacy layer,TiBE 台北國際書展,site,east asia taiwan live control pass,high,Major book-fair / publishing-exchange institution in Taiwan; retained in literacy/fair layer rather than marketplace layers.,primary,taiwan::tibe 台北國際書展
Taiwan,East Asia,main universe,博客來,site,east asia taiwan live control pass,high,Books.com.tw / 博客來 is an early dedicated online bookstore and still a dominant Taiwan book-sales rail; kept in main universe.,primary,taiwan::博客來
Taiwan,East Asia,single-store used booksellers,茉莉二手書店,site,east asia taiwan live control pass,high,"Clear used-book specialist with multiple branches, online lookup, and explicit buyback / sell-book rails.",primary,taiwan::茉莉二手書店
Taiwan,East Asia,weak-fit core,誠品線上,site,east asia taiwan live control pass,medium,"Eslite Online is still heavily book-anchored, but it sits inside a broader lifestyle retail frame, so it stays below main universe here.",primary,taiwan::誠品線上
Taiwan,East Asia,main universe,金石堂,site,east asia taiwan live control pass,high,KingStone remains a strongly book-forward online/bookseller rail with deep print and ebook presence; promoted to main universe.,primary,taiwan::金石堂
Taiwan,East Asia,annex / classifieds,露天市集（書籍動漫）,site,east asia taiwan live control pass,high,"Large horizontal shopping / auction rail with a visible books-and-comics category; important annex spillover, not core.",primary,taiwan::露天市集（書籍動漫）
Tajikistan,Caucasus / Caspian + Central Asia,annex / classifieds,Arzon.tj — Tajikistan classifieds app,horizontal_classifieds_app,runtime_gap_bridge_web_2026_04_26_pass90,high,"Google Play describes ARZON.TJ as a Tajikistan classifieds site/app for buying and selling used/new goods across categories; no book-specific rail located, so annex only.",supporting,tajikistan_arzon_tj_horizontal_classifieds_app
Tajikistan,Central Asia,single-store bookstore layer,Donish,site,central asia tajikistan pass1,medium,"Concrete Dushanbe bookstore-layer anchor with fixed address, hours, and social/contact links.",supporting,tajikistan::donish
Tajikistan,Central Asia,offline / fair / literacy layer,Dushanbe International Book Fair,institution,central asia tajikistan pass1,high,National-scale publishing/literacy fair centered on the National Library of Tajikistan with multinational publisher participation.,supporting,tajikistan::dushanbe_international_book_fair
Tajikistan,Central Asia,weak-fit core,KITOBTJ,site,central asia tajikistan pass1,medium,Directory-backed online platform for Tajik and world literature with free delivery in Dushanbe; retained as a lighter corroborating online-book rail.,secondary,tajikistan::kitobtj
Tajikistan,Central Asia,weak-fit core,KITOBZ,site,central asia tajikistan pass1,high,"Official online bookstore with broad category depth, live product merchandising, and integrated букинистика / sell-back signals inside the same rail.",primary,tajikistan::kitobz
Tajikistan,Central Asia,annex / classifieds,Somon.tj — books section,site,central asia tajikistan pass1,medium,Horizontal classifieds/books category with active listings volume in Dushanbe; retained as annex spillover rather than book-first core.,supporting,tajikistan::somon_books
Tajikistan,Caucasus / Caspian + Central Asia,annex / classifieds,Somon.tj — countrywide books and magazines category hardening,site,runtime_gap_bridge_web_2026_04_25_caucasus_central_asia_hardening_sprint,high,Countrywide Somon.tj books/magazines category shows thousands of listings and city counts; reinforces existing Somon annex/classifieds row.,supporting,tajikistan_somon_tj_countrywide_books_and_magazines_category_hardening
Tajikistan,Caucasus / Caspian + Central Asia,weak-fit core,Ubuy Tajikistan — Books,site,runtime_gap_bridge_web_2026_04_25_caucasus_central_asia_hardening_sprint,medium-low,"Import/ecommerce book category for Tajikistan; weak-fit retail only, not local used/recommerce platform.",supporting,tajikistan_ubuy_tajikistan_books
Tajikistan,Central Asia,single-store bookstore layer,Книжный мир / Knyzhny Mir,site,central asia tajikistan pass1,medium,Concrete Dushanbe bookstore-layer anchor with fixed address and daily hours.,supporting,tajikistan::knyzhny_mir
Tanzania,East Africa,single-store used bookseller,A Novel Idea pre-loved / used books,local_bookstore_pre_loved_books,runtime_gap_bridge_web_2026_04_25_east_africa_horn_sprint; runtime_gap_bridge_web_2026_05_03_pass135_tanzania_hardening,high,"Fresh direct check confirms A Novel Idea has a dedicated pre-loved/used-books page and stores in Dar es Salaam and Arusha plus online/pickup/shipment surfaces. Strong single-store/local used-book signal, not open marketplace infrastructure.",supporting,tanzania_a_novel_idea_pre_loved_used_books
Tanzania,East Africa,single-store used bookseller,BayreBooks Tanzania,local_bookstore_online_surface,runtime_gap_bridge_web_2026_04_25_east_africa_horn_sprint; runtime_gap_bridge_web_2026_05_03_pass135_tanzania_hardening,medium-high,"Fresh direct BayreBooks site check upgrades from ordinary bookstore to new-and-pre-owned local bookstore: categories include used/preloved novels, Christian books and children’s books; Dar es Salaam free delivery and Tanzania regional delivery. Single-operator shop, not third-party marketplace.",supporting,tanzania_bayrebooks_tanzania
Tanzania,East Africa,weak-fit regional pre-loved book rail,Books First Africa — Tanzania pre-loved delivery/wholesale rail,regional_pre_loved_book_wholesaler_retailer,runtime_gap_bridge_web_2026_05_03_pass135_tanzania_hardening,medium-high,"East Africa regional book wholesaler/online bookstore serving Tanzania/Dar es Salaam with new and pre-loved books, 10,000+ titles, regional delivery, supermarket/partner network and wholesale/bulk order framing. Useful regional pre-loved supply rail, but Kenya-headquartered/regional and not open third-party used-book marketplace.",supporting,tanzania_books_first_africa_regional_pre_loved_rail
Tanzania,East Africa,single-store used bookseller,Bookworms Tanzania,used_new_book_social_online_shop,runtime_gap_bridge_web_2026_05_03_pass135_tanzania_hardening,medium,"Dar es Salaam social/online shop with search-visible current profile describing used and new books, online-based shop and delivery service. Single social seller, not marketplace infrastructure.",supporting,tanzania_bookworms_tanzania_social_used_new_books
Tanzania,East Africa,annex / classifieds,Buy and sell books Tanzania Facebook group,book_specific_social_sale_group,runtime_gap_bridge_web_2026_04_25_east_africa_horn_sprint; runtime_gap_bridge_web_2026_05_03_pass135_tanzania_hardening,medium-high,"Book-specific Facebook group remains direct social buy/sell/trade rail for readers selling and finding books. Useful social resale texture, not standalone marketplace infrastructure.",supporting,tanzania_buy_and_sell_books_tanzania_facebook_group
Tanzania,East Africa,single-store bookstore layer,Elite Bookstore Tanzania,local_online_bookstore,runtime_gap_bridge_web_2026_04_25_east_africa_horn_sprint,medium,Dar es Salaam online bookstore/books-and-stationery layer.,supporting,tanzania_elite_bookstore_tanzania
Tanzania,East Africa,annex / classifieds,Jiji Tanzania Books & Table Games,general_classifieds_book_category,runtime_gap_bridge_web_2026_04_25_east_africa_horn_sprint; runtime_gap_bridge_web_2026_05_03_pass135_tanzania_hardening,high,"Fresh Jiji Dar es Salaam books/games category shows sell/listing rail, 130+ results, book type filters, price bands, and used/brand-new condition filters. Strong horizontal classifieds evidence, not book-specific strict main.",supporting,tanzania_jiji_tanzania_books_and_table_games
Tanzania,East Africa,single-store used bookseller,Lee Books Dar es Salaam,used_book_social_seller,runtime_gap_bridge_web_2026_04_25_east_africa_horn_sprint,medium,Dar es Salaam social seller offering pre-owned books; single-seller used-book row.,supporting,tanzania_lee_books_dar_es_salaam
Tanzania,East Africa,annex / classifieds,Loozap Tanzania — Dar es Salaam books category,horizontal_classifieds_book_category,runtime_gap_bridge_web_2026_05_03_pass135_tanzania_hardening,medium,"Loozap Dar es Salaam books category has visible book listings/prices and platform-style listing/payment/reservation surfaces. Horizontal classifieds; useful local book category depth, not book-specific strict main.",supporting,tanzania_loozap_dar_es_salaam_books_category
Tanzania,East Africa,single-store used bookseller,READ International Dar-es-Salaam Book Sales,secondhand_book_sale_program,runtime_gap_bridge_web_2026_04_25_east_africa_horn_sprint,medium,"Secondhand book sale program in Dar es Salaam; charity/book-sale layer, not marketplace.",supporting,tanzania_read_international_dar_es_salaam_book_sales
Tanzania,East Africa,single-store used bookseller,The Book Deal Dar es Salaam,used_book_social_seller_buy_sell_trade,runtime_gap_bridge_web_2026_04_25_east_africa_horn_sprint; runtime_gap_bridge_web_2026_05_03_pass135_tanzania_hardening,medium-high,"Fresh Instagram/search-visible profile supports Dar es Salaam pre-loved/new book seller with buy, sell and trade language and nationwide delivery. Single social seller, not marketplace infrastructure.",supporting,tanzania_the_book_deal_dar_es_salaam
Tanzania,East Africa,single-store used bookseller,Vitabu Corner / bookworm_tz,used_new_book_social_online_shop,runtime_gap_bridge_web_2026_05_03_pass135_tanzania_hardening,medium,"Dar es Salaam Instagram/social shop with search-visible profile saying it sells authentic new and used books and provides delivery. Single social seller, not marketplace infrastructure.",supporting,tanzania_vitabu_corner_bookworm_tz_social_used_new_books
Thailand,Southeast Asia,single-store used booksellers,A Lot of Books / Alotofbook,operator_managed_used_bookstore,2026-05-03_runtime_gap_bridge_pass144_thailand_reshelf_hardening,medium-high,Thai used-book online shop; direct page says its store books are good-condition secondhand books with online order/payment and shipping terms. Single-store only.,supporting,thailand::a lot of books alotofbook
Thailand,Southeast Asia,offline / fair / literacy layer,Baan Books,site,live_web_resolution,high,"Community-library / literacy initiative in Thailand; literacy layer, not marketplace.",primary,thailand::baan books
Thailand,Southeast Asia,annex / classifieds,Bangkok Secondhand BOOKS: Buy | Sell | Swap,book_specific_social_resale_group,2026-05-03_runtime_gap_bridge_pass144_thailand_reshelf_hardening,medium-high,"Book-specific Bangkok Facebook group for swapping, selling and buying books; confirms social resale layer but not independent marketplace infrastructure.",supporting,thailand::bangkok secondhand books: buy | sell | swap
Thailand,Southeast Asia,single-store used booksellers,ChantraBook,operator_managed_used_bookstore,2026-05-03_runtime_gap_bridge_pass144_thailand_reshelf_hardening,high,"Thai secondhand/old/rare-book online store with large visible category inventory and sold-book counts; single-operator storefront, not third-party marketplace.",supporting,thailand::chantrabook
Thailand,Southeast Asia,single-store used booksellers,Dasa Books,site,web_resolved_2026_04_19,high,Resolved from live web evidence: specialist secondhand bookstore.,primary,thailand::dasa books
Thailand,Southeast Asia,annex / classifieds,English Used Books Thailand,book_specific_social_resale_group,2026-05-03_runtime_gap_bridge_pass144_thailand_reshelf_hardening,medium,Book-specific Facebook group focused on English used books in Thailand; kept as social classifieds texture rather than strict main.,supporting,thailand::english used books thailand
Thailand,Southeast Asia,annex / classifieds,Facebook Marketplace Bangkok — Books,social_marketplace_books_category,2026-05-03_runtime_gap_bridge_pass144_thailand_reshelf_hardening,high,Facebook Marketplace Bangkok books category exposes new/used book sale flow and free item posting; social/horizontal marketplace texture only.,supporting,thailand::facebook marketplace bangkok  books
Thailand,Southeast Asia,single-store used booksellers,GetBookie / เก็ทบุ๊คกี้,operator_managed_used_bookstore_buyback,2026-05-03_runtime_gap_bridge_pass144_thailand_reshelf_hardening,high,"Large Thai used/old/rare online bookstore and buyback operator; official site claims 50,000+ books and explicit buy-used-books process. Single-operator buyback/storefront, not open marketplace core.",supporting,thailand::getbookie เก็ทบุ๊คกี้
Thailand,Southeast Asia,annex / classifieds,Kaidee — books,site,live_web_resolution,high,Large horizontal classifieds rail with active used-book listings; annex.,primary,thailand::kaidee — books
Thailand,Southeast Asia,annex / classifieds,Lazada Thailand — secondhand books,horizontal_marketplace_book_spillover,2026-05-03_runtime_gap_bridge_pass144_thailand_reshelf_hardening,medium-high,Thailand-facing Lazada secondhand-book search/tag surfaces show used-book retail spillover; horizontal marketplace only.,supporting,thailand::lazada thailand  secondhand books
Thailand,Southeast Asia,single-store used booksellers,Lungthong Old Books / หนังสือเก่าลุงทอง,operator_managed_old_bookstore,2026-05-03_runtime_gap_bridge_pass144_thailand_reshelf_hardening,medium,"Thai old/secondhand/collectible-book storefront with used-book category; single-store old-book layer, not marketplace infrastructure.",supporting,thailand::lungthong old books หนังสือเก่าลุงทอง
Thailand,Southeast Asia,weak-fit core,Naiin,site,web_resolved_2026_04_19,high,Resolved from live web evidence: major online bookstore/e-book rail in Thailand.,primary,thailand::naiin
Thailand,Southeast Asia,main universe,Reshelf,book_specific_secondhand_marketplace,2026-05-03_runtime_gap_bridge_pass144_thailand_reshelf_hardening,high,"Added as Thailand strict/main candidate: live site and Thai media describe a curated marketplace / intermediary platform for buying and selling secondhand books, with seller dashboard/listing, safe-payment language and visible book listings. Keep activity/payment-depth caveat but promote above horizontal classifieds.",primary,thailand::reshelf
Thailand,Southeast Asia,weak-fit core,SE-ED,site,web_resolved_2026_04_19,medium,Resolved from live web evidence: major national bookstore chain rail in Thailand.,primary,thailand::se-ed
Thailand,Southeast Asia,annex / classifieds,Shopee Thailand — secondhand books,horizontal_marketplace_book_spillover,2026-05-03_runtime_gap_bridge_pass144_thailand_reshelf_hardening,high,"Live Thailand-facing Shopee search/category evidence for secondhand books. Important volume/shadow layer but horizontal marketplace, not book-specific RBM strict main.",supporting,thailand::shopee thailand  secondhand books
Thailand,Southeast Asia,weak-fit core,Thryft Thailand / thryft.asia Thailand,regional_operator_managed_preloved_bookstore,2026-05-03_runtime_gap_bridge_pass144_thailand_reshelf_hardening,medium-high,Regional operator-managed pre-loved bookstore surface with Thailand currency/shipping availability; useful Thai-facing used-book supply rail but not Thailand-native/open third-party marketplace infrastructure.,supporting,thailand::thryft thailand thryft.asia thailand
The Bahamas,Caribbean,annex / classifieds,242Ads,site,consolidated_matrix_2026_04_15,medium,"curated hubs, not open marketplace",primary,the bahamas::242ads
The Bahamas,Caribbean,annex / classifieds,Bahama Buy & Sell,site,consolidated_matrix_2026_04_15,medium,"curated hubs, not open marketplace",primary,the bahamas::bahama buy & sell
The Bahamas,Caribbean,weak-fit core,BooksByBethel,site,country_coverage_matrix,high,Explicit weak-fit core in checkpoint matrix.,primary,the bahamas::booksbybethel
The Bahamas,Caribbean,offline / fair / literacy layer,Christmas Book Fair,site,consolidated_matrix_2026_04_15,medium,"curated hubs, not open marketplace",primary,the bahamas::christmas book fair
The Bahamas,Caribbean,weak-fit core,World Caribbean Books,site,country_coverage_matrix,high,Explicit weak-fit core in checkpoint matrix.,primary,the bahamas::world caribbean books
The Gambia,West Africa,single-store bookstore layer,CLM Bookshop Gambia Co. Ltd.,bookstore,runtime_gap_bridge_web_2026_04_25_gambia_compact_pass1,medium,"AccessGambia listing says CLM stocks school textbooks, newspapers, novels, fiction, nonfiction, paperbacks/hardbacks, educational books, and exam papers; ordinary bookstore layer only.",supporting,the_gambia::clm_bookshop_gambia
The Gambia,West Africa,annex / classifieds,CityToo Gambia — Rare Books,classifieds_marketplace_category,runtime_gap_bridge_web_2026_04_25_gambia_compact_pass1,low,"CityToo has a Gambia rare-books / old-books category under a broader compare/buy/sell marketplace; useful weak signal, but not book-dominant and activity is unclear.",supporting,the_gambia::citytoo_gambia_rare_books
The Gambia,West Africa,annex / classifieds,Expat.com Gambia — Books,classifieds_category_empty,runtime_gap_bridge_web_2026_04_25_gambia_compact_pass1,low,"Country-level “buy, sell, exchange books in Gambia” classifieds category exists, but page reports no active ads; keep only as weak resale lead.",supporting,the_gambia::expatcom_gambia_books
The Gambia,West Africa,annex / classifieds,"Facebook Marketplace Bakau — Books, Movies & Music",social_marketplace_category,runtime_gap_bridge_web_2026_04_25_gambia_compact_pass1,medium,Broader Facebook Marketplace media category near Bakau exposing new/used books/media resale; annex-classifieds only.,supporting,the_gambia::facebook_marketplace_bakau_books_movies_music
The Gambia,West Africa,annex / classifieds,Facebook Marketplace Banjul — Books,social_marketplace_category,runtime_gap_bridge_web_2026_04_25_gambia_compact_pass1,medium,General Facebook Marketplace category for new and used books in Banjul; useful resale signal but not book-dominant or book-specific enough for strict main universe.,supporting,the_gambia::facebook_marketplace_banjul_books
The Gambia,West Africa,annex / classifieds,Freead1 Gambia — Books,classifieds_category,runtime_gap_bridge_web_2026_04_25_gambia_compact_pass1,medium,"Freead1 Gambia book classified category surfaced for sale/buy book ads; resale lead rail, but general classifieds rather than book marketplace.",supporting,the_gambia::freead1_gambia_books
The Gambia,West Africa,annex / classifieds,Gambia Buy and Sell — book-listing posts,social_classifieds_group,runtime_gap_bridge_web_2026_04_25_gambia_compact_pass1,low,"Search-visible social buy/sell group posts show individual book listings and WhatsApp book-store links; too social/fragmentary for main universe, but worth preserving as annex lead.",supporting,the_gambia::gambia_buy_and_sell_book_posts
The Gambia,West Africa,single-store bookstore layer,Timbooktoo Bookshop,bookstore,runtime_gap_bridge_web_2026_04_25_gambia_compact_pass1,high,"Prominent local bookstore founded in 1998; literary/book-culture anchor and school-book supplier, but no used-book marketplace mechanics found.",supporting,the_gambia::timbooktoo_bookshop
The Gambia,West Africa,weak-fit core,Ubuy The Gambia — Books,retail_ecommerce_category,runtime_gap_bridge_web_2026_04_25_gambia_compact_pass1,medium,"Localized international online bookstore/catalogue for The Gambia with broad book categories; ordinary retail/import ecommerce, not used-book marketplace.",supporting,the_gambia::ubuy_the_gambia_books
Timor-Leste,Southeast Asia,single-store bookstore layer,Great Bookshop,site,current_session_sea_2026_04_19,medium,Current-session controlled pass.,primary,timor-leste::great bookshop
Timor-Leste,Southeast Asia,single-store bookstore layer,I Learn Bookstore,site,current_session_sea_2026_04_19,medium,Current-session controlled pass.,primary,timor-leste::i learn bookstore
Togo,West Africa,single-store used booksellers,A Vendre Lomé Livres,site,runtime_gap_bridge_web_2026_04_25,low,Social-surface used-book sales page in Lomé; weak but relevant used-book signal.,supporting,togo::a_vendre_lom_livres
Togo,West Africa,annex / classifieds,"CoinAfrique Togo — DVDs, CDs & Livres",platform_category,runtime_gap_bridge_web_2026_04_25,high,General classifieds rail with Togo books/DVD/CD category and live book listing examples; annex not book-dominant.,supporting,togo::coinafrique_togo_dvds_cds_livres
Togo,West Africa,single-store bookstore layer,Librairie BonPasteur,site,runtime_gap_bridge_web_2026_04_25,medium,Lomé/Togo online bookstore surface; bookstore layer rather than used/multi-seller.,supporting,togo::librairie_bonpasteur
Togo,West Africa,single-store used / bookstore signal,Star Librairie / Librairie Star,historical_site,runtime_gap_bridge_web_2026_04_25,medium,"Historically important Lomé bookstore with used-book stock; evidence indicates closure at end-2023, so retained as historical/revisit signal rather than active rail.",supporting,togo::star_librairie_librairie_star
Trinidad and Tobago,Caribbean,offline / fair / literacy layer,NALIS exchange,site,consolidated_matrix_2026_04_15,medium,strongest Caribbean specialist-platform case in this run,primary,trinidad and tobago::nalis exchange
Trinidad and Tobago,Caribbean,annex / classifieds,Pin.tt,site,consolidated_matrix_2026_04_15,medium,strongest Caribbean specialist-platform case in this run,primary,trinidad and tobago::pin.tt
Trinidad and Tobago,Caribbean,main universe,ScholarlyTT,site,coverage matrix main-universe column,high,Recovered from coverage matrix main-universe column; exact rationale text was not preserved in the prior artifact surface.,primary,trinidad and tobago::scholarlytt
Trinidad and Tobago,Caribbean,offline / fair / literacy layer,fairs,site,consolidated_matrix_2026_04_15,medium,strongest Caribbean specialist-platform case in this run,primary,trinidad and tobago::fairs
Trinidad and Tobago,Caribbean,single-store used / bookstore signal,used-specialist layer thin,site,consolidated_matrix_2026_04_15,medium,strongest Caribbean specialist-platform case in this run,primary,trinidad and tobago::used-specialist layer thin
Tunisia,North Africa / Maghreb,weak-fit core,Ceresbookshop,site,northafrica tunisia pass1,high,"Large Tunisia-facing online bookstore offering Tunisian, French, and Arabic publishing catalogues with nationwide delivery, secure payment, cash-on-delivery, and title-import service.",secondary,tunisia::ceresbookshop
Tunisia,North Africa / Maghreb,weak-fit core,Culturel,site,northafrica tunisia pass1,high,"Multi-branch Tunisian books-and-cultural-goods chain with 7-day opening hours, home delivery in 3–4 working days, and one-hour in-store pickup across several locations.",secondary,tunisia::culturel
Tunisia,North Africa / Maghreb,offline / fair / literacy layer,FILT 2026 / Tunis International Book Fair,event,northafrica tunisia pass1,high,"Official platform for the 40th Tunis International Book Fair confirms the 2026 edition and active exhibitor registration, strongly validating national-scale book and publishing infrastructure.",primary,tunisia::tunis-international-book-fair
Tunisia,North Africa / Maghreb,single-store used booksellers,Ktebi Ktebek,site,northafrica tunisia pass1,high,"Dedicated Tunisian second-hand book marketplace explicitly built for buying, selling, and giving books a second life, with live inventory and seller onboarding.",primary,tunisia::ktebi-ktebek
Tunisia,North Africa / Maghreb,weak-fit core,Livre Plus,site,northafrica tunisia pass1,high,"Large Tunisian online bookstore proposing more than 25,000 books in Arabic, English, and French, with explicit used-books collection and a built-in form to sell a used book back into the platform.",primary,tunisia::livre-plus
Tunisia,North Africa / Maghreb,weak-fit core,Maison du Livre,site,northafrica tunisia pass1,high,"Book-forward Tunisian ecommerce rail with fast delivery anywhere in Tunisia, active cart flow, and broad live catalogue across fiction, law, science, school, and trade titles.",secondary,tunisia::maison-du-livre
Turkey,Greece-Cyprus-Turkey,main universe,Nadir Kitap,site,frontier ledger notes,high,Also summarized in reconstructed transcript bundle. | Pass57 hardening: Hardening only: current sources show 11M+ new/second-hand books plus thousands of sahaf/book sellers in one online platform.,primary,turkey::nadir kitap
Turkey,MENA / West Asia hardening,offline / fair / literacy layer,Sahaflar Çarşısı / Istanbul second-hand book bazaar,site,mena_west_asia_hardening_web_pass57,high,"Offline used/new second-hand book bazaar and sahaf ecology; important context layer, not online core.",supporting,turkey::sahaflar_ar_s_istanbul_second_hand_book_bazaar
Turkey,MENA / West Asia hardening,main universe,kitantik,site,mena_west_asia_hardening_web_pass57,high,"Online sahaf/book marketplace for second-hand books, antiques, ephemera and collections; app/source text says marketplace with millions of products and book-specific e-commerce mechanics.",primary,turkey::kitantik
Turkmenistan,Caucasus / Caspian + Central Asia,single-store bookstore layer,Ashgabat bookstore cluster — Ylym / Mir / Altyn Asyr / Berkarar,store_cluster,runtime_gap_bridge_web_2026_04_25_caucasus_central_asia_hardening_sprint,medium-low,Expat guide lists multiple Ashgabat bookstore/library anchors; store-layer texture only and not used-book/recommerce core.,bookstore,turkmenistan_ashgabat_bookstore_cluster_ylym_mir_altyn_asyr_berkarar
Turkmenistan,Central Asia,offline / fair / literacy layer,Christmas Book Fair (Ashgabat / EU Delegation),institution,central asia turkmenistan pass1,medium,Current literacy/fair signal. Official government coverage says the 2025 Christmas book fair in Ashgabat brought together most major bookstores of the capital and included a bookcrossing zone.,supporting,turkmenistan::christmas-book-fair-ashgabat
Turkmenistan,Caucasus / Caspian + Central Asia,annex / classifieds,Classi4U Turkmenistan — Books for Sale,site,runtime_gap_bridge_web_2026_04_25_caucasus_central_asia_hardening_sprint,medium,General classifieds site exposing Turkmenistan Books for Sale category; annex/classifieds only.,supporting,turkmenistan_classi4u_turkmenistan_books_for_sale
Turkmenistan,Caucasus / Caspian + Central Asia,annex / classifieds,Flagma Turkmenistan — Books and printed materials,site,runtime_gap_bridge_web_2026_04_25_caucasus_central_asia_hardening_sprint,medium,"Horizontal business/classifieds surface with Ashgabat books/printed-materials category; annex/classifieds, not book-specific core.",supporting,turkmenistan_flagma_turkmenistan_books_and_printed_materials
Turkmenistan,Central Asia,weak-fit core,"GNBookstore / ""Gujurly""",site,central asia turkmenistan pass1,high,Book-forward online-order rail tied to Gujurly Nesil. Turkmenportal and Yakyn both show online ordering / bookshop identity and delivery claims across Turkmenistan.,primary,turkmenistan::gnbookstore-gujurly
Turkmenistan,Caucasus / Caspian + Central Asia,annex / classifieds,Gerekli — Turkmenistan multivendor marketplace app,horizontal_multivendor_marketplace_app,runtime_gap_bridge_web_2026_04_26_pass90,high,"Google Play describes Gerekli as an online trading platform/marketplace connecting sellers with buyers in Turkmenistan; no book-specific or used-book rail found, so annex only.",supporting,turkmenistan_gerekli_multivendor_marketplace_app
Turkmenistan,Central Asia,weak-fit core,Kitap Market,site,central asia turkmenistan pass1,high,"Native online bookstore/stationery rail with broad books taxonomy, live product merchandising and pricing, and delivery language for Ashgabat and the velayats; strongest verified ecommerce spine in the current pass.",primary,turkmenistan::kitap-market
Turkmenistan,Caucasus / Caspian + Central Asia,annex / classifieds,KomekciTM — Turkmenistan marketplace app,horizontal_marketplace_app,runtime_gap_bridge_web_2026_04_26_pass90,medium-high,"Google Play describes KomekciTM as a Turkmenistan marketplace platform for buying, selling, and connecting; no book-specific rail found, so annex only.",supporting,turkmenistan_komekcitm_marketplace_app
Turkmenistan,Central Asia,single-store bookstore layer,Magic Book,site,central asia turkmenistan pass1,medium,"Concrete Ashgabat bookstore-layer anchor with fixed address, phone, and daily hours in Yakyn.",supporting,turkmenistan::magic-book
Turkmenistan,Central Asia,weak-fit core,READIT Store,site,central asia turkmenistan pass1,medium,Meaningful online-plus-store rail. Current directory pages show multiple Ashgabat locations and 3–7 day express delivery language; earlier Turkmenportal coverage also anchors it as an online store with broad multilingual stock.,secondary,turkmenistan::readit-store
Turkmenistan,Caucasus / Caspian + Central Asia,annex / classifieds,Sanly Bazar — Turkmenistan everyday-goods buy/sell app,horizontal_marketplace_app,runtime_gap_bridge_web_2026_04_26_pass90,medium,"Google Play describes Sanly Bazar as an online marketplace in Turkmenistan for people to buy and sell everyday items; no book-specific proof and very low app-download signal, so annex only.",supporting,turkmenistan_sanly_bazar_horizontal_marketplace_app
Turkmenistan,Caucasus / Caspian + Central Asia,annex / classifieds,Saraý — Turkmenistan trading and advertising platform,horizontal_trading_advertising_app,runtime_gap_bridge_web_2026_04_26_pass90,high,Google Play describes SARAÝ as Turkmenistan’s first official internet trading and advertising platform where users decide what to sell/buy and at what price; horizontal annex only.,supporting,turkmenistan_saray_trading_advertising_platform
Turkmenistan,Central Asia,annex / classifieds,TMCARS — books & magazines listings,site,central asia turkmenistan pass1,medium,"Horizontal classifieds spillover. TMCARS carries live book and magazine listings in Ashgabat and neighborhoods, which supports a real second-hand/peer-to-peer seam without proving a specialist book-first marketplace.",supporting,turkmenistan::tmcars-books
Turkmenistan,Caucasus / Caspian + Central Asia,weak-fit core,Ubuy Turkmenistan — Books,site,runtime_gap_bridge_web_2026_04_25_caucasus_central_asia_hardening_sprint,medium-low,Import/ecommerce book category for Turkmenistan; weak-fit retail only.,supporting,turkmenistan_ubuy_turkmenistan_books
Turkmenistan,Central Asia,single-store bookstore layer,Книжный магазин №3 / Bookstore No. 3,site,central asia turkmenistan pass1,medium,Concrete fixed-location bookstore in Ashgabat with daily hours and phone listing; useful store-layer anchor rather than a wider multi-seller marketplace.,supporting,turkmenistan::bookstore-no-3
Turks and Caicos,Caribbean,annex / classifieds,BambaAd,site,consolidated_matrix_2026_04_15,medium,small bookstore + classifieds + library,primary,turks and caicos::bambaad
Turks and Caicos,Caribbean,annex / classifieds,BuySellTCI,site,consolidated_matrix_2026_04_15,medium,small bookstore + classifieds + library,primary,turks and caicos::buyselltci
Turks and Caicos,Caribbean,single-store used / bookstore signal,New Age,site,consolidated_matrix_2026_04_15,medium,small bookstore + classifieds + library,primary,turks and caicos::new age
Turks and Caicos,Caribbean,single-store used / bookstore signal,Unicorn,site,consolidated_matrix_2026_04_15,medium,small bookstore + classifieds + library,primary,turks and caicos::unicorn
Turks and Caicos,Caribbean,offline / fair / literacy layer,library read-a-thon,site,consolidated_matrix_2026_04_15,medium,small bookstore + classifieds + library,primary,turks and caicos::library read-a-thon
U.S. Virgin Islands,Caribbean,annex / classifieds,Facebook Marketplace,site,consolidated_matrix_2026_04_15,medium,no strong native specialist marketplace; strong bookstore layer; active generic-resale annex; very strong literary / library / exchange infrastructure,primary,u.s. virgin islands::facebook marketplace
U.S. Virgin Islands,Caribbean,single-store used / bookstore signal,Island Booksellers,site,consolidated_matrix_2026_04_15,medium,no strong native specialist marketplace; strong bookstore layer; active generic-resale annex; very strong literary / library / exchange infrastructure,primary,u.s. virgin islands::island booksellers
U.S. Virgin Islands,Caribbean,offline / fair / literacy layer,Little Free Libraries,site,consolidated_matrix_2026_04_15,medium,no strong native specialist marketplace; strong bookstore layer; active generic-resale annex; very strong literary / library / exchange infrastructure,primary,u.s. virgin islands::little free libraries
U.S. Virgin Islands,Caribbean,annex / classifieds,Local V.I. Stuff,site,consolidated_matrix_2026_04_15,medium,no strong native specialist marketplace; strong bookstore layer; active generic-resale annex; very strong literary / library / exchange infrastructure,primary,u.s. virgin islands::local v.i. stuff
U.S. Virgin Islands,Caribbean,single-store used / bookstore signal,The Reading Room,site,consolidated_matrix_2026_04_15,medium,no strong native specialist marketplace; strong bookstore layer; active generic-resale annex; very strong literary / library / exchange infrastructure,primary,u.s. virgin islands::the reading room
U.S. Virgin Islands,Caribbean,single-store used / bookstore signal,UVI bookstores,site,consolidated_matrix_2026_04_15,medium,no strong native specialist marketplace; strong bookstore layer; active generic-resale annex; very strong literary / library / exchange infrastructure,primary,u.s. virgin islands::uvi bookstores
U.S. Virgin Islands,Caribbean,single-store used / bookstore signal,Undercover Books & Gifts,site,consolidated_matrix_2026_04_15,medium,no strong native specialist marketplace; strong bookstore layer; active generic-resale annex; very strong literary / library / exchange infrastructure,primary,u.s. virgin islands::undercover books & gifts
U.S. Virgin Islands,Caribbean,offline / fair / literacy layer,Virgin Islands Literary Festival and Book Fair,site,consolidated_matrix_2026_04_15,medium,no strong native specialist marketplace; strong bookstore layer; active generic-resale annex; very strong literary / library / exchange infrastructure,primary,u.s. virgin islands::virgin islands literary festival and book fair
U.S. Virgin Islands,Caribbean,offline / fair / literacy layer,public-library network with mixed operating status,site,consolidated_matrix_2026_04_15,medium,no strong native specialist marketplace; strong bookstore layer; active generic-resale annex; very strong literary / library / exchange infrastructure,primary,u.s. virgin islands::public-library network with mixed operating status
Uganda,East Africa,single-store bookstore layer,Aristoc Booklex Uganda,large_local_bookstore,runtime_gap_bridge_web_2026_04_25_east_africa_horn_sprint,medium-high,"Longstanding Uganda bookstore/chain layer; ordinary bookstore, not resale marketplace.",supporting,uganda_aristoc_booklex_uganda
Uganda,East Africa,single-store bookstore layer,CEMO Online Book Store Uganda,local_online_bookstore,runtime_gap_bridge_web_2026_04_25_east_africa_horn_sprint,high,"Uganda online bookstore covering nursery, primary, O/A Level, medical, technical, university, religious books, novels and readers.",supporting,uganda_cemo_online_book_store_uganda
Uganda,East Africa,annex / classifieds,Facebook Marketplace Kampala Books,social_marketplace_book_category,runtime_gap_bridge_web_2026_04_25_east_africa_horn_sprint,high,Facebook Marketplace exposes new and used books in Kampala; general social marketplace category.,supporting,uganda_facebook_marketplace_kampala_books
Uganda,East Africa,annex / classifieds,Jiji Uganda Books & Table Games,general_classifieds_book_category,runtime_gap_bridge_web_2026_04_25_east_africa_horn_sprint,high,Large Uganda/Kampala general classifieds books category with many listings; annex rail only.,supporting,uganda_jiji_uganda_books_and_table_games
Uganda,East Africa,annex / classifieds,Kampala city online market school-book posts,social_marketplace_schoolbook_posts,runtime_gap_bridge_web_2026_04_25_east_africa_horn_sprint,low-medium,Social market posts offering school books/back-to-school book needs; item/social rail only.,supporting,uganda_kampala_city_online_market_school_book_posts
Uganda,East Africa,annex / classifieds,Loozap Uganda Books,general_classifieds_book_category,runtime_gap_bridge_web_2026_04_25_east_africa_horn_sprint,medium,Uganda Loozap book listings/category surface; general classifieds marketplace only.,supporting,uganda_loozap_uganda_books
Uganda,East Africa,single-store used bookstore signal,Luwum Street / Kampala secondhand bookstore corridor,offline_used_bookstore_cluster,runtime_gap_bridge_web_2026_04_25_east_africa_horn_sprint,low-medium,Community signal for cheap secondhand books near Luwum Street; offline used-book cluster requiring verification.,supporting,uganda_luwum_street_kampala_secondhand_bookstore_corridor
Uganda,East Africa,weak-fit core,Yilick Uganda marketplace app,general_marketplace_business_platform,runtime_gap_bridge_web_2026_04_25_east_africa_horn_sprint,medium,"Uganda/Africa marketplace and shop-management platform; book category not verified, kept as weak-fit marketplace infrastructure.",supporting,uganda_yilick_uganda_marketplace_app
Ukraine,Eastern Europe,weak-fit core,BookFlea,crossborder_ukrainian_language_used_book_marketplace,live_web_pass154_zero_surface_opening,medium-high,"BookFlea is a Ukrainian-founded used-book buy/sell platform. Public site exposes sell-book auth flow and current book listings, while a 2025 profile describes it as launched in Poland for Ukrainian books with plans to enter the Ukrainian market. Kept weak-fit for Ukraine pending direct Ukraine-country inventory/flow proof. ISBN note: No ISBN value captured in checked homepage/catalog/listing surface.",zero-surface opening row,ukraine::bookflea_crossborder_ukrainian_language_used_books
Ukraine,Eastern Europe,main universe,Bookstock — книжковий маркетплейс,book_specific_peer_seller_marketplace_new_and_used_books,live_web_pass154_zero_surface_opening,high,"Bookstock is a Ukraine-localized book marketplace for buying and selling books online, including used books. Current detail render exposes seller identity/trust, location filtering across Ukrainian regions, delivery options, condition, and an ISBN field/value on a live book listing. ISBN note: ISBN captured from live detail page: 9786171707399.",zero-surface opening row,ukraine::bookstock_book_marketplace
Ukraine,Eastern Europe,single-store used / bookstore signal,Bukinist Maximum / bukinist.com.ua,single_store_bukinist_used_bookseller_online_inventory,live_web_pass154_zero_surface_opening,high,"Bukinist Maximum exposes an active online used/older-books shop with dated product cards, prices, condition labels, and categories for fiction, science, art, history, children’s books, and journals. Single-store only; no third-party marketplace mechanics found. ISBN note: No ISBN values captured in checked product-card/home surface.",zero-surface opening row,ukraine::bukinist_maximum_single_store_used_bookseller
Ukraine,Eastern Europe,main universe,Bukinist.in.ua — Букініст,book_and_antiquarian_seller_marketplace_with_book_category,live_web_pass154_zero_surface_opening,high,"Bukinist.in.ua welcomes users to the world of bukinistika and explicitly says registered sellers can list and sell books, journals, postcards, and other antiquarian goods. Although broader antiquarian categories exist, the book/printed-material marketplace mechanics are direct enough for strict-main inclusion. ISBN note: No ISBN value captured in checked homepage/category surface; antiquarian/listing model may not expose ISBN consistently.",zero-surface opening row,ukraine::bukinist_in_ua_antiquarian_seller_marketplace
Ukraine,Eastern Europe,main universe,Liberbee,book_specific_peer_swap_sell_buy_platform,live_web_pass154_zero_surface_opening,high,"Liberbee describes itself as a swap/sell/buy books service; current product/listing surfaces show Ukrainian city locations, named users, online status, request flow, sale price, book condition, and a put-up-for-sale flow. ISBN note: No ISBN value captured in checked listing/detail surface; page exposes publisher/year/language/condition/price but not ISBN.",zero-surface opening row,ukraine::liberbee_swap_sell_buy_books
Ukraine,Eastern Europe,single-store used / bookstore signal,Noosfera — used-book buyback page,bookstore_used_book_buyback_program_paused,live_web_pass154_zero_surface_opening,medium-high,Noosfera’s used-book buyback page describes wholesale purchase of modern used Ukrainian-language books but states that used-book buyback is currently paused. Preserved as operator buyback context only; not a live strict-main platform. ISBN note: No ISBN values captured; buyback instructions do not expose item-level listings.,zero-surface opening row,ukraine::noosfera_used_book_buyback_paused
Ukraine,Eastern Europe,annex / classifieds,OLX.ua — Bukinistika / books classifieds,horizontal_classifieds_books_bukinistika_category,live_web_pass154_zero_surface_opening,high,"OLX.ua exposes live Bukinistika/book listings with Ukrainian locations, prices, posting dates, subscribe/watch actions, mobile app, business page, buying/selling guidance, and OLX delivery. Classifieds-only because it is a broad horizontal rail rather than book-specific recommerce infrastructure. ISBN note: No ISBN values captured in visible listing cards.",zero-surface opening row,ukraine::olx_ua_bukinistika_books_classifieds
Ukraine,Eastern Europe,offline / fair / literacy layer,Petrivka Book Market / Kyiv book market,offline_open_air_book_market_secondhand_layer,live_web_pass154_zero_surface_opening,medium,"Travel/reporting source describes Petrivka as Ukraine’s largest book market, with 100,000+ titles, 167+ shops, new and secondhand books, and secondhand-book affordability context. Offline/literacy layer only; not an online marketplace row. ISBN note: No ISBN values captured; offline market context.",zero-surface opening row,ukraine::petrivka_book_market_offline_secondhand_layer
Ukraine,Eastern Europe,weak-fit core,Prom.ua — used-book product surfaces,horizontal_ecommerce_marketplace_used_books_categories,live_web_pass154_zero_surface_opening,high,"Prom.ua presents itself as Ukraine’s largest marketplace and exposes used textbook/product categories with seller storefront names, item availability, prices, cart purchase, and seller-support/create-store links. Kept weak-fit because it is horizontal ecommerce, not a book-specific used-book marketplace. ISBN note: No ISBN values captured in checked category/product-card surface; product-detail pages may expose bibliographic metadata opportunistically.",zero-surface opening row,ukraine::prom_ua_used_books_horizontal_marketplace
Ukraine,Eastern Europe,weak-fit core,"Ukrlot — Книги, Букіністика auction category",auction_marketplace_with_books_bukinistika_vertical,live_web_pass154_zero_surface_opening,medium-high,"Search-result evidence identifies a Ukrlot Books/Bukinistika auction category for buying and selling books and antiquarian books, with lots from 1 UAH and no placement commission. Direct open returned an internal error in this runtime, so it is retained as weak-fit auction/book-vertical, not strict-main. ISBN note: No ISBN values captured; direct category render failed in this runtime.",zero-surface opening row,ukraine::ukrlot_books_bukinistika_auction_category
Ukraine,Eastern Europe,annex / classifieds,Violity — old books / collectibles marketplace,collectibles_auction_marketplace_with_old_books,live_web_pass154_zero_surface_opening,high,"Violity app/store evidence describes it as the largest platform in Ukraine for buying and selling collectibles, including old books, with seller/buyer account mechanics, active listings, and app purchase/sale management. Kept annex/auction-spillover because it is collectibles-first, not book-specific. ISBN note: No ISBN values captured in checked app/home/category surfaces.",zero-surface opening row,ukraine::violity_old_books_collectibles_marketplace
Ukraine,Eastern Europe,single-store used / bookstore signal,Букініст-центр / Book Center Kyiv,single_store_bukinist_online_remainder_inventory,live_web_pass154_zero_surface_opening,medium-high,Book Center Kyiv says its Luteranska Street bukinist shop has ceased operations and the remaining books are on the site; current inventory cards show available books and add-to-cart mechanics. Kept single-store signal only. ISBN note: No ISBN values captured in checked homepage/product-card render.,zero-surface opening row,ukraine::book_center_kiev_single_store_remainder_inventory
United Kingdom,Western Europe,main universe,ABA Book Search / Antiquarian Booksellers’ Association,association-mediated antiquarian and rare book inventory search rail,fresh_web_pass165,high,"ABA Book Search exposes an advanced book-search form over ABA and ILAB member bookseller inventories, with title/author/keyword/year/price/sort controls. ABA describes itself as the senior trade body for antiquarian and rare-book dealers in the UK and Ireland and says it represents over 220 member businesses. Added as high strict/main association-mediated professional used/rare-book inventory rail, analogous to PBFA but distinct in body/scope. ISBN_CAPTURE: No item-level ISBN captured in checked ABA search/association surfaces; old/rare/antiquarian stock often predates ISBN, and this pass captured the inventory-search rail rather than a specific item detail.",primary,united_kingdom::aba_book_search_antiquarian_booksellers_association
United Kingdom,Western Europe,main universe,AbeBooks UK,book-specific marketplace for independent sellers,fresh_web_pass160,high,UK-facing AbeBooks is a book-specific marketplace with independent sellers and millions of used second-hand books. Treated as strict/main marketplace rail. ISBN_CAPTURE: captured ISBN-13 9780141036144 and ISBN-10 0141036141 from checked AbeBooks results/product surfaces.,primary,united_kingdom::abebooks_uk
United Kingdom,Western Europe,main universe,Alibris UK,book/media marketplace for independent sellers,fresh_web_pass161,high,Alibris UK exposes new and used book surfaces and describes marketplace selection from independent sellers. Added as a UK-facing book-specific marketplace rail omitted in pass160. ISBN_CAPTURE: No item ISBN captured in checked Alibris UK category surfaces; ISBN capability implied by book marketplace/search but not recorded as value.,primary,united kingdom::alibris_uk
United Kingdom,Western Europe,annex / horizontal marketplace,Amazon UK Marketplace — Used Books,horizontal marketplace used-book vertical,fresh_web_pass161,high,"Amazon UK exposes a used-books surface and marketplace/seller condition rules for books, but it is broad horizontal marketplace infrastructure rather than a book-specific recommerce rail; annex only. ISBN_CAPTURE: No item ISBN captured in checked category/help surfaces; Amazon product pages typically support ISBN/ASIN but no value recorded in this pass.",primary,united kingdom::amazon_uk_marketplace_used_books
United Kingdom,Western Europe,weak-fit core,Amnesty Bookshops / Amnesty International UK eBay shop,charity second-hand bookshop chain and eBay resale layer,fresh_web_pass163,high,"Amnesty UK documents community-powered second-hand bookshops around the country and an eBay shop that sells books and other media/items. Kept weak-fit charity/reuse layer, not strict-main, because it is charity-shop/eBay infrastructure rather than an independent book-specific marketplace with open seller mechanics. ISBN_CAPTURE: No stable item-level ISBN captured from checked Amnesty shop/eBay surfaces.",primary,united_kingdom::amnesty_bookshops_amnesty_international_uk_ebay_shop
United Kingdom,Western Europe,main universe,Anybook.com / Anybook Ltd,operator-managed academic used-book redistribution and resale rail,fresh_web_pass164,high,"Anybook.com is a UK registered company specializing in redistributing unwanted academic books. Current homepage/listing surface shows catalogued books, direct prices, add-to-cart flow, and visible ISBN values. FAQ states stock comes from libraries and academic institutions and may include ex-library books with condition details. Added as high strict/main operator-managed book recommerce/redistribution rail. ISBN_CAPTURE: Captured visible homepage sample ISBN values: 9781849736367, 9780198782001, 0715353128, 9780114958367, 9780198800569, 9781119043867, 9780415057349, 0300026315, 9780415008570, 9780632047727.",primary,united_kingdom::anybook_com_anybook_ltd
United Kingdom,Western Europe,single-store used booksellers,Astley Book Farm,large second-hand bookshop with online/eBay sales surface,fresh_web_pass164,high,"Astley Book Farm states it is the largest second-hand bookshop in the Midlands, holds around 100,000 books, adds books to shelves and online shop daily, and provides an eBay route for buying secondhand books. Kept as single-store used-bookseller layer rather than strict-main because it is one shop/operator. ISBN_CAPTURE: No stable item-level ISBN captured; checked surfaces are shop/online-channel pages rather than product detail.",primary,united_kingdom::astley_book_farm
United Kingdom,Western Europe,main universe,AwesomeBooks,operator-managed new and used online bookseller,fresh_web_pass160,high,Book-specific online retailer offering millions of new and used books; used-books surface and item URLs expose ISBNs. Treated as strict/main operator-managed book recommerce / used-book retail. ISBN_CAPTURE: captured sample ISBN 9781782094500 from AwesomeBooks item URL; additional search result detail URLs exposed ISBNs.,primary,united_kingdom::awesomebooks
United Kingdom,Western Europe,single-store used booksellers,Barter Books,large second-hand bookshop with searchable catalogue and barter/store-credit intake,fresh_web_pass162,high,"Barter Books is one of Britain’s largest second-hand bookshops and has a searchable online catalogue plus barter/store-credit exchange evidence. Kept as single-store used-bookseller layer rather than strict/main because it is a single operator/shop, not an open platform or national buyback marketplace. ISBN_CAPTURE: No ISBN values captured; catalogue search is title/author/keyword oriented in checked surfaces.",primary,united_kingdom::barter_books
United Kingdom,Western Europe,weak-fit core,Better World Books UK / Dunfermline presence,global used-book seller with UK processing/market presence,fresh_web_pass161,medium-high,"Better World Books sells affordable used and new books and has UK/Dunfermline seller/processing presence, but the public retail surface is global rather than a distinct UK-native marketplace. Kept weak-fit core for UK-context market presence. ISBN_CAPTURE: No item ISBN captured in checked BWB surfaces; donation/processing and used-book sale capability captured.",primary,united kingdom::better_world_books_uk_dunfermline_presence
United Kingdom,Western Europe,main universe,Biblio UK,book-specific marketplace for independent booksellers,fresh_web_pass160,high,"Biblio UK offers a book-specific marketplace for independent booksellers, with used/rare/out-of-print inventory. Treated as strict/main book marketplace. ISBN_CAPTURE: captured ISBN 9780141036144 from checked Biblio UK item/work page.",primary,united_kingdom::biblio_uk
United Kingdom,Western Europe,weak-fit core,BookSwap.co.uk,book-specific swap/exchange site current-status relaunch hold,fresh_web_pass165,medium,"Current BookSwap.co.uk surface invites users to leave an email for relaunch and presents book-swap branding, but does not expose an active browse/listing/transaction surface. Earlier public evidence described Bookswap as a UK book-exchange site with available books, while recent Reddit discussion says the site went down for maintenance/refresh and had not come back. Kept weak-fit/current-status hold; do not promote until active catalogue or exchange mechanics render again. ISBN_CAPTURE: No ISBN values captured; current surface is relaunch/waitlist-only, with no product/detail pages exposed.",primary,united_kingdom::bookswap_co_uk
United Kingdom,Western Europe,single-store used booksellers,Bookbarn International,legacy/current-status hold for large UK used/rare bookseller,fresh_web_pass162,medium,"Bookbarn International is preserved as a legacy/current-status hold: sources document a large UK used/rare-book operation and multi-platform second-hand sales, but current public signals are mixed enough that it is not promoted to strict/main in this pass. ISBN_CAPTURE: No ISBN values captured; current-status uncertainty prevents deeper item-level capture.",primary,united_kingdom::bookbarn_international
United Kingdom,Western Europe,weak-fit core,Bookdonors CIC / Bookdonors,legacy social-enterprise used-book trader / recycling hold,fresh_web_pass163,medium,"Bookdonors is well evidenced historically as a social enterprise trading in used books from charity shops, voluntary organisations, libraries, and the public. It is kept as a weak-fit legacy/current-status hold because Companies House evidence shows the CIC dissolved in May 2021, preventing current strict-main promotion despite rich historical marketplace/reuse relevance. ISBN_CAPTURE: No current item ISBN captured; legacy/current-status hold only.",primary,united_kingdom::bookdonors_cic_bookdonors
United Kingdom,Western Europe,main universe,Bookloop by Bookshop.org / WeBuyBooks,partner-branded used-book trade-in / buyback rail,fresh_web_pass161,high,"Bookloop lets UK users trade in second-hand books for Bookshop.org credit via barcode/ISBN valuation, drop-off or collection, and partner resale/donation pathways. Counted as a distinct partner-branded book-specific recommerce rail, while noting operator overlap with WeBuyBooks/Zeercle ecosystem. ISBN_CAPTURE: ISBN/barcode intake explicitly captured; no resold item ISBN captured because surface is seller valuation intake.",primary,united kingdom::bookloop_by_bookshop.org_webuybooks
United Kingdom,Western Europe,weak-fit core,BooksPrice.co.uk / BookScouter UK,textbook/used-book buyback price comparison,fresh_web_pass161,high,BooksPrice/BookScouter surface compares buyback prices for textbooks and used books across vendors with single/multi ISBN lookup. Comparator/broker only; weak-fit core. ISBN_CAPTURE: Single and multi-ISBN lookup capability captured; no item ISBN value captured.,primary,united kingdom::booksprice.co.uk_bookscouter_uk
United Kingdom,Western Europe,main universe,Bookzangle,book-specific professional bookseller marketplace with active UK seller surface,fresh_web_pass164,medium-high,"Bookzangle exposes a book-specific marketplace grown from the former World Book Market, with free book listings for members, commission-free sales, secure credit-card relay to members, and active seller lanes including United Kingdom. Added as medium-high strict/main because it is a book-first multi-seller marketplace with UK seller participation, but not treated as UK-exclusive infrastructure. ISBN_CAPTURE: No item-level ISBN captured in checked Bookzangle surfaces; the pass captured marketplace/seller mechanics rather than a specific product detail.",primary,united_kingdom::bookzangle
United Kingdom,Western Europe,single-store used booksellers,Brit Books,large UK online used-book seller and marketplace storefront,fresh_web_pass164,high,"Brit Books is evidenced on AbeBooks as a Milton Keynes bookseller, AbeBooks seller since 2009, specializing in books/hardback/paperback/softback and offering quality used books to over half a million customers. Added as high single-store/large-seller layer, not strict-main, because it is one seller/storefront rather than an open marketplace rail. ISBN_CAPTURE: No new item-level ISBN captured in checked Brit Books seller-profile surfaces.",primary,united_kingdom::brit_books
United Kingdom,Western Europe,weak-fit core,British Heart Foundation eBay Shop — Books,charity pre-loved books category on eBay UK,fresh_web_pass162,high,BHF has official online/eBay shop infrastructure with a Books category and specialist second-hand books/music shop footprint. Kept weak-fit because it is charity/eBay reuse infrastructure rather than a book-specific independent marketplace. ISBN_CAPTURE: No stable ISBN values captured from checked eBay category/listing snippets.,primary,united_kingdom::british_heart_foundation_ebay_shop_books
United Kingdom,Western Europe,weak-fit core,British Red Cross charity bookshops / eBay books,charity specialist bookshops and eBay book sales layer,fresh_web_pass163,high,"British Red Cross documents specialist charity bookshops, book donations, book collection options, and eBay book sales. Added as a weak-fit charity/reuse layer rather than strict-main because it is charity/shop/eBay infrastructure, not a book-specific open marketplace or national buyback rail. ISBN_CAPTURE: No stable item-level ISBN captured from checked British Red Cross surfaces.",primary,united_kingdom::british_red_cross_charity_bookshops_ebay_books
United Kingdom,Western Europe,weak-fit core,Escape with a Good Book,emerging UK-specific book-exchange / swap beta,fresh_web_pass165,medium-high,"Escape with a Good Book has 2026 public discussion by its builder describing a UK-specific book-exchange site and login/invite rollout, plus a blog post offering support, free shipping for a limited number of book swaps, and a free paperback book to encourage participation. Kept weak-fit rather than strict-main because it is early/partly locked down and current public inventory depth is not yet verifiable. ISBN_CAPTURE: No ISBN values captured; checked evidence is beta/help/community surface rather than public item detail.",primary,united_kingdom::escape_with_a_good_book
United Kingdom,Western Europe,single-store used booksellers,Goldstone Books,large Welsh new/pre-owned bookshop and online marketplace seller,fresh_web_pass164,high,"Goldstone Books has UK business details on its eBay seller profile, very large sold-item/follower/feedback figures, and public bookshop description as a Welsh independent carrying a broad mix of new and pre-owned books. Added as single-store/large marketplace-seller layer, not strict-main, because there is no independent open seller/buyback platform mechanic. ISBN_CAPTURE: No new item-level ISBN captured in checked Goldstone seller/storefront surfaces.",primary,united_kingdom::goldstone_books
United Kingdom,Western Europe,single-store used booksellers,Greener Books,UK used book superstore / marketplace seller,fresh_web_pass163,high,Greener Books is documented by Alibris UK as a UK-based used book superstore with hundreds of thousands of searchable books and UK dispatch/seller evidence. Kept as single-operator used-bookseller layer rather than strict-main marketplace because sales occur through marketplace storefronts rather than an independent open seller rail. ISBN_CAPTURE: Captured sample item ISBNs exposed by Alibris UK Greener Books listings: ISBN-13 9780007350742 / ISBN 0007350740; ISBN-13 9780747250180 / ISBN 0747250189; ISBN-13 9782218048890 / ISBN 2218048892; ISBN-13 9780340977651 / ISBN 0340977655.,primary,united_kingdom::greener_books
United Kingdom,Western Europe,single-store used booksellers,J J Basset Books / bookfarm.co.uk,specialist used/out-of-print bookseller visible through metasearch and AbeBooksUK rails,fresh_web_pass164,medium-high,"J J Basset Books / bassettbooks / bookfarm.co.uk appears in used-book metasearch and AbeBooksUK result surfaces with UK dealer attribution and used/out-of-print listing evidence. Kept medium-high single-store layer because current official/direct detail was not fully captured, and the evidence is marketplace/metasearch-mediated rather than a clean direct storefront verification. ISBN_CAPTURE: No stable ISBN tied to the J J Basset Books sample captured; metasearch evidence included other ISBN-bearing used-book result rows but the checked J J Basset sample was a 1926 non-ISBN listing.",primary,united_kingdom::j_j_basset_books_bookfarm_co_uk
United Kingdom,Western Europe,weak-fit core,JustBooks.co.uk,new/used/rare/textbook price-comparison engine,fresh_web_pass161,high,"JustBooks.co.uk compares new, used, rare and textbook offers from many booksellers and has textbook buyback ISBN input; retained as weak-fit comparator, not a direct marketplace. ISBN_CAPTURE: ISBN input capability captured for buyback comparison; no item ISBN value captured.",primary,united kingdom::justbooks.co.uk
United Kingdom,Western Europe,weak-fit core,Oxfam Online Shop — Second Hand Books,charity online shop / broader reuse marketplace layer,fresh_web_pass160,high,"Oxfam Online Shop has a major second-hand books category and search facets including ISBN, but it is part of a broader charity reuse shop rather than standalone book-specific marketplace/recommerce operator. Kept weak-fit core. ISBN_CAPTURE: ISBN search capability observed; no item-level ISBN captured.",primary,united_kingdom::oxfam_online_shop__second_hand_books
United Kingdom,Western Europe,main universe,PBFA — Members’ Books for Sale,association-mediated antiquarian/used book marketplace,fresh_web_pass161,high,"PBFA offers a searchable members’ books-for-sale surface for antiquarian, second-hand, rare books, manuscripts and related printed material from trusted member booksellers; strict/main as book-specific multi-seller used/antiquarian rail. ISBN_CAPTURE: No ISBN values captured in checked category/search surfaces; antiquarian inventory often non-ISBN.",primary,united kingdom::pbfa_members_books_for_sale
United Kingdom,Western Europe,annex / classifieds,Preloved — Second Hand Books,classifieds / local buy-sell books category,fresh_web_pass160,high,"Preloved offers local classified ads for second-hand books in the UK with buy/sell positioning, but it is classifieds rather than book-specific recommerce/marketplace infrastructure. Kept annex/classifieds. ISBN_CAPTURE: no item-level ISBN captured.",primary,united_kingdom::preloved__second_hand_books
United Kingdom,Western Europe,weak-fit core,ReadItSwapIt,legacy/current-status-conflicted free book-swap rail,fresh_web_pass165,medium,"ReadItSwapIt homepage currently claims a free second-hand book exchange, registration, browse/search, and 220,633 books available. However, clicking the latest-books/library route returned an Apache directory index with files last modified in 2019, and external/reference evidence records closure/old-status conflict. Kept weak-fit/current-status conflict hold rather than strict-main; future reopen only if live user/item/request flows can be verified. ISBN_CAPTURE: No ISBN values captured; checked current surfaces expose swap-library framing rather than item-detail metadata.",primary,united_kingdom::readitswapit
United Kingdom,Western Europe,main universe,Reuseabook,operator-managed second-hand book retailer / circular stock processor,fresh_web_pass162,high,"Reuseabook sells second-hand books online and describes a circular-economy model that partners with charities, businesses and organisations moving books on. Added as strict/main operator-managed second-hand book recommerce. ISBN_CAPTURE: No item ISBN value captured from checked category/about/wholesale surfaces.",primary,united_kingdom::reuseabook
United Kingdom,Western Europe,weak-fit core,Revival Books / Revival Books Limited,operator-overlap used-book recycler/reseller and collection buyer,fresh_web_pass163,medium-high,"Revival Books says it recycles most books, keeps some and sells used books online, covers the whole UK, and seeks cash-for-books network expansion; it also sells through Amazon/AbeBooks/eBay/Alibris/Play and buys large collections. Kept weak-fit with operator-overlap caution because WeBuyBooks privacy materials identify Revival Books Limited behind the broader buyback ecosystem, so this should not be counted as a fully independent strict spine rail. ISBN_CAPTURE: No new item-level ISBN captured from Revival direct surfaces; ISBN/barcode capture already represented through related WeBuyBooks ecosystem rows.",primary,united_kingdom::revival_books_revival_books_limited
United Kingdom,Western Europe,annex / horizontal marketplace,SecondHand.org.uk — Second Hand Books,horizontal secondhand marketplace/aggregator with books vertical,fresh_web_pass163,high,"SecondHand.org.uk exposes a dedicated second-hand books category and describes books available from sellers and businesses throughout the UK. Kept annex/horizontal because the site is an all-category secondhand marketplace, not a book-first recommerce platform. ISBN_CAPTURE: No ISBN values captured; checked surfaces expose search/category rather than bibliographic metadata.",primary,united_kingdom::secondhand_org_uk_second_hand_books
United Kingdom,Western Europe,main universe,Sell Your Shelf,peer-to-peer second-hand book marketplace app,fresh_web_pass161,medium-high,Sell Your Shelf terms define it as a peer-to-peer marketplace enabling users to buy and sell secondhand books; category pages expose secondhand book inventory. Treated as medium-high strict/main because current surface is live but comparatively new/small. ISBN_CAPTURE: No explicit ISBN value captured; capture note is AI spine identification/live pricing rather than barcode/ISBN intake.,primary,united kingdom::sell_your_shelf
United Kingdom,Western Europe,weak-fit core,SellMyBooks.co.uk,charity-shop focused book/game buyback and collection rail,fresh_web_pass164,high,"SellMyBooks.co.uk supports account creation, ISBN/UPC scanning, basket submission, collection, and payment for charity-shop books/games. FAQ says it serves charity shops across the entire UK and accepts typed ISBN/barcodes or scanner input. Kept weak-fit rather than strict-main because the rail is charity/B2B and includes games as well as books rather than a public book-specific marketplace. ISBN_CAPTURE: ISBN capability captured explicitly: users scan or type ISBNs; rejection reasons include ISBN/UPC mismatch; FAQ explains ISBN as 10- or 13-digit book identifier.",primary,united_kingdom::sellmybooks_co_uk
United Kingdom,Western Europe,main universe,SellitBack.com,book/media buyback app and web intake,fresh_web_pass162,high,"SellitBack is a UK-facing app/web buyback rail for unwanted books, with free postage, fast payment, barcode scanning and manual ISBN entry. Added as strict/main operator-managed book-circularity infrastructure, while noting broader media scope. ISBN_CAPTURE: ISBN/barcode capability captured: app and terms support barcode scanning/manual ISBN entry; no stable item-level ISBN value captured.",primary,united_kingdom::sellitback_com
United Kingdom,Western Europe,main universe,Shimmy Books,reader-to-reader UK secondhand book marketplace,fresh_web_pass163,high,"Shimmy Books is a UK book-only, reader-to-reader secondhand marketplace with sign-up, post-a-listing, seller guide, shipping guide, and buy/sell framing. Added as high strict/main because the rail is book-specific and explicitly supports circular reader resale rather than a generic classifieds category. ISBN_CAPTURE: No stable item-level ISBN value captured; checked public surfaces emphasized photo/listing and genre-led reader resale rather than ISBN/barcode intake.",primary,united_kingdom::shimmy_books
United Kingdom,Western Europe,single-store used booksellers,Skoob Books / Psychobabel online shop,single-store second-hand bookshop with large online catalogue,fresh_web_pass163,high,"Skoob Books documents a London second-hand bookshop with an online shop carrying around 100,000 titles and appointment-based book buying; Psychobabel/Skoob also describes tens of thousands of additional online books. Kept as single-store used-bookseller layer, not strict-main, because it is one shop/operator rather than a multi-seller or national buyback platform. ISBN_CAPTURE: No stable item-level ISBN captured in checked Skoob/Psychobabel surfaces.",primary,united_kingdom::skoob_books_psychobabel_online_shop
United Kingdom,Western Europe,weak-fit core,Sue Ryder Pre-loved — Books / eBay charity shop layer,charity pre-loved online/eBay resale layer with books category signal,fresh_web_pass162,high,"Sue Ryder has online charity-shop infrastructure and an eBay pre-loved shop with Books category signal. Kept weak-fit charity/reuse layer, not strict/main, because sales occur through broad charity/eBay infrastructure rather than a book-specific used-book marketplace. ISBN_CAPTURE: No stable ISBN values captured from checked Sue Ryder shop/eBay category surfaces.",primary,united_kingdom::sue_ryder_pre_loved_books_ebay_charity_shop_layer
United Kingdom,Western Europe,weak-fit core,The Book Rescuers,"institutional surplus-book reuse, resale, donation, and recycling processor",fresh_web_pass164,high,"The Book Rescuers provides book reuse/recycling for universities, libraries, law practices, individuals, businesses, and schools; it arranges collections, sells or donates surplus books, and states no books go to landfill. Kept weak-fit core because the current public surface proves institutional book-circularity and resale/disposal infrastructure, but not a browsable consumer marketplace or open seller platform. ISBN_CAPTURE: No item-level ISBN captured; source surface is service/institutional intake rather than product-detail inventory.",primary,united_kingdom::the_book_rescuers
United Kingdom,Western Europe,single-store used booksellers,The Monster Bookshop,large UK used/new book seller and marketplace storefront,fresh_web_pass165,high,"The Monster Bookshop is visible in metasearch/marketplace result surfaces as a Fleckney, United Kingdom seller offering used books from a UK warehouse; third-party item surfaces describe a range from rare 19th-century antiquarian books to current bestsellers. Kept as single-store/large seller layer rather than strict-main because the evidence is seller/storefront mediated, not open marketplace or independent buyback platform mechanics. ISBN_CAPTURE: Captured sample ISBN/EAN from Euro-book result: ISBN-10 1590694015 and EAN/ISBN-13 9781590694015.",primary,united_kingdom::the_monster_bookshop
United Kingdom,Western Europe,single-store used booksellers,The Second Shelf,single-store rare/antiquarian/rediscovered books specialist with online shop,fresh_web_pass163,high,"The Second Shelf has a live online shop with rare books, first editions, manuscripts, archives, and rediscovered works by women, including many item-level listings. Kept as single-store specialist used/rare-bookseller layer rather than strict-main because it is one curated dealer/bookshop, not an open marketplace. ISBN_CAPTURE: No ISBN values captured; much of the checked rare/antiquarian/modern-first stock is pre-ISBN or collector-specific and not ISBN-led.",primary,united_kingdom::the_second_shelf
United Kingdom,Western Europe,main universe,UniBookTrade,peer-to-peer second-hand university textbook marketplace,fresh_web_pass161,high,"UK-specific student textbook marketplace for buying and selling second-hand university textbooks; seller flow supports listing books, secure payment, tracked shipping, and ISBN scan/title intake. Strict/main as a book-specific peer marketplace. ISBN_CAPTURE: ISBN scan/type-in capability captured; no stable item ISBN captured from checked marketplace/listing pages.",primary,united kingdom::unibooktrade
United Kingdom,Western Europe,weak-fit core,UsedBookSearch.co.uk,used-book price-comparison / metasearch,fresh_web_pass161,high,"UK used-book metasearch explicitly aggregates second-hand book marketplace information and supports ISBN search; not a marketplace/seller itself, so weak-fit core rather than strict-main. ISBN_CAPTURE: ISBN search capability captured; no item ISBN value captured because surface is comparator/search input.",primary,united kingdom::usedbooksearch.co.uk
United Kingdom,Western Europe,annex / horizontal marketplace,Vinted UK — Books,horizontal peer marketplace book category,fresh_web_pass160,high,"Vinted UK exposes a pre-owned books category and seller mechanics, but the platform is broad peer-to-peer resale rather than book-specific. Kept annex/horizontal marketplace. ISBN_CAPTURE: no item-level ISBN captured.",primary,united_kingdom::vinted_uk__books
United Kingdom,Western Europe,weak-fit core,WHSmith BookCycle / Zeercle,retailer partner used-book buyback scheme / current-status watch,fresh_web_pass161,medium-high,Public trade/news evidence documents WHSmith BookCycle as a second-hand book buyback scheme with online registration and e-voucher exchange. Kept weak-fit/current-status watch because the direct official BookCycle page was not reverified in this pass. ISBN_CAPTURE: ISBN registration/scan capability reported in scheme evidence; no current official intake page or item ISBN captured.,primary,united kingdom::whsmith_bookcycle_zeercle
United Kingdom,Western Europe,main universe,WeBuyBooks.co.uk,operator-managed book buyback / resale rail,fresh_web_pass160,high,"Book buyback surface explicitly asks for ISBN/barcode entry or scanning, gives instant cash offers, free postage, and explains that bought books are resold into circulation. Treated as strict/main operator-managed recommerce. ISBN_CAPTURE: ISBN/barcode intake confirmed, no item-level ISBN value captured.",primary,united_kingdom::webuybooks_co_uk
United Kingdom,Western Europe,single-store used booksellers,Wolf Books UK — Preloved book boxes,single-operator preloved book box / bundle seller,fresh_web_pass163,medium-high,"Wolf Books UK exposes multiple pre-loved book box and mystery bundle products, including blind-date and genre bundles. Added as single-operator used/preloved bookseller texture only; not strict-main because there is no marketplace, buyback, or multi-seller rail. ISBN_CAPTURE: No ISBN values captured; bundle/mystery-box model is not item-bibliographic at checked surfaces.",primary,united_kingdom::wolf_books_uk_preloved_book_boxes
United Kingdom,Western Europe,main universe,World of Books / Wob,operator-managed second-hand book recommerce / used-book retailer,fresh_web_pass160,high,UK-facing World of Books/Wob surface describes a large second-hand/preloved book operation and buy/sell positioning; treated as high strict/main operator-managed book recommerce. ISBN_CAPTURE: Sell-flow ecosystem supports ISBN/barcode intake; no distinct Wob retail item ISBN captured directly in checked category/homepage surfaces.,primary,united_kingdom::world_of_books__wob
United Kingdom,Western Europe,main universe,World of Rare Books / Wob Old & Rare,specialist rare/antiquarian/used book subrail within Wob group,fresh_web_pass162,high,"World of Rare Books / Wob Old & Rare is a distinct specialist surface for rare, antiquarian and vintage books within the World of Books group. Added as a strict/main specialist subrail with explicit operator-overlap note rather than a new independent operator. ISBN_CAPTURE: No ISBN values expected/captured: source explicitly says Old & Rare stock is nearly all before 1970 and therefore does not have ISBN codes.",primary,united_kingdom::world_of_rare_books_wob_old_rare
United Kingdom,Western Europe,main universe,Zapper,book/media buyback platform,fresh_web_pass160,high,"UK-based Zapper supports selling books, CDs, DVDs and games online, with book-selling guidance positioning it as a platform-like buyback rail. Treated as strict/main book-circularity infrastructure despite broader media scope. ISBN_CAPTURE: no item-level ISBN captured.",primary,united_kingdom::zapper
United Kingdom,Western Europe,main universe,Ziffit / World of Books sell-flow,book/media buyback app and web intake,fresh_web_pass160,high,"Ziffit/World of Books sell surface supports selling textbooks/books online and in-app, instant prices, barcode scanning and ISBN entry; strict/main because it is a dedicated book-circularity buyback rail, even though it also handles media. ISBN_CAPTURE: ISBN/barcode intake confirmed, no item-level ISBN value captured.",primary,united_kingdom::ziffit__world_of_books_sell_flow
United Kingdom,Western Europe,annex / horizontal marketplace,"eBay UK — Books, Comics & Magazines",horizontal marketplace book vertical,fresh_web_pass160,high,"eBay UK has a deep Books, Comics & Magazines vertical including books, textbooks, antiquarian/collectable and ex-library categories, but it is horizontal marketplace infrastructure. Kept annex/horizontal marketplace. ISBN_CAPTURE: no item-level ISBN captured in checked category surfaces.",primary,united_kingdom::ebay_uk__books_comics__magazines
United Kingdom,Western Europe,weak-fit core,musicMagpie — Sell Books,multi-category media/tech buyback with book intake,fresh_web_pass160,high,"musicMagpie supports selling books by barcode entry/app scanning and instant valuation, but it is a broader media/tech recommerce platform rather than book-specific; kept weak-fit core. ISBN_CAPTURE: barcode intake confirmed, no item-level ISBN captured.",primary,united_kingdom::musicmagpie__sell_books
United Kingdom,Western Europe,weak-fit core,viaLibri,old/rare/second-hand book metasearch and catalogue-listing infrastructure,fresh_web_pass165,high,"viaLibri identifies itself as the world’s largest search engine for old, rare, and second-hand books, exposes searching by keywords/ISBN, and includes account/catalogue-listing infrastructure for booksellers. Added as weak-fit UK-relevant comparator/catalogue infrastructure only, not as a UK-native strict-main marketplace, because its scope is global and it aggregates/searches rather than directly constituting a UK marketplace rail. ISBN_CAPTURE: ISBN/search capability captured: viaLibri search surface includes Keywords / ISBN; no item-level ISBN value captured for this pass.",primary,united_kingdom::vialibri
Uruguay,South America,main universe,Buscalibre Uruguay,site,latest explicit Uruguay cut in imported prior transcript,high,Recovered from latest explicit Uruguay cut in imported prior transcript; exact rationale text was not preserved in the prior artifact surface.,primary,uruguay::buscalibre uruguay
Uruguay,South America,main universe,P2P Bookstore,site,latest explicit Uruguay cut in imported prior transcript,high,Recovered from latest explicit Uruguay cut in imported prior transcript; exact rationale text was not preserved in the prior artifact surface.,primary,uruguay::p2p bookstore
Vatican City,Central Mediterranean,single-store bookstore layer,Libreria Editrice Vaticana,site,live_web_resolution,high,Official Vatican publishing and bookstore rail; bookstore-layer anchor rather than marketplace.,primary,vatican city::libreria editrice vaticana
Vatican City,Central Mediterranean,offline / fair / literacy layer,Vatican Apostolic Library,site,live_web_resolution,high,Major library and printed-books infrastructure; retained in literacy/institution layer.,primary,vatican city::vatican apostolic library
Vietnam,Southeast Asia,single-store used / bookstore signal,Bookworm Hanoi,site,current_session_sea_2026_04_19,medium,Current-session controlled pass.,primary,vietnam::bookworm hanoi
Vietnam,Southeast Asia,weak-fit core,FAHASA,site,current_session_working_surface,medium,Current-session controlled pass classified Vietnam as upper weak-fit.,primary,vietnam::fahasa
Vietnam,Southeast Asia,single-store used / bookstore signal,Gác Xép,site,current_session_sea_2026_04_19,medium,Current-session controlled pass.,primary,vietnam::gác xép
Vietnam,Southeast Asia,annex / classifieds,Oreka,site,current_session_sea_2026_04_19,medium,Current-session controlled pass.,primary,vietnam::oreka
Vietnam,Southeast Asia,weak-fit core,Tiki,site,current_session_working_surface,medium,Current-session controlled pass classified Vietnam as upper weak-fit.,primary,vietnam::tiki
Western Sahara / Sahrawi market surface,North/West Africa edge,annex / classifieds,Facebook Marketplace Laâyoune,general_social_marketplace,runtime_gap_bridge_web_2026_04_25_lusophone_indian_ocean_sprint,low-medium,Facebook Marketplace exposes a Laâyoune buy/sell surface; book-specific evidence not verified.,supporting,western_sahara_sahrawi_market_surface_facebook_marketplace_laayoune
Western Sahara / Sahrawi market surface,North/West Africa edge,external spillover / out-of-scope texture,Morocco/France book-market spillover for Western Sahara titles,external_retail_subject_spillover,runtime_gap_bridge_web_2026_04_25_lusophone_indian_ocean_sprint,low,Search results are dominated by Morocco/France retail and title-subject pages rather than Sahrawi-local book rails; kept as spillover caution.,supporting,western_sahara_sahrawi_market_surface_morocco_france_book_market_spillover_for_western_sahara_titles
Western Sahara / Sahrawi market surface,North/West Africa edge,annex / classifieds,Quicherchequoi Laâyoune marketplace,general_classifieds_empty_surface,runtime_gap_bridge_web_2026_04_25_lusophone_indian_ocean_sprint,low,Laâyoune marketplace page exists but captured page reports no available listings; weak general surface only.,supporting,western_sahara_sahrawi_market_surface_quicherchequoi_laayoune_marketplace
Yemen,Gulf / Arabian Peninsula,single-store bookstore layer,Al Zahra Library,site,business_directory_listing,medium,"Named Sana’a books/library listing in current YemenYP books directory, used as bookstore-layer corroboration rather than as a stronger ecommerce rail.",supporting,yemen::al-zahra-library
Yemen,Gulf / Arabian Peninsula,single-store bookstore layer,Al-Gazera Library,site,business_directory_listing,medium,"Named Aden books/library listing in current YemenYP books directory, used as bookstore-layer corroboration rather than as a stronger ecommerce rail.",supporting,yemen::al-gazera-library
Yemen,Gulf / Arabian Peninsula,weak-fit core,Book For You,site,official_site_remote_verified,high,"Live Yemen-based online bookstore with thousands of titles, checkout/accounts, inside-Yemen shipping language, and Yemen contact details.",primary,yemen::book-for-you
Yemen,Gulf / Arabian Peninsula,single-store bookstore layer,Dar Al-Kutub Al-Wataniya — Yemen / دار الكتب الوطنية,single_store_library_bookstore_social,pass118_yemen_social_used_book_and_bookstore_depth_hardening_web_check,medium,"Added pass118. Sana’a Dar al-Kutub al-Wataniya social surface with book/library framing and book-exchange/child-library language in public snippets. Contextual bookstore/library seam, not strict market infrastructure.",supporting,yemen::dar_al_kutub_al_wataniya_yemen_دار_الكتب_الوطنية
Yemen,Gulf / Arabian Peninsula,weak-fit core,Dar al-Kutub al-Yamaniyya / Yemeni Bookstore,site,official_site_remote_verified,medium,"Yemen-facing online bookstore/catalog with dense subject taxonomy, WhatsApp ordering, and named branches in Sana’a, Aden, and Ma’rib plus Cairo.",primary,yemen::dar-al-kutub-al-yamaniyya-yemeni-bookstore
Yemen,Gulf / Arabian Peninsula,annex / classifieds,Hubloh,site,marketplace_site_remote_verified,medium,General Yemeni online marketplace with a Books & Stationery department and separate books/stationery category pages.,supporting,yemen::hubloh
Yemen,Gulf / Arabian Peninsula,offline / fair / literacy layer,IBBY Yemen,institution,international_org_profile,high,"IBBY Yemen lists Sana’a contact information and describes ongoing reading, publishing, and children’s literature programming in Yemen.",supporting,yemen::ibby-yemen
Yemen,Gulf / Arabian Peninsula,single-store bookstore layer,Maktabat Al-Shorouq Sana’a / مكتبة الشروق للطباعة والنشر,single_store_bookstore_social_official,pass118_yemen_social_used_book_and_bookstore_depth_hardening_web_check,medium-high,"Added pass118. Sana’a Hadda Street bookstore/publisher social surface advertises cultural, educational and university books at suitable prices. Useful current bookstore-depth seam; no marketplace/recommerce mechanics.",supporting,yemen::maktabat_al_shorouq_sana_a_مكتبة_الشروق_للطباعة_والنشر
Yemen,Gulf / Arabian Peninsula,single-store bookstore layer,Maktabat Dar Al-Thaqafa Al-Asriyah / مكتبة دار الثقافة العصرية,single_store_bookstore_social_official,pass118_yemen_social_used_book_and_bookstore_depth_hardening_web_check,medium,"Added pass118. Yemen/Sana’a social bookstore surface specializing in printing books and medical, engineering and administrative references. Retained as bookstore/print-service depth only.",supporting,yemen::maktabat_dar_al_thaqafa_al_asriyah_مكتبة_دار_الثقافة_العصرية
Yemen,Gulf / Arabian Peninsula,single-store bookstore layer,Maktabat Khaled bin Al-Walid / مكتبة خالد بن الوليد,publisher_bookstore_distribution,pass118_yemen_social_used_book_and_bookstore_depth_hardening_web_check,high,"Added pass118. Current bookstore/ecommerce publisher page for مكتبة خالد بن الوليد - صنعاء lists multiple book categories, purchasable titles, and describes itself as a specialist seller of scientific, religious and cultural books; supporting profiles show Yemeni publisher/bookstore branch depth. Not used/recommerce marketplace.",supporting,yemen::maktabat_khaled_bin_al_walid_مكتبة_خالد_بن_الوليد
Yemen,MENA / West Asia hardening,annex / classifieds,OpenSooq Yemen — Books & Magazines,site,mena_west_asia_hardening_web_pass57,high,"Yemen books category advertises new, used and rare books for sale; horizontal classified rail. | Pass118 Yemen patch: Arabic/English OpenSooq surfaces explicitly show books for sale in Yemen, buy/sell framing, new/used/rare book language, used-filter listings, and Sana’a book listings. Still horizontal classifieds annex, not strict book-specific marketplace.",supporting,yemen::opensooq_yemen_books_magazines
Yemen,Gulf / Arabian Peninsula,offline / fair / literacy layer,Sana’a Tahrir Square / Abdul-Mughni Street book-vendor seam,offline_used_new_book_market,pass118_yemen_social_used_book_and_bookstore_depth_hardening_web_check,medium-high,Added pass118. Cultural-street/offline source describes Yemen/Sana’a pavement book vendors around Tahrir Square and Abdul-Mughni Street selling old and new Arabic/foreign books and magazines. Offline used/new market texture only.,supporting,yemen::sana_a_tahrir_square_abdul_mughni_street_book_vendor_seam
Yemen,Gulf / Arabian Peninsula,offline / fair / literacy layer,Taiz Second Book Fair,institution,news_report,medium,"Taiz governorate book fair inaugurated in February 2026 with publishing houses, libraries, university presence, and student-authored works.",supporting,yemen::taiz-second-book-fair
Yemen,Gulf / Arabian Peninsula,offline / fair / literacy layer,Yemen Books,site,educational_platform,medium,"Digital curriculum/books platform aimed at Yemeni students and teachers with textbooks, summaries, and exams.",supporting,yemen::yemen-books
Yemen,Gulf / Arabian Peninsula,single-store bookstore layer,Yemen Bookshop / المكتبة اليمنية,single_store_bookstore_social_official,pass118_yemen_social_used_book_and_bookstore_depth_hardening_web_check,high,"Added pass118. Active Sana’a Yemen Bookshop / المكتبة اليمنية social and Instagram surfaces show current book, curriculum, children’s and English-book inventory/activity. Important live bookstore-commerce seam, but first-party/single-store and not used-book marketplace.",supporting,yemen::yemen_bookshop_المكتبة_اليمنية
Yemen,Gulf / Arabian Peninsula,annex / classifieds,Yemen Market,site,marketplace_site_remote_verified,medium,"General Yemeni marketplace with vendor/store infrastructure, a featured Books category, and stated shipping inside Yemen only.",supporting,yemen::yemen-market
Yemen,Gulf / Arabian Peninsula,single-store used booksellers,Yemen used-books social storefront / بيع وشراء الكتب المستعملة,social_used_book_storefront,pass118_yemen_social_used_book_and_bookstore_depth_hardening_web_check,medium-high,"Added pass118. Instagram used-book selling surface gives individual used-book prices and advertises delivery to all Yemeni governorates via WhatsApp. Strong used-book commerce signal but social/first-party, not standalone platform.",supporting,yemen::yemen_used_books_social_storefront_بيع_وشراء_الكتب_المستعملة
Zambia,Southern Africa,weak-fit core,Books Online Zambia,online_bookstore_local_books,runtime_gap_bridge_web_2026_04_25_southern_africa_deepening_sprint,high,Reported as first online bookstore focused only on Zambian-authored books; book-forward ecommerce but not used/resale marketplace.,supporting,zambia_books_online_zambia
Zambia,Southern Africa,weak-fit core,Bookworld Zambia,site,web_verified_2026_04_21,high,Household Zambian bookseller with about twenty stores nationwide across major towns and cities plus online catalogues.,primary,zambia::bookworld_zambia
Zambia,Southern Africa,annex / classifieds,"CityToo Zambia Music, Movies and Books",general_classifieds_books_media_category,runtime_gap_bridge_web_2026_04_25_southern_africa_deepening_sprint,medium,CityToo exposes Zambia music/movies/books classified category under a broad buy/sell classified service.,supporting,zambia_citytoo_zambia_music_movies_and_books
Zambia,Southern Africa,weak-fit core,FITABO / Zambian Book Archive,site,web_verified_2026_04_21,high,"Official Zambian Book Archive with bookstore, author-direct submission, retail sales, and literary ecosystem support.",supporting,zambia::fitabo_zambian_book_archive
Zambia,Southern Africa,offline / fair / literacy layer,FITABO International Book Fair,event,web_verified_2026_04_21,high,"Live 2026 Lusaka book fair positioned as Zambia’s premier book fair with trade, culture and public-literacy aims.",supporting,zambia::fitabo_international_book_fair
Zambia,Southern Africa,annex / classifieds,Facebook Marketplace Lusaka Children's Books,social_marketplace_books_category,runtime_gap_bridge_web_2026_04_25_southern_africa_deepening_sprint,medium,New and used children’s books for sale in Lusaka; social marketplace only.,supporting,zambia_facebook_marketplace_lusaka_children_s_books
Zambia,Southern Africa,annex / classifieds,Facebook Marketplace Lusaka Second hand book listings,social_marketplace_secondhand_book_items,runtime_gap_bridge_web_2026_04_25_southern_africa_deepening_sprint,medium,"Marketplace snippets show second-hand books for sale in Lusaka, confirming live resale texture but not a book-dominant rail.",supporting,zambia_facebook_marketplace_lusaka_second_hand_book_listings
Zambia,Southern Africa,annex / classifieds,Facebook Marketplace Zambia Books,marketplace,web_verified_2026_04_21,medium,Visible new and used books marketplace activity around Lusaka and Ndola.,supporting,zambia::facebook_marketplace_books
Zambia,Southern Africa,single-store bookstore layer,Grey Matter Zambia,bookstore_chain_social_surface,runtime_gap_bridge_web_2026_04_25_southern_africa_deepening_sprint,medium,"Bookstore social surface for diverse reads, book bundles and physical-store activity; bookstore layer only.",supporting,zambia_grey_matter_zambia
Zambia,Southern Africa,annex / classifieds,Zambia Book Club social sale threads,social_book_club_sale_surface,runtime_gap_bridge_web_2026_04_25_southern_africa_deepening_sprint,low-medium,Zambia Book Club posts reference buying books from each other and online bookstore launch; social/book-club texture only.,supporting,zambia_zambia_book_club_social_sale_threads
Zimbabwe,Southern Africa,single-store bookstore layer,Book Café / Pamberi Trust bookshop history,book_cafe_cultural_bookshop_signal,runtime_gap_bridge_web_2026_04_25_southern_africa_deepening_sprint,medium,"Book Café is a cultural/literary space with historic bookshop component; context row, not current marketplace core.",supporting,zimbabwe_book_caf_pamberi_trust_bookshop_history
Zimbabwe,Southern Africa,annex / classifieds,Buy And Sell Books In Zimbabwe,social_buy_sell_books_group,runtime_gap_bridge_web_2026_04_25_southern_africa_deepening_sprint,medium,"Group is explicitly for trading/exchanging and buying/selling first- and second-hand books; book-specific social rail, not platform-level marketplace.",supporting,zimbabwe_buy_and_sell_books_in_zimbabwe
Zimbabwe,Southern Africa,annex / classifieds,Classifieds Zimbabwe Books,marketplace,web_verified_2026_04_21,medium,"Active Zimbabwe books classifieds with education and fiction listings, giving broader market spillover beyond dedicated bookstores.",supporting,zimbabwe::classifieds_zimbabwe_books
Zimbabwe,Southern Africa,weak-fit core,College Press Booksellers Network,directory,web_verified_2026_04_21,high,"Large educational/publishing supply network with booksellers listed across Harare, Bulawayo, Chinhoyi, Rusape and other towns.",supporting,zimbabwe::college_press_booksellers_network
Zimbabwe,Southern Africa,weak-fit core,Everything Zimbabwean Books & Stationery,general_marketplace_books_stationery_category,runtime_gap_bridge_web_2026_04_25_southern_africa_deepening_sprint,medium-high,"Zimbabwean online marketplace with large Books & Stationery category and many education subcategories; broad marketplace, not book-specific used core.",supporting,zimbabwe_everything_zimbabwean_books_stationery
Zimbabwe,Southern Africa,annex / classifieds,Everything Zimbabwean marketplace vendors / book category,general_marketplace_books_category,runtime_gap_bridge_web_2026_04_25_southern_africa_deepening_sprint,medium,Marketplace connects Zimbabwean buyers and sellers with Books & Stationery categories; retained as classifieds/general marketplace deepening row.,supporting,zimbabwe_everything_zimbabwean_marketplace_vendors_book_category
Zimbabwe,Southern Africa,annex / classifieds,Facebook Marketplace Bulawayo Books,social_marketplace_books_category,runtime_gap_bridge_web_2026_04_25_southern_africa_deepening_sprint,medium,New and used books for sale in Bulawayo; social marketplace category only.,supporting,zimbabwe_facebook_marketplace_bulawayo_books
Zimbabwe,Southern Africa,annex / classifieds,Facebook Marketplace Harare Books,social_marketplace_books_category,runtime_gap_bridge_web_2026_04_25_southern_africa_deepening_sprint,medium-high,New and used books for sale in Harare; social marketplace category only.,supporting,zimbabwe_facebook_marketplace_harare_books
Zimbabwe,Southern Africa,offline fair/literacy layer,Harare street second-hand textbook market,offline_used_textbook_market,runtime_gap_bridge_web_2026_04_25_southern_africa_deepening_sprint,medium-high,Local reporting documents original second-hand textbooks being bought on streets during high textbook-price pressure; offline used market signal.,supporting,zimbabwe_harare_street_second_hand_textbook_market
Zimbabwe,Southern Africa,weak-fit core,House of Books Zimbabwe,site,web_verified_2026_04_21,high,"Established Harare bookseller with online shop, free Harare delivery, and a background in trade, Zimbabwean, and antique books.",primary,zimbabwe::house_of_books_zimbabwe
Zimbabwe,Southern Africa,offline / fair / literacy layer,Zimbabwe International Book Fair,event,web_verified_2026_04_21,high,Country-scale literary fair with live 2026 dates at Harare Exhibition Park.,supporting,zimbabwe::zimbabwe_international_book_fair
Slovenia,CEE/Balkans,single-store used booksellers,Rabljene-Knjige.si,site,pass194_live_web_2026_05_06,high,"Slovenian online bookstore specializing in used books across fiction, manuals, children/youth books, spirituality and related categories; operator inventory, no seller onboarding verified.",primary,slovenia::rabljene-knjige.si
Slovenia,CEE/Balkans,single-store used booksellers,Knjigoljub.com,site,pass194_live_web_2026_05_06,medium-high,"Online bookstore advertising new and used books; single-operator curated used-book stock, not strict-main third-party recommerce.",primary,slovenia::knjigoljub.com
Slovenia,CEE/Balkans,single-store used booksellers,Antikvariat Vodnik,site,pass194_live_web_2026_05_06,high,"Ljubljana bookstore/antikvariat buying and selling used, out-of-print, old and rare books; shop catalogue only partially online.",primary,slovenia::antikvariat vodnik
Slovenia,CEE/Balkans,single-store used booksellers,Antikvariat Alef,site,pass194_live_web_2026_05_06,high,"Ljubljana antiquarian bookshop with catalogue, account/cart surface, and used/old book buying and selling; operator inventory.",primary,slovenia::antikvariat alef
Slovenia,CEE/Balkans,single-store used booksellers,Antikvariat Antiqua,site,pass194_live_web_2026_05_06,high,"Slovenian online antiquarian shop selling new, old, used and rare books; operator inventory.",primary,slovenia::antikvariat antiqua
Slovenia,CEE/Balkans,single-store used booksellers,Trubarjev antikvariat / Mladinska knjiga,site,pass194_live_web_2026_05_06,high,"Mladinska knjiga antiquarian shop in Ljubljana; buys/sells old and rare books, maps, postcards and graphics; shelves used books at lower prices.",primary,slovenia::trubarjev antikvariat / mladinska knjiga
Slovenia,CEE/Balkans,single-store used booksellers,Rabljeni-ucbeniki.com / Svoj svet,site,pass194_live_web_2026_05_06,medium-high,"Slovenian used-textbook e-commerce surface for secondary and vocational school books; operator/specialist textbook rail, not third-party marketplace verified.",primary,slovenia::rabljeni-ucbeniki.com / svoj svet
Slovenia,CEE/Balkans,annex / classifieds,Antikvariat Stara bukla on Bolha,site,pass194_live_web_2026_05_06,medium-high,"Book-specialist shop/storefront inside Bolha with very deep literature/drama/poetry listing counts; kept as Bolha storefront/horizontal annex, not standalone strict-main.",primary,slovenia::antikvariat stara bukla on bolha
Venezuela,South America,annex / horizontal marketplace,MercadoLibre Venezuela — libros físicos usados category,general_marketplace_books_category,live_web_pass195_venezuela_recon_2026_05_06,medium-high,"MercadoLibre Venezuela exposes a used physical-books category/search with active listing-style results. Strong book-category depth but broad horizontal ecommerce marketplace, not a book-specific recommerce marketplace.",supporting,venezuela_mercadolibre_venezuela_libros_fisicos_usados_category
Venezuela,South America,annex / social marketplace,Facebook Marketplace Caracas — Books category,social_marketplace_books_category,live_web_pass195_venezuela_recon_2026_05_06,medium-high,"Facebook Marketplace exposes new and used book listings for Caracas. Useful local resale signal but remains a broad social marketplace rail, not a book-specific platform.",supporting,venezuela_facebook_marketplace_caracas_books_category
Venezuela,South America,annex / classifieds,Locanto Venezuela — Libros usados,horizontal_classifieds_book_category,live_web_pass195_venezuela_recon_2026_05_06,medium,Locanto Venezuela has a Libros usados / Compra y Venta category and displayed result counts. Broad classifieds rail only.,supporting,venezuela_locanto_venezuela_libros_usados
Venezuela,South America,annex / classifieds,Evisos Venezuela — Libros y revistas classifieds,horizontal_classifieds_book_category,live_web_pass195_venezuela_recon_2026_05_06,medium,Evisos shows a Venezuela books-and-magazines classifieds category with hundreds of results and multiple regional book listings. Horizontal classifieds only.,supporting,venezuela_evisos_venezuela_libros_y_revistas_classifieds
Venezuela,South America,weak-fit core,Libros.ccs,single_store_used_bookstore_signal,live_web_pass195_venezuela_recon_2026_05_06; live_web_pass196_venezuela_targeted_hardening_2026_05_06,high,"Libros.ccs hardened in pass196: its public site exposes genre catalogue/cart/login and says it buys, sells and exchanges physical second-hand books in Caracas; El Diario says it has no physical store, buys second-hand books for a fixed amount, and offers one-for-one catalogue exchange under condition exclusions. This is strong operator recommerce, still not public third-party marketplace/seller-dashboard evidence. ISBN note: no ISBN values captured from visible product/search render.",candidate_boundary,venezuela_libros_ccs
Venezuela,South America,single-store used / bookstore signal,Puerto de Libros,online_bookstore,live_web_pass195_venezuela_recon_2026_05_06; live_web_pass196_venezuela_targeted_hardening_2026_05_06,medium-high,"Puerto de Libros hardened in pass196: current site exposes a 295-result online catalogue, account/cart and national/international shipping; historical Letralia launch coverage says it sold new and used books and could receive books by consignment from individuals while operator stored and shipped inventory. Reclassified from generic bookstore layer to single-store used/bookstore signal, not strict-main. ISBN note: no ISBN values captured in current visible listing render.",supporting,venezuela_puerto_de_libros
Venezuela,South America,annex / social book-sale groups,"Compra, Venta e Intercambio de Libros en Venezuela — Facebook group",facebook_group,live_web_pass195_venezuela_recon_2026_05_06,medium,"Facebook group for buying, selling and exchanging physical books in Venezuela. Useful social resale evidence; not platformized strict-main infrastructure.",supporting,venezuela_compra_venta_e_intercambio_de_libros_en_venezuela_facebook_group
Venezuela,South America,annex / social book-sale groups,Mercado Libro Compra Venta Intercambio de Libros (Venezuela) — Facebook group,facebook_group,live_web_pass195_venezuela_recon_2026_05_06,medium,Facebook group explicitly framed as book buy/sell/exchange in Venezuela. Classified as social annex pending any non-social platform mechanics.,supporting,venezuela_mercado_libro_compra_venta_intercambio_de_libros_venezuela_facebook_group
Venezuela,South America,offline / fair / literacy layer,Museo del Libro Venezolano — cambalaches literarios,institution_exchange_program,live_web_pass195_venezuela_recon_2026_05_06,medium-high,"El Diario reports Museo del Libro Venezolano accepts donations and runs cambalaches literarios with a two-book exchange pattern. Valuable offline exchange/literacy layer, not marketplace infrastructure.",supporting,venezuela_museo_del_libro_venezolano_cambalaches_literarios
Venezuela,South America,offline / fair / literacy layer,Fundación Mariana Flores Melo / MFM lectura — donation and exchange layer,literacy_distribution,live_web_pass195_venezuela_recon_2026_05_06,medium,"El Diario reports the foundation accepts donated books, offers books at fairs, and allows limited exchange. Offline literacy/exchange context only.",supporting,venezuela_fundacion_mariana_flores_melo_mfm_lectura_donation_and_exchange_layer
Venezuela,South America,offline / fair / literacy layer,Buscadores de Libros,nonprofit_literacy_book_reuse,live_web_pass196_venezuela_targeted_hardening_2026_05_06,medium-high,"Venezuela book-reuse/literacy initiative: current site says it receives book donations, classifies and distributes them to promote reading; Letralia describes the initiative as built around exchange/reader-community rather than a traditional bookstore. Valuable reuse/literacy layer, not marketplace infrastructure. ISBN note: no ISBN values captured.",supporting,venezuela_buscadores_de_libros
Venezuela,South America,single-store used booksellers,El Emporio del Libro — Maracaibo,used_bookstore_social_surface,live_web_pass196_venezuela_targeted_hardening_2026_05_06,medium,"Maracaibo used-bookshop social surface; public snippets identify it as a librería de libros usados with a Maracaibo location. Single-store/operator used-book evidence only, not strict-main marketplace.",supporting,venezuela_el_emporio_del_libro_maracaibo
Venezuela,South America,offline / fair / literacy layer,FILUC / AEEC Mercado de Libros Usados “Libros que perduran”,used_book_market_event,live_web_pass196_venezuela_targeted_hardening_2026_05_06,high,2026 FILUC/AEEC used-book market event in Carabobo/Valencia: article describes a third edition of Mercado de Libros Usados with sale of read/out-of-print/curious texts and cultural programming. Offline/event layer only; not persistent online marketplace.,supporting,venezuela_filuc_aeec_mercado_de_libros_usados_libros_que_perduran
Venezuela,South America,single-store used booksellers,El Consolidado — Valencia librería de viejo,used_bookstore_article_trace,live_web_pass196_venezuela_targeted_hardening_2026_05_06,medium,Valencia “librería de viejo” article trace: Notitarde describes El Consolidado as a decades-running kiosk/local used-book shop where books can cost around US$3. Single-store/local used-book texture only.,supporting,venezuela_el_consolidado_valencia_librer_a_de_viejo
Venezuela,South America,single-store used / bookstore signal,Book Garage Mgta,instagram_used_bookstore_signal,live_web_pass196_venezuela_targeted_hardening_2026_05_06,medium,"IslaGuía lists Book Garage Mgta as an Isla de Margarita online bookstore for new and used books with national shipping/contact by Instagram DM. Social/operator storefront signal, not platformized marketplace.",supporting,venezuela_book_garage_mgta
Venezuela,South America,single-store used / bookstore signal,Librería del Lobo — intercambio de libros usados,instagram_exchange_storefront_signal,live_web_pass196_venezuela_targeted_hardening_2026_05_06,medium,IslaGuía lists Librería del Lobo as an Instagram-based used-book exchange / themed-book accessory surface in Isla de Margarita and Guayana. Social/operator exchange layer; no third-party marketplace mechanics verified.,supporting,venezuela_librer_a_del_lobo_intercambio_de_libros_usados
Hong Kong,East Asia,main universe,BookDaddy / bookdaddyhk.com,book_specific_used_books_items_direct_contact_marketplace,pass197_current_web_hong_kong_recon; pass198_current_web_hong_kong_targeted_hardening,high,"Pass198 hardening retained BookDaddy as the strongest Hong Kong strict/main direct-contact recommerce candidate. Current indexed home copy calls it a Hong Kong used books and items marketplace; used-textbook results expose book/category depth; Chinese third-party forum snippet describes it as a free/transparent secondhand-book platform where users buy, price and sell directly; Carousell-level payment/buyer-protection was not verified, so model is direct-contact marketplace rather than checkout-managed marketplace. ISBN note: no ISBN values captured in checked public snippets/renders; detail pages were not bulk-scraped.",primary,hong kong::bookdaddy_bookdaddyhk_com
Hong Kong,East Asia,single-store used booksellers,大世界書店 / Big World Bookstore,single_store_secondhand_textbook_operator,pass197_current_web_hong_kong_recon,high,"Added as high single-store/operator-managed used textbook layer. Public copy says it specializes in secondhand secondary-school textbooks, old-book recycling and buying/selling school textbooks; not an open multi-seller marketplace.",primary,hong kong::大世界書店_big_world_bookstore
Hong Kong,East Asia,single-store used booksellers,檸檬書店 / Lemon Bookstore,single_store_secondhand_textbook_buyback_operator,pass197_current_web_hong_kong_recon,high,"Added as high operator-managed secondhand textbook layer. Current public copy calls it a No.1 secondary secondhand-book/textbook buy-sell platform with listed old-book buyback prices and delivery/pickup options; operator-controlled retail/buyback, not third-party marketplace mechanics.",primary,hong kong::檸檬書店_lemon_bookstore
Hong Kong,East Asia,single-store used booksellers,漢文書店 / Hon Man Bookstore,single_store_secondhand_textbook_operator,pass197_current_web_hong_kong_recon,high,Added as high single-store/operator textbook layer. Public site says Hon Man Bookstore was established in 1998 and buys/sells secondhand secondary-school textbooks; retained below strict-main because inventory appears operator-controlled.,primary,hong kong::漢文書店_hon_man_bookstore
Hong Kong,East Asia,weak-fit core,Don't Throw Me — books marketplace,general_peer_to_peer_swap_sell_donate_marketplace_with_books_category,pass197_current_web_hong_kong_recon,medium-high,"Added as medium-high weak-fit/general reuse marketplace. Public copy exposes a Hong Kong books category and says users can swap goods, buy/sell in the marketplace, register for full engagement, and use credits/donation mechanics. Strong P2P mechanics, but not book-specific enough for strict-main promotion.",primary,hong kong::don_t_throw_me_books_marketplace
Hong Kong,East Asia,annex / social resale,香港二手書買賣區,facebook_group_book_specific_social_resale,pass197_current_web_hong_kong_recon,medium,"Added as medium social book-resale texture. Public group snippet says it is a Hong Kong secondhand-book buy/sell area and shows DSE/secondary textbook selling; Facebook-hosted social resale, not standalone marketplace infrastructure.",primary,hong kong::香港二手書買賣區
Hong Kong,East Asia,annex / social resale,二手教科書/補充練習/圖書買賣區（香港）,facebook_group_textbook_social_resale,pass197_current_web_hong_kong_recon,medium,Added as medium textbook/social resale layer. Public snippet says the group was created as a platform for parents/students to buy and sell textbooks and books; remains Facebook-hosted social infrastructure.,primary,hong kong::二手教科書_補充練習_圖書買賣區_香港
Hong Kong,East Asia,annex / social resale,二手“書” 📖（香港）交換/買賣/免費***只限書籍,facebook_group_book_specific_swap_sell_giveaway,pass197_current_web_hong_kong_recon,medium,"Added as medium books-only social swap/resale layer. Public group copy limits activity to books and allows free giving, exchange and sale; useful book-specific social texture, not independent marketplace mechanics.",primary,hong kong::二手_書_香港_交換_買賣_免費_只限書籍
Hong Kong,East Asia,weak-fit core,Thryft — Hong Kong delivery surface,regional_operator_preloved_bookstore_shipping_to_hong_kong,pass197_current_web_hong_kong_recon,medium-high,Added as medium-high regional spillover/operator layer. Thryft describes itself as Asia’s largest online preloved bookstore and exposes Hong Kong SAR in market/delivery options; not Hong Kong-native and not third-party seller marketplace mechanics.,primary,hong kong::thryft_hong_kong_delivery_surface
Hong Kong,East Asia,weak-fit core,Sparktake / 二手書買賣及閱讀分享平台,historical_book_specific_secondhand_trading_app_trace,pass197_current_web_hong_kong_recon,medium-low,"Added only as historical/app-store trace. App Store copy describes a secondhand-book buy/sell and reading-sharing platform with Hong Kong regional coverage and bookshop upload/direct online purchase functions, but visible update history is old and current activity was not verified. Keep as weak-fit/historical residue, not a current strict promotion.",primary,hong kong::sparktake_二手書買賣及閱讀分享平台
Hong Kong,East Asia,annex / classifieds,Carousell Hong Kong — 教科書 / 二手書 textbook category,horizontal_classifieds_secondhand_textbook_category,pass198_current_web_hong_kong_targeted_hardening,high,"Added/hardened as high annex horizontal-classifieds textbook depth. Carousell Hong Kong exposes 1,000+ secondhand-book/textbook listings and direct seller chat, but remains a broad horizontal resale platform, not book-specific strict-main infrastructure. ISBN note: no ISBN values captured.",primary,hong kong::carousell_hong_kong_教科書_二手書_textbook_category
Hong Kong,East Asia,single-store used booksellers,ReadBooksHK / Read Books HK,online_secondhand_english_bookshop_with_trade_in_consignment,pass198_current_web_hong_kong_targeted_hardening,medium-high,Added as medium-high operator/consignment used-book layer. Green Queen directory describes ReadBooksHK as an online secondhand English bookshop with trade-in store credit and consignment/sell-through-site options. Not promoted: appears owner/operator-mediated rather than open third-party marketplace. ISBN note: no ISBN values captured.,primary,hong kong::readbookshk_read_books_hk
Hong Kong,East Asia,single-store used booksellers,校友書局 / Hau Yau Book Store,single_store_secondhand_book_and_textbook_buyback_shop,pass198_current_web_hong_kong_targeted_hardening,high,"Added as high single-store used-book/textbook layer. Official site and recent Hong Kong listings say Hau Yau Book Store has operated since 2002, buys/recycles secondhand textbooks/reference books and sells old/used books across many categories. Not promoted: single-store/operator buyback and retail surface. ISBN note: no ISBN values captured.",primary,hong kong::校友書局_hau_yau_book_store
Hong Kong,East Asia,annex / social resale,香港二手童書/教材/教具買賣谷,facebook_group_childrens_books_teaching_materials_social_resale,pass198_current_web_hong_kong_targeted_hardening,medium,"Added as medium book-specific social resale layer. Public group copy says it provides a free convenient platform for Hong Kong users to request, purchase and sell secondhand children books, teaching materials and teaching aids. Facebook-hosted social infrastructure only. ISBN note: no ISBN values captured.",primary,hong kong::香港二手童書_教材_教具買賣谷
Hong Kong,East Asia,weak-fit core,易搜書 EasysBook,historical_book_specific_secondhand_books_textbooks_trading_app_trace,pass199_current_web_hong_kong_chinese_language_platform_closure,medium-low,"Added in pass199 closure as historical/currently-unverified book-specific app seam. APKPure copy says users could upload book records, search by grade/publisher, message sellers and confirm handoff, with textbook and general-book categories; HK01/TutorCircle coverage confirms Hong Kong secondhand-textbook/book marketplace positioning. Not promoted because visible app currency/current operational status was not verified. ISBN note: no ISBN values captured.",primary,hong kong::易搜書_easysbook
Hong Kong,East Asia,single-store used booksellers,我的書房 / My Bookroom,single_store_secondhand_bookshop_with_buy_sell_donate_consignment,pass199_current_web_hong_kong_chinese_language_platform_closure,high,"Added in pass199 closure as high single-store secondhand-bookshop/operator surface. Official site says My Bookroom is a used-book shop, supports donation/buy/sell/consignment, and lists DSE textbooks plus English/Chinese books; Facebook/search evidence supports current social presence. Not promoted: operator/single-store mechanics, not open marketplace. ISBN note: no ISBN values captured.",primary,hong kong::我的書房_my_bookroom
Hong Kong,East Asia,single-store used booksellers,貳叄書房 / Jisaam Books,single_store_secondhand_independent_bookshop,pass199_current_web_hong_kong_chinese_language_platform_closure,medium,Added in pass199 closure as medium single-store/independent secondhand-bookstore texture. ELLE HK lists 貳叄書房 in a Hong Kong secondhand-bookstore roundup and describes it as selling secondhand books with arts/music programming. Not promoted: single-store/operator cultural bookstore surface. ISBN note: no ISBN values captured.,primary,hong kong::貳叄書房_jisaam_books
Hong Kong,East Asia,single-store used booksellers,界限書店 / Boundary Bookstore,single_store_secondhand_independent_bookshop,pass199_current_web_hong_kong_chinese_language_platform_closure,medium,Added in pass199 closure as medium single-store secondhand/independent bookstore texture. ELLE HK lists 界限書店 in its Hong Kong secondhand-bookstore roundup and describes a literature-focused independent bookstore and reading/programming surface. Not promoted: no multi-seller marketplace mechanics. ISBN note: no ISBN values captured.,primary,hong kong::界限書店_boundary_bookstore
Hong Kong,East Asia,single-store used booksellers,神話書店 / Mythology Bookstore,single_store_secondhand_independent_bookshop,pass199_current_web_hong_kong_chinese_language_platform_closure,medium,Added in pass199 closure as medium single-store used/independent bookstore texture. ELLE HK describes 神話書店 in Sai Kung as a secondhand bookstore/listed secondhand-bookstore recommendation with history/literature orientation and pop-up/cultural activity. Not promoted: operator/single-store surface. ISBN note: no ISBN values captured.,primary,hong kong::神話書店_mythology_bookstore
Hong Kong,East Asia,single-store used booksellers,九龍舊書店 / Kowloon Old Bookstore,single_store_old_bookshop_buyback_operator,pass199_current_web_hong_kong_chinese_language_platform_closure,medium,"Added in pass199 closure as medium single-store old-bookshop/buyback operator. Public Chinese old-bookshop directory lists 九龍舊書店; 2026 Threads snippet advertises high-price buying of secondhand/old books and a Mong Kok address. Not promoted: single-store/operator buyback surface, not open marketplace. ISBN note: no ISBN values captured.",primary,hong kong::九龍舊書店_kowloon_old_bookstore
Philippines,Southeast Asia,annex / horizontal marketplace,Shopee Philippines — preloved books search,site,pass200_philippines_recon_live_surface,high,"Shopee Philippines exposes a large preloved-books search/category with individual sellers and locations; horizontal marketplace, not book-specific strict-main.",primary,philippines::shopee philippines — preloved books search
Philippines,Southeast Asia,annex / social resale,Facebook SecondHand Books Philippines,site,pass200_philippines_recon_live_surface,medium-high,"Book-specific Facebook group requires sellers to post price list, condition, payment/delivery and location; social resale only.",primary,philippines::facebook secondhand books philippines
Philippines,Southeast Asia,annex / social resale,Facebook Buy And Sell Books Philippines,site,pass200_philippines_recon_live_surface,medium-high,"Book-specific Facebook buy/sell group for readers, buyers, sellers, collectors; social resale only.",primary,philippines::facebook buy and sell books philippines
Philippines,Southeast Asia,single-store used booksellers,Booklat-Aklat Bookshop,site,pass200_philippines_recon_live_surface,medium-high,Shopee seller specializing in second-hand and old-stock books; single seller/operator on horizontal platform.,primary,philippines::booklat-aklat bookshop
Philippines,Southeast Asia,single-store used booksellers,Chapter IX Bookstore,site,pass200_philippines_recon_live_surface,medium-high,Philippines second-hand bookstore with active social surface; store/operator only.,primary,philippines::chapter ix bookstore
Philippines,Southeast Asia,single-store used booksellers,Roel's Bookshop,site,pass200_philippines_recon_live_surface,medium-high,Quezon City/Maginhawa hard-to-find/out-of-print and online shop surface; operator store only.,primary,philippines::roel's bookshop
Philippines,Southeast Asia,single-store used booksellers,Porch Reader Philippines,site,pass200_philippines_recon_live_surface,medium-high,Valenzuela online bookstore offering cheap used and new books; operator store only.,primary,philippines::porch reader philippines
Philippines,Southeast Asia,single-store used booksellers,Bookay-Ukay,site,pass200_philippines_recon_live_surface,medium,Longstanding Quezon City used-book store with online reservation/order evidence; current status requires later check.,primary,philippines::bookay-ukay
Philippines,Southeast Asia,single-store used booksellers,Secondhand Books Philippines,site,pass200_philippines_recon_live_surface,medium,Independent secondhand book seller / social-store layer; not marketplace.,primary,philippines::secondhand books philippines
Philippines,Southeast Asia,operator buyback / consignment,PhilippineBooks.com buyback / sell us your books,site,pass200_philippines_recon_live_surface,medium-high,Operator buyback surface asks users to send spine photos for cash or store credit; not third-party marketplace.,primary,philippines::philippinebooks.com buyback / sell us your books
Philippines,Southeast Asia,annex / social resale,Facebook Books Buy and Sell (PH),site,pass201_philippines_targeted_hardening_controls,medium-high,"Additional book-specific Philippines buy/sell group encountered during hardening; social group only, not standalone marketplace.",primary,philippines::facebook books buy and sell (ph)
Philippines,Southeast Asia,annex / social resale,Facebook Books and E-Books Marketplace Philippines,site,pass201_philippines_targeted_hardening_controls,medium-high,Additional group/marketplace-labeled social surface for new and used books/e-books; Facebook social resale/control lane only.,primary,philippines::facebook books and e-books marketplace philippines
Philippines,Southeast Asia,annex / social resale,Facebook BOOKLOVERS HUB (Buy and Sell PH),site,pass201_philippines_targeted_hardening_controls,medium-high,Additional booklover buy/sell group for brand-new and pre-loved books; social resale only.,primary,philippines::facebook booklovers hub (buy and sell ph)
Egypt,North Africa / Maghreb,annex / classifieds,dubizzle Egypt / OLX — Books,marketplace,pass203_egypt_targeted_hardening,high,Hardened in pass203: current dubizzle used-books query exposes recent Egypt listings with call/chat mechanics and locality; horizontal classifieds only.,supporting,egypt::dubizzle_egypt_olx_books
Egypt,North Africa / Maghreb,annex / classifieds,4swapp Egypt — books,marketplace,pass203_egypt_targeted_hardening,high,"Hardened in pass203: current 4Swapp public category and app-store copy support user-created swap/sell/buy listings, smart matching, and condition/listing detail; it remains a broad horizontal swap/sale platform, not book-specific strict-main.",supporting,egypt::4swapp_egypt_books
Egypt,North Africa / Maghreb,annex / social resale,Facebook Used books Egypt,social_group,web_verified_2026_05_06_pass202_egypt_recon,medium-high,Book-specific Facebook resale group with used-book posts; social lane only.,supporting,egypt::facebook_used_books_egypt
Egypt,North Africa / Maghreb,annex / social resale,Facebook Egypt's Used Books club,social_group,web_verified_2026_05_06_pass202_egypt_recon,medium-high,Book-specific Facebook resale club for selling old/used books; social lane only.,supporting,egypt::facebook_egypt_s_used_books_club
Egypt,North Africa / Maghreb,annex / social resale,Facebook Sell/Borrow used books — Ladies Only Egypt,social_group,web_verified_2026_05_06_pass202_egypt_recon,medium,Borrow/sell used-book Facebook group based in Cairo/Egypt; social lane only.,supporting,egypt::facebook_sell_borrow_used_books_ladies_only_egypt
Egypt,North Africa / Maghreb,annex / social resale,Facebook Marketplace Cairo — children’s books,marketplace,web_verified_2026_05_06_pass202_egypt_recon,medium-high,Facebook Marketplace local category for new/used children’s books in Cairo; horizontal/social marketplace rail only.,supporting,egypt::facebook_marketplace_cairo_children_s_books
Egypt,North Africa / Maghreb,single-store used booksellers,Azbakeya Delivery,site,pass203_egypt_targeted_hardening,high,"Hardened in pass203: current ecommerce/cart/account bookstore surface with Azbakeya used-book-market positioning; operator inventory/delivery, not third-party marketplace.",primary,egypt::azbakeya_delivery
Egypt,North Africa / Maghreb,single-store used booksellers,Azbakeya Online,site,pass203_egypt_targeted_hardening,medium-high,"Hardened as Maadi/Cairo Azbakeya-style online bookstore/social storefront; operator/social store, not marketplace.",primary,egypt::azbakeya_online
Egypt,North Africa / Maghreb,single-store used booksellers,EgyBookstore / متجر كتب مصر,site,web_verified_2026_05_06_pass202_egypt_recon,high,"Arabic ecommerce surface explicitly presenting used/old books in Egypt; operator inventory, not marketplace.",primary,egypt::egybookstore
Egypt,North Africa / Maghreb,single-store used booksellers,Elmaktaba.net — كتب مستعملة,site,web_verified_2026_05_06_pass202_egypt_recon,high,Arabic bookstore collection for used books with condition/pricing notes; operator inventory.,primary,egypt::elmaktaba_net
Egypt,North Africa / Maghreb,single-store used booksellers,Egyptian Book Fair — used and rare collection,site,web_verified_2026_05_06_pass202_egypt_recon,medium-high,Egyptian Book Fair ecommerce collection for used and rare books; operator/retail layer.,primary,egypt::egyptian_book_fair_used_and_rare_collection
Egypt,North Africa / Maghreb,single-store used booksellers,Maadi Used Books,store,pass203_egypt_targeted_hardening,high,Hardened in pass203 with current directory/local-guide evidence: dedicated Maadi used-book shop/exchange surface; single-store/operator only.,primary,egypt::maadi_used_books
Egypt,North Africa / Maghreb,weak-fit core,BookEgypt / Baccah IT used-book plan,historical_trace,pass203_egypt_targeted_hardening,medium,"Pass203 found no stronger current public BookEgypt marketplace surface; retain only as developer/planned trace for buying/selling used books, not verified-current platform.",supporting,egypt::bookegypt_baccah_it_used_book_plan
Egypt,North Africa / Maghreb,single-store used booksellers,BookSpot Egypt Instagram identity,social_profile,web_verified_2026_05_06_pass202_egypt_recon,medium-high,Current social identity states new and used original books; hardens existing The BookSpot used-book row.,primary,egypt::bookspot_egypt_instagram_identity
Egypt,North Africa / Maghreb,single-store used booksellers,Ay7aaga Books / متجر كتب أي حاجة,site,pass203_egypt_targeted_hardening,high,"Arabic ecommerce store presenting thousands of used/new Azbakeya-category books, old/rare used books, cart/checkout, payment and delivery; operator inventory only, not third-party marketplace.",primary,egypt::ay7aaga_books
Egypt,North Africa / Maghreb,single-store used booksellers,Rahaala Bookstore — Alexandria,site,pass203_egypt_targeted_hardening,medium-high,"Alexandria bookstore/social surface specialized in buying and selling used and new books; operator store, not marketplace.",primary,egypt::rahaala_bookstore_alexandria
Egypt,North Africa / Maghreb,annex / social resale,Facebook Soor al-Azbakeya used books group,site,pass203_egypt_targeted_hardening,medium-high,Arabic Facebook group for buying/selling used books tied to Soor al-Azbakeya language; social resale only.,primary,egypt::facebook_soor_al_azbakeya_used_books_group
Egypt,North Africa / Maghreb,offline / fair / literacy layer,MISR Public Library used-book fair,site,pass203_egypt_targeted_hardening,medium-high,Egypt public-library used-book sale/fair layer; valuable exchange/literacy texture but not marketplace.,primary,egypt::misr_public_library_used_book_fair
Romania,CEE/Balkans,annex / horizontal marketplace,Okazii.ro — Cărți / Cărți vechi,site,pass204_romania_recon_surface_rebuild,high,"Romanian horizontal marketplace/auction rail with very deep old-book and bibliofilie categories, seller ratings, delivery guarantee and store/seller mechanics. Strong book resale evidence but broad marketplace, not book-specific strict-main.",primary,romania::okazii_ro_c_r_i_c_r_i_vechi
Romania,CEE/Balkans,annex / classifieds,OLX Romania — Cărți vechi / second hand,site,pass204_romania_recon_surface_rebuild,high,"Romanian horizontal classifieds rail with 1,000+ old/second-hand book ads and contact/locality mechanics. Useful high-volume resale evidence but not book-specific strict-main.",primary,romania::olx_romania_c_r_i_vechi_second_hand
Romania,CEE/Balkans,annex / horizontal marketplace,Vinted Romania — Cărți,site,pass204_romania_recon_surface_rebuild,medium-high,"Romania-facing Vinted books category with individual used/new book listings and platform buyer-protection mechanics; broad recommerce platform, not book-specific.",primary,romania::vinted_romania_c_r_i
Romania,CEE/Balkans,annex / social resale,Facebook Marketplace Romania — Cărți,site,pass204_romania_recon_surface_rebuild,medium-high,Romania-localized Facebook Marketplace books category for new and second-hand books; social/horizontal resale only.,primary,romania::facebook_marketplace_romania_c_r_i
Romania,CEE/Balkans,annex / social resale,Facebook ANTICARIAT — Cărți de vânzare / vând / cumpăr,site,pass204_romania_recon_surface_rebuild,medium-high,"Romanian Facebook group for searching, borrowing, buying, donating, exchanging and selling books, magazines and print materials. Social resale/exchange only.",primary,romania::facebook_anticariat_c_r_i_de_v_nzare_v_nd_cump_r
Romania,CEE/Balkans,single-store used booksellers,Anticariat.net,site,pass204_romania_recon_surface_rebuild,high,"Romanian online anticariat with daily-updated stock and 214,000+ titles in stock; operator catalogue/cart layer, not marketplace.",primary,romania::anticariat_net
Romania,CEE/Balkans,single-store used booksellers,Anticariatonline.ro,site,pass204_romania_recon_surface_rebuild,high,"Romanian online anticariat/bookstore with daily-updated stock and 56,000+ titles; operator used/new book inventory, not third-party marketplace.",primary,romania::anticariatonline_ro
Romania,CEE/Balkans,single-store used booksellers,Trored Anticariat,site,pass204_romania_recon_surface_rebuild,high,Bucharest online anticariat with active product grid/cart and old/used book categories; operator single-store layer.,primary,romania::trored_anticariat
Romania,CEE/Balkans,single-store used booksellers,Anticariat UNU,site,pass204_romania_recon_surface_rebuild,high,"Bucharest anticariat active since 2008 with old-book/product categories and current prices; operator shop, not marketplace.",primary,romania::anticariat_unu
Romania,CEE/Balkans,single-store used booksellers,Anticariat.org,site,pass204_romania_recon_surface_rebuild,high,"Romanian online anticariat/librarie catalog with old/new books, rare/out-of-print titles and language categories; operator inventory only.",primary,romania::anticariat_org
Romania,CEE/Balkans,single-store used booksellers,CumparVandCarti.ro,site,pass204_romania_recon_surface_rebuild,medium-high,"Romanian anticariat buyback/acquisition surface for second-hand collections; operator buyback/intake, not user marketplace.",primary,romania::cumparvandcarti_ro
Romania,CEE/Balkans,single-store used booksellers,Historiarum,site,pass204_romania_recon_surface_rebuild,medium-high,"Cluj-Napoca online anticariat/collectibles shop with old-book and subject categories; operator catalogue, not marketplace.",primary,romania::historiarum
Romania,CEE/Balkans,annex / classifieds,Publi24 Romania — vând cărți vechi,site,pass204_romania_recon_surface_rebuild,medium-high,Romanian horizontal classifieds rail with used/old-book ads and phone-validated listings; broad classifieds only.,primary,romania::publi24_romania_v_nd_c_r_i_vechi
Romania,CEE/Balkans,single-store used booksellers,Raftul cu BOOKate,site,pass204_romania_recon_surface_rebuild,medium-high,"Romanian second-hand bookshop surface with cart/product listings; operator inventory, not open marketplace.",primary,romania::raftul_cu_bookate
Romania,CEE/Balkans,single-store used booksellers,Anticariat Arhaic,site,pass205_romania_targeted_hardening,medium-high,"Pass205 hardening add: Romanian online anticariat selling old and new books with cart/order, returns and cash-on-delivery signals; operator catalogue/store layer only, not third-party marketplace mechanics. ISBN note: no ISBN values captured from checked search render.",supporting,romania::anticariat_arhaic
Romania,CEE/Balkans,single-store used booksellers,Carti-online.ro / Anticariatul Cărți Online,site,pass205_romania_targeted_hardening,medium-high,"Pass205 hardening add: Romanian online anticariat/catalogue for old/new books, rare/first editions and foreign-language books; operator inventory layer, not an open seller marketplace. ISBN note: no ISBN values captured from checked search render.",supporting,romania::carti_online_ro_anticariatul_c_r_i_online
Romania,CEE/Balkans,single-store used booksellers,Anticariat Online Doamnei,site,pass205_romania_targeted_hardening,medium-high,"Pass205 hardening add: Romanian online anticariat advertising 80,000+ book titles and old/new cheap books; operator catalogue/store layer, not third-party marketplace mechanics. ISBN note: no ISBN values captured from checked search render.",supporting,romania::anticariat_online_doamnei
Indonesia,Southeast Asia,annex / horizontal marketplace,Shopee Indonesia — buku bekas search/category,site,pass206_indonesia_recon_surface_rebuild,high,"Pass206 add: current Shopee Indonesia search exposes many used/preloved/secondhand book listings, seller ratings and platform checkout. Broad horizontal marketplace; not book-specific strict-main.",supporting,indonesia::shopee_indonesia_buku_bekas_search_category
Indonesia,Southeast Asia,annex / horizontal marketplace,OLX Indonesia — buku bekas / buku cetak digital,site,pass206_indonesia_recon_surface_rebuild,high,"Pass206 add: current OLX Indonesia classifieds surface for new/used/preloved printed/digital books, with local seller contact/chat model. Broad classifieds rail; not book-specific strict-main.",supporting,indonesia::olx_indonesia_buku_bekas_buku_cetak_digital
Indonesia,Southeast Asia,annex / horizontal marketplace,Jualo.com Indonesia — used/rare book classifieds,site,pass207_indonesia_targeted_hardening,high,"Pass207 hardening: Jualo exposes book detail pages with seller/location/contact mechanics and some bibliographic metadata including ISBN on individual listings. Held horizontal because Jualo is a broad e-classifieds/e-marketplace, not book-specific.",horizontal_control,indonesia::jualo_com_indonesia_used_rare_book_classifieds
Indonesia,Southeast Asia,annex / horizontal marketplace,Carousell Indonesia — books category,site,pass206_indonesia_recon_surface_rebuild,medium-high,Pass206 add: Carousell Indonesia books category exposes new/used book marketplace/classifieds depth. Broad horizontal marketplace; not book-specific strict-main.,supporting,indonesia::carousell_indonesia_books_category
Indonesia,Southeast Asia,social resale / marketplace control,Facebook Marketplace Indonesia / Jakarta books,site,pass206_indonesia_recon_surface_rebuild,high,"Pass206 add: Facebook Marketplace exposes new and used books around Jakarta/Indonesia. Social/horizontal marketplace layer only, not standalone book-specific platform.",supporting,indonesia::facebook_marketplace_indonesia_jakarta_books
Indonesia,Southeast Asia,social resale / marketplace control,Facebook group — Jual Beli Buku Online (Baru-Bekas),site,pass206_indonesia_recon_surface_rebuild,high,"Pass206 add: Indonesian-language Facebook group explicitly supports members selling, buying and searching for new/used books. Social resale group; not standalone marketplace.",supporting,indonesia::facebook_group_jual_beli_buku_online_baru_bekas
Indonesia,Southeast Asia,weak-fit core,Preloved.co.id — Buku Bekas & Preloved category,site,pass207_indonesia_targeted_hardening,high,"Pass207 hardening: Preloved.co.id has a general secondhand marketplace with books category/subcategories plus public seller upload instructions and integrated payment/shipping claims. Held as weak-fit because the platform remains broad/general/fashion-led, not book-specific strict-main.",candidate_held,indonesia::preloved_co_id_buku_bekas_preloved_category
Indonesia,Southeast Asia,single-store used booksellers,Aksiku Toko Buku Bekas Online,site,pass207_indonesia_targeted_hardening,high,"Pass207 hardening: Aksiku/Pasar Buku exposes operator used-book listings and detail metadata; checked product/listing render includes ISBN example 9797575438. Still operator/WhatsApp-order used-book store, not open marketplace.",operator_isbn_positive,indonesia::aksiku_toko_buku_bekas_online
Indonesia,Southeast Asia,single-store used booksellers,Bekas Bookstore,site,pass207_indonesia_targeted_hardening,high,"Pass207 hardening: current Bekas Bookstore presents used, antique and rare-book/operator cart purchase flow. No open third-party seller marketplace mechanics verified.",operator_control,indonesia::bekas_bookstore
Indonesia,Southeast Asia,operator consignment / used-book intake,TIKII Bookstore,site,pass206_indonesia_recon_surface_rebuild,medium,Pass206 add: Instagram-visible Indonesian preloved book consignment store claiming buy/sell/preloved-book consignment identity. Operator/consignment layer; seller-flow platform mechanics not verified.,supporting,indonesia::tikii_bookstore
Indonesia,Southeast Asia,main universe,Bukubekas.id,site,pass207_indonesia_targeted_hardening,medium-high,"Pass207 add/promotion: current Indonesia book-specific secondhand marketplace surface. Public homepage says buy and sell secondhand books, connect directly with sellers, browse thousands of books across Indonesia, and exposes Browse Books, My Dashboard, Sell a Book, All Listings, verified sellers, direct communication and categories School/University/Novels/Comics & Manga. Promoted as strict/main candidate, with caveat that managed checkout/payment was not verified.",strict_candidate,indonesia::bukubekas_id
Indonesia,Southeast Asia,single-store used booksellers,Bukubekasku,site,pass207_indonesia_targeted_hardening,medium-high,"Pass207 add: Indonesian used-book ecommerce/operator surface presenting itself as a trusted online place for used books, novels, comics and textbooks with shipping across Indonesia. No public third-party seller marketplace mechanics verified.",operator_control,indonesia::bukubekasku
Indonesia,Southeast Asia,single-store used / bookstore signal,Leksika Bookstore — Buku Bekas category,site,pass207_indonesia_targeted_hardening,medium-high,"Pass207 add: Leksika Bookstore exposes a BUKU BEKAS used-books product category inside an operator bookstore/shop surface. Store/operator category only, not marketplace.",operator_control,indonesia::leksika_bookstore_buku_bekas_category
Indonesia,Southeast Asia,offline / donation / literacy layer,Buku Bekas Gratis ID,site,pass207_indonesia_targeted_hardening,medium-high,"Pass207 add: platform intermediating donors and recipients of free used-book donations online/offline; recipient pays shipping. Literacy/donation/exchange layer, not commercial strict-main marketplace.",literacy_donation_control,indonesia::buku_bekas_gratis_id
Malaysia,Southeast Asia,annex / horizontal marketplace,Shopee Malaysia — secondhand books search,horizontal_marketplace_search,pass208_malaysia_recon_surface_rebuild,high,"Pass208 add: Shopee Malaysia exposes deep secondhand/preloved book listings, COD/shipping/shop mechanics, and local seller locations. Held as horizontal marketplace/control only, not book-specific strict-main.",horizontal_control,malaysia::shopee_malaysia_secondhand_books_search
Malaysia,Southeast Asia,single-store used bookstore signal,Bookaholics Hub — Subang Jaya secondhand bookshop,operator_secondhand_bookshop_searchable_catalogue,pass208_malaysia_recon_surface_rebuild,high,"Pass208 add: Subang Jaya secondhand bookshop with entire catalogue searchable online; about page says users can browse by title, author or ISBN and order for delivery. Operator/store catalogue only; positive ISBN-exposure capability.",operator_isbn_positive,malaysia::bookaholics_hub_subang_jaya_secondhand_bookshop
Malaysia,Southeast Asia,single-store used bookstore signal,BooKu / BookuMY,operator_secondhand_bookstore_donate_sell,pass208_malaysia_recon_surface_rebuild,medium,"Pass208 add: Malaysia secondhand bookstore/donate-sell surface. Direct site render was limited/protected, but public search/social traces support a secondhand bookstore and donate/sell workflow. Treat as operator/current-status hold; not strict-main.",operator_current_status_hold,malaysia::booku_bookumy
Malaysia,Southeast Asia,annex / social resale,KLBAC Book Marketplace,facebook_group_marketplace,pass208_malaysia_recon_surface_rebuild,medium-high,"Pass208 add: Facebook group described as an extension of the KL Book Appreciation Club for bookworms to buy, sell and exchange books. Social resale/forum layer only; not independent platform infrastructure.",social_resale_control,malaysia::klbac_book_marketplace
Malaysia,Southeast Asia,offline / fair / literacy layer,KL Book Exchange,offline_book_exchange,pass208_malaysia_recon_surface_rebuild,medium-high,"Pass208 add: KL Book Exchange / Taman Desa event surface supports exchange, buy and donate used books in an offline recurring community event. Offline/community layer, not marketplace.",exchange_donation_control,malaysia::kl_book_exchange
Malaysia,Southeast Asia,single-store used bookstore signal,The Sleepy Cat Bookshop,instagram_preloved_bookseller,pass208_malaysia_recon_surface_rebuild,medium,Pass208 add: Malaysia-facing Instagram/Facebook preloved-books seller with nationwide shipping and DM/WhatsApp ordering. Social/operator seller only; no open marketplace mechanics.,operator_social_seller,malaysia::the_sleepy_cat_bookshop
Malaysia,Southeast Asia,single-store bookstore layer,Buku-buku Effi,operator_remainder_legacy_used_bookstore,pass208_malaysia_recon_surface_rebuild,medium-high,"Pass208 add: Malaysian online bookstore with legacy/high-quality used-book traces, but its own about page says it no longer sells used books and now sells new old-stock/remainder-like books. Book-commerce context/legacy used signal only.",remainder_legacy_used_control,malaysia::buku_buku_effi
Malaysia,Southeast Asia,annex / social resale,Chaplang Store / Chaplang Books,facebook_social_bookseller,pass208_malaysia_recon_surface_rebuild,medium,Pass208 add: Malaysian social bookseller/store trace with secondhand/conditioned book sale posts and community recommendations. Social/operator seller lane only; no independent marketplace mechanics.,social_operator_seller,malaysia::chaplang_store_chaplang_books
Malaysia,Southeast Asia,annex / social resale,SPM/IGCSE/O-Level Books Sales Group — Peninsular Malaysia,facebook_group_textbook_resale,pass209_malaysia_targeted_hardening,medium,"Pass209 add: Malaysian/Peninsular Malaysia textbook-focused social resale group surfaced through current Malaysia hardening; supports textbook/student social resale texture only, not standalone platform infrastructure.",social_textbook_resale_control,malaysia::spm_igcse_o_level_books_sales_group_peninsular_malaysia
Ukraine,Eastern Europe,main universe,BOOKMARKET.IN.UA,book_specific_multiseller_direct_contact_marketplace,live_web_pass210_ukraine_recon,high,"Book-specific Ukrainian/Russian-language bukinist marketplace/directory: site says it does not itself sell or buy books; companies, publishers, bookstores and private persons list books, and users register to place sale ads. Direct seller contact model; strict/main as book-specific third-party listing surface.",pass210 recon row,ukraine::bookmarket_in_ua_multiseller_bukinist_marketplace
Ukraine,Eastern Europe,annex / horizontal auction,NewAuction.org — books / bukinistika categories,horizontal_internet_auction_with_book_categories,live_web_pass210_ukraine_recon,medium-high,"Ukrainian internet auction says users can buy and sell everything; included as horizontal auction control for book/bukinistika categories, not book-specific strict-main.",pass210 recon row,ukraine::newauction_books_bukinistika_horizontal_auction
Ukraine,Eastern Europe,annex / classifieds,Ogolosha.ua — books and magazines classifieds,horizontal_classifieds_books_magazines_category,live_web_pass210_ukraine_recon,medium-high,"Ukrainian classifieds surface exposes books/journals listings with used-book language, localities, dates and some ISBN-bearing examples. Horizontal classifieds control only.",pass210 recon row,ukraine::ogolosha_books_magazines_classifieds
Ukraine,Eastern Europe,annex / classifieds,AvizInfo Ukraine — Bukinist classifieds,horizontal_classifieds_bukinist_category_historical_current_mixed,live_web_pass210_ukraine_recon,medium,"AvizInfo exposes a Ukraine Bukinist buy/sell classified category and used-book examples, but visible examples include older dates; added as low/medium classifieds control, not promotion.",pass210 recon row,ukraine::avizinfo_bukinist_classifieds
Ukraine,Eastern Europe,single-store used / bookstore signal,Buksukar.com.ua / Буксукар,single_store_bukinist_used_bookseller_with_isbn_detail_pages,live_web_pass210_ukraine_recon,high,Ukrainian used/bukinist online store detail page exposes used condition and ISBN metadata; operator/store lane only.,pass210 recon row,ukraine::buksukar_used_bookseller_isbn_positive
Ukraine,Eastern Europe,single-store used / bookstore signal,BooksSecondLife.com.ua,online_bookstore_with_isbn_ean_detail_pages,live_web_pass210_ukraine_recon,medium-high,"Ukrainian online book surface exposes detailed ISBN/EAN metadata on book detail pages; added as ISBN-positive bookstore metadata/control surface, not used-marketplace promotion.",pass210 recon row,ukraine::bookssecondlife_isbn_metadata_control
Ukraine,Eastern Europe,offline / fair / literacy layer,ALPACA / Ranok Russian-book exchange-discount program,operator_book_exchange_recycling_discount_program,live_web_pass210_ukraine_recon,medium-high,Kyiv ALPACA/Ranok campaign accepts Russian-language books for recycling/exchange discounts on Ukrainian-language books. Important current recommerce/recycling texture; not commercial third-party marketplace.,pass210 recon row,ukraine::alpaca_ranok_exchange_recycling_discount_program
Ukraine,Eastern Europe,annex / horizontal auction,UNC.UA — Bukinistika books and magazines auction category,collectibles_auction_with_large_bukinistika_category,live_web_pass211_ukraine_targeted_hardening,high,"Pass211 add: UNC.UA exposes a collectibles auction with Bukinistika/books-and-magazines category, seller login/registration, and very large book/journal lot counts; retained as horizontal/collectibles auction control, not book-specific strict-main.",horizontal_auction_control,ukraine::unc_ua_bukinistika_collectibles_auction
Ukraine,Eastern Europe,single-store used / bookstore signal,"Stara.com.ua — online shop of old books, Ivano-Frankivsk",single_store_bukinist_used_bookseller,live_web_pass211_ukraine_targeted_hardening,high,"Pass211 add: Stara.com.ua self-describes as an online shop of old/bukinist, antique, rare and interesting books, with in-stock/order/shipping assurances; operator/store only.",operator_bukinist_store_control,ukraine::stara_com_ua_old_books_operator_store
Ukraine,Eastern Europe,single-store used / bookstore signal,Букініст Модниця / Modnitsa — Chernihiv old-books shop,single_store_bukinist_used_bookseller,live_web_pass211_ukraine_targeted_hardening,medium-high,"Pass211 add: Modnitsa describes a bukinist/old-books shop with used literature, old books, encyclopedias, poetry collections and postcards, plus detail pages; operator/store only.",operator_bukinist_store_control,ukraine::modnitsa_bukinist_chernihiv_old_books_store
Russia,Eastern Europe / Eurasia,main universe,Alib.ru,book_specific_multiseller_bukinist_marketplace,live_web_pass212_russia_recon,high,Book-specific Russian bukinist marketplace. Public pages describe Alib as a meeting place for buyers and sellers of any books; registered sellers sell books and seller rules exist. Strict/main as book-specific multiseller used/old/rare book rail; payment/checkout details require later hardening.,pass212 recon row,russia::alib_ru_bukinist_multiseller_marketplace
Russia,Eastern Europe / Eurasia,main universe,LibeX / Либекс,book_specific_multiseller_book_marketplace,live_web_pass212_russia_recon,high,Book-specific Russian trading platform where users can buy or sell books; public description says many sellers and not just a bookstore. Strict/main as book-specific multiseller marketplace; current checkout/payment mechanics need pass213 hardening.,pass212 recon row,russia::libex_book_marketplace
Russia,Eastern Europe / Eurasia,main universe,RusBuk / Русбук,book_specific_multiseller_bukinist_trading_platform,live_web_pass212_russia_recon,high,"Book-specific Russian bukinist trading platform. Help page says many bukinists from different Russian cities sell their goods on the platform; public listings show seller profiles, seller books, questions, payment and delivery terms. Strict/main.",pass212 recon row,russia::rusbuk_bukinist_trading_platform
Russia,Eastern Europe / Eurasia,annex / auction marketplace control,Meshok.net — books / bukinistika,broad_auction_marketplace_books_category,live_web_pass212_russia_recon,high,"Large broad auction/marketplace with substantial book and bukinistika listings, seller profiles, ratings and listing tools. Held outside strict/main because platform is not book-specific.",pass212 recon row,russia::meshok_books_bukinistika_auction_control
Russia,Eastern Europe / Eurasia,annex / auction marketplace control,"Auction.ru — Книги, Букинистика",broad_collectibles_auction_books_category,live_web_pass212_russia_recon,high,"Broad Russian collectibles/auction marketplace with explicit Books/Bukinistika category and seller/trading infrastructure. Held as horizontal/auction control, not book-specific strict/main.",pass212 recon row,russia::auction_ru_books_bukinistika_control
Russia,Eastern Europe / Eurasia,annex / horizontal marketplace,Ozon — букинистические книги,broad_ecommerce_marketplace_bukinist_books_category,live_web_pass212_russia_recon,medium-high,Major broad marketplace/ecommerce rail with bukinist/used-book categories and seller infrastructure. Important control; not strict/main because it is not book-specific and mixes new/retail marketplace flows.,pass212 recon row,russia::ozon_bukinist_books_horizontal_marketplace_control
Russia,Eastern Europe / Eurasia,annex / classifieds,Avito Russia — books classifieds,broad_classifieds_books_category,live_web_pass212_russia_recon,medium-high,Russia-wide classifieds/control layer for used books. Third-party guide identifies Avito as a common way to sell books across Russia with delivery expansion; direct listing fetch not relied on. Horizontal classifieds only.,pass212 recon row,russia::avito_books_classifieds_control
Russia,Eastern Europe / Eurasia,annex / classifieds,Юла / Youla — books listings,broad_classifieds_books_category,live_web_pass212_russia_recon,medium-high,Broad Russian classifieds layer with books/magazines listings and private ad mechanics. Not book-specific; held as horizontal/classifieds control.,pass212 recon row,russia::youla_books_classifieds_control
Russia,Eastern Europe / Eurasia,weak-fit core,FindBook.ru,book_search_metasearch_aggregator,live_web_pass212_russia_recon,medium-high,"Specialized Russian book search/comparison system across Russian online bookstores, including bukinist sources. Useful discovery/aggregator rail but not itself a seller marketplace; weak-fit/metasearch.",pass212 recon row,russia::findbook_ru_book_metasearch
Russia,Eastern Europe / Eurasia,single-store used booksellers,Litamarket,operator_bukinist_store,live_web_pass212_russia_recon,medium-high,"Operator bukinist/rare/antique book store with very large inventory and delivery. Store/operator only, not open third-party marketplace.",pass212 recon row,russia::litamarket_operator_bukinist_store
Russia,Eastern Europe / Eurasia,single-store used booksellers,BukinistKniga.ru,operator_bukinist_store,live_web_pass212_russia_recon,medium-high,"Operator online store for old, used and rare books with catalogue and Russia delivery. Not marketplace.",pass212 recon row,russia::bukinistkniga_operator_store
Russia,Eastern Europe / Eurasia,single-store used booksellers,КнигаЛавка / KnigaLavka,operator_bukinist_store,live_web_pass212_russia_recon,medium-high,"St. Petersburg operator bukinist bookstore with substantial stock and some catalogue exposure through Alib; single-store used-book layer, not standalone marketplace.",pass212 recon row,russia::knigalavka_spb_operator_store
Russia,Eastern Europe / Eurasia,single-store used booksellers,Старый Ростов / Stary Rostov,operator_bukinist_store_buyback,live_web_pass213_russia_hardening,medium-high,"Rostov operator bukinist/antiquarian shop: current site says users can purchase valuable old books and sell their own; operator buyback/acquisition, not open marketplace mechanics.",pass213 hardening row,russia::stary_rostov_operator_bukinist_buyback
Russia,Eastern Europe / Eurasia,single-store used booksellers,Академия / Academics.ru,operator_bukinist_store,live_web_pass213_russia_hardening,medium-high,"St. Petersburg operator bukinist bookstore; current site describes букинистический магазин with past/newer editions, bibliographic rarities, foreign-language books, journals and postcards.",pass213 hardening row,russia::academics_ru_operator_bukinist_store
Russia,Eastern Europe / Eurasia,single-store used booksellers,Книга Плюс / KnigaPlus.ru,operator_bukinist_antiquarian_store_buyback,live_web_pass214_russia_regional_expansion,medium-high,"St. Petersburg operator antiquarian/bukinist online shop selling used, old, rare and new books; site exposes sell-your-books prompt and delivery. Added as operator/buyback control, not open marketplace.",pass214 regional/platform expansion row,russia::knigaplus_ru_operator_bukinist_buyback
Russia,Eastern Europe / Eurasia,single-store used booksellers,Books-Life.ru — букинистика,operator_bukinist_ecommerce_isbn_positive,live_web_pass214_russia_regional_expansion,medium-high,"Operator ecommerce surface for bukinist/vintage books; product cards expose ISBN fields and condition/stock metadata. Added as ISBN-positive operator surface, not strict-main.",pass214 regional/platform expansion row,russia::books_life_operator_bukinist_isbn_positive
Russia,Eastern Europe / Eurasia,single-store used booksellers,Slovobooks.ru — vintage/bukinist books,operator_bukinist_vintage_bookseller,live_web_pass214_russia_regional_expansion,medium-high,"Operator online bookstore with vintage/bukinist condition categories and unique-copy language. Added as operator store layer, not open seller marketplace.",pass214 regional/platform expansion row,russia::slovobooks_vintage_bukinist_operator
Russia,Eastern Europe / Eurasia,single-store used booksellers,KnigAnt / КнигАнт,operator_antiquarian_bukinist_store,live_web_pass214_russia_regional_expansion,medium-high,"Antiquarian/bukinist online shop with catalogue/product pages and delivery; regional/rare-book operator control, not open third-party marketplace.",pass214 regional/platform expansion row,russia::knigant_operator_antiquarian_bukinist
Russia,Eastern Europe / Eurasia,annex / horizontal marketplace,Yandex Market — books / bukinistika seller rail,broad_horizontal_marketplace_bukinistika_seller_control,live_web_pass214_russia_regional_expansion,medium-high,"Broad marketplace seller rail: Yandex Market partner guidance says sellers can sell books including bukinistika. Added as horizontal control, not book-specific strict-main.",pass214 regional/platform expansion row,russia::yandex_market_books_bukinistika_horizontal_control
Russia,Eastern Europe / Eurasia,main universe,Books.ru — user book selling / Продаю,book_specific_multiseller_user_selling_marketplace,live_web_pass215_russia_social_booksharing_saturation,high,"Book-specific Russian online bookstore/platform with public user-selling flow: users can sell any quantity of books, use barcode/Telegram-bot listing, add books already in the database or their own old/antique/home-library books, set price/condition and role of Books.ru in the deal. Promoted strict/main with retailer-platform caveat.",pass215 social/booksharing/platform saturation row,russia::books_ru_user_selling_marketplace
Russia,Eastern Europe / Eurasia,main universe,МоиКниги / Moiknigi.com,book_specific_p2p_sell_exchange_gift_platform,live_web_pass215_russia_social_booksharing_saturation,high,"Book-specific P2P recommerce/exchange/gift service with recent sales in 2026, user listings, prices, condition, city, sale/exchange/gift statuses and ISBN/detail exposure. Promoted strict/main.",pass215 social/booksharing/platform saturation row,russia::moiknigi_p2p_sell_exchange_gift
Russia,Eastern Europe / Eurasia,main universe,Букшеринг / Booksharing.app,book_specific_p2p_managed_payment_sharing_marketplace,live_web_pass215_russia_social_booksharing_saturation,high,"Book-specific P2P booksharing/resale platform: users add books, buyers choose by price/location/condition/owner, platform reserves card payment and pays seller after handoff. Promoted strict/main.",pass215 social/booksharing/platform saturation row,russia::booksharing_app_p2p_managed_payment
Russia,Eastern Europe / Eurasia,main universe,LiveLib Книгообмен / Bookswap,book_specific_social_bookswap_sell_exchange_gift_platform,live_web_pass215_russia_social_booksharing_saturation,medium-high,"Book-specific section of LiveLib for selling, swapping, gifting or finding paper books, with large proposal count. Promoted strict/main as book-specific P2P/social recommerce layer, with social-network-section caveat.",pass215 social/booksharing/platform saturation row,russia::livelib_bookswap_sell_exchange_gift
Russia,Eastern Europe / Eurasia,offline / fair / literacy layer,Ballycumber / BookPost — Russian bookcrossing by mail,bookcrossing_bookpost_exchange_literacy_layer,live_web_pass215_russia_social_booksharing_saturation,medium-high,"Russian bookcrossing/bookpost exchange-by-mail layer; important social exchange and circular-book culture evidence, but noncommercial/literacy and not marketplace infrastructure.",pass215 social/booksharing/platform saturation row,russia::ballycumber_bookpost_bookcrossing
Russia,Eastern Europe / Eurasia,offline / fair / literacy layer,Bookcrossing.ru — official Russian bookcrossing site,bookcrossing_literacy_tracking_layer,live_web_pass215_russia_social_booksharing_saturation,medium,"Official Russian bookcrossing site / книговорот social tracking layer. Added as literacy/circularity control, not commercial marketplace.",pass215 social/booksharing/platform saturation row,russia::bookcrossing_ru_literacy_tracking
Russia,Eastern Europe / Eurasia,single-store used booksellers,Bukinist.com,operator_bukinist_media_books_store_isbn_positive,live_web_pass215_russia_social_booksharing_saturation,medium-high,"Operator ecommerce store for books, music and films with dated current catalogue pages and ISBN exposure in book categories. Not open third-party marketplace.",pass215 social/booksharing/platform saturation row,russia::bukinist_com_operator_media_books_isbn
Russia,Eastern Europe / Eurasia,social resale / group layer,Книжный магазин Букинист — Telegram/VK regional store rail,operator_social_channel_bukinist_store,live_web_pass215_russia_social_booksharing_saturation,medium,"Telegram/VK-linked regional bukinist shop channel showing daily intake and shop inventory updates; useful social/operator boundary row, not open platform marketplace.",pass215 social/booksharing/platform saturation row,russia::bukinist34_telegram_vk_store_social
Russia,Eastern Europe / Eurasia,main universe,Ofeni.ru / Офени,book_specific_p2p_used_book_marketplace,live_web_pass216_russia_regional_saturation_cleanup,high,"Book-specific Russian used-book marketplace. Public copy says each user can sell books and buy used books from other users; user profile pages expose book counts in sale, and add-book rules support user listing. Promoted strict/main with direct-contact/P2P caveat; managed checkout not verified.",pass216 regional saturation/cleanup row,russia::ofeni_ru_p2p_used_book_marketplace
Russia,Eastern Europe / Eurasia,single-store used booksellers,Antkniga.ru / Антикварно-букинистический магазин СПб,operator_bukinist_antiquarian_buyback_spb,live_web_pass216_russia_regional_saturation_cleanup,medium-high,"St. Petersburg antiquarian/bukinist operator shop with buyback, online evaluation and house-call pickup language. Strong regional operator/buyback control; not open third-party marketplace.",pass216 regional saturation/cleanup row,russia::antkniga_spb_operator_buyback
Russia,Eastern Europe / Eurasia,single-store used booksellers,Books-Magazin.ru — скупка книг Москва,operator_bukinist_buyback_moscow,live_web_pass216_russia_regional_saturation_cleanup,medium-high,"Moscow/Moscow-region bukinist buyback operator offering home-library purchase, evaluation, immediate payment and pickup. Regional acquisition/operator layer, not marketplace.",pass216 regional saturation/cleanup row,russia::books_magazin_moscow_buyback_operator
Russia,Eastern Europe / Eurasia,single-store used booksellers,Oldbooks.ru / Старая книга,operator_antiquarian_bukinist_store_moscow,live_web_pass216_russia_regional_saturation_cleanup,medium-high,"Moscow antiquarian/gift/old-book operator catalogue with subject categories and contact/order surface. Added as regional operator store control, not open seller marketplace.",pass216 regional saturation/cleanup row,russia::oldbooks_ru_operator_antiquarian_store
Russia,Eastern Europe / Eurasia,single-store used booksellers,КупимКниги.рф — купим книги,operator_bukinist_buyback_regional,live_web_pass216_russia_regional_saturation_cleanup,medium,"Russian buyback/operator surface for books, journals and newspapers with request form and old-item purchase language. Added as operator/acquisition control; no marketplace mechanics.",pass216 regional saturation/cleanup row,russia::kupimknigi_rf_buyback_operator
Russia,Eastern Europe / Eurasia,offline/literacy bookcrossing layer,RE:BOOKS / shop-re-books.ru,operator_circularity_resale_books_project,live_web_pass217_russia_final_saturation,medium-high,Operator circularity/resale surface: project collects and sorts read books; some are sold via shop/Ozon/Wildberries and proceeds support rural libraries. Not open third-party marketplace.,offline/literacy bookcrossing layer,russia::re:books_/_shop-re-books.ru
Russia,Eastern Europe / Eurasia,social resale/group layer,ДаруДар — книги и журналы gift listings,general_gifting_platform_books_category,live_web_pass217_russia_final_saturation,medium,General gifting/free-goods service with books/gifts listings in Russian cities. Captured as book-circularity/social/free-exchange control only; not commercial strict/main and not book-specific.,social resale/group layer,russia::дарудар_—_книги_и_журналы_gift_listings
Russia,Eastern Europe / Eurasia,annex / classifieds,Барахла.НЕТ — books on paper in Russia,broad_classifieds_books_category,live_web_pass217_russia_final_saturation,medium-high,"Broad Russia classifieds board with dedicated books-on-paper category, new/used books, private/commercial ads and seller contacts. Horizontal classifieds only; not book-specific strict/main.",annex / classifieds,russia::барахла.нет_—_books_on_paper_in_russia
Russia,Eastern Europe / Eurasia,annex / classifieds,FarPost — books / used books classifieds,regional_broad_classifieds_books_category,live_web_pass217_russia_final_saturation,medium,"Broad Russian regional classifieds layer with books/music/video categories and used-book filters/examples. Valuable regional control, but horizontal classifieds only.",annex / classifieds,russia::farpost_—_books_/_used_books_classifieds
Uzbekistan,Central Asia,main universe,Asaxiy,site,pass218_uzbekistan_2026-07-12,high,Major Uzbekistan e-commerce platform with a dedicated book section (books.asaxiy.uz). Recovered from frontier shorthand. Web-verified as active with national delivery and physical stores in Tashkent. See also Asaxiy Books entry for book-specific sub-platform.,primary,uzbekistan::asaxiy
Uzbekistan,Central Asia,main universe,Kitabu — Uzbekistan book sharing / sell-give-exchange app,book_specific_exchange_marketplace_app,runtime_gap_bridge_web_2026_04_26_pass90; runtime_gap_bridge_web_2026_04_26_pass91_uzbekistan_kitabu_hardening,high,"Google Play says Kitabu helps users share books with other members and that users can sell, give for free, or exchange books; Uzbekistan developer metadata. This clears strict-candidate book-specific recommerce/exchange behavior. Pass91 hardening added official about-page, AppBrain recent-download/current-version, and APKPure package/version evidence; keep strict-main high but still requires public listing/account-flow visibility.",primary,uzbekistan::kitabu
Uzbekistan,Central Asia,weak-fit core,Kitob — Uzbekistan book sale/rental/exchange startup,book_exchange_startup_provisional,runtime_gap_bridge_web_2026_04_26_pass90; runtime_gap_bridge_web_2026_04_26_pass92_kitob_product_recovery_dedupe,medium-low,"StartupBase describes Kytab/Kitob as a Uzbekistan platform for book sale, rental, and exchange and points to kytab.uz, but pass92 recovered current kytab.uz and org.alilm.kitab surfaces as e-library/author-distribution rather than live used-book marketplace/account-flow evidence. Keep weak-fit provisional, medium-low, dedupe-sensitive against Kytab/Kytab.uz; no strict-main promotion.",primary,uzbekistan::kitob
Uzbekistan,Central Asia,annex / classifieds,OLX.uz — Books / Kitoblar-jurnallar,site,runtime_gap_bridge_web_2026_04_25_caucasus_central_asia_hardening_sprint,high,"Uzbekistan horizontal classifieds with searchable books listings, including used English/self-study books and other private listings. Annex/classifieds only.",primary,uzbekistan::olx_uz
Uzbekistan,Central Asia,single-store used booksellers,Second Hand Books Tashkent,social_store,runtime_gap_bridge_web_2026_04_25_caucasus_central_asia_hardening_sprint,low,Search-visible Tashkent second-hand bookstore/social surface; low-confidence lead retained for future verification.,primary,uzbekistan::second_hand_books_tashkent
Uzbekistan,Central Asia,offline / fair / literacy layer,Tashkent Book Market — Buyuk Turon Street,market,runtime_gap_bridge_web_2026_04_25_caucasus_central_asia_hardening_sprint,medium-high,Fixed Tashkent book-market/bookstore surface with user reviews describing a Soviet-smelling old-book market where sellers can locate many books; offline used/context layer.,primary,uzbekistan::tashkent_book_market
Uzbekistan,Central Asia,offline / fair / literacy layer,Tashkent State University of Economics bookstore — second-hand books,institution,runtime_gap_bridge_web_2026_04_25_caucasus_central_asia_hardening_sprint,medium,"University bookstore says it offers second-hand books at reduced prices; institutional used-book access point, not marketplace.",primary,uzbekistan::tashkent_state_university_of_economics_bookstore
Uzbekistan,Central Asia,weak-fit core,Reads.uz — Tashkent online bookstore,site,pass218_uzbekistan_2026-07-12,medium-high,"Online bookstore based in Tashkent offering fiction, non-fiction, classical and contemporary prose, and educational materials with delivery across Uzbekistan. Described as a dedicated book retail site with search/catalog and delivery mechanics. ISBN note: not verified in this pass.",primary,uzbekistan::reads_uz
Uzbekistan,Central Asia,weak-fit core,Book.uz — Uzbekistan large-format bookstore,site,pass218_uzbekistan_2026-07-12,medium-high,"One of the largest bookstores in Uzbekistan with fiction, educational materials, scientific publications and children's books; Uzbek-language catalog; physical location in Tashkent (Chilanzar). Has website and mobile app. ISBN note: not verified in this pass.",primary,uzbekistan::book_uz
Uzbekistan,Central Asia,weak-fit core,Hilol Nashr / Kitoblar Dunyosi,site,pass218_uzbekistan_2026-07-12,medium-high,"Major Uzbekistan publisher and online retailer specialising in religious, educational and spiritual literature. Operates as both publisher and bookstore. Also accessible via kitoblardunyosi.uz. Hilol eBook app available on Android. ISBN note: not verified in this pass.",primary,uzbekistan::hilol_nashr___kitoblar_dunyosi
Uzbekistan,Central Asia,annex / classifieds,Uzum Market (uzum.uz) — books category,site,pass218_uzbekistan_2026-07-12,high,Leading Uzbekistan online marketplace (formerly umarket.uz) offering books among many categories. Fast 1-day delivery across Uzbekistan with network of pickup points. Books listed alongside electronics and clothing; annex/horizontal category layer only. ISBN note: not verified in this pass.,primary,uzbekistan::uzum_market_(uzum_uz)
Uzbekistan,Central Asia,annex / classifieds,Wildberries Uzbekistan — books category,site,pass218_uzbekistan_2026-07-12,medium-high,International marketplace operating in Uzbekistan with books category including Uzbek-language titles from local publishers such as Hilol Nashr. Uses pickup point network. Annex/horizontal layer only; not a dedicated book marketplace. ISBN note: not verified in this pass.,primary,uzbekistan::wildberries_uzbekistan
Uzbekistan,Central Asia,main universe,Asaxiy Books — dedicated book platform,site,pass218_uzbekistan_2026-07-12,high,"Dedicated book sub-platform under Asaxiy.uz (Uzbekistan's major e-commerce platform). Offers fiction, educational, children's and professional literature in multiple formats (print, e-book, audiobook) with national delivery and physical stores in Tashkent. Strong main/strict candidate. ISBN note: ISBN display not verified in this pass.",primary,uzbekistan::asaxiy_books
Uzbekistan,Central Asia,weak-fit core,AcademyofSciencesofUzbekistan,site,pass220_backlog_triage_2026-07-12,medium-high,Academy of Sciences of Uzbekistan publications. Added from backlog triage.,primary,uzbekistan::academyofsciencesofuzbekistan
Uzbekistan,Central Asia,weak-fit core,Kitobxon.com — e-library and online bookstore,site,pass221_uzbekistan_2026-07-19,medium-high,"Online platform in Uzbekistan functioning as both an e-library and a bookstore. Offers e-books, audiobooks, and paper books with delivery. Established in 2014. No peer-to-peer used book marketplace verified. ISBN note: not verified in this pass.",primary,uzbekistan::kitobxon_com
Uzbekistan,Central Asia,offline / fair / literacy layer,Mehr Kutubxonasi,literacy_distribution,pass221_uzbekistan_2026-07-19,high,Volunteer-run free public library and book-sharing project in Tashkent. Users borrow books for free. Active website and Telegram bot (@mkitobot).,primary,uzbekistan::mehr_kutubxonasi
Cameroon,Central Africa / West-Central Africa,weak-fit core,"Afrosmartshop Cameroon — Books, Movies & Music",horizontal_marketplace_books_category,runtime_gap_bridge_web_2026_05_02_pass126_cameroon_current_status_hardening,medium,"General Cameroon marketplace with books/media category and seller/buyer, logistics and payment-service language; book category is horizontal/general-marketplace spillover, not book-dominant used/recommerce main universe.",primary,cameroon::afrosmartshop_cameroon
Cameroon,Central Africa / West-Central Africa,single-store bookstore layer,Book Bank / Bookbank.00237 Douala,social_bookstore,runtime_gap_bridge_web_2026_05_02_pass126_cameroon_current_status_hardening,medium,Douala social bookstore / BookBank237 current social surface with nationwide shipping language and book-sales posts. Single-store/social commerce only; no open used-book marketplace mechanics.,primary,cameroon::book_bank___bookbank_00237_douala
Cameroon,Central Africa / West-Central Africa,weak-fit core,Bourse du Livre numérique (historical),historical_book_exchange_platform,runtime_gap_bridge_web_2026_04_25_pass88 | runtime_gap_bridge_web_2026_04_26_pass93_cameroon_gabon_current_status_hardening | runtime_gap_bridge_web_2026_05_02_pass126_cameroon_current_status_hardening,medium-low,Pass126 retained 2017 Bourse du Livre 2.0 as historical exchange/sale/borrow/purchase evidence only; no current live platform recovered.,primary,cameroon::bourse_du_livre_numérique_(historical)
Cameroon,Central Africa / West-Central Africa,main universe,CamerBookshop Online,book_specific_marketplace_vendor_rail,runtime_gap_bridge_web_2026_04_25_central_africa_marketplace_sprint | runtime_gap_bridge_web_2026_04_26_pass93_cameroon_gabon_current_status_hardening | runtime_gap_bridge_web_2026_05_02_pass126_cameroon_current_status_hardening,medium-high,"Pass126 rechecked root current text: CamerBookshop presents an online Cameroon book market, account/seller profile/subscription/payment-management surface, and a list of books available for sale. Retain as strict-main candidate/book-specific seller/request rail; no used-book specialization or fully proven third-party seller workflow added.",primary,cameroon::camerbookshop_online
Cameroon,Central Africa / West-Central Africa,annex / classifieds,Camerooncom — BOOKS classified adverts,general_classifieds_books_category,runtime_gap_bridge_web_2026_05_02_pass126_cameroon_current_status_hardening,medium,"Cameroon general classifieds books category with visible Cameroon book ads, prices and city locations; useful book-resale/classifieds texture but not book-specific strict main.",primary,cameroon::camerooncom
Cameroon,Central Africa / West-Central Africa,annex / classifieds,"CoinAfrique Cameroun DVDs, CDs & Livres",general_classifieds_books_category,runtime_gap_bridge_web_2026_04_25_central_africa_marketplace_sprint | runtime_gap_bridge_web_2026_04_26_pass93_cameroon_gabon_current_status_hardening,medium,"Country-specific CoinAfrique category for DVDs/CDs/books, with buy/sell classifieds mechanics and individual book listings; general classifieds, not book-dominant. | Pass93 hardening: category remains live as DVDs/CDs/books classifieds with current/recent book listings; remains general classifieds, not book-dominant strict main.",primary,"cameroon::coinafrique_cameroun_dvds,_cds_&_livres"
Cameroon,Central Africa / West-Central Africa,annex / classifieds,CoinAfrique Cameroun book listings,general_classifieds_book_items,runtime_gap_bridge_web_2026_04_25_central_africa_marketplace_sprint | runtime_gap_bridge_web_2026_04_26_pass93_cameroon_gabon_current_status_hardening,medium,Individual Cameroon CoinAfrique book/e-book listings confirm book category activity and seller-contact mechanics. | Pass93 hardening: category shows multiple recent book listings in Douala; supports active resale/classifieds texture only.,primary,cameroon::coinafrique_cameroun_book_listings
Cameroon,Central Africa / West-Central Africa,annex / classifieds,Facebook Marketplace Cameroon item-level book listings,social_marketplace_book_items,runtime_gap_bridge_web_2026_04_25_central_africa_marketplace_sprint,low,Additional item-level book posts show active social resale/listing surfaces but not platform specialization.,primary,cameroon::facebook_marketplace_cameroon_item-level_book_listings
Cameroon,Central Africa / West-Central Africa,annex / classifieds,Facebook Marketplace Yaoundé / Douala Books,social_marketplace_books_category,runtime_gap_bridge_web_2026_04_25_central_africa_marketplace_sprint,medium-low,"Facebook Marketplace item-level book listings in Yaoundé/Douala, including used-like-new and current listings; social marketplace only.",primary,cameroon::facebook_marketplace_yaoundé___douala_books
Cameroon,Central Africa / West-Central Africa,annex / classifieds,Fakobook Cameroon marketplace,general_marketplace_candidate,runtime_gap_bridge_web_2026_04_25_central_africa_marketplace_sprint,low,General Cameroon buy/sell marketplace mention; no book-specific inventory confirmed in this pass.,primary,cameroon::fakobook_cameroon_marketplace
Cameroon,Central Africa / West-Central Africa,single-store bookstore layer,Jolly Life Books Cameroon,online_social_bookstore,runtime_gap_bridge_web_2026_04_25_central_africa_marketplace_sprint,medium-low,Yaoundé / nationwide delivery social bookstore signal.,primary,cameroon::jolly_life_books_cameroon
Cameroon,Central Africa / West-Central Africa,offline / fair / literacy layer,Lire à Douala — librairie éphémère / livres d’occasion,ephemeral_used_book_sale_event,runtime_gap_bridge_web_2026_05_02_pass126_cameroon_current_status_hardening,medium-low,"Douala ephemeral-bookshop/book-event signal with explicit used-book sale conditions; useful offline/temporary used-book texture, not platform infrastructure.",primary,cameroon::lire_à_douala
Cameroon,Central Africa / West-Central Africa,weak-fit core,Meetlearn Cameroon Books Online,ordinary_ecommerce_school_books,runtime_gap_bridge_web_2026_05_02_pass126_cameroon_current_status_hardening,medium-high,"Cameroon online school/textbook catalogue with hundreds of products and home-delivery/order framing. Book-forward ecommerce, but not used-book marketplace or third-party resale infrastructure.",primary,cameroon::meetlearn_cameroon_books_online
Cameroon,Central Africa / West-Central Africa,annex / classifieds,MiniCameroun Livres/Magazines,general_classifieds_books_category,runtime_gap_bridge_web_2026_04_25_central_africa_marketplace_sprint | runtime_gap_bridge_web_2026_04_26_pass93_cameroon_gabon_current_status_hardening,medium,Cameroon classifieds site with Livres/Magazines category and individual book listing; category is under general loisirs/divertissement classifieds. | Pass93 hardening: live category but only one visible book/magazine listing; keep as thin general-classifieds layer.,primary,cameroon::minicameroun_livres_magazines
Cameroon,Central Africa / West-Central Africa,weak-fit core,Ubuy Cameroon Books,ordinary_ecommerce_import_retail_books,runtime_gap_bridge_web_2026_04_25_central_africa_marketplace_sprint,medium,Online book-shopping category for Cameroon; ordinary ecommerce/import retail rather than local used-book or third-party book marketplace evidence.,primary,cameroon::ubuy_cameroon_books
Cameroon,Central Africa / West-Central Africa,annex / classifieds,Vente et achat de livres en occasion au Cameroun,social_group_used_book_resale,runtime_gap_bridge_web_2026_04_25_central_africa_marketplace_sprint,medium-low,"Named Facebook group for buying, selling, and exchanging used/new school books in Cameroon; useful resale signal but social-group, not governed marketplace.",primary,cameroon::vente_et_achat_de_livres_en_occasion_au_cameroun
Cameroon,Central Africa / West-Central Africa,single-store bookstore layer,Wisdom Bookshop Cameroon,online_bookstore,runtime_gap_bridge_web_2026_05_02_pass126_cameroon_current_status_hardening,medium-high,"Cameroon online bookstore with product categories, cart/checkout/account surfaces, prices and add-to-cart actions. Strong online bookstore signal but single-store/first-party only, not recommerce marketplace.",primary,cameroon::wisdom_bookshop_cameroon
Cameroon,Central Africa / West-Central Africa,single-store bookstore layer,Yaa Book Shop Cameroon,bookstore_sales_rentals,runtime_gap_bridge_web_2026_04_25_central_africa_marketplace_sprint,medium-low,"Buea social bookstore offering book sales and rentals; single-store/rental layer, not marketplace.",primary,cameroon::yaa_book_shop_cameroon
Cameroon,Central Africa / West-Central Africa,annex / classifieds,iConz Cameroon marketplace Books & Games category,general_marketplace_books_category,runtime_gap_bridge_web_2026_04_25_central_africa_marketplace_sprint | runtime_gap_bridge_web_2026_04_26_pass93_cameroon_gabon_current_status_hardening,medium,"General Cameroon buy/sell app supports new/used local sales and includes Books & Games under Sports/Arts/Outdoors; general marketplace, not book-dominant. | Pass93 hardening: current app-store text confirms a general Cameroon buy/sell marketplace for new/used items and includes Books & Games under Sports/Arts/Outdoors; still horizontal, not book-dominant.",primary,cameroon::iconz_cameroon_marketplace_books_&_games_category
Cameroon,Central Africa / West-Central Africa,annex / classifieds,"Échanges, ventes et dons de livres 237",social_group_book_exchange_sale_donation,runtime_gap_bridge_web_2026_05_02_pass126_cameroon_current_status_hardening,medium-low,"Cameroon Facebook group surface for exchanges, sales and donations of books, with posts around used schoolbooks. Social group evidence only; not standalone marketplace infrastructure.",primary,"cameroon::échanges,_ventes_et_dons_de_livres_237"
Cameroon,Central Africa / West-Central Africa,annex / classifieds,CoinAfrique Cameroon — DVDs/CDs & Livres,general_classifieds_books_category,pass219_cameroon_2026-07-12,high,CoinAfrique is a dominant pan-African classifieds platform active in Cameroon with a dedicated DVDs/CDs & Livres (books) category. Individual book listings verified in Douala and Yaoundé. Annex/horizontal classifieds only; not a dedicated book marketplace. ISBN note: not verified.,primary,cameroon::coinafrique_cameroon
Cameroon,Central Africa / West-Central Africa,annex / classifieds,Afribaba Cameroon — Livres & Fournitures scolaires,general_classifieds_books_category,pass219_cameroon_2026-07-12,medium-high,Afribaba.cm is a peer-to-peer classifieds platform active in Cameroon with a dedicated Livres & Fournitures scolaires (books and school supplies) section. P2P resale mechanics with individual listings. Annex/classifieds layer. ISBN note: not verified.,primary,cameroon::afribaba_cameroon
Cameroon,Central Africa / West-Central Africa,annex / classifieds,SecondMain237 — Cameroon local marketplace,general_marketplace_books_category,pass219_cameroon_2026-07-12,medium,Local Cameroon buy/sell marketplace with mobile app targeting Douala and Yaoundé. Supports new and used items including books. General horizontal marketplace; not book-dominant. ISBN note: not verified.,primary,cameroon::secondmain237
Cameroon,Central Africa / West-Central Africa,annex / classifieds,Camerbiz — petites annonces gratuites,general_classifieds_books_category,pass219_cameroon_2026-07-12,medium,Free Cameroon classifieds site with categories including hobbies and books (loisirs/livres). P2P listings. Annex/classifieds texture; not a dedicated book marketplace. ISBN note: not verified.,primary,cameroon::camerbiz
Cameroon,Central Africa / West-Central Africa,single-store used booksellers,Librairie Papeterie Bilingue Audrey — Douala,single_store_used_booksellers,pass222_cameroon_2026-07-19,medium-high,"Bilingual bookstore in Akwa, Douala (Digital Trade Center building) offering new and used books (livres neufs et d’occasion), textbooks, and educational supplies.",primary,cameroon::librairie_papeterie_bilingue_audrey
Cameroon,Central Africa / West-Central Africa,single-store bookstore layer,Librairie Saint Paul — Yaoundé,bookstore,pass222_cameroon_2026-07-19,high,"Major historic bookstore in downtown Yaoundé (near Notre-Dame Cathedral) supplying educational manuals, general literature, and publisher titles across Cameroon.",primary,cameroon::librairie_saint_paul
Gabon,Central Africa / West-Central Africa,annex / classifieds,"CoinAfrique Gabon DVDs, CDs & Livres",general_classifieds_books_category,runtime_gap_bridge_web_2026_04_25_central_africa_marketplace_sprint | runtime_gap_bridge_web_2026_04_26_pass93_cameroon_gabon_current_status_hardening,medium,Gabon CoinAfrique category explicitly exposes new/used DVD/CD/book classifieds and individual listings in Libreville and other cities. | Pass93 hardening: category remains live as new/used DVDs/CDs/books classifieds with Libreville book listings; annex/classifieds only.,primary,"gabon::coinafrique_gabon_dvds,_cds_&_livres"
Gabon,Central Africa / West-Central Africa,annex / classifieds,CoinAfrique Gabon item-level book/contact listings,general_classifieds_book_items_contact_flow,runtime_gap_bridge_web_2026_05_02_pass127_gabon_current_status_hardening,medium,"Current CoinAfrique Gabon item pages show seller membership, phone/WhatsApp/email contact flow, delivery-available icons, Libreville book listings and used/new category framing. Horizontal classifieds only, not book-specific strict main.",primary,gabon::coinafrique_gabon_item-level_book_contact_listings
Gabon,Central Africa / West-Central Africa,annex / classifieds,CoinAfrique Gabon recent book listings,general_classifieds_book_items,runtime_gap_bridge_web_2026_04_25_central_africa_marketplace_sprint | runtime_gap_bridge_web_2026_04_26_pass93_cameroon_gabon_current_status_hardening,medium,"Recent individual book listings include maintenance, self-help, legal encyclopedias, books and BD/manga/PDF; classifieds evidence only. | Pass93 hardening: current category page exposes older but visible book listings; supports classifieds texture, not strict-main.",primary,gabon::coinafrique_gabon_recent_book_listings
Gabon,Central Africa / West-Central Africa,annex / classifieds,Facebook Marketplace Libreville book listings,social_marketplace_book_items,runtime_gap_bridge_web_2026_04_25_central_africa_marketplace_sprint,medium-low,Item-level Facebook Marketplace book listing in Libreville marked used/fair; social marketplace only.,primary,gabon::facebook_marketplace_libreville_book_listings
Gabon,Central Africa / West-Central Africa,annex / classifieds,Facebook Marketplace Libreville non-book category spillover,social_marketplace_spillover,runtime_gap_bridge_web_2026_04_25_central_africa_marketplace_sprint,low,General Marketplace local activity confirms surface but not book dominance; retained as weak atmospheric rail only.,primary,gabon::facebook_marketplace_libreville_non-book_category_spillover
Gabon,Central Africa / West-Central Africa,main universe,Gabon Livre multi-vendor e-librairie,book_specific_marketplace_vendor_rail,runtime_gap_bridge_web_2026_04_25_central_africa_marketplace_sprint | runtime_gap_bridge_web_2026_04_26_pass93_cameroon_gabon_current_status_hardening | runtime_gap_bridge_web_2026_05_02_pass127_gabon_current_status_hardening,medium-high,"Pass127 rechecked root and subpages: public root still says site in maintenance / site en chantier, but home-clean exposes buy/sell/exchange book language, 800+ title claim, payments, book submission/seller subscription, add-book instructions and cart/product surfaces. Retain as strict candidate, not fully promoted as current used-book marketplace.",primary,gabon::gabon_livre_multi-vendor_e-librairie
Gabon,Central Africa / West-Central Africa,main universe,Gabon Livre vendor directory,book_specific_vendor_directory,runtime_gap_bridge_web_2026_04_25_central_africa_marketplace_sprint | runtime_gap_bridge_web_2026_04_26_pass93_cameroon_gabon_current_status_hardening | runtime_gap_bridge_web_2026_05_02_pass127_gabon_current_status_hardening,medium-high,"Pass127 vendor directory recheck: page reports Total stores showing: 6 and lists Gabon/Libreville stores/contacts. Useful multi-vendor proof, but current inventory depth at vendor level remains unresolved.",primary,gabon::gabon_livre_vendor_directory
Gabon,Central Africa / West-Central Africa,weak-fit core,Gabon Livres digital/online book shop,digital_book_subscription_shop,runtime_gap_bridge_web_2026_04_25_central_africa_marketplace_sprint | runtime_gap_bridge_web_2026_04_26_pass93_cameroon_gabon_current_status_hardening | runtime_gap_bridge_web_2026_05_02_pass127_gabon_current_status_hardening,medium,"Pass127 rechecked live GabonLivres/LAHA Editions catalogue, add-to-cart product surfaces, account/create-account, monthly subscription and 2026 footer. Keep weak-fit/digital/first-party shop outside strict recommerce.",primary,gabon::gabon_livres_digital_online_book_shop
Gabon,Central Africa / West-Central Africa,annex / classifieds,Gabon Marketplace social group,general_social_marketplace,runtime_gap_bridge_web_2026_04_25_central_africa_marketplace_sprint,low,General Gabon marketplace social group; weak book-market texture only unless book listings are re-found at depth.,primary,gabon::gabon_marketplace_social_group
Gabon,Central Africa / West-Central Africa,single-store bookstore layer,La Librairie du Mapane,virtual_social_bookstore,runtime_gap_bridge_web_2026_05_02_pass127_gabon_current_status_hardening,medium,"Libreville virtual/social bookstore with order phone and customer-paid delivery language. Strengthens local bookstore/social-commerce texture but remains single-store/first-party, not recommerce platform.",primary,gabon::la_librairie_du_mapane
Gabon,Central Africa / West-Central Africa,single-store bookstore layer,L’Harmattan-Gabon / Gabon book retail signal,publisher_bookstore_layer,runtime_gap_bridge_web_2026_04_25_central_africa_marketplace_sprint,low,"Publisher/bookstore trace useful as book infrastructure, but not a used-book marketplace rail.",primary,gabon::l’harmattan-gabon___gabon_book_retail_signal
Gabon,Central Africa / West-Central Africa,single-store bookstore layer,Maison de la Presse Gabon,ordinary_online_bookstore_reservation_import,runtime_gap_bridge_web_2026_05_02_pass127_gabon_current_status_hardening,medium,"Libreville/Gabon book-reservation retail surface advertising reservation from more than one million titles. Ordinary bookstore/import-reservation infrastructure, not used-book marketplace.",primary,gabon::maison_de_la_presse_gabon
Gabon,Central Africa / West-Central Africa,annex / classifieds,TROC VENTE ET ACHAT DE LIVRE AU GABON,social_group_book_exchange_sale_buy,runtime_gap_bridge_web_2026_05_02_pass127_gabon_current_status_hardening,medium,"Book-specific Gabon Facebook group for book barter/sale/purchase. Public snippets show recent activity and group identity; social/Facebook-hosted resale/exchange texture only, not standalone marketplace infrastructure.",primary,gabon::troc_vente_et_achat_de_livre_au_gabon
Gabon,Central Africa / West-Central Africa,weak-fit core,Ubuy Gabon Books,ordinary_ecommerce_import_retail_books,runtime_gap_bridge_web_2026_04_25_central_africa_marketplace_sprint | runtime_gap_bridge_web_2026_04_26_pass93_cameroon_gabon_current_status_hardening,low,Imported/ordinary ecommerce book category inferred as a weak retail surface; no local used/marketplace mechanics verified in this pass. | Pass93 hardening: no local marketplace/resale signal added; keep weak ordinary ecommerce/import retail.,primary,gabon::ubuy_gabon_books
Gabon,Central Africa / West-Central Africa,annex / classifieds,Vente et échange de Livres de toutes les classes — Libreville schoolbooks,social_marketplace_schoolbook_exchange_items,runtime_gap_bridge_web_2026_05_02_pass127_gabon_current_status_hardening,medium-low,"Facebook Marketplace/group snippets show Libreville used/good schoolbook sale and exchange listings, with near-new primary/college/lycée books and exchange language. Item/social layer only; no platform promotion.",primary,gabon::vente_et_échange_de_livres_de_toutes_les_classes
Gabon,Central Africa / West-Central Africa,annex / classifieds,M-GABON — local classifieds app,general_classifieds_books_category,pass220_gabon_2026-07-12,medium,Local Gabon mobile classifieds app that supports individual book sales. General marketplace; annex/classifieds category. ISBN note: not verified.,primary,gabon::m-gabon
Gabon,Central Africa / West-Central Africa,annex / classifieds,Marché241 (marche241.ga) — online marketplace,general_marketplace_books_category,pass220_gabon_2026-07-12,medium,Gabon online marketplace supporting Airtel/Moov money for buying/selling including books. General horizontal marketplace. ISBN note: not verified.,primary,gabon::marché241_(marche241_ga)
Gabon,Central Africa / West-Central Africa,single-store bookstore layer,La Maison Gabonaise du Livre — Libreville,publisher_bookstore_layer,pass223_gabon_2026-07-19,medium-high,"Local publisher and book distributor in Libreville promoting Gabonese literature, essays, and children’s books.",primary,gabon::la_maison_gabonaise_du_livre
Gabon,Central Africa / West-Central Africa,single-store bookstore layer,Librairie Livre + — Libreville,bookstore,pass223_gabon_2026-07-19,high,"Major bookstore and stationery store located in downtown Libreville offering books, educational supplies, and card services.",primary,gabon::librairie_livre_+
Bangladesh,South Asia,offline / fair / literacy layer,Bengal Boi — old-books exchange bookstore,site,2026-04-25_runtime_gap_bridge_pass87_south_asia_post_india_hardening,medium,"Bengal Foundation bookstore exchange model using old books for new-book replacement; offline/contextual row, not online strict-main.",primary,bangladesh::bengal_boi
Bangladesh,South Asia,annex / classifieds,Bikroy Bangladesh — general marketplace/classifieds,site,runtime_gap_bridge_web_2026_04_25_south_asia_compact_sprint,medium,Horizontal classifieds/marketplace infrastructure for Bangladesh; preserve as annex only unless a book-specific rail is isolated.,primary,bangladesh::bikroy_bangladesh
Bangladesh,South Asia,weak-fit core,Boisetu,site,frontier_note_shorthand,medium,Recovered from frontier note naming book-first marketplace candidate.,primary,bangladesh::boisetu
Bangladesh,South Asia,main universe,BookCycle — buy/sell old books platform,site,runtime_gap_bridge_web_2026_04_25_south_asia_compact_sprint,medium-high,"Bangladesh platform explicitly described as for buying and selling old books, textbooks, and second-hand educational materials; strict-main candidate, needs direct app hardening because rendered page is sparse.",primary,bangladesh::bookcycle
Bangladesh,South Asia,annex / classifieds,"Books Buy, Exchange and Sell Group (BD)",facebook_group,runtime_gap_bridge_web_2026_04_25_south_asia_compact_sprint,medium,Bangladesh social group for book buy/exchange/sell activity; annex/social resale only.,primary,"bangladesh::books_buy,_exchange_and_sell_group_(bd)"
Bangladesh,South Asia,main universe,Booktionary — buy/sell/exchange textbook platform,site,runtime_gap_bridge_web_2026_04_25_south_asia_compact_sprint,high,"Bangladesh platform whose own about page says students can buy, sell, and exchange books, including trade-in of old textbooks; strict-main candidate.",primary,bangladesh::booktionary
Bangladesh,South Asia,offline / fair / literacy layer,Nilkhet / Dhaka used-book market seam,offline_market,runtime_gap_bridge_web_2026_04_25_south_asia_compact_sprint,medium-low,"Reddit-local but useful seam note naming Nilkhet and other Dhaka used-book markets; contextual/offline only, needs stronger corroboration.",primary,bangladesh::nilkhet___dhaka_used-book_market_seam
Bangladesh,South Asia,annex / classifieds,Old Book Buy and Sell in BD,facebook_group,runtime_gap_bridge_web_2026_04_25_south_asia_compact_sprint,medium,Bangladesh social group for buying and selling old books; annex/social resale only.,primary,bangladesh::old_book_buy_and_sell_in_bd
Bangladesh,South Asia,weak-fit core,Rokomari,site,frontier_note_shorthand,medium,Recovered from frontier shorthand 'Rokomari-led commerce'.,primary,bangladesh::rokomari
Bangladesh,South Asia,main universe,BookCycle — Bangladesh used books marketplace,book_specific_exchange_marketplace,pass220_bangladesh_2026-07-12,high,Dedicated online used book marketplace in Bangladesh focused on peer-to-peer buying and selling of textbooks and academic literature. Standard recommerce/used book marketplace mechanics. ISBN note: not verified.,primary,bangladesh::bookcycle
Bangladesh,South Asia,main universe,Booktionary — buy/sell/exchange books,book_specific_exchange_marketplace,pass220_bangladesh_2026-07-12,high,"Online platform in Bangladesh that allows students and general readers to buy, sell, and exchange books. Academic and general literature. Strong used book marketplace signal. ISBN note: not verified.",primary,bangladesh::booktionary
Bangladesh,South Asia,single-store bookstore layer,Rokomari — online bookstore,site,pass220_bangladesh_2026-07-12,high,"The leading online bookstore in Bangladesh. Sells new, original physical books with nationwide delivery. First-party book retail, not a used book marketplace. ISBN note: not verified.",primary,bangladesh::rokomari
Bangladesh,South Asia,single-store bookstore layer,Bangladesh Academy of Sciences,site,pass220_repairs_2026-07-12,medium-high,Bangladesh Academy of Sciences publications and downloads index. Added under backlog repair.,primary,bangladesh::bangladesh_academy_of_sciences
Bangladesh,South Asia,single-store bookstore layer,BRACResearchandEvaluationDivisionRED,site,pass220_backlog_triage_2026-07-12,medium-high,BRAC Research and Evaluation Division (RED) publications and books index. Added from backlog triage.,primary,bangladesh::bracresearchandevaluationdivisionred
Bangladesh,South Asia,main universe,Book Loop BD — student secondhand textbook marketplace,book_specific_exchange_marketplace,pass224_bangladesh_2026-07-19,medium-high,"Student-first structured secondhand textbook marketplace in Bangladesh. Founded March 2026. Enables students to list and find used textbooks (classes 1–12, SSC/HSC/O-Level/A-Level). Peer-to-peer exchange mechanics with a focus on affordability.",primary,bangladesh::book_loop_bd
Pakistan,South Asia,main universe,Booksecondstory — secondhand books buy/sell platform,site,runtime_gap_bridge_web_2026_04_25_south_asia_compact_sprint; 2026-04-28_rbm_pass110_pakistan_strict_core_hardening,high,"Pass110 reverified strict fit: official FAQ/terms confirm individual second-hand sellers, vendor accounts/shop URL, direct book upload, free listing, commission after sale, condition/photos/price rules, and seller-error return handling.",primary,pakistan::booksecondstory
Pakistan,South Asia,single-store used booksellers,Kitab Rabta — sell old books in Pakistan,site,2026-04-25_runtime_gap_bridge_pass87_south_asia_post_india_hardening; 2026-04-28_rbm_pass110_pakistan_strict_core_hardening,medium-high,Pass110 reverified official sell-old-books intake and old/new books retail; remains single-store/buyback or curated resale layer absent open third-party seller marketplace mechanics.,primary,pakistan::kitab_rabta
Pakistan,South Asia,main universe,Kitabain — online book marketplace,site,runtime_gap_bridge_web_2026_04_25_south_asia_compact_sprint; 2026-04-28_rbm_pass110_pakistan_strict_core_hardening,high,"Pass110 reverified strict-main candidate: official marketplace with Sell Books/Login/Sign Up, buyer FAQ showing condition/price/seller-comments per copy, checkout and Pakistan courier dispatch, plus deep active all-books pagination; used/secondhand depth remains a targeted caveat.",primary,pakistan::kitabain
Pakistan,South Asia,weak-fit core,Liberty,site,frontier_note_shorthand,medium,Recovered from frontier shorthand 'Liberty/Readings/NBF core'.,primary,pakistan::liberty
Pakistan,South Asia,single-store used booksellers,My Book Bank — Second Hand Books,site,runtime_gap_bridge_web_2026_04_25_south_asia_compact_sprint,medium-high,Curated second-hand books retail category; useful used-book seller signal but not verified as a third-party marketplace.,primary,pakistan::my_book_bank
Pakistan,South Asia,weak-fit core,NBF,site,frontier_note_shorthand,medium,Recovered from frontier shorthand 'Liberty/Readings/NBF core'.,primary,pakistan::nbf
Pakistan,South Asia,weak-fit core,Readings,site,frontier_note_shorthand,medium,Recovered from frontier shorthand 'Liberty/Readings/NBF core'.,primary,pakistan::readings
Pakistan,South Asia,offline / fair / literacy layer,Urdu Bazaar Karachi,offline_market,runtime_gap_bridge_web_2026_04_25_south_asia_compact_sprint,medium,"Historic Karachi book market with used and new books; offline/contextual row, not online marketplace core.",primary,pakistan::urdu_bazaar_karachi
Pakistan,South Asia,annex / classifieds,Used Course Books Buy/Sell Point (Pakistan),facebook_group,runtime_gap_bridge_web_2026_04_25_south_asia_compact_sprint,medium,Course-book resale/donation group; useful student-textbook resale signal but social-only.,primary,pakistan::used_course_books_buy_sell_point_(pakistan)
Pakistan,South Asia,annex / classifieds,Used/New-Books Sale & Purchase Pakistan,facebook_group,runtime_gap_bridge_web_2026_04_25_south_asia_compact_sprint,medium,"Countrywide social buy/sell group for used and new books; annex/social resale, not platform-core.",primary,pakistan::used_new-books_sale_&_purchase_pakistan
Pakistan,South Asia,single-store bookstore layer,Saeed Book Bank — Islamabad bookstore,bookstore,pass225_pakistan_2026-07-19,high,"Major historic bookstore and online book retailer based in Islamabad, offering a vast collection of academic, medical, technical, and general books.",primary,pakistan::saeed_book_bank
Pakistan,South Asia,single-store bookstore layer,Booknet Pakistan — online bookstore,bookstore,pass225_pakistan_2026-07-19,medium-high,"Online bookstore in Pakistan offering a large catalog of novels, magazines, and educational books with nationwide delivery.",primary,pakistan::booknet_pakistan
Sri Lanka,South Asia,main universe,2ndhandbooks.lk — used-books marketplace,site,runtime_gap_bridge_web_2026_04_25_south_asia_compact_sprint; 2026-04-29_runtime_gap_bridge_pass112_sri_lanka_strict_core_hardening,high,"Sri Lanka used-books marketplace with physical stores, online inventory, buying/selling language, and auction/cart/account features; strict-main candidate, though marketplace vs curated inventory should be hardened. || Pass112 hardening: current official site/about calls it Sri Lanka's largest online marketplace for used books and says it offers a platform to buy and sell used books, but physical-store/family-legacy/curated-inventory signals remain; keep high strict-candidate with operator-mediated/curated caveat.",primary,sri_lanka::2ndhandbooks_lk
Sri Lanka,South Asia,annex / classifieds,Book Swap Colombo,facebook_group,runtime_gap_bridge_web_2026_04_25_south_asia_compact_sprint,medium-high,"Large Sri Lankan social group where members swap, buy, and sell books; annex/social resale, not platform-core.",primary,sri_lanka::book_swap_colombo
Sri Lanka,South Asia,main universe,BookExchange.lk,site,web_resolved_2026_04_19; runtime_gap_bridge_web_2026_04_25_south_asia_compact_sprint; 2026-04-29_runtime_gap_bridge_pass112_sri_lanka_strict_core_hardening,high,"Resolved from live web evidence: buy/sell/exchange used books platform. || Promoted/hardened in pass70 South Asia compact sprint based on current web evidence. || Pass112 hardening: current official site exposes sell/exchange/wanted ad journeys, smart matching, real-time chat, admin-approved listings, local-first exchanges, login/register, and June 2025 launch blog; remains high strict-main.",primary,sri_lanka::bookexchange_lk
Sri Lanka,South Asia,main universe,BookExchange.lk — buy/sell/exchange used books platform,site,runtime_gap_bridge_web_2026_04_25_south_asia_compact_sprint; 2026-04-29_runtime_gap_bridge_pass112_sri_lanka_strict_core_hardening,high,"Promotion/hardening row: Sri Lanka platform for buying, selling, or exchanging used books with wanted ads, smart-match, registration/login, and local user posting flow. || Pass112 hardening: current official site exposes sell/exchange/wanted ad journeys, smart matching, real-time chat, admin-approved listings, local-first exchanges, login/register, and June 2025 launch blog; remains high strict-main.",primary,sri_lanka::bookexchange_lk
Sri Lanka,South Asia,main universe,BookSwap.lk — used book exchange/sell platform,site,runtime_gap_bridge_web_2026_04_25_south_asia_compact_sprint; 2026-04-29_runtime_gap_bridge_pass112_sri_lanka_strict_core_hardening,high,"Free Sri Lanka used-book exchange/sell platform with registration/login, add-book flow, and current listings; strict-main candidate. || Pass112 hardening: current official site exposes registration/login, add-books/request/exchange flow, meet/post completion, category counts, latest dated listings, and sell/exchange language; remains high strict-main.",primary,sri_lanka::bookswap_lk
Sri Lanka,South Asia,single-store used booksellers,Books4Life.lk — Second Hand Books,site,runtime_gap_bridge_web_2026_04_25_south_asia_compact_sprint,medium-high,"Sri Lanka online shop category for second-hand books; single-store used-book retail layer, not marketplace core.",primary,sri_lanka::books4life_lk
Sri Lanka,South Asia,single-store used booksellers,Booxworm — used books Sri Lanka,site,2026-04-25_runtime_gap_bridge_pass87_south_asia_post_india_hardening; 2026-04-29_runtime_gap_bridge_pass112_sri_lanka_strict_core_hardening,medium-high,"Sri Lanka used-books retail surface with curated used inventory; useful single-store used-bookseller layer, not verified as multi-seller marketplace. || Pass112 hardening: current blog/site says Booxworm offers hundreds of used books in Sri Lanka, buys used books, and operates physical stores; remains single-store/curated used-bookseller, not strict main.",primary,sri_lanka::booxworm
Sri Lanka,South Asia,annex / classifieds,Buy & Sell Used Books - Sri Lanka,facebook_group,2026-04-30_runtime_gap_bridge_pass113_sri_lanka_residual_classifieds_social_hardening,medium-high,"Pass113 addition: book-specific Sri Lanka Facebook group for online buy/sell of books; social resale annex, not standalone platform core.",primary,sri_lanka::buy_&_sell_used_books_-_sri_lanka
Sri Lanka,South Asia,annex / classifieds,Facebook Marketplace Colombo — books,horizontal_social_marketplace_book_category,2026-04-30_runtime_gap_bridge_pass113_sri_lanka_residual_classifieds_social_hardening,high,Pass113 addition: Facebook Marketplace books surface for Colombo/Sri Lanka; high-value resale texture but horizontal/social marketplace only.,primary,sri_lanka::facebook_marketplace_colombo
Sri Lanka,South Asia,annex / classifieds,Ikman.lk — books and textbooks classifieds,horizontal_classifieds_book_category,2026-04-29_runtime_gap_bridge_pass112_sri_lanka_strict_core_hardening,high,"Current Sri Lanka horizontal classifieds marketplace with active book and textbook categories, including new/used textbooks and recent book listings; annex only, not book-specific strict main.",primary,sri_lanka::ikman_lk
Sri Lanka,South Asia,annex / classifieds,ItemAds.lk — education/books classifieds,horizontal_classifieds_book_category,2026-04-30_runtime_gap_bridge_pass113_sri_lanka_residual_classifieds_social_hardening,high,"Pass113 addition: Education category says users can buy and sell books and magazines and exposes all-island browsing; horizontal classifieds, not strict-main.",primary,sri_lanka::itemads_lk
Sri Lanka,South Asia,weak-fit core,Jumpbooks.lk,site,web_resolved_2026_04_19,high,Resolved from live web evidence: strong online retail rail.,primary,sri_lanka::jumpbooks_lk
Sri Lanka,South Asia,annex / classifieds,MO.lk — local new/pre-owned marketplace,horizontal_marketplace,2026-04-29_runtime_gap_bridge_pass112_sri_lanka_strict_core_hardening,medium-high,"Current Sri Lanka marketplace/app for new or pre-owned local goods with free listings, account/photo/price listing flow, verified users, meet-up/delivery/pickup support, and second-hand sales support; annex only because it is horizontal rather than book-specific.",primary,sri_lanka::mo_lk
Sri Lanka,South Asia,single-store used booksellers,Preloved Books LK,social_store,runtime_gap_bridge_web_2026_04_25_south_asia_compact_sprint,medium,Sri Lanka pre-loved books social-store with island-wide delivery; single-seller used-bookseller row.,primary,sri_lanka::preloved_books_lk
Sri Lanka,South Asia,annex / classifieds,SaleMe.lk — Sri Lanka textbooks classifieds,horizontal_classifieds_book_category,2026-04-30_runtime_gap_bridge_pass113_sri_lanka_residual_classifieds_social_hardening,high,"Pass113 addition: dedicated Sri Lanka Textbooks classifieds category with 418 visible results and recent/dated item listings; horizontal classifieds, not strict-main book-specific rail.",primary,sri_lanka::saleme_lk
Sri Lanka,South Asia,main universe,BookNexus — pre-loved books platform,book_specific_exchange_marketplace,pass220_sri_lanka_2026-07-12,medium-high,Online platform in Sri Lanka that allows individuals to sell or donate their pre-loved books. Supports online pickup requests. Recommerce / secondhand book layer. ISBN note: not verified.,primary,sri_lanka::booknexus
Sri Lanka,South Asia,single-store bookstore layer,Sarasavi The Bookshop — online & retail chain,bookstore,pass226_sri_lanka_2026-07-19,high,"Largest bookstore chain and online book store in Sri Lanka with Sinhala, English, and Tamil books, islandwide delivery, and eBook store app.",primary,sri_lanka::sarasavi_the_bookshop
Sri Lanka,South Asia,single-store bookstore layer,Vijitha Yapa Bookshop — online & retail chain,bookstore,pass226_sri_lanka_2026-07-19,high,"Major established bookstore chain and online retailer in Sri Lanka offering fiction, non-fiction, academic, and Sri Lankan interest books with islandwide and international delivery.",primary,sri_lanka::vijitha_yapa_bookshop
United Arab Emirates,Gulf / Arabian Peninsula,offline / fair / literacy layer,Abu Dhabi International Book Fair,institution,gulf uae pass1,high,Major official national-scale fair infrastructure; the 35th edition is scheduled for 25 April to 4 May 2026 at ADNEC Centre Abu Dhabi.,primary,united_arab_emirates::abu_dhabi_international_book_fair
United Arab Emirates,Gulf / Arabian Peninsula,single-store used booksellers,BookHero,site,gulf uae pass1,high,Dubai-based specialist secondhand bookseller with online inventory and multiple physical locations; strongest currently verified used-book specialist seam in the UAE pass.,primary,united_arab_emirates::bookhero
United Arab Emirates,Gulf / Arabian Peninsula,main universe,Bookends,site,mena_west_asia_hardening_web_pass57,high,Online marketplace for buying and selling used/pre-loved books with UAE shipping; strict core fit.,primary,united_arab_emirates::bookends
United Arab Emirates,Gulf / Arabian Peninsula,single-store used booksellers,Bookhaven UAE — Sell With Us,site,mena_west_asia_hardening_web_pass57,medium,Pre-owned book intake / sell-with-us flow; good recommerce signal but not verified as open marketplace.,primary,united_arab_emirates::bookhaven_uae
United Arab Emirates,Gulf / Arabian Peninsula,weak-fit core,Bookspoint,site,gulf uae pass1,medium,"Local UAE online bookstore claim with delivery across the Emirates and fixed contact channels; useful corroborating native ecommerce rail even though it is smaller and less institutionally weighty than Magrudy's, Jarir, or Virgin.",primary,united_arab_emirates::bookspoint
United Arab Emirates,Gulf / Arabian Peninsula,weak-fit core,Jarir Bookstore UAE,site,gulf uae pass1,high,Verified UAE-facing online book rail with explicit Arabic Books and English Books categories under the UAE storefront; strong chain-style generalist book-commerce spine in the pass.,primary,united_arab_emirates::jarir_bookstore_uae
United Arab Emirates,Gulf / Arabian Peninsula,weak-fit core,Magrudy's,site,gulf uae pass1,high,"Long-running Dubai-rooted books-and-education retail chain with live ecommerce inventory, reserve-and-collect across the UAE, and a strong reading/community identity; strongest current native UAE core rail in the pass.",primary,united_arab_emirates::magrudy's
United Arab Emirates,Gulf / Arabian Peninsula,single-store used booksellers,Preloved Books UAE,site,mena_west_asia_hardening_web_pass57,high,UAE pre-loved/used book storefront; single-operator used-books layer.,primary,united_arab_emirates::preloved_books_uae
United Arab Emirates,Gulf / Arabian Peninsula,offline / fair / literacy layer,Sharjah International Book Fair,institution,gulf uae pass1,high,Major official Sharjah fair infrastructure with the 44th edition staged 5–16 November 2025; strengthens the UAE's unusually strong fair/literacy layer.,primary,united_arab_emirates::sharjah_international_book_fair
United Arab Emirates,Gulf / Arabian Peninsula,weak-fit core,Virgin Megastore UAE — books,site,gulf uae pass1,high,"Verified UAE-facing online books storefront with fiction, non-fiction, kids & teens, comics/manga, and Arabic/Islamic lanes plus live priced inventory; meaningful broader retail-book rail rather than a token books shelf.",primary,united_arab_emirates::virgin_megastore_uae
United Arab Emirates,Gulf / Arabian Peninsula,annex / classifieds,dubizzle UAE,site,gulf uae pass1,medium,Horizontal classifieds spillover across all seven Emirates; confirms broader pre-loved secondary-market depth without proving a specialist national book-first marketplace.,primary,united_arab_emirates::dubizzle_uae
United Arab Emirates,Gulf / Arabian Peninsula,main universe,Nextbook — UAE used books marketplace,book_specific_exchange_marketplace,pass220_uae_2026-07-12,medium-high,Online marketplace in the UAE for buying and selling pre-loved and used books. P2P used books recommerce platform. ISBN note: not verified.,primary,united_arab_emirates::nextbook
United Arab Emirates,Gulf / Arabian Peninsula,single-store used booksellers,House of Prose — Dubai used bookstore institution,single_store_used_booksellers,pass227_uae_2026-07-19,high,Long-standing secondhand bookstore institution in Dubai (Times Square Center) operating for over 30 years with a famous 50% buyback/return model.,primary,united_arab_emirates::house_of_prose
United Arab Emirates,Gulf / Arabian Peninsula,single-store bookstore layer,Books Kinokuniya Dubai — flagship bookstore,bookstore,pass227_uae_2026-07-19,high,"Flagship bookstore in Dubai Mall and largest retail bookstore in the UAE, carrying over 500,000 titles in English, Arabic, Japanese, and other languages.",primary,united_arab_emirates::books_kinokuniya_dubai
Saudi Arabia,Gulf / Arabian Peninsula,single-store used booksellers,Abq Al-Kitab / عبق الكتاب للكتب القديمة والمستعملة,salla_storefront,pass117_saudi_arabia_strict_recommerce_reclassification_web_check,medium-high,"Added pass117. Salla storefront/search evidence describes a specialized shop for used, old, and rare books. Added as single-store used/rare bookstore signal; needs broader inventory check before high-confidence closure.",primary,saudi_arabia::abq_al-kitab___عبق_الكتاب_للكتب_القديمة_والمستعملة
Saudi Arabia,Gulf / Arabian Peninsula,single-store used booksellers,Al Jawhara / Riyadh used-bookstore lead,site,mena_west_asia_hardening_web_pass57,low,"Reddit lead naming Al Jawhara as a used-books option in Saudi; low-confidence revisit lead, not promoted.",primary,saudi_arabia::al_jawhara___riyadh_used-bookstore_lead
Saudi Arabia,Gulf / Arabian Peninsula,offline / fair / literacy layer,Almadinah Book Fair,institution,gulf saudi arabia pass1,high,"Official Almadinah fair platform under the Commission, showing a fourth major fair node in the national book-fair network.",primary,saudi_arabia::almadinah_book_fair
Saudi Arabia,Gulf / Arabian Peninsula,single-store used booksellers,Almawsoah For Used Books,site,gulf saudi arabia pass1,medium,Riyadh used-books specialist with current directory evidence and a referenced site; meaningful corroborating specialist used-book seam.,primary,saudi_arabia::almawsoah_for_used_books
Saudi Arabia,Gulf / Arabian Peninsula,single-store used booksellers,Antique4k / أنتيكا للكتب القديمة والنادرة,used_rare_bookstore,pass117_saudi_arabia_strict_recommerce_reclassification_web_check,high,"Added pass117. Specialist old/rare/classic books and magazines storefront with active book categories, rare/old copy language, and worldwide shipping. Strong specialist used/rare seam but single-store/first-party.",primary,saudi_arabia::antique4k___أنتيكا_للكتب_القديمة_والنادرة
Saudi Arabia,Gulf / Arabian Peninsula,single-store used booksellers,Dar Alqima Used Books / دار الكتب القيمة للكتاب المستعمل,salla_storefront,pass117_saudi_arabia_strict_recommerce_reclassification_web_check,high,"Added pass117. Riyadh Salla storefront explicitly says it buys and sells university and general used books across history, literature, Islamic books, fiction/self-development, politics and philosophy. Single-store used-bookseller, not marketplace.",primary,saudi_arabia::dar_alqima_used_books___دار_الكتب_القيمة_للكتاب_المستعمل
Saudi Arabia,Gulf / Arabian Peninsula,weak-fit core,Darussalam KSA,site,gulf saudi arabia pass1,high,Riyadh-rooted multilingual Islamic publishing-and-book retail spine with large catalog depth and global distribution footprint; strong Saudi-based publishing-commerce rail rather than a marginal niche outlet. | Pass117 boundary patch: publisher-commerce / religious-book retail rail; meaningful book ecosystem infrastructure but not used/recommerce marketplace mechanics.,primary,saudi_arabia::darussalam_ksa
Saudi Arabia,Gulf / Arabian Peninsula,offline / fair / literacy layer,Eastern Region Book Fair,institution,gulf saudi arabia pass1,high,Official eastern-region fair platform under the Commission; adds another region-scale node to the Saudi fair/literacy infrastructure.,primary,saudi_arabia::eastern_region_book_fair
Saudi Arabia,Gulf / Arabian Peninsula,annex / classifieds,Haraj Saudi — used books search,horizontal_classifieds,pass117_saudi_arabia_strict_recommerce_reclassification_web_check,high,"Added pass117. Horizontal Saudi classifieds surface with current used-book listings across regions. Confirms resale spillover and seller activity, but annex only because platform is horizontal.",primary,saudi_arabia::haraj_saudi
Saudi Arabia,Gulf / Arabian Peninsula,weak-fit core,Jarir Bookstore Saudi Arabia,site,gulf saudi arabia pass1,high,"National-scale Saudi retail-and-online spine: founded in Riyadh as a bookshop, now runs Saudi retail plus online sales, explicit Arabic Books / English Books / Audio & eBooks categories, and nationwide Saudi delivery. | Pass117 boundary patch: national Saudi new-book retail/ecommerce spine, but no used/recommerce marketplace or third-party used-book seller mechanics found; not strict main under South America-style recommerce boundary.",primary,saudi_arabia::jarir_bookstore_saudi_arabia
Saudi Arabia,Gulf / Arabian Peninsula,single-store used booksellers,Jawharat Al-Khazana Used Books Library / مكتبة جوهرة الخزانة,social_storefront,pass117_saudi_arabia_strict_recommerce_reclassification_web_check,medium-high,"Added pass117. Jeddah used-books library/storefront with public social profile and launch traces for an electronic Salla shop. Single-store used-bookseller/social storefront, not strict marketplace.",primary,saudi_arabia::jawharat_al-khazana_used_books_library___مكتبة_جوهرة_الخزانة
Saudi Arabia,Gulf / Arabian Peninsula,offline / fair / literacy layer,Jazan Book Fair 2025,institution,gulf saudi arabia pass1,high,"SPA reports the 2025 Jazan Book Fair drew over 300 publishing houses/agencies, showing further regional fair depth beyond the Commission’s standing four-node fair program.",primary,saudi_arabia::jazan_book_fair_2025
Saudi Arabia,Gulf / Arabian Peninsula,offline / fair / literacy layer,Jeddah Book Fair,institution,gulf saudi arabia pass1,high,Official western-region fair platform under the Commission; strong evidence that the Saudi fair/literacy layer is regionally distributed rather than Riyadh-only.,primary,saudi_arabia::jeddah_book_fair
Saudi Arabia,Gulf / Arabian Peninsula,weak-fit core,Khaleej Al-Kitab / Book Bay KSA,site,gulf saudi arabia pass1,medium,Riyadh-based medical and professional bookstore serving health disciplines; meaningful specialized professional-book rail below the top national spine.,primary,saudi_arabia::khaleej_al-kitab___book_bay_ksa
Saudi Arabia,Gulf / Arabian Peninsula,weak-fit core,Little Book Arabia,site,gulf saudi arabia pass1,high,"Jeddah children’s specialty bookstore with ecommerce storefront, multilingual children’s stock, secure online payments, and shipping checkout; strengthens the specialty children’s-book rail.",primary,saudi_arabia::little_book_arabia
Saudi Arabia,Gulf / Arabian Peninsula,weak-fit core,Mrrha / مررها,app_marketplace,pass117_saudi_arabia_strict_recommerce_reclassification_web_check,high,"Added pass117. Active Saudi community marketplace for used/new/digital goods with books explicitly in scope and visible used-book seller/product pages. Strong recommerce rail and book-origin lineage via Kitabi Lak, but current scope is horizontal rather than book-specific, so retained as weak-fit core rather than strict main.",primary,saudi_arabia::mrrha___مررها
Saudi Arabia,Gulf / Arabian Peninsula,weak-fit core,Night Owl Bookstore,site,gulf saudi arabia pass1,high,"Riyadh online bookseller with hard-to-find English titles and Arabic translations, shipping across Saudi Arabia and GCC, plus same-day Riyadh delivery options; meaningful contemporary specialty rail.",primary,saudi_arabia::night_owl_bookstore
Saudi Arabia,Gulf / Arabian Peninsula,offline / fair / literacy layer,Riyadh International Book Fair,institution,gulf saudi arabia pass1,high,"Major annual official national book-fair platform organized under the Literature, Publishing and Translation Commission; one of the leading Arab book fairs.",primary,saudi_arabia::riyadh_international_book_fair
Saudi Arabia,Gulf / Arabian Peninsula,main universe,Rofoof / رفوف,book_reuse_platform,pass117_saudi_arabia_strict_recommerce_reclassification_web_check,medium-high,"Added pass117. Saudi/Jeddah book-specific platform lineage for buying/selling/exchanging used books with seller-buyer marketplace language in public profiles and news coverage. Current official surface exists but direct live inventory/seller mechanics were not sufficiently rendered in this pass, so this is held as a main-universe candidate rather than fully promoted strict main.",primary,saudi_arabia::rofoof___رفوف
Saudi Arabia,Gulf / Arabian Peninsula,single-store used booksellers,Tawg Alhamamah For Used Books,site,gulf saudi arabia pass1,medium,Riyadh used-books specialist with current directory evidence identifying it as both a second-hand store and a bookstore/newsstand; strong specialist used-book signal.,primary,saudi_arabia::tawg_alhamamah_for_used_books
Saudi Arabia,Gulf / Arabian Peninsula,single-store used booksellers,The First Page SA — Used Books,salla_storefront,pass117_saudi_arabia_strict_recommerce_reclassification_web_check,high,"Added pass117. Saudi/Jeddah online bookstore with explicit Used Books category, used-book payment rules, KSA/GCC shipping, and product pages for pre-loved/used bundles. Single-store used-book e-commerce, not third-party marketplace.",primary,saudi_arabia::the_first_page_sa
Saudi Arabia,Gulf / Arabian Peninsula,annex / classifieds,Used Books in Riyadh,site,mena_west_asia_hardening_web_pass57,medium,City-level book-specific social group for selling/buying/trading/giving away used books in Riyadh; annex social rail.,primary,saudi_arabia::used_books_in_riyadh
Saudi Arabia,Gulf / Arabian Peninsula,weak-fit core,WBCO / Elmia Bookstore lineage,site,gulf saudi arabia pass1,medium,"Long-running Saudi educational-distribution rail originating as Elmia Bookstore in Saudi Arabia and now serving Riyadh, Khobar, and Jeddah; meaningful national educational-book distribution infrastructure. | Pass117 boundary patch: educational-distribution / institutional book rail; not used-book marketplace or recommerce infrastructure.",primary,saudi_arabia::wbco___elmia_bookstore_lineage
Saudi Arabia,Gulf / Arabian Peninsula,weak-fit core,Zomar Land,site,gulf saudi arabia pass1,medium,"Saudi distributor of foreign-language books to universities, schools, and libraries nationwide; useful corroborating national educational/distribution rail.",primary,saudi_arabia::zomar_land
Saudi Arabia,Gulf / Arabian Peninsula,annex / classifieds,dubizzle Saudi Arabia — Used Books,site,mena_west_asia_hardening_web_pass57,high,Saudi used-books listings inside horizontal classified marketplace; annex only.,primary,saudi_arabia::dubizzle_saudi_arabia
Saudi Arabia,Gulf / Arabian Peninsula,annex / classifieds,dubizzle Saudi Arabia — Used Books in Riyadh,site,gulf saudi arabia pass1,medium,Horizontal classifieds spillover with live used-books listings in Riyadh; confirms broader secondary-market circulation beyond specialist used-book shops.,primary,saudi_arabia::dubizzle_saudi_arabia
Saudi Arabia,Gulf / Arabian Peninsula,annex / classifieds,r/KSABOOKS / Saudi used-new book trade subreddit,social_group,pass117_saudi_arabia_strict_recommerce_reclassification_web_check,medium-low,Added pass117 as low-scale social-resale hold. Reddit/Jeddah thread points to a KSA books subreddit for selling/trading used or new books. Annex only; weak public-scale evidence and no standalone marketplace mechanics.,primary,saudi_arabia::r_ksabooks___saudi_used-new_book_trade_subreddit
Saudi Arabia,Gulf / Arabian Peninsula,single-store used booksellers,Stoor / متجر سطور — new and used books,single_store_used_booksellers,pass228_saudi_arabia_2026-07-19,high,Online store in Saudi Arabia specialized in buying and selling new and used books (بيع الكتب الجديدة والمستعملة).,primary,saudi_arabia::stoor___متجر_سطور
Saudi Arabia,Gulf / Arabian Peninsula,single-store used booksellers,Nwas Store / متجر نواس — used books section,single_store_used_booksellers,pass228_saudi_arabia_2026-07-19,medium-high,Online book store in Saudi Arabia offering a dedicated used-books section with competitive pricing.,primary,saudi_arabia::nwas_store___متجر_نواس
Syria,Levant / Mashriq,annex / classifieds,BandoAds Syria — Used Books / كتب مستعملة في سوريا,horizontal_classifieds_used_books_category,pass120_syria_post_reopening_used_book_social_classifieds_hardening_web_check,high,"Added pass120. Bando exposes Syria-wide and city-specific used-books classified categories (Damascus/Latakia/Hama/Daraa/Hasakah/Idlib etc.) and describes itself in snippets as a large Syrian classifieds platform. Stronger than generic horizontal texture, but still classifieds, not book-specific marketplace governance.",primary,syria::bandoads_syria
Syria,Levant / Mashriq,annex / classifieds,Books for sale in Syria social group,site,mena_west_asia_hardening_web_pass57,low,Book-sale social group/post signal; low confidence and not platform core. | Pass120 Syria patch: Superseded in specificity by several more precise used-book buy/sell/exchange groups added in pass120; retained as low annex/social signal only.,primary,syria::books_for_sale_in_syria_social_group
Syria,Levant / Mashriq,weak-fit core,Chamona / متجر شامنا,site,levant syria pass1,high,"Live Syria-based online bookstore presenting itself as the first online bookstore in Syria, with active catalogue, pricing in Syrian pounds, checkout/contact flows, and delivery language for all Syrian governorates plus shipping outside Syria. | Pass120 Syria patch: Official current site/about pages confirm first/online bookstore positioning, active categories, Syria-wide delivery, outside-Syria shipping, payment/service language, and 2019-2025 footer. Retained as high weak-fit first-party book ecommerce, not used-book marketplace.",primary,syria::chamona___متجر_شامنا
Syria,Levant / Mashriq,offline / fair / literacy layer,Damascus International Book Fair,event,levant syria pass1,high,"The 2026 Damascus International Book Fair reopened at major scale after Assad, with around 500 publishers from about 35 countries and very high attendance; this strongly confirms national literary infrastructure even in a fluid transition. | Pass120 Syria patch: 2026 post-Assad fair evidence reconfirmed major reopening signal: AP/SANA/Al Jazeera report roughly 500 publishers from around 35 countries and very high attendance/title scale. This is cultural-infrastructure evidence, not recommerce platform evidence.",primary,syria::damascus_international_book_fair
Syria,Levant / Mashriq,single-store bookstore layer,Dar Beiruti Library,site,levant syria pass1,medium,"Concrete Damascus bookstore-layer anchor in Al Halbouni with current hours, phone number, and map listing.",primary,syria::dar_beiruti_library
Syria,Levant / Mashriq,single-store bookstore layer,Ketab Bookstore / متجر كِتاب — Syria online bookstore,social_online_bookstore_delivery,pass120_syria_post_reopening_used_book_social_classifieds_hardening_web_check,medium-high,Added pass120. Instagram/search surface describes a Syria book-selling store with substantial follower count and delivery/ship-to-Syria language. First-party/social online bookstore; no used-book marketplace or third-party seller mechanics.,primary,syria::ketab_bookstore___متجر_كِتاب
Syria,Levant / Mashriq,single-store bookstore layer,Maktabat Dar al-Fikr / مكتبة دار الفكر,site,levant syria pass1,medium,"Concrete Damascus publisher-bookstore anchor with current directory listing, opening hours, phone number, and fikr.com website connection.",primary,syria::maktabat_dar_al-fikr___مكتبة_دار_الفكر
Syria,Levant / Mashriq,weak-fit core,Shorfto / sh.sy — Syrian book product ecommerce rail,general_ecommerce_book_product,pass120_syria_post_reopening_used_book_social_classifieds_hardening_web_check,medium,"Added pass120. Product page for an Arabic book shows technical bibliographic fields, minimum quantity, Damascus delivery, shipping to governorates and outside Syria. Useful book-commerce rail but product/retail surface only; not used/recommerce marketplace.",primary,syria::shorfto___sh_sy
Syria,Levant / Mashriq,annex / classifieds,Syria Market app,site,mena_west_asia_hardening_web_pass57,medium,"General Syria buy/sell app for new and used items; classified infrastructure only, no book-specific rail verified. | Pass120 Syria patch: Retained as general buy/sell app/classifieds rail for new and used goods; pass120 found stronger book-specific social/classified surfaces elsewhere, but no reason to promote this horizontal app.",primary,syria::syria_market_app
Syria,Levant / Mashriq,weak-fit core,Warkabnkra / Alasdekaa,site,levant syria pass1,medium-high,"Book-forward Aleppo rail with explicit categories for new books, novels, used books, religion, and college materials plus a Syria address in Al Furqan, Aleppo. | Pass120 Syria patch: Direct Alasdekaa.online surface now gives Aleppo bookstore identity/current hours/contact; retained as Aleppo bookshop/weak-fit book-commerce rail, not strict used/recommerce platform. Older Warkabnkra used-book category evidence remains contextual only.",primary,syria::warkabnkra___alasdekaa
Syria,Levant / Mashriq,annex / classifieds,e-Sadaf — books/magazines + used,site,levant syria pass1,medium,General Syrian ecommerce rail showing books and magazines inside a broader marketplace and also exposing a used-goods layer; treated as horizontal spillover rather than a book-first core spine.,primary,syria::e-sadaf
Syria,Levant / Mashriq,annex / classifieds,سوق دمشق للكتب المستعملة والجديد — Damascus used/new book market group,social_used_new_book_market_group,pass120_syria_post_reopening_used_book_social_classifieds_hardening_web_check,medium-high,"Added pass120. Public snippet describes a Damascus group for trading used heritage and new books, buy/sell. Social classifieds/book-market group only.",primary,syria::سوق_دمشق_للكتب_المستعملة_والجديد
Syria,Levant / Mashriq,annex / classifieds,كتب مستعملة (بيع - شراء - تبادل) في سوريا — national used-book group,social_used_books_buy_sell_exchange_group,pass120_syria_post_reopening_used_book_social_classifieds_hardening_web_check,medium-high,Added pass120. Public snippets show a Syria-wide used-books buy/sell/exchange group with active book-sale posts and shipping/delivery language. Social/Facebook-hosted resale only; not independent platform.,primary,syria::كتب_مستعملة_(بيع_-_شراء_-_تبادل)_في_سوريا
Syria,Levant / Mashriq,annex / classifieds,كتب مستعملة في دمشق وريفها — used books Damascus/Rif group,social_used_books_city_group,pass120_syria_post_reopening_used_book_social_classifieds_hardening_web_check,medium,Added pass120. Public snippets show a Damascus/Rif used-books buy/sell group with direct used-book request/sale posts. City social-commerce layer only.,primary,syria::كتب_مستعملة_في_دمشق_وريفها
Syria,Levant / Mashriq,annex / classifieds,متجر الكتب المدرسية السورية (بيع وشراء) — used schoolbook group,social_used_schoolbook_group,pass120_syria_post_reopening_used_book_social_classifieds_hardening_web_check,medium,Added pass120. Public snippets show used Syrian schoolbook buy/sell posts including Baccalaureate sets in Damascus. Schoolbook social resale only; no platform mechanics.,primary,syria::متجر_الكتب_المدرسية_السورية_(بيع_وشراء)
Syria,Levant / Mashriq,single-store used booksellers,مجموعة دار الوثائق بحلب — Aleppo used-book buy/sell group,social_used_book_seller_group,pass120_syria_post_reopening_used_book_social_classifieds_hardening_web_check,medium-high,"Added pass120. Dar al-Watha’iq/Aleppo public group surface and related posts describe buying and selling used books, WhatsApp/Telegram follow-through, and Aleppo book-sale activity. Treated as social/seller-group used-book seam, not standalone marketplace.",primary,syria::مجموعة_دار_الوثائق_بحلب
Syria,Levant / Mashriq,single-store bookstore layer,Maktabat Al-Nouri — Damascus historic bookstore,bookstore,pass229_syria_2026-07-19,high,"Famous historic bookstore in Damascus established in 1932 (Al-Zahra Street), supplying general literature, law books, and publisher titles.",primary,syria::maktabat_al-nouri
Syria,Levant / Mashriq,single-store bookstore layer,Maktabat Al-Nobles — Syrian online book platform & library,digital_library,pass229_syria_2026-07-19,medium-high,"Syrian online book platform and digital library offering physical paper books, e-books, and audiobooks.",primary,syria::maktabat_al-nobles
Iraq,Levant / Mashriq,single-store used booksellers,Al Asriyah Bookshop — Baghdad,offline_bookshop,pass116_iraq_kurdistan_social_commerce_annex_web_check,high,"Added pass116. Baghdad/Al-Mutanabbi Street heritage bookshop and antiquarian/rare-book signal; The National reports it as Iraq’s oldest bookshop where writers sold and purchased books, with old volumes and home delivery. Single-store cultural-commerce evidence, not marketplace.",primary,iraq::al_asriyah_bookshop
Iraq,Levant / Mashriq,single-store bookstore layer,Amazon Book / Ktebfroshi Amazon — Erbil,site/social_storefront,pass116_iraq_kurdistan_social_commerce_annex_web_check,medium-high,"Added pass116. Erbil/Kurdistan bookshop with live official web catalogue and priced books plus social traces under Ktebfroshi/Amazing/Amazon Book aliases. Useful KRG online book-commerce rail, but single-store/first-party retail rather than strict used-book marketplace.",primary,iraq::amazon_book___ktebfroshi_amazon
Iraq,Levant / Mashriq,offline / fair / literacy layer,Baghdad International Book Fair,fair,official_news_remote_verified,high,2025 Baghdad fair documented by Al-Mustaqbal University reporting strong official/public participation and fairground dates.,primary,iraq::baghdad_international_book_fair
Iraq,Levant / Mashriq,main universe,Dar al-Kutub al-Ilmiyya — Baghdad,site,official_site_remote_verified,high,"Mutanabbi Street publishing/retail/distribution house with broad taxonomy, agency links, and explicit book-distribution services.",primary,iraq::dar_al-kutub_al-ilmiyya
Iraq,Levant / Mashriq,weak-fit core,Elryan Iraq — Books,site,mena_west_asia_hardening_web_pass57,medium,Iraq online books retail/delivery category; book-forward but not used marketplace.,primary,iraq::elryan_iraq
Iraq,Levant / Mashriq,offline / fair / literacy layer,Erbil International Book Fair,fair,official_event_remote_verified; official_news_remote_verified,high,Major annual Erbil fair with official 2026 site and UN Iraq documentation for the 2025 edition.,primary,iraq::erbil_international_book_fair
Iraq,Levant / Mashriq,single-store bookstore layer,Haval Bookstore — Erbil,social_storefront,pass116_iraq_kurdistan_social_commerce_annex_web_check,medium-high,"Added pass116. Large Erbil social-commerce bookstore with public profile evidence for delivery across Iraq. Retained as single-store bookstore layer, not strict main universe; no independent third-party used-book seller/onboarding mechanics found.",primary,iraq::haval_bookstore
Iraq,Levant / Mashriq,single-store bookstore layer,Headway Bookstore — Erbil,social_storefront,pass116_iraq_kurdistan_social_commerce_annex_web_check,medium-high,Added pass116. Erbil social-commerce bookstore with public delivery-to-all-Iraq and “provide any book” traces. Single-store/import-order rail only; useful KRG commerce depth but not strict used-book marketplace.,primary,iraq::headway_bookstore
Iraq,Levant / Mashriq,main universe,Kitabi Iraq,site,official_site_remote_verified,medium,"Live Iraq-facing online bookstore for Iraqi, Arabic, and world books.",primary,iraq::kitabi_iraq
Iraq,Levant / Mashriq,single-store used booksellers,Kotobi__ used-books Instagram store,social_storefront,pass116_iraq_kurdistan_social_commerce_annex_web_check,medium-high,"Added pass116. Instagram used-books store profile advertises curated used books and fast delivery to all Iraqi provinces, and states it sells only. Single-seller used-bookseller signal, not marketplace.",primary,iraq::kotobi___used-books_instagram_store
Iraq,Levant / Mashriq,weak-fit core,LIRE Bookstore,site,official_site_remote_verified,high,English/university-books rail with delivery across Iraq and strong academic/import specialization.,primary,iraq::lire_bookstore
Iraq,Levant / Mashriq,main universe,Mutanabi Shop / متجر شارع المتنبي,site,official_site_remote_verified,high,"Mutanabbi Street online commerce layer with broad book categories, rare-book requests, and links to Baghdad’s historic book district ecology.",primary,iraq::mutanabi_shop___متجر_شارع_المتنبي
Iraq,Levant / Mashriq,annex / classifieds,OpenSooq Iraq — Books & Magazines,site,mena_west_asia_hardening_web_pass57,high,"Iraq books category advertises new, used and rare books for sale; horizontal classifieds/marketplace spillover.",primary,iraq::opensooq_iraq
Iraq,Levant / Mashriq,annex / classifieds,OpenSooq Iraq — books,site,classifieds_marketplace_remote_verified,high,"Broad Iraq classifieds marketplace with live book listings in Baghdad, Basra, Duhok, Karbala, and other cities.",primary,iraq::opensooq_iraq
Iraq,Levant / Mashriq,weak-fit core,Royal Store IQ,site,official_site_remote_verified,high,Iraq-wide imported English-books ecommerce rail with fast delivery and cash-on-delivery language.,primary,iraq::royal_store_iq
Iraq,Levant / Mashriq,single-store used booksellers,Sutoor Bookstore / Dar Sutoor — Baghdad,bookstore_publisher,pass116_iraq_kurdistan_social_commerce_annex_web_check,high,Added pass116. Baghdad/Al-Mutanabbi bookstore-publisher whose public profile says it began with used books and grew into a registered publishing/bookstore operation distributing across Iraqi universities and provinces. Single-store/bookstore-publisher layer only.,primary,iraq::sutoor_bookstore___dar_sutoor
Iraq,Levant / Mashriq,offline / fair / literacy layer,Tswahun Bookstore exchange service — العراق,bookstore_exchange_feature,pass116_iraq_kurdistan_social_commerce_annex_web_check,medium-low,"Added pass116 as targeted hold. Public Instagram trace says Tswahun Bookstore planned/returned a book-exchange service for old books. Useful bookstore-mediated exchange signal, but not enough for strict main-universe promotion without active exchange/inventory proof.",primary,iraq::tswahun_bookstore_exchange_service
Iraq,Levant / Mashriq,annex / classifieds,الكروب العام لبيع وشراء الكتب في العراق — Facebook group,social_group,pass116_iraq_kurdistan_social_commerce_annex_web_check,high,"Added pass116. Public Iraqi book buy/sell group with used/swap post traces. Confirms social-resale spillover but remains platform-hosted annex, not strict main universe.",primary,iraq::الكروب_العام_لبيع_وشراء_الكتب_في_العراق
Iraq,Levant / Mashriq,annex / classifieds,بيع وشراء كتب مستعملة في العراق — Facebook group,social_group,pass116_iraq_kurdistan_social_commerce_annex_web_check,high,"Added pass116. Public Facebook group explicitly for buying and selling used books in Iraq, with recent sale posts and province-wide delivery traces. Annex/social resale only; not standalone marketplace infrastructure.",primary,iraq::بيع_وشراء_كتب_مستعملة_في_العراق
Iraq,Levant / Mashriq,annex / classifieds,سوق الكتاب المفتوح (العراق) — Facebook group,social_group,pass116_iraq_kurdistan_social_commerce_annex_web_check,high,Added pass116. Public open book market group for Iraq with used-book sale/swap traces. Annex/social resale only; no independent marketplace mechanics.,primary,iraq::سوق_الكتاب_المفتوح_(العراق)
Iraq,Levant / Mashriq,annex / classifieds,عالم الكتب المستعملة بغداد عراق بيع شراء — Facebook page,social_page,pass116_iraq_kurdistan_social_commerce_annex_web_check,medium-high,"Added pass116. Baghdad/Iraq used-books social page advertising used-book sale and delivery in Baghdad/Karbala/Mosul/Basra and other Iraqi provinces. Treated as social/single-seller annex, not strict main.",primary,iraq::عالم_الكتب_المستعملة_بغداد_عراق_بيع_شراء
Iraq,Levant / Mashriq,annex / classifieds,كروب المكتبات العراقية لبيع وشراء الكتب في العراق — Facebook group,social_group,pass116_iraq_kurdistan_social_commerce_annex_web_check,high,"Added pass116. Public group for Iraqi libraries/booksellers buying and selling books, including bulk/listing post traces. Annex/social resale only.",primary,iraq::كروب_المكتبات_العراقية_لبيع_وشراء_الكتب_في_العراق
Iraq,Levant / Mashriq,single-store bookstore layer,Simma — Iraq books and stationery,site,pass220_iraq_2026-07-12,medium-high,Iraq online bookstore and stationery supplier with national delivery. First-party retail catalog; not used/recommerce marketplace. ISBN note: not verified.,primary,iraq::simma
Iraq,Levant / Mashriq,main universe,Maktabati,site,pass220_iraq_2026-07-12,medium-high,Iraqi online book marketplace connecting multiple local bookstores with delivery. ISBN note: not verified.,primary,iraq::maktabati
Iraq,Levant / Mashriq,single-store bookstore layer,Amazon Book Erbil — Kurdistan bookstore & delivery,bookstore,pass230_iraq_2026-07-19,high,Established bookstore in Erbil (Kirkuk Street) offering online book ordering and delivery across Iraq and Kurdistan Region.,primary,iraq::amazon_book_erbil
Iraq,Levant / Mashriq,single-store bookstore layer,Haval Bookstore Erbil — Kurdistan online bookstore,bookstore,pass230_iraq_2026-07-19,medium-high,"Bookstore in Erbil, Kurdistan Region offering a dedicated online store for literature and educational titles.",primary,iraq::haval_bookstore_erbil
Libya,North Africa / Maghreb,weak-fit core,Alresalah Bookshop,site,web_verified_2026_04_21,high,Tripoli supplier and distributor of books and international publications.,primary,libya::alresalah_bookshop
Libya,North Africa / Maghreb,single-store bookstore layer,Dar Fergiani / Fergiani Bookshop — Tripoli/London bookstore-publisher layer,bookstore_publisher_layer,pass121_libya_tripoli_benghazi_misrata_used_book_social_hardening_web_check,high,Added pass121. Heritage Libyan bookstore/publisher layer with official e-commerce continuity and historical Tripoli bookshop footprint; not a used-book marketplace.,primary,libya::dar_fergiani___fergiani_bookshop
Libya,North Africa / Maghreb,weak-fit core,Mobd3oon,site,web_verified_2026_04_21,high,"Tripoli-based ecommerce rail with children’s books, novels, and educational inventory.",primary,libya::mobd3oon
Libya,North Africa / Maghreb,annex / classifieds,OpenSooq Libya — Benghazi Books & Magazines city vertical,horizontal_classifieds_city_vertical,pass121_libya_tripoli_benghazi_misrata_used_book_social_hardening_web_check,high,"Added pass121. Benghazi city book listings include used-book sale examples and delivery/chat mechanics; city segmentation only, not independent book platform.",primary,libya::opensooq_libya
Libya,North Africa / Maghreb,annex / classifieds,OpenSooq Libya — Books,marketplace,web_verified_2026_04_21,high,"Broad books and magazines marketplace with new, used, and rare-book circulation.",primary,libya::opensooq_libya
Libya,North Africa / Maghreb,annex / classifieds,OpenSooq Libya — Misrata Books & Magazines city vertical,horizontal_classifieds_city_vertical,pass121_libya_tripoli_benghazi_misrata_used_book_social_hardening_web_check,medium-high,Added pass121. Misrata city OpenSooq books vertical supports Tripoli/Benghazi/Misrata segmentation requested by revisit queue; horizontal classifieds only.,primary,libya::opensooq_libya
Libya,North Africa / Maghreb,annex / classifieds,OpenSooq Libya — Tripoli Books & Magazines city vertical,horizontal_classifieds_city_vertical,pass121_libya_tripoli_benghazi_misrata_used_book_social_hardening_web_check,high,"Added pass121. Tripoli city book vertical advertises buying/selling books and new/used/rare framing; horizontal OpenSooq infrastructure, not standalone book marketplace.",primary,libya::opensooq_libya
Libya,North Africa / Maghreb,offline / fair / literacy layer,Public Prosecutor's International Book Fair 2025,event,web_verified_2026_04_21,high,"Tripoli fair infrastructure with 425 exhibitors and 170,000+ titles in 2025.",primary,libya::public_prosecutor's_international_book_fair_2025
Libya,North Africa / Maghreb,single-store used booksellers,بيع و شراء الكتب المستعملة في ليبيا — Libya used-book buy/sell group,social_used_book_group,pass121_libya_tripoli_benghazi_misrata_used_book_social_hardening_web_check,medium-high,"Added pass121. Public group description explicitly frames used-book buying and selling across Libya, including affordable, scientific, and curriculum books; Facebook-hosted social resale, not standalone marketplace.",primary,libya::بيع_و_شراء_الكتب_المستعملة_في_ليبيا
Libya,North Africa / Maghreb,annex / classifieds,بيع وشراء الكتب داخل ليبيا — books buy/sell inside Libya group,social_books_buy_sell_group,pass121_libya_tripoli_benghazi_misrata_used_book_social_hardening_web_check,medium-high,"Added pass121. Public snippets show buy/sell book activity and recent posts; social group texture, not independent platform infrastructure.",primary,libya::بيع_وشراء_الكتب_داخل_ليبيا
Libya,North Africa / Maghreb,single-store bookstore layer,مكتبة الكون / Al-Kon Book — Tripoli/Cairo publisher-bookstore layer,bookstore_publisher_layer,pass121_libya_tripoli_benghazi_misrata_used_book_social_hardening_web_check,medium-high,"Added pass121. Official surface describes Al-Kon lineage from Tripoli/Meknes/Fath library roots and current publishing/book activity; retained as bookstore/publisher context, not recommerce.",primary,libya::مكتبة_الكون___al-kon_book
Libya,North Africa / Maghreb,single-store used booksellers,مكتبة جواد لبيع الكتب — Jawad Bookshop social used/new seller,social_used_new_bookstore,pass121_libya_tripoli_benghazi_misrata_used_book_social_hardening_web_check,medium,"Added pass121. Public about/snippet says the page is concerned with buying and selling used and new books across religious, literary, cultural, and scientific fields; social/single-store only.",primary,libya::مكتبة_جواد_لبيع_الكتب
Libya,North Africa / Maghreb,annex / classifieds,مملكة الكتب لبيع وشراء الكتب داخل ليبيا — Kingdom of Books Libya group,social_books_buy_sell_group,pass121_libya_tripoli_benghazi_misrata_used_book_social_hardening_web_check,medium,Added pass121. Public group description says it is a group for selling books; retained as social resale texture only.,primary,libya::مملكة_الكتب_لبيع_وشراء_الكتب_داخل_ليبيا
Libya,North Africa / Maghreb,single-store bookstore layer,Dar Al-Ruwad / دار الرواد للنشر والتوزيع — Tripoli bookstore-publisher,bookstore_publisher_layer,pass231_libya_2026-07-19,high,"Established bookstore and publisher in Tripoli (That El-Emad complex) founded in 1990, providing academic, history, law, and international literature.",primary,libya::dar_al-ruwad___دار_الرواد_للنشر_والتوزيع
Libya,North Africa / Maghreb,single-store bookstore layer,Tripoli International Library — Hay Al-Andalous flagship,bookstore,pass231_libya_2026-07-19,high,"Major retail bookstore in Hay Al-Andalous, Tripoli, featuring extensive collections of academic, scientific, and literary works across Libya.",primary,libya::tripoli_international_library
Palestine,Levant / Mashriq,weak-fit core,Academic Bookshop / المكتبة الأكاديمية — Hebron,single_store_bookstore_distribution,pass119_palestine_fragmented_bookshop_social_used_book_hardening_web_check,medium-high,Added pass119. Academic Bookshop public profile describes a Hebron bookstore and leading retailer/distributor of English books in Palestine. Book-forward distribution rail but first-party/store layer only.,primary,palestine::academic_bookshop___المكتبة_الأكاديمية
Palestine,Levant / Mashriq,single-store bookstore layer,Adam Bookshop / مكتبة ادم — Ramallah,single_store_bookstore_social_official,pass119_palestine_fragmented_bookshop_social_used_book_hardening_web_check,medium-high,"Added pass119. Ramallah social bookstore surface gives location on al-Irsal Street and delivery to all Palestinian cities, wholesale/retail language, and active book promotions. Single-store/social commerce, not marketplace.",primary,palestine::adam_bookshop___مكتبة_ادم
Palestine,Levant / Mashriq,single-store used booksellers,Bastat/Bastet Kotoob 2 — Ramallah used/new book bazaar / بسطة كتب 2,offline_social_used_new_books_bazaar,pass119_palestine_fragmented_bookshop_social_used_book_hardening_web_check,medium-high,"Added pass119. Al-Multaqa/Hakaya public surfaces describe Bastat Kotoob 2 in Ramallah as an exhibition/bazaar of hundreds of used and new books at symbolic low prices, including donated books and a physical location. Strong used/new social/offline seam, not standalone marketplace infrastructure.",primary,palestine::bastat_bastet_kotoob_2
Palestine,Levant / Mashriq,weak-fit core,Dandis Book Shop,site,web_verified_2026-04-20,high,"Hebron-based bookshop presenting itself as a leading publishing-and-distribution rail in Palestine, with longstanding branch presence and live ecommerce structure.",primary,palestine::dandis_book_shop
Palestine,Levant / Mashriq,weak-fit core,Educational Bookshop,site,web_verified_2026-04-20,high,"East Jerusalem Palestinian bookshop with live ecommerce, rapid delivery service, and ongoing cultural programming. | Pass119 Palestine patch: Live Shopify storefront confirms Jerusalem address, online product catalogue, Palestine/Israel categories, NIS pricing, payment/shipping policy; retained as first-party bookstore/ecommerce, not resale marketplace.",primary,palestine::educational_bookshop
Palestine,Levant / Mashriq,annex / classifieds,Free Book Exchange in Palestine / تبادل الكتب في فلسطين مجاناً,social_book_exchange_group,pass119_palestine_fragmented_bookshop_social_used_book_hardening_web_check,medium,"Added pass119. Public snippets show a Palestine free book-exchange group with posts requesting, offering, and selling books in places such as Nablus. Social/group exchange only; not independent platform or governed seller rail.",primary,palestine::free_book_exchange_in_palestine___تبادل_الكتب_في_فلسطين_مجاناً
Palestine,Levant / Mashriq,single-store bookstore layer,Ibhar Books / متجر إبحار للكتب,online_first_party_bookstore,pass119_palestine_fragmented_bookshop_social_used_book_hardening_web_check,high,Added pass119. Ibhar Books is a Palestinian Arabic paper-book ecommerce shop with cart/prices/categories and explicit delivery of paper books in Palestine. First-party online bookstore; no used-book marketplace/seller onboarding evidence.,primary,palestine::ibhar_books___متجر_إبحار_للكتب
Palestine,Levant / Mashriq,single-store bookstore layer,Kitabak La-Baytak / كتابك لبيتك — delivery bookshop,social_bookstore_delivery,pass119_palestine_fragmented_bookshop_social_used_book_hardening_web_check,medium-high,Added pass119. Social bookstore/delivery page advertises book delivery across Palestine with WhatsApp ordering. Useful territory-commerce seam but first-party/social storefront only.,primary,palestine::kitabak_la-baytak___كتابك_لبيتك
Palestine,Levant / Mashriq,annex / classifieds,Mstaml Palestine — books / مكتبة نور الكتب tag,horizontal_resale_tag_books,pass119_palestine_fragmented_bookshop_social_used_book_hardening_web_check,medium,"Added pass119. Mstaml Palestine tag page says books can be sold through libraries or ceded directly by owners at good prices and exposes Palestinian city filters, but the checked tag had no related ads. Annex/resale-market texture only.",primary,palestine::mstaml_palestine
Palestine,Levant / Mashriq,annex / classifieds,OpenSooq Palestine,site,web_verified_2026-04-20,high,"Cross-territory classifieds rail with books-and-hobbies and books listings across Jerusalem, Ramallah and al-Bireh, Gaza, Nablus, Hebron, and other Palestinian cities. || Live listings show both new and used books circulating across multiple Palestinian cities, giving a real but horizontal second-hand signal without a clearly anchored specialist used-book spine. | Pass119 Palestine patch: Arabic and English OpenSooq Palestine pages still support new/used/rare book listing language and buy/sell framing, but remain horizontal classifieds. Pass119 did not promote OpenSooq to strict main.",primary,palestine::opensooq_palestine
Palestine,Levant / Mashriq,used-book signal (territory note),OpenSooq Palestine,site,web_verified_2026-04-20,high,"Cross-territory classifieds rail with books-and-hobbies and books listings across Jerusalem, Ramallah and al-Bireh, Gaza, Nablus, Hebron, and other Palestinian cities. || Live listings show both new and used books circulating across multiple Palestinian cities, giving a real but horizontal second-hand signal without a clearly anchored specialist used-book spine. | Pass119 Palestine patch: Arabic and English OpenSooq Palestine pages still support new/used/rare book listing language and buy/sell framing, but remain horizontal classifieds. Pass119 did not promote OpenSooq to strict main.",supporting,palestine::opensooq_palestine
Palestine,Levant / Mashriq,offline / fair / literacy layer,Palestine International Book Fair,event,web_verified_2026-04-20,high,Ministry of Culture reporting confirms the Palestine International Book Fair closed in 2026 with programming at the National Library and explicit references to Gaza authors blocked by permit restrictions.,primary,palestine::palestine_international_book_fair
Palestine,Levant / Mashriq,single-store bookstore layer,Palestinian Museum Gift Shop,site,web_verified_2026-04-20,high,"Birzeit institutional store with live books/publications catalogue spanning Palestine-focused history, art, literature, and children’s titles.",primary,palestine::palestinian_museum_gift_shop
Palestine,Levant / Mashriq,offline / fair / literacy layer,Ramallah Public Library,institution,web_verified_2026-04-20,high,"Official municipal library founded in 1957 with about 60,000 items and remote catalogue access, reinforcing the literacy and public-library layer in Ramallah.",primary,palestine::ramallah_public_library
Palestine,Levant / Mashriq,weak-fit core,Sharbain's Bookshop,site,web_verified_2026-04-20,high,"Family-operated Palestine bookshop founded in 1959 with Jerusalem and Ramallah branches and supply reach across the vast majority of the Palestinian territories and East Jerusalem. | Pass119 Palestine patch: Official page confirms family-operated Palestine bookshop founded in 1959, Jerusalem/Ramallah branches, institutional/school/university supply reach across Palestinian territories and East Jerusalem. Retained as weak-fit/bookstore distribution, not used/recommerce marketplace.",primary,palestine::sharbain's_bookshop
Palestine,Levant / Mashriq,annex / classifieds,Shobiddak Palestine — Books & Magazines,horizontal_classifieds_books_category,pass119_palestine_fragmented_bookshop_social_used_book_hardening_web_check,high,"Added pass119. Shobiddak Palestine books-and-magazines category advertises thousands of books for sale in Palestine, including new, used and rare books, with buy-or-sell framing. Horizontal classifieds/book category only; not book-specific strict marketplace.",primary,palestine::shobiddak_palestine
Palestine,Levant / Mashriq,offline / fair / literacy layer,AlHaq,institutional_publications_repository,pass232_palestine_2026-07-22,high,"Ramallah human-rights institution with a large current public publications and report repository; institutional literacy/research evidence, not a bookstore or marketplace.",primary,palestine::alhaq
Palestine,Levant / Mashriq,single-store bookstore layer,Watan Books / متجر وطن الكتب,online_first_party_bookstore,pass232_palestine_2026-07-22,high,"Active first-party bookshop with ILS pricing, cart checkout, broad Arabic catalogue, and a stated history of book fairs since 2019; no third-party seller onboarding.",primary,palestine::watan_books___متجر_وطن_الكتب
Palestine,Levant / Mashriq,single-store bookstore layer,Yamameh Lilkitab / يمامة للكتاب — Al-Bireh,bookstore_publisher_layer,pass232_palestine_2026-07-22,high,"Independent Al-Bireh publisher and online store launched in 2022, selling its Arabic and English print/electronic books; first-party publisher-store, not recommerce.",primary,palestine::yamameh_lilkitab___يمامة_للكتاب
Palestine,Levant / Mashriq,annex / classifieds,Dawerha / دورها — Books & Novels,horizontal_used_goods_marketplace_books_category,pass232_palestine_2026-07-22,high,"Ramallah horizontal used-goods marketplace with a Books & Novels category, seller-attributed book listings, ILS prices, cart and checkout. Strong used-book signal but not book-specific strict-main infrastructure.",primary,palestine::dawerha___دورها
