territory,status,priority,suggested_scope,reason
Afghanistan,resolved_pass220_active_spiders_built,medium-low,Targeted only: reopen Afghanistan if a Afghanistan-native book-specific used/recommerce marketplace appears; if Leelam book-category/product-detail surfaces expose structured ISBN/detail metadata or stronger used/private listing depth; if Sale.af or BookPoint develops public used-book/buyback/consignment/seller mechanics; or if Facebook/social book surfaces platformize beyond ordinary social/horizontal posts.,"Pass220 successfully resolved and built active spiders: aksos_af_spider.py. Pass158 opened Afghanistan as its own zero-row territory pass. It found Leelam as the strongest horizontal books/textbooks/magazines classifieds rail, Facebook Marketplace book-category activity, Sale.af localized ecommerce/book-category infrastructure, several single-store online/bookstore layers, and diaspora book-delivery context. No standalone Afghanistan-native book-specific used/recommerce marketplace was verified. ISBN rule applied; no ISBN values captured."
Albania,resolved_pass220_active_spiders_built,medium-low,"Targeted only: reopen Albania if a native book-specific third-party used/recommerce marketplace appears; if Bukinist/Adrion/Albas develop seller/used-book marketplace mechanics; if ShtepiaeLibrit exposes richer used-book inventory export or seller sourcing details; or for targeted ISBN/detail extraction from ShtepiaeLibrit, Bukinist, Adrion, MerrJep book listings and social used-book storefronts.","Pass220 successfully resolved and built active spiders: albania_merrjep_spider.py, merrjep_al_spider.py. Pass187 hardened Albania from three URL-less frontier shorthand rows into a source/evidence-backed no-strict-main profile. Strong layers are online bookstores, single-operator used-book catalogue, broad classifieds, social used-book storefronts and book fairs; no strict-main platform verified."
Algeria,resolved_pass220_active_spiders_built,medium,"later deeper pass on state-publishing overlap, university/bookshop segmentation, and stronger specialist used-book rails","Pass220 successfully resolved and built active spiders: afribaba_algeria_spider.py, ouedkniss_dz_spider.py, vitamine_dz_spider.py, leerbook_dz_spider.py, livresetlis_dz_spider.py, locanto_algeria_spider.py, readsina_dz_spider.py, genuine_reg2_ouedkniss_spider.py, sedia_dz_spider.py. Pass 1 is enough for closure, but Algeria likely has more institutional and specialist depth than the current first-pass surface captures cleanly."
Angola,resolved_pass220_active_spiders_built,medium,"Targeted only: Angolivros active inventory/listing depth, seller-dashboard/account-flow capture, Sebo Talatona non-social domain or account-flow proof, social group volume, and any evidence of BayQi/general marketplace book-category depth.","Pass220 successfully resolved and built active spiders: angolivros_spider.py, genuine_reg2_bazarafriqueao_spider.py, sebo_talatona_spider.py, bazarafrique_ao_spider.py, locanto_ao_spider.py, livraria_barquinho_ao_spider.py, livraria_kiela_ao_spider.py, genuine_reg2_saldosangola_spider.py. Pass106 added Angolivros as a high-confidence strict-candidate and hardened Sebo Talatona. Angola now has multiple book-specific buy/sell/used-trade rails; reopen only for deeper mechanics, active inventory, or third-party seller proof."
Argentina,resolved_pass220_active_spiders_built,medium-low,Targeted only: monitor BiblioMarket/Tubuc seller/inventory depth; Pila de Libros current active exchange metrics/account flow; Buscalibre used-seller mechanics if Argentina-local evidence appears; additional Argentina-native book-specific resale platforms. No broad reopen absent fresh strict-main evidence.,"Pass220 successfully resolved and built active spiders: libreria_aguilar_a_r_spider.py, clasf_a_r_spider.py, fantasia_libros_a_r_spider.py, el_ateneo_a_r_spider.py, tubuc_spider.py, proalibreria_a_r_spider.py, puesto40_ar_spider.py, cuspide_a_r_spider.py, la_tienda_de_libros_a_r_spider.py, falabella_a_r_spider.py, eudeba_a_r_spider.py, uba_student_exchange_spider.py, sbs_a_r_spider.py, bibliomarket_spider.py, boutique_del_libro_madryn_a_r_spider.py, b_s_libros_a_r_spider.py, hernandez_a_r_spider.py, pila_de_libros_spider.py. Pass137 hardened Argentina: strict spine now BiblioMarket + Tubuc + Pila de Libros; Buscalibre demoted to weak-fit used-filter retail/import rail; MercadoLibre/Anuto/Facebook annex and single-store used-book layers added. Broad revisit no longer needed."
Armenia,resolved_pass220_active_spiders_built,medium,Armenia second-pass hardening for book-specific recommerce/seller-flow mechanics,"Pass220 successfully resolved and built active spiders: list_am_spider.py, bukinist_am_spider.py, bookinist_am_spider.py. Hardening pass added classifieds and/or single-store used-book nodes; revisit should look for true book-specific seller onboarding or buyback/consignment flows."
Austria,resolved_pass220_active_spiders_built,medium-low,Targeted only: monitor Austria-specific strict-main activity in ZVAB/Booklooker/Buchfreund/Antiquariatsportal; Bookbot Austria seller-volume and ISBN/detail capture; Tyrolia/Morawa Zeercle program continuity; any genuinely Austria-native book-specific third-party resale platform. No broad Austria reopen absent fresh strict-main evidence.,"Pass220 successfully resolved and built active spiders: willhaben_at_spider.py, zvab_at_spider.py, antiquariatsportal_at_spider.py, bookbot_at_spider.py. Pass179 hardened Austria: strict-main now represented by Austria-facing DACH/antiquarian portals; active Austria-native recommerce is mostly Bookbot and retailer/Zeercle buyback flows; willhaben remains annex/horizontal; Thalia used-book pilot recorded as legacy/closed."
Azerbaijan,resolved_pass220_active_spiders_built,medium,Azerbaijan second-pass hardening for book-specific recommerce/seller-flow mechanics,"Pass220 successfully resolved and built active spiders: baku_book_center_az_spider.py, tezbazar_az_spider.py, alinino_az_spider.py, tap_az_spider.py. Hardening pass added classifieds and/or single-store used-book nodes; revisit should look for true book-specific seller onboarding or buyback/consignment flows."
Bahrain,resolved_pass220_active_spiders_built,medium,classifieds and used-store signal deepening,"Pass220 successfully resolved and built active spiders: genuine_reg2_opensooqbahrain_spider.py, bookmartme_bh_spider.py, dubizzle_bh_spider.py, bahrain_opensooq_spider.py. Used signals remain classifieds/thrift/social-store; no strict core yet."
Bangladesh,resolved_pass220_active_spiders_built,medium,BookCycle direct active-inventory hardening,"Pass220 successfully resolved and built active spiders: pbazaar_bd_spider.py, brac_research_evaluation_division_red_spider.py, bikroy_bd_spider.py, bangladesh_academy_sciences_spider.py, booktionary_bd_spider.py, olx_bd_spider.py, bookends_b_d_spider.py, adpost_bd_spider.py, locanto_bd_spider.py, eboighar_b_d_spider.py, rokomari_b_d_spider.py, book_ocean_b_d_spider.py, cellbazaar_spider.py, booktionary_spider.py, onlinebookshop_bd_spider.py, wafilife_bd_spider.py, harekrokom_b_d_spider.py, boi_bazar_b_d_spider.py, pathak_shamabesh_bd_spider.py, rokomari_bd_spider.py, clickbd_bd_spider.py, bookcycle_bd_spider.py. BookCycle is promising and Bangladesh-scoped, but direct render remains sparse; reopen only for live listing, upload/account flow, transaction/contact, or app telemetry proof."
Bangladesh,resolved_pass220_active_spiders_built,medium,BookCycle direct listing/account-flow proof; Booktionary peer-to-peer vs operator-mediated exchange/sale mechanics; Boisetu/Rokomari weak-fit cleanup only if fresh evidence appears.,"Pass220 successfully resolved and built active spiders: pbazaar_bd_spider.py, brac_research_evaluation_division_red_spider.py, bikroy_bd_spider.py, bangladesh_academy_sciences_spider.py, booktionary_bd_spider.py, olx_bd_spider.py, bookends_b_d_spider.py, adpost_bd_spider.py, locanto_bd_spider.py, eboighar_b_d_spider.py, rokomari_b_d_spider.py, book_ocean_b_d_spider.py, cellbazaar_spider.py, booktionary_spider.py, onlinebookshop_bd_spider.py, wafilife_bd_spider.py, harekrokom_b_d_spider.py, boi_bazar_b_d_spider.py, pathak_shamabesh_bd_spider.py, rokomari_bd_spider.py, clickbd_bd_spider.py, bookcycle_bd_spider.py. Pass111 hardened Bangladesh strict-core evidence; Booktionary remains high; BookCycle remains medium-high because direct rendered page/search result/developer-profile evidence supports strict fit but active inventory and account-flow proof remain thin."
Bangladesh,resolved_pass220_active_spiders_built,medium,Booktionary operator-vs-peer mechanics,"Pass220 successfully resolved and built active spiders: pbazaar_bd_spider.py, brac_research_evaluation_division_red_spider.py, bikroy_bd_spider.py, bangladesh_academy_sciences_spider.py, booktionary_bd_spider.py, olx_bd_spider.py, bookends_b_d_spider.py, adpost_bd_spider.py, locanto_bd_spider.py, eboighar_b_d_spider.py, rokomari_b_d_spider.py, book_ocean_b_d_spider.py, cellbazaar_spider.py, booktionary_spider.py, onlinebookshop_bd_spider.py, wafilife_bd_spider.py, harekrokom_b_d_spider.py, boi_bazar_b_d_spider.py, pathak_shamabesh_bd_spider.py, rokomari_bd_spider.py, clickbd_bd_spider.py, bookcycle_bd_spider.py. Booktionary has old-book ordering and website-controlled exchange policy evidence; revisit only to clarify whether resale is peer-to-peer, trade-in/store-credit, or operator-mediated inventory."
Belarus,zero_surface_opened_pass153_targeted_revisit_only,medium-low,"Targeted only: reopen Belarus if BookSale.by or another Belarus-native book-specific used/recommerce platform is directly live again, or if Ay.by/Kufar surfaces expose book-specialist seller onboarding, structured ISBN/detail metadata, or platform mechanics beyond ordinary horizontal classifieds/auction rails. Broad Belarus reopen no longer needed after pass153.","Pass153 opened Belarus as its own zero-row territory pass. It found deep books/classifieds/auction surfaces and a legacy book-specific used-book board, but no current standalone Belarus-native book-specific used-book marketplace or recommerce platform was verified."
Belgium,resolved_pass220_active_spiders_built,medium-low,"Targeted ISBN/detail extraction across Books in Belgium, Boekwinkeltjes.be, Stubooks, BoekenBalie, De Slegte, Pêle-Mêle, and Recyclivre only if needed.","Pass220 successfully resolved and built active spiders: deuxiememain_be_spider.py, booksinbelgium_spider.py, boekwinkeltjes_be_spider.py, booksinbelgium_be_spider.py, stubooks_spider.py, belgium_2dehands_spider.py. Pass177 added/hardened major Belgium strict-main and lower-layer used-book rails; broad Belgium searching is saturated enough for now."
Benin,resolved_pass220_active_spiders_built,medium,Benin pass on La Friperie du Livre activity and marketplace mechanics,"Pass220 successfully resolved and built active spiders: beninmarketplace_bj_spider.py, bookconekt_bj_spider.py, bookconekt_spider.py, la_friperie_du_livre_spider.py, beninmarketplace_spider.py, librairie_savoir_afrique_bj_spider.py. Self-described used-book marketplace found via social surface; needs activity verification before high-confidence closure."
Bosnia and Herzegovina,resolved_pass220_active_spiders_built,medium-low,"Targeted only: reopen if a Bosnia-native book-specific used/recommerce platform appears, or if OLX.ba books/literature surfaces expose structured ISBN/detail metadata or a book-specialist shop rail beyond ordinary classifieds. Broad Bosnia reopen no longer needed after pass151.","Pass220 successfully resolved and built active spiders: buybook_ba_spider.py, olx_ba_spider.py. Pass151 opened Bosnia and Herzegovina as its own zero-row territory pass. It found deep horizontal OLX.ba book-category activity, social resale/exchange groups, single-seller used-book signals, and active bookstore layers, but no standalone book-specific used-book marketplace or recommerce platform."
Botswana,resolved_pass220_active_spiders_built,medium,Francistown/Maun depth and educational/second-hand backfill,"Pass220 successfully resolved and built active spiders: botswana_locanto_spider.py, genuine_reg_theadvertiserbotswana_spider.py, pages_projects_bw_spider.py. Compact closure is sound, but market still looks bookstore-and-education-led with room for more town-level depth."
Botswana,resolved_pass220_active_spiders_built,low-medium,"Harden social/classifieds and single-store used-book signals for seller flow, inventory depth, and book-specific marketplace mechanics.","Pass220 successfully resolved and built active spiders: botswana_locanto_spider.py, genuine_reg_theadvertiserbotswana_spider.py, pages_projects_bw_spider.py. Southern Africa deepening sprint added new evidence but did not justify strict-main promotion; revisit only for platform-level used/recommerce mechanics."
Brazil,resolved_pass220_active_spiders_built,medium-low,Targeted only: Seboweb public inventory/depth metrics; EscamBook live activity/volume and user-base proof; EstudeiVendi scale/activity; Bazar do Livro seller/consignment mechanics; Skoob Plus only if the official exchange-request pause lifts; any genuinely new Brazil-native book-specific used/recommerce platform. No broad Brazil reopen absent fresh strict-main evidence.,"Pass220 successfully resolved and built active spiders: melivro_br_spider.py, leuvendeu_spider.py, genuine3_mercadolivre_spider.py, olx_br_spider.py, escambook_spider.py, genuine3_meugameusado_spider.py, troca_de_livros_spider.py, genuine3_estantevirtual_spider.py, genuine3_elo7_spider.py, enjoei_spider.py, portaldoslivreiros_spider.py, genuine3_shopeebrazil_spider.py, trovit_br_spider.py, genuine3_vivalocalbrazil_spider.py, genuine3_troc_spider.py, enjoei_br_spider.py, genuine3_trocajogo_spider.py, genuine3_bazarhorizonte_spider.py, genuine3_desapega_spider.py, traca_spider.py, inpe_national_institute_space_research_spider.py, estantevirtual_br_spider.py, genuine3_olxbrazil_spider.py, magazine_luiza_b_r_spider.py, genuine3_shoptime_spider.py, shopee_br_spider.py, mercadolivre_br_spider.py, genuine3_enjoei_spider.py, livrolivre_br_spider.py, casas_bahia_b_r_spider.py, escariz_b_r_spider.py, martins_fontes_b_r_spider.py, usp_student_exchange_spider.py, seboweb_spider.py, genuine3_skina_spider.py, genuine3_repassa_spider.py. Pass145 resolved the highest Brazil cleanup seam: Seboweb promoted to high strict-candidate, EscamBook added as book-specific peer-exchange strict candidate, EstudeiVendi retained weak-fit, Bazar retained single-store/operator, and Skoob Plus held as paused context. Broad Brazil revisit no longer needed."
Burkina Faso,resolved_pass220_active_spiders_built,low,Burkina Faso pass on local book-specific rails beyond CoinAfrique,"Pass220 successfully resolved and built active spiders: librairie_bon_berger_bf_spider.py, genuine_reg_final_coinafriqueburkinafasofinal_spider.py, genuine_reg2_coinafriquebf_spider.py, genuine_reg2_rodwoko_spider.py, librairie_jeunesse_afrique_bf_spider.py, genuine_reg_final_rodwokoburkinafasofinal_spider.py, coinafrique_burkina_spider.py, afribaba_burkina_spider.py. Compact pass is classifieds-led and did not surface a native book-specific used marketplace."
Burundi,resolved_pass220_active_spiders_built,low-medium,"Revisit for Bujumbura book-specific sale/exchange groups, schoolbook resale, and whether Shopit/Lubaga-style ecommerce carries books locally.","Pass220 successfully resolved and built active spiders: genuine_reg_umunaraburundi_spider.py, akaguriro_bi_spider.py, catchyz_bi_spider.py, genuine_reg_final_afribababurundifinal_spider.py, genuine_reg_final_umunaraburundifinal_spider.py. Burundi remains sparse: Bujumbura bookstore and religious-distribution layers are visible, plus Facebook/Ubuy import/classified texture, but no strict used-book marketplace."
Cameroon,resolved_pass220_active_spiders_built,medium-high,"Only reopen for CamerBookshop direct seller-onboarding/listing/payment proof, used/consignment/schoolbook inventory evidence, or a genuinely new Cameroon-native book-specific used/recommerce platform. Keep Camerooncom/CoinAfrique/iConz/Facebook/Afrosmartshop as horizontal/social annex unless book-specific platform mechanics appear.","Pass220 successfully resolved and built active spiders: wisdom_bookshop_cm_spider.py, camerbookshop_spider.py, afribaba_cameroon_spider.py, boncoin_cameroon_spider.py, kerawa_cm_spider.py, camerbookshop_cm_spider.py, genuine_reg2_coinafriquecm_spider.py, locanto_cameroon_spider.py. Pass126 reverified CamerBookshop as Cameroon strict-main candidate but still without used-book specialization; added Camerooncom, Meetlearn, Afrosmartshop, Wisdom Bookshop, BookBank and social/offline used-book texture. Broad high revisit no longer needed."
Cameroon,resolved_pass220_active_spiders_built,medium-high,"Only reopen for CamerBookshop direct seller-onboarding/listing/payment proof, used/consignment/schoolbook inventory evidence, or a genuinely new Cameroon-native book-specific used/recommerce platform. Keep Camerooncom/CoinAfrique/iConz/Facebook/Afrosmartshop as horizontal/social annex unless book-specific platform mechanics appear.","Pass220 successfully resolved and built active spiders: wisdom_bookshop_cm_spider.py, camerbookshop_spider.py, afribaba_cameroon_spider.py, boncoin_cameroon_spider.py, kerawa_cm_spider.py, camerbookshop_cm_spider.py, genuine_reg2_coinafriquecm_spider.py, locanto_cameroon_spider.py. Pass126 reverified CamerBookshop as Cameroon strict-main candidate but still without used-book specialization; added Camerooncom, Meetlearn, Afrosmartshop, Wisdom Bookshop, BookBank and social/offline used-book texture. Broad high revisit no longer needed."
Cape Verde / Cabo Verde,resolved_pass220_active_spiders_built,medium,Praia/Mindelo student textbook resale; WhatsApp/Facebook book-trade groups; verify whether any bookstores accept used books or operate consignment/deposit sale; inspect local classified portals for live book inventory.,"Pass220 successfully resolved and built active spiders: editora_universitaria_universidade_de_santiago_spider.py, lothus_cv_spider.py, pedro_cardoso_cv_spider.py, cvmarket_cv_spider.py, capeverde_afribaba_spider.py. Compact pass found a strong bookstore/institutional distribution layer and social/classifieds/exchange used-book signals, but no dedicated book-specific used-book marketplace or third-party seller rail."
Central African Republic,resolved_pass220_active_spiders_built,low-medium,"Bangui schoolbook resale groups, local booksellers, WhatsApp/Facebook book groups, and ACOLITT/literary-event sale points.","Pass220 successfully resolved and built active spiders: car_afribaba_spider.py, rebuydeal_cf_spider.py. Sparse territory; only social item-level and literary texture found."
Central Asia,open,medium,Post-Kazakhstan Central Asia sweep: Kyrgyzstan/Uzbekistan/Tajikistan/Turkmenistan used-book online seams,Kazakhstan is near-saturated after pass 89; next Central Asia move should look for book-specific resale/exchange rails outside Kazakhstan rather than reopening ordinary bookstores.
Central Asia,open,low,Central Asia strict-core freeze review after pass 90,"Outside Kazakhstan and Uzbekistan/Kitabu, pass 90 produced mostly horizontal app/classifieds texture; future work should be selective and not reopen ordinary bookstores or broad marketplaces."
Chad,resolved_pass220_active_spiders_built,medium,"Nibiya/All Chad book-category depth, Banque des livres TCHAD used-manual mechanics, Le Carré official ecommerce, N’Djamena schoolbook resale groups, and any direct book-specific multi-seller/used-book rail.","Pass220 successfully resolved and built active spiders: tchadmarket_td_spider.py, nibiya_spider.py, chad_locanto_spider.py, chad_afribaba_spider.py, annoncestchad_td_spider.py. Current hardening confirms horizontal classifieds, single-store/bookstore, used-manual, and ebook-shop signals; no verified standalone book-specific multi-seller used/recommerce marketplace yet."
China (mainland),resolved_pass220_active_spiders_built,medium-low,Targeted only: direct-render/inventory/account-flow proof for 有路网; live scale/activity proof for 换享好书; watch for any new book-specific mini-programs with public inventory/seller/buyback mechanics; no broad China reopen absent fresh strict-main evidence.,"Pass220 successfully resolved and built active spiders: qiqi788_spider.py, jiushujie_spider.py, manyoujing_spider.py, xiaoguya_spider.py, yushu_spider.py, jiushujie_7788_spider.py, duozhuayu_spider.py. Pass146 hardened the mainland China circular-book/recommerce layer: 小谷吖 upgraded to high, 漫游鲸 and 渔书 added as high strict book-recommerce/circular-reading candidates, and 有路 retained as a weak-fit hold pending direct current render/inventory proof."
Comoros,resolved_pass220_active_spiders_built,low-medium,"Revisit only if local Moroni bookshop, schoolbook resale groups, or Comorian social commerce book rails surface.","Pass220 successfully resolved and built active spiders: comoresannonces_km_spider.py, comoros_afribaba_spider.py. Comoros remains non-core: only item-level Facebook Marketplace evidence and Ubuy/import retail were found; Alibris/Amazon are external subject spillover only."
Croatia,resolved_pass220_active_spiders_built,medium-low,"Targeted only: reopen Croatia if a Croatia-native standalone book-specific third-party used/recommerce marketplace appears; if udzbenici.com or another used-textbook portal can be verified current with public seller/listing mechanics; or for targeted ISBN/detail extraction across Njuškalo, Aukcije.hr, Knjiga.hr/Ex Libris, Biblos, Knjigoria Planet, Midas, Arka, Ezop, and Superknjižara/J&T.","Pass220 successfully resolved and built active spiders: zuzi_hr_spider.py, superknjizara_hr_spider.py, aukcije_hr_spider.py, croatia_njuskalo_spider.py. Pass193 hardened Croatia from two weak-fit transcript rows into a no-strict-main profile. Strong current layers include Njuškalo books/textbooks classifieds, Aukcije.hr books-and-print auction category, Facebook/social resale, multiple online antikvarijat/used-book shops, Hoću knjigu/Znanje retail infrastructure, and Interliber fair context. No standalone Croatia-native book-specific third-party recommerce marketplace was verified. ISBN rule applied; no bulk ISBN scrape attempted and no reliable ISBN samples were captured beyond product metadata capability notes."
Cyprus,resolved_pass220_active_spiders_built,medium-low,"Targeted future monitoring only: look for a true Cyprus-native book-specific third-party marketplace; ISBN/detail extraction from Moufflon, Soloneion, Vendora.cy, Bazaraki item pages, Anna/Rüstem/Thrift Store Cyprus where exposed; watch Cyprus Book Swap activity only as social annex.","Pass220 successfully resolved and built active spiders: cyprus_bazaraki_spider.py, moufflon_cy_spider.py, bookaholics_cy_spider.py, bazaraki_cy_spider.py. Pass185 hardened Cyprus from four URL-less rows into source/evidence-backed no-strict-main profile with digital-library, bookstore, used/rare single-store, charity, social-swap, and horizontal-classifieds layers. Broad Cyprus searching should pause unless a native book-specific recommerce platform appears."
Côte d'Ivoire,revisit_candidate,medium,"Abidjan marketplace-depth pass on LaPanaf, Lis-Moi used category, and used-book social sellers","Book-forward marketplace and used-book signals found, but strict resale marketplace status remains partly unresolved."
Democratic Republic of the Congo,revisit,medium,"Targeted only: Alibooks/Kicherche seller integration, Kinshasa WhatsApp/social book sellers, schoolbook resale, CoinAfrique book-volume depth, or direct third-party/used/consignment mechanics.","Pass104 hardened current Alibookscd, Kicherche, CoinAfrique and Kinshasa bookstore/mobile-bookstore surfaces; still no verified strict book-specific used marketplace or open third-party seller rail."
Denmark,resolved_pass220_active_spiders_built,medium-low,"Targeted only: deepen item-level ISBN/detail capture for Bogbasen, Saxo used books, Bogtorvet, Antikvariat.net, and specialist antikvariat pages; reopen broad Denmark only if a new Denmark-native app-only or student/book-specific resale marketplace with seller onboarding appears.","Pass220 successfully resolved and built active spiders: saxo_spider.py, bogbasen_spider.py, bogtorvet_spider.py, denmark_guloggratis_spider.py. Pass168 opened Denmark as a strong strict-main territory with enough current evidence for closure to targeted revisit rather than further broad sweeps."
Djibouti,resolved_pass220_active_spiders_built,low-medium,"Revisit for Librairie Victor Hugo used-books/consignment, local schoolbook resale, and Arabic/French social sale groups.","Pass220 successfully resolved and built active spiders: djibouti_afribaba_spider.py, genuine_reg_yawaayedjibouti_spider.py. Djibouti has a clear bookstore layer through Librairie Victor Hugo/Discorama plus Ubuy and Facebook Marketplace texture; no strict used/recommerce rail found."
Egypt,resolved_pass220_active_spiders_built,low,optional later provincial/dealer texture only; no active strict-main candidate after pass203,"Pass220 successfully resolved and built active spiders: bookworm_eg_spider.py, 4swapp_eg_spider.py, flipkart_i_n_spider.py, internet_archive_spider.py, vinted_u_k_spider.py, ex_libris_c_h_spider.py, subito_it_spider.py, vinted_f_r_spider.py, bookshuffle_spider.py, vinted_b_e_spider.py, milay_p_k_spider.py, avito_r_u_spider.py, vinted_p_l_spider.py, diwan_spider.py, medad_spider.py, olx_i_n_spider.py, wallapop_spider.py, willhaben_spider.py, buscalibre_spider.py, cairo_university_book_exchange_spider.py, olx_k_e_spider.py, vinted_i_t_spider.py, academy_scientific_research_technology_asrt_spider.py, academy_arabic_language_cairo_spider.py, regikonyvek_spider.py, book_to_cash_spider.py, book_finder_spider.py, vinted_d_e_spider.py, chegg_spider.py, direct_textbook_spider.py, olx_eg_spider.py, tona_ton_spider.py, konga_n_g_spider.py, wseetk_eg_spider.py, be3ly_eg_spider.py, shorouk_spider.py, vinted_n_l_spider.py, american_university_cairo_press_spider.py, kulshe_eg_spider.py, de_slegte_spider.py, auc_egypt_spider.py, diwan_eg_spider.py, tradera_spider.py. Pass202-203 found dense Egypt used-book infrastructure but no verified Egypt-native book-specific third-party marketplace; future work should be texture/provincial only unless new platform evidence appears."
Equatorial Guinea,resolved_pass220_active_spiders_built,medium,"Malabo/Bata textbook resale, Facebook Marketplace inventory depth, WhatsApp book-trade groups, and consignment/used-book signals at La Casa Tomada, La Librería de Bata, and local publishers.","Pass220 successfully resolved and built active spiders: equatorialguinea_afribaba_spider.py, gq_afribaba_gq_spider.py. Compact pass found named bookstore/digital-library layer and social item-level resale, but no book-specific marketplace mechanics."
Eritrea,resolved_pass220_active_spiders_built,low-medium,"Revisit only for active Asmara/local social commerce, Kebhi sale/donation mechanics, and active local bookstore availability.","Pass220 successfully resolved and built active spiders: genuine_reg_mrkakaeritrea_spider.py, genuine_reg_dendashoeritrea_spider.py. Eritrea has bookstore/digital-literacy signals including Kebhi, HdriMedia/Bana and Asmara bookstore leads; no active local used-book marketplace verified."
Estonia,resolved_pass220_active_spiders_built,medium-low,"Targeted only: item-level ISBN/detail extraction and seller-flow checks across Raamatuhai, Raamatuvahetus, Raamatukoi, Vanaraamat.ee, Rahva Raamat used books, Antikvariaat.eu, Osta.ee rare/books categories and Yaga books category; monitor Raamatuvahetus rendered availability counters and Raamatuhai terms/seller onboarding for activity changes.","Pass220 successfully resolved and built active spiders: raamatuvahetus_spider.py, raamatukoi_ee_spider.py, raamatuhai_spider.py. Pass172 hardened Estonia from three thin rows into a mature Baltic profile with Raamatuhai and Raamatuvahetus as strict/main anchors, strong single-store used/antikvariaat depth, and horizontal/social annex rails. Broad Estonia searching should pause unless fresh strict-main evidence appears or targeted ISBN/detail backfill is requested."
Eswatini,resolved_pass220_active_spiders_built,low-medium,"Harden social/classifieds and single-store used-book signals for seller flow, inventory depth, and book-specific marketplace mechanics.","Pass220 successfully resolved and built active spiders: macmillan_sz_spider.py, eswatini_locanto_spider.py, genuine_reg_eswatiniclassifieds_spider.py, websters_sz_spider.py. Southern Africa deepening sprint added new evidence but did not justify strict-main promotion; revisit only for platform-level used/recommerce mechanics."
Eswatini,resolved_pass220_active_spiders_built,medium,"Manzini-vs-Mbabane segmentation, independent bookseller depth beyond Macmillan network, and any recoverable second-hand seam","Pass220 successfully resolved and built active spiders: macmillan_sz_spider.py, eswatini_locanto_spider.py, genuine_reg_eswatiniclassifieds_spider.py, websters_sz_spider.py. Compact closure is sound, but the present surface is heavily publisher-network-led and may understate local independent depth."
Ethiopia,resolved_pass220_active_spiders_built,medium,"Deepen AddisBooks submission/listing economics, HuluMarket/BaleSuQ book volumes, and local Amharic-language used-book social groups.","Pass220 successfully resolved and built active spiders: habesha_et_spider.py, waka_books_et_spider.py, merkato_et_spider.py, hulumarket_et_spider.py, mefthe_et_spider.py, jiji_et_spider.py, seleda_et_spider.py, ethioadvert_et_spider.py, mereb_et_spider.py, et_market_et_spider.py, sheger_et_spider.py, meselal_et_spider.py, balesuq_et_spider.py, addissouq_et_spider.py. Ethiopia has general classifieds and a robust Addis bookstore-directory/platform layer via AddisBooks, but no used-book or third-party book marketplace confirmed."
Finland,resolved_pass220_active_spiders_built,medium-low,"Targeted only: item-level ISBN/detail capture and seller-flow checks across Antikvaari.fi, Antikvariaatti.net, Antikka.net, Booky.fi Omakauppa, Finlandia Kirja, Kierrätyskeskus, Sumashop and selected antikvariat; monitor whether Suomalainen expands second-hand online or Booky Omakauppa changes status; reopen broad Finland only if a genuinely new Finland-native book-specific recommerce marketplace/app appears.","Pass220 successfully resolved and built active spiders: adlibris_fi_spider.py, antikvaari_spider.py, antikka_spider.py, suomalainen_fi_spider.py, antikvariaatti_net_spider.py, booky_omakauppa_spider.py. Pass171 hardened Finland from three weak-fit rows into a mature strict-main Nordic profile with Antikvaari.fi, Antikvariaatti.net, Antikka.net and Booky.fi Omakauppa as strict/main anchors plus horizontal annex and single-store texture. Broad Finland searching should pause unless fresh strict-main evidence appears or targeted ISBN/detail backfill is requested."
France,resolved_pass220_active_spiders_built,medium-low,"Targeted only: deepen item-level ISBN capture across Book Village, La Bourse aux Livres, Recyclivre, Ammareal, Gibert, Momox France, and Rakuten; verify whether Label Emmaüs partner-shop pages expose ISBN; watch for additional France-native peer-to-peer book-only marketplaces. Broad France reopen no longer needed after pass159.","Pass220 successfully resolved and built active spiders: genuine2_abebooksfr_spider.py, genuine2_gensdeconfiance_spider.py, genuine2_marchefr_spider.py, genuine2_vivastreetfr_spider.py, paruvendu_fr_spider.py, sorbonne_used_books_spider.py, genuine2_fnacfr_spider.py, fnac_f_r_spider.py, ammareal_spider.py, genuine2_ebidfr_spider.py, recyclivre_spider.py, la_bourse_aux_livres_spider.py, genuine2_craigslistfr_spider.py, genuine2_rakutenfr_spider.py, eyrolles_f_r_spider.py, france_topannonces_spider.py, cultura_f_r_spider.py, genuine2_chasseauxlivres_spider.py, leslibraires_f_r_spider.py, book_village_spider.py, genuine2_locantofr_spider.py, genuine2_leboncoin_spider.py, genuine2_paruvendu_spider.py, france_locanto_spider.py, genuine2_ebayfr_spider.py, genuine2_gibert_spider.py, chapitre_f_r_spider.py, mollat_f_r_spider.py, genuine2_vintedfr_spider.py, france_vivastreet_spider.py, france_paruvendu2_spider.py. Pass159 opened France as its own zero-row territory pass. It found a strong strict-main used-book/recommerce spine plus weak-fit horizontal/solidarity/comparator layers and annex classifieds. ISBN rule applied with several product-detail ISBN/EAN captures."
Gabon,resolved_pass220_active_spiders_built,medium-high,"Only reopen for Gabon Livre root/full-site restoration, active vendor inventory depth, direct seller-onboarding/listing/payment proof for third-party used/consignment books, or a genuinely new Gabon-native book-specific used/recommerce platform. Keep CoinAfrique/Facebook/social/bookstore layers as annex unless they platformize.","Pass220 successfully resolved and built active spiders: gabonlivre_spider.py, marche241_gabon_spider.py, gabonlivres_spider.py, gabon_livre_spider.py, gabon_livres_spider.py, gabonlivre_ga_spider.py. Pass127 reverified Gabon Livre as mixed-live strict candidate: root maintenance but live subpages with buy/sell/exchange/troc, six-store vendor directory, payments, seller/add-book and author/editor commercialization form. Added social used-schoolbook exchange, TROC group, Mapane, Maison de la Presse, and current CoinAfrique item/contact hardening. Broad high revisit no longer needed."
Gabon,resolved_pass220_active_spiders_built,medium-high,"Only reopen for Gabon Livre root/full-site restoration, active vendor inventory depth, direct seller-onboarding/listing/payment proof for third-party used/consignment books, or a genuinely new Gabon-native book-specific used/recommerce platform. Keep CoinAfrique/Facebook/social/bookstore layers as annex unless they platformize.","Pass220 successfully resolved and built active spiders: gabonlivre_spider.py, marche241_gabon_spider.py, gabonlivres_spider.py, gabon_livre_spider.py, gabon_livres_spider.py, gabonlivre_ga_spider.py. Pass127 reverified Gabon Livre as mixed-live strict candidate: root maintenance but live subpages with buy/sell/exchange/troc, six-store vendor directory, payments, seller/add-book and author/editor commercialization form. Added social used-schoolbook exchange, TROC group, Mapane, Maison de la Presse, and current CoinAfrique item/contact hardening. Broad high revisit no longer needed."
Georgia,resolved_pass220_active_spiders_built,medium,Georgia second-pass hardening for book-specific recommerce/seller-flow mechanics,"Pass220 successfully resolved and built active spiders: bookshop_ge_spider.py, sulakauri_ge_spider.py, prosperos_ge_spider.py, mymarket_ge_spider.py, biblusi_ge_spider.py. Hardening pass added classifieds and/or single-store used-book nodes; revisit should look for true book-specific seller onboarding or buyback/consignment flows."
Germany,resolved_pass220_active_spiders_built,medium-low,Targeted only: de-duplicate medimops alias row if governed merge rules allow; monitor Bookbot Germany scale/activity; verify antiquariat.de seller/cart path if strict-main precision is revisited; later broad refresh only if schema adds richer operator-buyback fields.,"Pass220 successfully resolved and built active spiders: genuine2_yatego_spider.py, germany_quoka_spider.py, genuine2_marktde_spider.py, bookbot_de_spider.py, genuine2_locantode_spider.py, genuine2_booklooker_spider.py, medimops_api_spider.py, genuine2_vintedde_spider.py, antiquariat_de_spider.py, lmu_munich_student_store_spider.py, genuine2_zvab_spider.py, rebuy_de_sell_spider.py, genuine2_quoka_spider.py, genuine2_craigslistde_spider.py, genuine2_ebayde_spider.py, momox_de_spider.py, genuine2_kalaydo_spider.py, medimops_spider.py, thalia_zeercle_spider.py, buchfreund_spider.py, abebooks_de_spider.py, genuine2_hoodde_spider.py, genuine2_shpockde_spider.py, genuine2_ebidde_spider.py, genuine2_kleinanzeigen_spider.py, heidelberg_university_store_spider.py, hugendubel_zeercle_spider.py, genuine2_abebooksde_spider.py, booklooker_spider.py, germany_markt_spider.py, zvab_de_spider.py. Pass138 hardened Germany from thin DACH-matrix state into evidence-backed strict spine plus weak-fit/annex split. booklooker/ZVAB retained, Buchfreund/AbeBooks.de/antiquariat.de added, operator-buyback rails separated from strict marketplace core."
Ghana,resolved_pass220_active_spiders_built,medium,Ghana deeper pass on used-book social commerce and Jiji/Facebook book sellers,"Pass220 successfully resolved and built active spiders: locanto_gh_spider.py, genuine_reg2_jijigh_spider.py, cityreads_spider.py, cityreads_gh_spider.py, booknook_store_spider.py, jiji_gh_spider.py, tonaton_gh_spider.py. Compact pass found strong classifieds and used-book social surfaces; no strict book-specific marketplace comparable to PreownedBooks or La Bouquinerie yet."
Greece,resolved_pass220_active_spiders_built,medium-low,Targeted future extraction only: metabook item ISBN/details and seller breadth; Biblio Greece dealer/item coverage; Vendora Greece used-book category samples; Protoporia/Politeia/oldbooks.gr item metadata; selected Athens/Santorini used-bookshop surfaces. Broad Greece search can pause unless a new Greece-native book-specific recommerce platform appears.,"Pass220 successfully resolved and built active spiders: metabook_spider.py, ianos_gr_spider.py, metabook_gr_spider.py, biblio_greece_spider.py. Pass184 hardened Greece from a single thin metabook row into source/evidence-backed strict-main, transnational marketplace, horizontal-annex, single-store/operator, directory and social layers."
Guinea,resolved_pass220_active_spiders_built,low,Guinea compact pass 2 on native book-specific rails beyond CoinAfrique/BazarAfrique,"Pass220 successfully resolved and built active spiders: genuine_reg2_coinafriquegn_spider.py, genuine_reg2_guineeachat_spider.py, afribaba_guinea_spider.py, expat_gn_spider.py. Guinea pass 1 found classifieds and bookstore surfaces, but no strict native book-specific used marketplace."
Guinea-Bissau,resolved_pass220_active_spiders_built,medium,Bissau student textbook resale; WhatsApp/Facebook book-trade groups; Guinea-Bissau Portuguese/Crioulo search terms; verify Livraria Speransa/Tchoca/Coimbra used-book signals; test Classi4U/Kugli for active local books inventory.,"Pass220 successfully resolved and built active spiders: gw_afribaba_gw_spider.py, guineabissau_afribaba_spider.py. Compact pass found classifieds/social resale categories plus bookstore and book-exchange/literacy layers, but no dedicated book-specific used-book marketplace or third-party seller rail."
Guyana,resolved_pass220_active_spiders_built,medium-low,Targeted only: reopen Guyana if a Guyana-native book-specific used/recommerce platform appears; if Facebook/social schoolbook surfaces expose structured item metadata/ISBN or book-specialist seller rails beyond ordinary social posts; if The Book Barn develops public used-book inventory/buyback/consignment detail; or if import/ecommerce surfaces expose additional ISBN/detail capture worth backfilling. Broad Guyana reopen no longer needed after pass157.,"Pass220 successfully resolved and built active spiders: genuine_reg3_bambaadguyana_spider.py, beautifulbooks_gy_spider.py. Pass157 opened Guyana as its own zero-row territory pass. It found Facebook/social used-book and schoolbook classifieds, single-store bookstore texture, import/cross-border book ecommerce and textbook surfaces, and one item-level ISBN capture from Desertcart Guyana. No standalone Guyana-native book-specific used/recommerce marketplace was verified."
Hong Kong,closed_pass199_chinese_language_platform_closure_move_to_philippines,low,"No immediate Hong Kong pass needed unless new BookDaddy checkout/payment evidence, fresh app-store currency for EasysBook/Sparktake, or a new Chinese-language book-specific open seller marketplace appears. Proceed to Philippines block.",Pass199 completed Chinese-language/platform closure. Added EasysBook as historical/currently-unverified book-specific app trace and five Chinese-language/single-store secondhand/old-bookshop surfaces. BookDaddy remains the sole current strict/main Hong Kong candidate; no additional strict-main promotions; no ISBN values captured.
Iceland,resolved_pass220_active_spiders_built,low,"Targeted only: reopen if an Iceland-native public book-specific used/recommerce marketplace appears, or if Bókin/Bókalind/Bókakaffið/Skálda/Bóksala surfaces expose seller onboarding, third-party listing/payment flows, or large structured ISBN detail. Broad Iceland reopen no longer needed after pass175.","Pass220 successfully resolved and built active spiders: iceland_locanto_spider.py, university_of_iceland_store_spider.py, bland_is_spider.py. Pass175 reverified Iceland and added current single-store/online used-book surfaces (Bókalind, Skálda, Bókakaffið), strengthened Bókin, Old Bookstore, Bókabúð Gulla, and University of Iceland exchange evidence, and still found no standalone public book-specific strict-main recommerce marketplace."
India,resolved_pass220_active_spiders_built,medium,Targeted only: BookLal country-scope/localization resolution; Pustak Market live activity/account-flow proof; ResellPanda live inventory or official Play listing; Apnabook direct account/listing render; PustakMart open-vs-managed seller mechanics; Classic Pages seller/recommerce proof; Flying Books operator-vs-marketplace mechanics. No broad India reopen absent fresh strict-main evidence.,"Pass220 successfully resolved and built active spiders: usedbooksfactory_spider.py, mcit_opac_spider.py, askitab_spider.py, bookbazaar_yournotebook_spider.py, bookmamu_spider.py, myoldbooks_spider.py, antqcart_spider.py, mypustak_in_spider.py, clasify_in_spider.py, resellpanda_spider.py, booklal_spider.py, sellmybooks_spider.py, genuine5_expatriatesindia_spider.py, bookflow_spider.py, genuine5_olxindia_spider.py, bookswaphub_spider.py, bookstand_spider.py, sumrux_spider.py, banaras_hindu_university_press_spider.py, booklane_spider.py, nearbook_spider.py, genuine5_quikr_spider.py, bookbazar_spider.py, bookchor_spider.py, genuine5_clickindia_spider.py, iit_bombay_book_exchange_spider.py, reusebooks_spider.py, genuine5_adeexindia_spider.py, clankart_in_spider.py, origin_bypass_spider.py, resellbooks_spider.py, bookspie_spider.py, genuine5_freeadsindia_spider.py, genuine5_locantoindia_spider.py, genuine5_vivastreetindia_spider.py, bookloop_spider.py, genuine5_adsglobeindia_spider.py, genuine5_postfreeonline_spider.py, book_mitra_spider.py, an_sinha_institute_social_studies_ansiss_spider.py, pustakmarket_spider.py, mypustak_spider.py, pustakstore_spider.py, bookshare_spider.py, genuine5_sulekha_spider.py. Pass129 second India pass added Pustak Market, Classic Pages and Flying Books; upgraded ResellPanda and Sumrux to high scope-caveated strict-candidates; hardened Bookaao, BookLane, MyOldBooks, PustakMart, Apnabook and BookLal. India now needs only named cleanup checks, not broad high revisit."
India,resolved_pass220_active_spiders_built,medium,Targeted only: BookLal country-scope/localization resolution; Pustak Market live activity/account-flow proof; ResellPanda live inventory or official Play listing; Apnabook direct account/listing render; PustakMart open-vs-managed seller mechanics; Classic Pages seller/recommerce proof; Flying Books operator-vs-marketplace mechanics. No broad India reopen absent fresh strict-main evidence.,"Pass220 successfully resolved and built active spiders: usedbooksfactory_spider.py, mcit_opac_spider.py, askitab_spider.py, bookbazaar_yournotebook_spider.py, bookmamu_spider.py, myoldbooks_spider.py, antqcart_spider.py, mypustak_in_spider.py, clasify_in_spider.py, resellpanda_spider.py, booklal_spider.py, sellmybooks_spider.py, genuine5_expatriatesindia_spider.py, bookflow_spider.py, genuine5_olxindia_spider.py, bookswaphub_spider.py, bookstand_spider.py, sumrux_spider.py, banaras_hindu_university_press_spider.py, booklane_spider.py, nearbook_spider.py, genuine5_quikr_spider.py, bookbazar_spider.py, bookchor_spider.py, genuine5_clickindia_spider.py, iit_bombay_book_exchange_spider.py, reusebooks_spider.py, genuine5_adeexindia_spider.py, clankart_in_spider.py, origin_bypass_spider.py, resellbooks_spider.py, bookspie_spider.py, genuine5_freeadsindia_spider.py, genuine5_locantoindia_spider.py, genuine5_vivastreetindia_spider.py, bookloop_spider.py, genuine5_adsglobeindia_spider.py, genuine5_postfreeonline_spider.py, book_mitra_spider.py, an_sinha_institute_social_studies_ansiss_spider.py, pustakmarket_spider.py, mypustak_spider.py, pustakstore_spider.py, bookshare_spider.py, genuine5_sulekha_spider.py. Pass129 second India pass added Pustak Market, Classic Pages and Flying Books; upgraded ResellPanda and Sumrux to high scope-caveated strict-candidates; hardened Bookaao, BookLane, MyOldBooks, PustakMart, Apnabook and BookLal. India now needs only named cleanup checks, not broad high revisit."
India,resolved_pass220_active_spiders_built,medium,Targeted only: BookLal country-scope/localization resolution; Pustak Market live activity/account-flow proof; ResellPanda live inventory or official Play listing; Apnabook direct account/listing render; PustakMart open-vs-managed seller mechanics; Classic Pages seller/recommerce proof; Flying Books operator-vs-marketplace mechanics. No broad India reopen absent fresh strict-main evidence.,"Pass220 successfully resolved and built active spiders: usedbooksfactory_spider.py, mcit_opac_spider.py, askitab_spider.py, bookbazaar_yournotebook_spider.py, bookmamu_spider.py, myoldbooks_spider.py, antqcart_spider.py, mypustak_in_spider.py, clasify_in_spider.py, resellpanda_spider.py, booklal_spider.py, sellmybooks_spider.py, genuine5_expatriatesindia_spider.py, bookflow_spider.py, genuine5_olxindia_spider.py, bookswaphub_spider.py, bookstand_spider.py, sumrux_spider.py, banaras_hindu_university_press_spider.py, booklane_spider.py, nearbook_spider.py, genuine5_quikr_spider.py, bookbazar_spider.py, bookchor_spider.py, genuine5_clickindia_spider.py, iit_bombay_book_exchange_spider.py, reusebooks_spider.py, genuine5_adeexindia_spider.py, clankart_in_spider.py, origin_bypass_spider.py, resellbooks_spider.py, bookspie_spider.py, genuine5_freeadsindia_spider.py, genuine5_locantoindia_spider.py, genuine5_vivastreetindia_spider.py, bookloop_spider.py, genuine5_adsglobeindia_spider.py, genuine5_postfreeonline_spider.py, book_mitra_spider.py, an_sinha_institute_social_studies_ansiss_spider.py, pustakmarket_spider.py, mypustak_spider.py, pustakstore_spider.py, bookshare_spider.py, genuine5_sulekha_spider.py. Pass129 second India pass added Pustak Market, Classic Pages and Flying Books; upgraded ResellPanda and Sumrux to high scope-caveated strict-candidates; hardened Bookaao, BookLane, MyOldBooks, PustakMart, Apnabook and BookLal. India now needs only named cleanup checks, not broad high revisit."
India,resolved_pass220_active_spiders_built,medium,Targeted only: BookLal country-scope/localization resolution; Pustak Market live activity/account-flow proof; ResellPanda live inventory or official Play listing; Apnabook direct account/listing render; PustakMart open-vs-managed seller mechanics; Classic Pages seller/recommerce proof; Flying Books operator-vs-marketplace mechanics. No broad India reopen absent fresh strict-main evidence.,"Pass220 successfully resolved and built active spiders: usedbooksfactory_spider.py, mcit_opac_spider.py, askitab_spider.py, bookbazaar_yournotebook_spider.py, bookmamu_spider.py, myoldbooks_spider.py, antqcart_spider.py, mypustak_in_spider.py, clasify_in_spider.py, resellpanda_spider.py, booklal_spider.py, sellmybooks_spider.py, genuine5_expatriatesindia_spider.py, bookflow_spider.py, genuine5_olxindia_spider.py, bookswaphub_spider.py, bookstand_spider.py, sumrux_spider.py, banaras_hindu_university_press_spider.py, booklane_spider.py, nearbook_spider.py, genuine5_quikr_spider.py, bookbazar_spider.py, bookchor_spider.py, genuine5_clickindia_spider.py, iit_bombay_book_exchange_spider.py, reusebooks_spider.py, genuine5_adeexindia_spider.py, clankart_in_spider.py, origin_bypass_spider.py, resellbooks_spider.py, bookspie_spider.py, genuine5_freeadsindia_spider.py, genuine5_locantoindia_spider.py, genuine5_vivastreetindia_spider.py, bookloop_spider.py, genuine5_adsglobeindia_spider.py, genuine5_postfreeonline_spider.py, book_mitra_spider.py, an_sinha_institute_social_studies_ansiss_spider.py, pustakmarket_spider.py, mypustak_spider.py, pustakstore_spider.py, bookshare_spider.py, genuine5_sulekha_spider.py. Pass129 second India pass added Pustak Market, Classic Pages and Flying Books; upgraded ResellPanda and Sumrux to high scope-caveated strict-candidates; hardened Bookaao, BookLane, MyOldBooks, PustakMart, Apnabook and BookLal. India now needs only named cleanup checks, not broad high revisit."
India,resolved_pass220_active_spiders_built,medium,Targeted only: BookLal country-scope/localization resolution; Pustak Market live activity/account-flow proof; ResellPanda live inventory or official Play listing; Apnabook direct account/listing render; PustakMart open-vs-managed seller mechanics; Classic Pages seller/recommerce proof; Flying Books operator-vs-marketplace mechanics. No broad India reopen absent fresh strict-main evidence.,"Pass220 successfully resolved and built active spiders: usedbooksfactory_spider.py, mcit_opac_spider.py, askitab_spider.py, bookbazaar_yournotebook_spider.py, bookmamu_spider.py, myoldbooks_spider.py, antqcart_spider.py, mypustak_in_spider.py, clasify_in_spider.py, resellpanda_spider.py, booklal_spider.py, sellmybooks_spider.py, genuine5_expatriatesindia_spider.py, bookflow_spider.py, genuine5_olxindia_spider.py, bookswaphub_spider.py, bookstand_spider.py, sumrux_spider.py, banaras_hindu_university_press_spider.py, booklane_spider.py, nearbook_spider.py, genuine5_quikr_spider.py, bookbazar_spider.py, bookchor_spider.py, genuine5_clickindia_spider.py, iit_bombay_book_exchange_spider.py, reusebooks_spider.py, genuine5_adeexindia_spider.py, clankart_in_spider.py, origin_bypass_spider.py, resellbooks_spider.py, bookspie_spider.py, genuine5_freeadsindia_spider.py, genuine5_locantoindia_spider.py, genuine5_vivastreetindia_spider.py, bookloop_spider.py, genuine5_adsglobeindia_spider.py, genuine5_postfreeonline_spider.py, book_mitra_spider.py, an_sinha_institute_social_studies_ansiss_spider.py, pustakmarket_spider.py, mypustak_spider.py, pustakstore_spider.py, bookshare_spider.py, genuine5_sulekha_spider.py. Pass129 second India pass added Pustak Market, Classic Pages and Flying Books; upgraded ResellPanda and Sumrux to high scope-caveated strict-candidates; hardened Bookaao, BookLane, MyOldBooks, PustakMart, Apnabook and BookLal. India now needs only named cleanup checks, not broad high revisit."
India,resolved_pass220_active_spiders_built,medium,Targeted only: BookLal country-scope/localization resolution; Pustak Market live activity/account-flow proof; ResellPanda live inventory or official Play listing; Apnabook direct account/listing render; PustakMart open-vs-managed seller mechanics; Classic Pages seller/recommerce proof; Flying Books operator-vs-marketplace mechanics. No broad India reopen absent fresh strict-main evidence.,"Pass220 successfully resolved and built active spiders: usedbooksfactory_spider.py, mcit_opac_spider.py, askitab_spider.py, bookbazaar_yournotebook_spider.py, bookmamu_spider.py, myoldbooks_spider.py, antqcart_spider.py, mypustak_in_spider.py, clasify_in_spider.py, resellpanda_spider.py, booklal_spider.py, sellmybooks_spider.py, genuine5_expatriatesindia_spider.py, bookflow_spider.py, genuine5_olxindia_spider.py, bookswaphub_spider.py, bookstand_spider.py, sumrux_spider.py, banaras_hindu_university_press_spider.py, booklane_spider.py, nearbook_spider.py, genuine5_quikr_spider.py, bookbazar_spider.py, bookchor_spider.py, genuine5_clickindia_spider.py, iit_bombay_book_exchange_spider.py, reusebooks_spider.py, genuine5_adeexindia_spider.py, clankart_in_spider.py, origin_bypass_spider.py, resellbooks_spider.py, bookspie_spider.py, genuine5_freeadsindia_spider.py, genuine5_locantoindia_spider.py, genuine5_vivastreetindia_spider.py, bookloop_spider.py, genuine5_adsglobeindia_spider.py, genuine5_postfreeonline_spider.py, book_mitra_spider.py, an_sinha_institute_social_studies_ansiss_spider.py, pustakmarket_spider.py, mypustak_spider.py, pustakstore_spider.py, bookshare_spider.py, genuine5_sulekha_spider.py. Pass129 second India pass added Pustak Market, Classic Pages and Flying Books; upgraded ResellPanda and Sumrux to high scope-caveated strict-candidates; hardened Bookaao, BookLane, MyOldBooks, PustakMart, Apnabook and BookLal. India now needs only named cleanup checks, not broad high revisit."
India,resolved_pass220_active_spiders_built,medium,Targeted only: BookLal country-scope/localization resolution; Pustak Market live activity/account-flow proof; ResellPanda live inventory or official Play listing; Apnabook direct account/listing render; PustakMart open-vs-managed seller mechanics; Classic Pages seller/recommerce proof; Flying Books operator-vs-marketplace mechanics. No broad India reopen absent fresh strict-main evidence.,"Pass220 successfully resolved and built active spiders: usedbooksfactory_spider.py, mcit_opac_spider.py, askitab_spider.py, bookbazaar_yournotebook_spider.py, bookmamu_spider.py, myoldbooks_spider.py, antqcart_spider.py, mypustak_in_spider.py, clasify_in_spider.py, resellpanda_spider.py, booklal_spider.py, sellmybooks_spider.py, genuine5_expatriatesindia_spider.py, bookflow_spider.py, genuine5_olxindia_spider.py, bookswaphub_spider.py, bookstand_spider.py, sumrux_spider.py, banaras_hindu_university_press_spider.py, booklane_spider.py, nearbook_spider.py, genuine5_quikr_spider.py, bookbazar_spider.py, bookchor_spider.py, genuine5_clickindia_spider.py, iit_bombay_book_exchange_spider.py, reusebooks_spider.py, genuine5_adeexindia_spider.py, clankart_in_spider.py, origin_bypass_spider.py, resellbooks_spider.py, bookspie_spider.py, genuine5_freeadsindia_spider.py, genuine5_locantoindia_spider.py, genuine5_vivastreetindia_spider.py, bookloop_spider.py, genuine5_adsglobeindia_spider.py, genuine5_postfreeonline_spider.py, book_mitra_spider.py, an_sinha_institute_social_studies_ansiss_spider.py, pustakmarket_spider.py, mypustak_spider.py, pustakstore_spider.py, bookshare_spider.py, genuine5_sulekha_spider.py. Pass129 second India pass added Pustak Market, Classic Pages and Flying Books; upgraded ResellPanda and Sumrux to high scope-caveated strict-candidates; hardened Bookaao, BookLane, MyOldBooks, PustakMart, Apnabook and BookLal. India now needs only named cleanup checks, not broad high revisit."
India,resolved_pass220_active_spiders_built,medium,Targeted only: BookLal country-scope/localization resolution; Pustak Market live activity/account-flow proof; ResellPanda live inventory or official Play listing; Apnabook direct account/listing render; PustakMart open-vs-managed seller mechanics; Classic Pages seller/recommerce proof; Flying Books operator-vs-marketplace mechanics. No broad India reopen absent fresh strict-main evidence.,"Pass220 successfully resolved and built active spiders: usedbooksfactory_spider.py, mcit_opac_spider.py, askitab_spider.py, bookbazaar_yournotebook_spider.py, bookmamu_spider.py, myoldbooks_spider.py, antqcart_spider.py, mypustak_in_spider.py, clasify_in_spider.py, resellpanda_spider.py, booklal_spider.py, sellmybooks_spider.py, genuine5_expatriatesindia_spider.py, bookflow_spider.py, genuine5_olxindia_spider.py, bookswaphub_spider.py, bookstand_spider.py, sumrux_spider.py, banaras_hindu_university_press_spider.py, booklane_spider.py, nearbook_spider.py, genuine5_quikr_spider.py, bookbazar_spider.py, bookchor_spider.py, genuine5_clickindia_spider.py, iit_bombay_book_exchange_spider.py, reusebooks_spider.py, genuine5_adeexindia_spider.py, clankart_in_spider.py, origin_bypass_spider.py, resellbooks_spider.py, bookspie_spider.py, genuine5_freeadsindia_spider.py, genuine5_locantoindia_spider.py, genuine5_vivastreetindia_spider.py, bookloop_spider.py, genuine5_adsglobeindia_spider.py, genuine5_postfreeonline_spider.py, book_mitra_spider.py, an_sinha_institute_social_studies_ansiss_spider.py, pustakmarket_spider.py, mypustak_spider.py, pustakstore_spider.py, bookshare_spider.py, genuine5_sulekha_spider.py. Pass129 second India pass added Pustak Market, Classic Pages and Flying Books; upgraded ResellPanda and Sumrux to high scope-caveated strict-candidates; hardened Bookaao, BookLane, MyOldBooks, PustakMart, Apnabook and BookLal. India now needs only named cleanup checks, not broad high revisit."
India,resolved_pass220_active_spiders_built,medium,Targeted only: BookLal country-scope/localization resolution; Pustak Market live activity/account-flow proof; ResellPanda live inventory or official Play listing; Apnabook direct account/listing render; PustakMart open-vs-managed seller mechanics; Classic Pages seller/recommerce proof; Flying Books operator-vs-marketplace mechanics. No broad India reopen absent fresh strict-main evidence.,"Pass220 successfully resolved and built active spiders: usedbooksfactory_spider.py, mcit_opac_spider.py, askitab_spider.py, bookbazaar_yournotebook_spider.py, bookmamu_spider.py, myoldbooks_spider.py, antqcart_spider.py, mypustak_in_spider.py, clasify_in_spider.py, resellpanda_spider.py, booklal_spider.py, sellmybooks_spider.py, genuine5_expatriatesindia_spider.py, bookflow_spider.py, genuine5_olxindia_spider.py, bookswaphub_spider.py, bookstand_spider.py, sumrux_spider.py, banaras_hindu_university_press_spider.py, booklane_spider.py, nearbook_spider.py, genuine5_quikr_spider.py, bookbazar_spider.py, bookchor_spider.py, genuine5_clickindia_spider.py, iit_bombay_book_exchange_spider.py, reusebooks_spider.py, genuine5_adeexindia_spider.py, clankart_in_spider.py, origin_bypass_spider.py, resellbooks_spider.py, bookspie_spider.py, genuine5_freeadsindia_spider.py, genuine5_locantoindia_spider.py, genuine5_vivastreetindia_spider.py, bookloop_spider.py, genuine5_adsglobeindia_spider.py, genuine5_postfreeonline_spider.py, book_mitra_spider.py, an_sinha_institute_social_studies_ansiss_spider.py, pustakmarket_spider.py, mypustak_spider.py, pustakstore_spider.py, bookshare_spider.py, genuine5_sulekha_spider.py. Pass129 second India pass added Pustak Market, Classic Pages and Flying Books; upgraded ResellPanda and Sumrux to high scope-caveated strict-candidates; hardened Bookaao, BookLane, MyOldBooks, PustakMart, Apnabook and BookLal. India now needs only named cleanup checks, not broad high revisit."
India,resolved_pass220_active_spiders_built,medium,Targeted only: BookLal country-scope/localization resolution; Pustak Market live activity/account-flow proof; ResellPanda live inventory or official Play listing; Apnabook direct account/listing render; PustakMart open-vs-managed seller mechanics; Classic Pages seller/recommerce proof; Flying Books operator-vs-marketplace mechanics. No broad India reopen absent fresh strict-main evidence.,"Pass220 successfully resolved and built active spiders: usedbooksfactory_spider.py, mcit_opac_spider.py, askitab_spider.py, bookbazaar_yournotebook_spider.py, bookmamu_spider.py, myoldbooks_spider.py, antqcart_spider.py, mypustak_in_spider.py, clasify_in_spider.py, resellpanda_spider.py, booklal_spider.py, sellmybooks_spider.py, genuine5_expatriatesindia_spider.py, bookflow_spider.py, genuine5_olxindia_spider.py, bookswaphub_spider.py, bookstand_spider.py, sumrux_spider.py, banaras_hindu_university_press_spider.py, booklane_spider.py, nearbook_spider.py, genuine5_quikr_spider.py, bookbazar_spider.py, bookchor_spider.py, genuine5_clickindia_spider.py, iit_bombay_book_exchange_spider.py, reusebooks_spider.py, genuine5_adeexindia_spider.py, clankart_in_spider.py, origin_bypass_spider.py, resellbooks_spider.py, bookspie_spider.py, genuine5_freeadsindia_spider.py, genuine5_locantoindia_spider.py, genuine5_vivastreetindia_spider.py, bookloop_spider.py, genuine5_adsglobeindia_spider.py, genuine5_postfreeonline_spider.py, book_mitra_spider.py, an_sinha_institute_social_studies_ansiss_spider.py, pustakmarket_spider.py, mypustak_spider.py, pustakstore_spider.py, bookshare_spider.py, genuine5_sulekha_spider.py. Pass129 second India pass added Pustak Market, Classic Pages and Flying Books; upgraded ResellPanda and Sumrux to high scope-caveated strict-candidates; hardened Bookaao, BookLane, MyOldBooks, PustakMart, Apnabook and BookLal. India now needs only named cleanup checks, not broad high revisit."
India,resolved_pass220_active_spiders_built,medium,Targeted only: BookLal country-scope/localization resolution; Pustak Market live activity/account-flow proof; ResellPanda live inventory or official Play listing; Apnabook direct account/listing render; PustakMart open-vs-managed seller mechanics; Classic Pages seller/recommerce proof; Flying Books operator-vs-marketplace mechanics. No broad India reopen absent fresh strict-main evidence.,"Pass220 successfully resolved and built active spiders: usedbooksfactory_spider.py, mcit_opac_spider.py, askitab_spider.py, bookbazaar_yournotebook_spider.py, bookmamu_spider.py, myoldbooks_spider.py, antqcart_spider.py, mypustak_in_spider.py, clasify_in_spider.py, resellpanda_spider.py, booklal_spider.py, sellmybooks_spider.py, genuine5_expatriatesindia_spider.py, bookflow_spider.py, genuine5_olxindia_spider.py, bookswaphub_spider.py, bookstand_spider.py, sumrux_spider.py, banaras_hindu_university_press_spider.py, booklane_spider.py, nearbook_spider.py, genuine5_quikr_spider.py, bookbazar_spider.py, bookchor_spider.py, genuine5_clickindia_spider.py, iit_bombay_book_exchange_spider.py, reusebooks_spider.py, genuine5_adeexindia_spider.py, clankart_in_spider.py, origin_bypass_spider.py, resellbooks_spider.py, bookspie_spider.py, genuine5_freeadsindia_spider.py, genuine5_locantoindia_spider.py, genuine5_vivastreetindia_spider.py, bookloop_spider.py, genuine5_adsglobeindia_spider.py, genuine5_postfreeonline_spider.py, book_mitra_spider.py, an_sinha_institute_social_studies_ansiss_spider.py, pustakmarket_spider.py, mypustak_spider.py, pustakstore_spider.py, bookshare_spider.py, genuine5_sulekha_spider.py. Pass129 second India pass added Pustak Market, Classic Pages and Flying Books; upgraded ResellPanda and Sumrux to high scope-caveated strict-candidates; hardened Bookaao, BookLane, MyOldBooks, PustakMart, Apnabook and BookLal. India now needs only named cleanup checks, not broad high revisit."
India,resolved_pass220_active_spiders_built,medium,Targeted only: BookLal country-scope/localization resolution; Pustak Market live activity/account-flow proof; ResellPanda live inventory or official Play listing; Apnabook direct account/listing render; PustakMart open-vs-managed seller mechanics; Classic Pages seller/recommerce proof; Flying Books operator-vs-marketplace mechanics. No broad India reopen absent fresh strict-main evidence.,"Pass220 successfully resolved and built active spiders: usedbooksfactory_spider.py, mcit_opac_spider.py, askitab_spider.py, bookbazaar_yournotebook_spider.py, bookmamu_spider.py, myoldbooks_spider.py, antqcart_spider.py, mypustak_in_spider.py, clasify_in_spider.py, resellpanda_spider.py, booklal_spider.py, sellmybooks_spider.py, genuine5_expatriatesindia_spider.py, bookflow_spider.py, genuine5_olxindia_spider.py, bookswaphub_spider.py, bookstand_spider.py, sumrux_spider.py, banaras_hindu_university_press_spider.py, booklane_spider.py, nearbook_spider.py, genuine5_quikr_spider.py, bookbazar_spider.py, bookchor_spider.py, genuine5_clickindia_spider.py, iit_bombay_book_exchange_spider.py, reusebooks_spider.py, genuine5_adeexindia_spider.py, clankart_in_spider.py, origin_bypass_spider.py, resellbooks_spider.py, bookspie_spider.py, genuine5_freeadsindia_spider.py, genuine5_locantoindia_spider.py, genuine5_vivastreetindia_spider.py, bookloop_spider.py, genuine5_adsglobeindia_spider.py, genuine5_postfreeonline_spider.py, book_mitra_spider.py, an_sinha_institute_social_studies_ansiss_spider.py, pustakmarket_spider.py, mypustak_spider.py, pustakstore_spider.py, bookshare_spider.py, genuine5_sulekha_spider.py. Pass129 second India pass added Pustak Market, Classic Pages and Flying Books; upgraded ResellPanda and Sumrux to high scope-caveated strict-candidates; hardened Bookaao, BookLane, MyOldBooks, PustakMart, Apnabook and BookLal. India now needs only named cleanup checks, not broad high revisit."
India,resolved_pass220_active_spiders_built,medium,Targeted only: BookLal country-scope/localization resolution; Pustak Market live activity/account-flow proof; ResellPanda live inventory or official Play listing; Apnabook direct account/listing render; PustakMart open-vs-managed seller mechanics; Classic Pages seller/recommerce proof; Flying Books operator-vs-marketplace mechanics. No broad India reopen absent fresh strict-main evidence.,"Pass220 successfully resolved and built active spiders: usedbooksfactory_spider.py, mcit_opac_spider.py, askitab_spider.py, bookbazaar_yournotebook_spider.py, bookmamu_spider.py, myoldbooks_spider.py, antqcart_spider.py, mypustak_in_spider.py, clasify_in_spider.py, resellpanda_spider.py, booklal_spider.py, sellmybooks_spider.py, genuine5_expatriatesindia_spider.py, bookflow_spider.py, genuine5_olxindia_spider.py, bookswaphub_spider.py, bookstand_spider.py, sumrux_spider.py, banaras_hindu_university_press_spider.py, booklane_spider.py, nearbook_spider.py, genuine5_quikr_spider.py, bookbazar_spider.py, bookchor_spider.py, genuine5_clickindia_spider.py, iit_bombay_book_exchange_spider.py, reusebooks_spider.py, genuine5_adeexindia_spider.py, clankart_in_spider.py, origin_bypass_spider.py, resellbooks_spider.py, bookspie_spider.py, genuine5_freeadsindia_spider.py, genuine5_locantoindia_spider.py, genuine5_vivastreetindia_spider.py, bookloop_spider.py, genuine5_adsglobeindia_spider.py, genuine5_postfreeonline_spider.py, book_mitra_spider.py, an_sinha_institute_social_studies_ansiss_spider.py, pustakmarket_spider.py, mypustak_spider.py, pustakstore_spider.py, bookshare_spider.py, genuine5_sulekha_spider.py. Pass129 second India pass added Pustak Market, Classic Pages and Flying Books; upgraded ResellPanda and Sumrux to high scope-caveated strict-candidates; hardened Bookaao, BookLane, MyOldBooks, PustakMart, Apnabook and BookLal. India now needs only named cleanup checks, not broad high revisit."
India,resolved_pass220_active_spiders_built,medium,Targeted only: BookLal country-scope/localization resolution; Pustak Market live activity/account-flow proof; ResellPanda live inventory or official Play listing; Apnabook direct account/listing render; PustakMart open-vs-managed seller mechanics; Classic Pages seller/recommerce proof; Flying Books operator-vs-marketplace mechanics. No broad India reopen absent fresh strict-main evidence.,"Pass220 successfully resolved and built active spiders: usedbooksfactory_spider.py, mcit_opac_spider.py, askitab_spider.py, bookbazaar_yournotebook_spider.py, bookmamu_spider.py, myoldbooks_spider.py, antqcart_spider.py, mypustak_in_spider.py, clasify_in_spider.py, resellpanda_spider.py, booklal_spider.py, sellmybooks_spider.py, genuine5_expatriatesindia_spider.py, bookflow_spider.py, genuine5_olxindia_spider.py, bookswaphub_spider.py, bookstand_spider.py, sumrux_spider.py, banaras_hindu_university_press_spider.py, booklane_spider.py, nearbook_spider.py, genuine5_quikr_spider.py, bookbazar_spider.py, bookchor_spider.py, genuine5_clickindia_spider.py, iit_bombay_book_exchange_spider.py, reusebooks_spider.py, genuine5_adeexindia_spider.py, clankart_in_spider.py, origin_bypass_spider.py, resellbooks_spider.py, bookspie_spider.py, genuine5_freeadsindia_spider.py, genuine5_locantoindia_spider.py, genuine5_vivastreetindia_spider.py, bookloop_spider.py, genuine5_adsglobeindia_spider.py, genuine5_postfreeonline_spider.py, book_mitra_spider.py, an_sinha_institute_social_studies_ansiss_spider.py, pustakmarket_spider.py, mypustak_spider.py, pustakstore_spider.py, bookshare_spider.py, genuine5_sulekha_spider.py. Pass129 second India pass added Pustak Market, Classic Pages and Flying Books; upgraded ResellPanda and Sumrux to high scope-caveated strict-candidates; hardened Bookaao, BookLane, MyOldBooks, PustakMart, Apnabook and BookLal. India now needs only named cleanup checks, not broad high revisit."
India,resolved_pass220_active_spiders_built,medium,Targeted only: BookLal country-scope/localization resolution; Pustak Market live activity/account-flow proof; ResellPanda live inventory or official Play listing; Apnabook direct account/listing render; PustakMart open-vs-managed seller mechanics; Classic Pages seller/recommerce proof; Flying Books operator-vs-marketplace mechanics. No broad India reopen absent fresh strict-main evidence.,"Pass220 successfully resolved and built active spiders: usedbooksfactory_spider.py, mcit_opac_spider.py, askitab_spider.py, bookbazaar_yournotebook_spider.py, bookmamu_spider.py, myoldbooks_spider.py, antqcart_spider.py, mypustak_in_spider.py, clasify_in_spider.py, resellpanda_spider.py, booklal_spider.py, sellmybooks_spider.py, genuine5_expatriatesindia_spider.py, bookflow_spider.py, genuine5_olxindia_spider.py, bookswaphub_spider.py, bookstand_spider.py, sumrux_spider.py, banaras_hindu_university_press_spider.py, booklane_spider.py, nearbook_spider.py, genuine5_quikr_spider.py, bookbazar_spider.py, bookchor_spider.py, genuine5_clickindia_spider.py, iit_bombay_book_exchange_spider.py, reusebooks_spider.py, genuine5_adeexindia_spider.py, clankart_in_spider.py, origin_bypass_spider.py, resellbooks_spider.py, bookspie_spider.py, genuine5_freeadsindia_spider.py, genuine5_locantoindia_spider.py, genuine5_vivastreetindia_spider.py, bookloop_spider.py, genuine5_adsglobeindia_spider.py, genuine5_postfreeonline_spider.py, book_mitra_spider.py, an_sinha_institute_social_studies_ansiss_spider.py, pustakmarket_spider.py, mypustak_spider.py, pustakstore_spider.py, bookshare_spider.py, genuine5_sulekha_spider.py. Pass129 second India pass added Pustak Market, Classic Pages and Flying Books; upgraded ResellPanda and Sumrux to high scope-caveated strict-candidates; hardened Bookaao, BookLane, MyOldBooks, PustakMart, Apnabook and BookLal. India now needs only named cleanup checks, not broad high revisit."
India,resolved_pass220_active_spiders_built,medium,Targeted only: BookLal country-scope/localization resolution; Pustak Market live activity/account-flow proof; ResellPanda live inventory or official Play listing; Apnabook direct account/listing render; PustakMart open-vs-managed seller mechanics; Classic Pages seller/recommerce proof; Flying Books operator-vs-marketplace mechanics. No broad India reopen absent fresh strict-main evidence.,"Pass220 successfully resolved and built active spiders: usedbooksfactory_spider.py, mcit_opac_spider.py, askitab_spider.py, bookbazaar_yournotebook_spider.py, bookmamu_spider.py, myoldbooks_spider.py, antqcart_spider.py, mypustak_in_spider.py, clasify_in_spider.py, resellpanda_spider.py, booklal_spider.py, sellmybooks_spider.py, genuine5_expatriatesindia_spider.py, bookflow_spider.py, genuine5_olxindia_spider.py, bookswaphub_spider.py, bookstand_spider.py, sumrux_spider.py, banaras_hindu_university_press_spider.py, booklane_spider.py, nearbook_spider.py, genuine5_quikr_spider.py, bookbazar_spider.py, bookchor_spider.py, genuine5_clickindia_spider.py, iit_bombay_book_exchange_spider.py, reusebooks_spider.py, genuine5_adeexindia_spider.py, clankart_in_spider.py, origin_bypass_spider.py, resellbooks_spider.py, bookspie_spider.py, genuine5_freeadsindia_spider.py, genuine5_locantoindia_spider.py, genuine5_vivastreetindia_spider.py, bookloop_spider.py, genuine5_adsglobeindia_spider.py, genuine5_postfreeonline_spider.py, book_mitra_spider.py, an_sinha_institute_social_studies_ansiss_spider.py, pustakmarket_spider.py, mypustak_spider.py, pustakstore_spider.py, bookshare_spider.py, genuine5_sulekha_spider.py. Pass129 second India pass added Pustak Market, Classic Pages and Flying Books; upgraded ResellPanda and Sumrux to high scope-caveated strict-candidates; hardened Bookaao, BookLane, MyOldBooks, PustakMart, Apnabook and BookLal. India now needs only named cleanup checks, not broad high revisit."
India,resolved_pass220_active_spiders_built,medium,Targeted only: BookLal country-scope/localization resolution; Pustak Market live activity/account-flow proof; ResellPanda live inventory or official Play listing; Apnabook direct account/listing render; PustakMart open-vs-managed seller mechanics; Classic Pages seller/recommerce proof; Flying Books operator-vs-marketplace mechanics. No broad India reopen absent fresh strict-main evidence.,"Pass220 successfully resolved and built active spiders: usedbooksfactory_spider.py, mcit_opac_spider.py, askitab_spider.py, bookbazaar_yournotebook_spider.py, bookmamu_spider.py, myoldbooks_spider.py, antqcart_spider.py, mypustak_in_spider.py, clasify_in_spider.py, resellpanda_spider.py, booklal_spider.py, sellmybooks_spider.py, genuine5_expatriatesindia_spider.py, bookflow_spider.py, genuine5_olxindia_spider.py, bookswaphub_spider.py, bookstand_spider.py, sumrux_spider.py, banaras_hindu_university_press_spider.py, booklane_spider.py, nearbook_spider.py, genuine5_quikr_spider.py, bookbazar_spider.py, bookchor_spider.py, genuine5_clickindia_spider.py, iit_bombay_book_exchange_spider.py, reusebooks_spider.py, genuine5_adeexindia_spider.py, clankart_in_spider.py, origin_bypass_spider.py, resellbooks_spider.py, bookspie_spider.py, genuine5_freeadsindia_spider.py, genuine5_locantoindia_spider.py, genuine5_vivastreetindia_spider.py, bookloop_spider.py, genuine5_adsglobeindia_spider.py, genuine5_postfreeonline_spider.py, book_mitra_spider.py, an_sinha_institute_social_studies_ansiss_spider.py, pustakmarket_spider.py, mypustak_spider.py, pustakstore_spider.py, bookshare_spider.py, genuine5_sulekha_spider.py. Pass129 second India pass added Pustak Market, Classic Pages and Flying Books; upgraded ResellPanda and Sumrux to high scope-caveated strict-candidates; hardened Bookaao, BookLane, MyOldBooks, PustakMart, Apnabook and BookLal. India now needs only named cleanup checks, not broad high revisit."
India,resolved_pass220_active_spiders_built,medium,Targeted only: BookLal country-scope/localization resolution; Pustak Market live activity/account-flow proof; ResellPanda live inventory or official Play listing; Apnabook direct account/listing render; PustakMart open-vs-managed seller mechanics; Classic Pages seller/recommerce proof; Flying Books operator-vs-marketplace mechanics. No broad India reopen absent fresh strict-main evidence.,"Pass220 successfully resolved and built active spiders: usedbooksfactory_spider.py, mcit_opac_spider.py, askitab_spider.py, bookbazaar_yournotebook_spider.py, bookmamu_spider.py, myoldbooks_spider.py, antqcart_spider.py, mypustak_in_spider.py, clasify_in_spider.py, resellpanda_spider.py, booklal_spider.py, sellmybooks_spider.py, genuine5_expatriatesindia_spider.py, bookflow_spider.py, genuine5_olxindia_spider.py, bookswaphub_spider.py, bookstand_spider.py, sumrux_spider.py, banaras_hindu_university_press_spider.py, booklane_spider.py, nearbook_spider.py, genuine5_quikr_spider.py, bookbazar_spider.py, bookchor_spider.py, genuine5_clickindia_spider.py, iit_bombay_book_exchange_spider.py, reusebooks_spider.py, genuine5_adeexindia_spider.py, clankart_in_spider.py, origin_bypass_spider.py, resellbooks_spider.py, bookspie_spider.py, genuine5_freeadsindia_spider.py, genuine5_locantoindia_spider.py, genuine5_vivastreetindia_spider.py, bookloop_spider.py, genuine5_adsglobeindia_spider.py, genuine5_postfreeonline_spider.py, book_mitra_spider.py, an_sinha_institute_social_studies_ansiss_spider.py, pustakmarket_spider.py, mypustak_spider.py, pustakstore_spider.py, bookshare_spider.py, genuine5_sulekha_spider.py. Pass129 second India pass added Pustak Market, Classic Pages and Flying Books; upgraded ResellPanda and Sumrux to high scope-caveated strict-candidates; hardened Bookaao, BookLane, MyOldBooks, PustakMart, Apnabook and BookLal. India now needs only named cleanup checks, not broad high revisit."
India,resolved_pass220_active_spiders_built,medium,Targeted only: BookLal country-scope/localization resolution; Pustak Market live activity/account-flow proof; ResellPanda live inventory or official Play listing; Apnabook direct account/listing render; PustakMart open-vs-managed seller mechanics; Classic Pages seller/recommerce proof; Flying Books operator-vs-marketplace mechanics. No broad India reopen absent fresh strict-main evidence.,"Pass220 successfully resolved and built active spiders: usedbooksfactory_spider.py, mcit_opac_spider.py, askitab_spider.py, bookbazaar_yournotebook_spider.py, bookmamu_spider.py, myoldbooks_spider.py, antqcart_spider.py, mypustak_in_spider.py, clasify_in_spider.py, resellpanda_spider.py, booklal_spider.py, sellmybooks_spider.py, genuine5_expatriatesindia_spider.py, bookflow_spider.py, genuine5_olxindia_spider.py, bookswaphub_spider.py, bookstand_spider.py, sumrux_spider.py, banaras_hindu_university_press_spider.py, booklane_spider.py, nearbook_spider.py, genuine5_quikr_spider.py, bookbazar_spider.py, bookchor_spider.py, genuine5_clickindia_spider.py, iit_bombay_book_exchange_spider.py, reusebooks_spider.py, genuine5_adeexindia_spider.py, clankart_in_spider.py, origin_bypass_spider.py, resellbooks_spider.py, bookspie_spider.py, genuine5_freeadsindia_spider.py, genuine5_locantoindia_spider.py, genuine5_vivastreetindia_spider.py, bookloop_spider.py, genuine5_adsglobeindia_spider.py, genuine5_postfreeonline_spider.py, book_mitra_spider.py, an_sinha_institute_social_studies_ansiss_spider.py, pustakmarket_spider.py, mypustak_spider.py, pustakstore_spider.py, bookshare_spider.py, genuine5_sulekha_spider.py. Pass129 second India pass added Pustak Market, Classic Pages and Flying Books; upgraded ResellPanda and Sumrux to high scope-caveated strict-candidates; hardened Bookaao, BookLane, MyOldBooks, PustakMart, Apnabook and BookLal. India now needs only named cleanup checks, not broad high revisit."
India,resolved_pass220_active_spiders_built,medium,Targeted only: BookLal country-scope/localization resolution; Pustak Market live activity/account-flow proof; ResellPanda live inventory or official Play listing; Apnabook direct account/listing render; PustakMart open-vs-managed seller mechanics; Classic Pages seller/recommerce proof; Flying Books operator-vs-marketplace mechanics. No broad India reopen absent fresh strict-main evidence.,"Pass220 successfully resolved and built active spiders: usedbooksfactory_spider.py, mcit_opac_spider.py, askitab_spider.py, bookbazaar_yournotebook_spider.py, bookmamu_spider.py, myoldbooks_spider.py, antqcart_spider.py, mypustak_in_spider.py, clasify_in_spider.py, resellpanda_spider.py, booklal_spider.py, sellmybooks_spider.py, genuine5_expatriatesindia_spider.py, bookflow_spider.py, genuine5_olxindia_spider.py, bookswaphub_spider.py, bookstand_spider.py, sumrux_spider.py, banaras_hindu_university_press_spider.py, booklane_spider.py, nearbook_spider.py, genuine5_quikr_spider.py, bookbazar_spider.py, bookchor_spider.py, genuine5_clickindia_spider.py, iit_bombay_book_exchange_spider.py, reusebooks_spider.py, genuine5_adeexindia_spider.py, clankart_in_spider.py, origin_bypass_spider.py, resellbooks_spider.py, bookspie_spider.py, genuine5_freeadsindia_spider.py, genuine5_locantoindia_spider.py, genuine5_vivastreetindia_spider.py, bookloop_spider.py, genuine5_adsglobeindia_spider.py, genuine5_postfreeonline_spider.py, book_mitra_spider.py, an_sinha_institute_social_studies_ansiss_spider.py, pustakmarket_spider.py, mypustak_spider.py, pustakstore_spider.py, bookshare_spider.py, genuine5_sulekha_spider.py. Pass129 second India pass added Pustak Market, Classic Pages and Flying Books; upgraded ResellPanda and Sumrux to high scope-caveated strict-candidates; hardened Bookaao, BookLane, MyOldBooks, PustakMart, Apnabook and BookLal. India now needs only named cleanup checks, not broad high revisit."
India,resolved_pass220_active_spiders_built,medium,Targeted only: BookLal country-scope/localization resolution; Pustak Market live activity/account-flow proof; ResellPanda live inventory or official Play listing; Apnabook direct account/listing render; PustakMart open-vs-managed seller mechanics; Classic Pages seller/recommerce proof; Flying Books operator-vs-marketplace mechanics. No broad India reopen absent fresh strict-main evidence.,"Pass220 successfully resolved and built active spiders: usedbooksfactory_spider.py, mcit_opac_spider.py, askitab_spider.py, bookbazaar_yournotebook_spider.py, bookmamu_spider.py, myoldbooks_spider.py, antqcart_spider.py, mypustak_in_spider.py, clasify_in_spider.py, resellpanda_spider.py, booklal_spider.py, sellmybooks_spider.py, genuine5_expatriatesindia_spider.py, bookflow_spider.py, genuine5_olxindia_spider.py, bookswaphub_spider.py, bookstand_spider.py, sumrux_spider.py, banaras_hindu_university_press_spider.py, booklane_spider.py, nearbook_spider.py, genuine5_quikr_spider.py, bookbazar_spider.py, bookchor_spider.py, genuine5_clickindia_spider.py, iit_bombay_book_exchange_spider.py, reusebooks_spider.py, genuine5_adeexindia_spider.py, clankart_in_spider.py, origin_bypass_spider.py, resellbooks_spider.py, bookspie_spider.py, genuine5_freeadsindia_spider.py, genuine5_locantoindia_spider.py, genuine5_vivastreetindia_spider.py, bookloop_spider.py, genuine5_adsglobeindia_spider.py, genuine5_postfreeonline_spider.py, book_mitra_spider.py, an_sinha_institute_social_studies_ansiss_spider.py, pustakmarket_spider.py, mypustak_spider.py, pustakstore_spider.py, bookshare_spider.py, genuine5_sulekha_spider.py. Pass129 second India pass added Pustak Market, Classic Pages and Flying Books; upgraded ResellPanda and Sumrux to high scope-caveated strict-candidates; hardened Bookaao, BookLane, MyOldBooks, PustakMart, Apnabook and BookLal. India now needs only named cleanup checks, not broad high revisit."
India,resolved_pass220_active_spiders_built,medium,Targeted only: BookLal country-scope/localization resolution; Pustak Market live activity/account-flow proof; ResellPanda live inventory or official Play listing; Apnabook direct account/listing render; PustakMart open-vs-managed seller mechanics; Classic Pages seller/recommerce proof; Flying Books operator-vs-marketplace mechanics. No broad India reopen absent fresh strict-main evidence.,"Pass220 successfully resolved and built active spiders: usedbooksfactory_spider.py, mcit_opac_spider.py, askitab_spider.py, bookbazaar_yournotebook_spider.py, bookmamu_spider.py, myoldbooks_spider.py, antqcart_spider.py, mypustak_in_spider.py, clasify_in_spider.py, resellpanda_spider.py, booklal_spider.py, sellmybooks_spider.py, genuine5_expatriatesindia_spider.py, bookflow_spider.py, genuine5_olxindia_spider.py, bookswaphub_spider.py, bookstand_spider.py, sumrux_spider.py, banaras_hindu_university_press_spider.py, booklane_spider.py, nearbook_spider.py, genuine5_quikr_spider.py, bookbazar_spider.py, bookchor_spider.py, genuine5_clickindia_spider.py, iit_bombay_book_exchange_spider.py, reusebooks_spider.py, genuine5_adeexindia_spider.py, clankart_in_spider.py, origin_bypass_spider.py, resellbooks_spider.py, bookspie_spider.py, genuine5_freeadsindia_spider.py, genuine5_locantoindia_spider.py, genuine5_vivastreetindia_spider.py, bookloop_spider.py, genuine5_adsglobeindia_spider.py, genuine5_postfreeonline_spider.py, book_mitra_spider.py, an_sinha_institute_social_studies_ansiss_spider.py, pustakmarket_spider.py, mypustak_spider.py, pustakstore_spider.py, bookshare_spider.py, genuine5_sulekha_spider.py. Pass129 second India pass added Pustak Market, Classic Pages and Flying Books; upgraded ResellPanda and Sumrux to high scope-caveated strict-candidates; hardened Bookaao, BookLane, MyOldBooks, PustakMart, Apnabook and BookLal. India now needs only named cleanup checks, not broad high revisit."
India,resolved_pass220_active_spiders_built,medium,Targeted only: BookLal country-scope/localization resolution; Pustak Market live activity/account-flow proof; ResellPanda live inventory or official Play listing; Apnabook direct account/listing render; PustakMart open-vs-managed seller mechanics; Classic Pages seller/recommerce proof; Flying Books operator-vs-marketplace mechanics. No broad India reopen absent fresh strict-main evidence.,"Pass220 successfully resolved and built active spiders: usedbooksfactory_spider.py, mcit_opac_spider.py, askitab_spider.py, bookbazaar_yournotebook_spider.py, bookmamu_spider.py, myoldbooks_spider.py, antqcart_spider.py, mypustak_in_spider.py, clasify_in_spider.py, resellpanda_spider.py, booklal_spider.py, sellmybooks_spider.py, genuine5_expatriatesindia_spider.py, bookflow_spider.py, genuine5_olxindia_spider.py, bookswaphub_spider.py, bookstand_spider.py, sumrux_spider.py, banaras_hindu_university_press_spider.py, booklane_spider.py, nearbook_spider.py, genuine5_quikr_spider.py, bookbazar_spider.py, bookchor_spider.py, genuine5_clickindia_spider.py, iit_bombay_book_exchange_spider.py, reusebooks_spider.py, genuine5_adeexindia_spider.py, clankart_in_spider.py, origin_bypass_spider.py, resellbooks_spider.py, bookspie_spider.py, genuine5_freeadsindia_spider.py, genuine5_locantoindia_spider.py, genuine5_vivastreetindia_spider.py, bookloop_spider.py, genuine5_adsglobeindia_spider.py, genuine5_postfreeonline_spider.py, book_mitra_spider.py, an_sinha_institute_social_studies_ansiss_spider.py, pustakmarket_spider.py, mypustak_spider.py, pustakstore_spider.py, bookshare_spider.py, genuine5_sulekha_spider.py. Pass129 second India pass added Pustak Market, Classic Pages and Flying Books; upgraded ResellPanda and Sumrux to high scope-caveated strict-candidates; hardened Bookaao, BookLane, MyOldBooks, PustakMart, Apnabook and BookLal. India now needs only named cleanup checks, not broad high revisit."
India,resolved_pass220_active_spiders_built,medium,Targeted only: BookLal country-scope/localization resolution; Pustak Market live activity/account-flow proof; ResellPanda live inventory or official Play listing; Apnabook direct account/listing render; PustakMart open-vs-managed seller mechanics; Classic Pages seller/recommerce proof; Flying Books operator-vs-marketplace mechanics. No broad India reopen absent fresh strict-main evidence.,"Pass220 successfully resolved and built active spiders: usedbooksfactory_spider.py, mcit_opac_spider.py, askitab_spider.py, bookbazaar_yournotebook_spider.py, bookmamu_spider.py, myoldbooks_spider.py, antqcart_spider.py, mypustak_in_spider.py, clasify_in_spider.py, resellpanda_spider.py, booklal_spider.py, sellmybooks_spider.py, genuine5_expatriatesindia_spider.py, bookflow_spider.py, genuine5_olxindia_spider.py, bookswaphub_spider.py, bookstand_spider.py, sumrux_spider.py, banaras_hindu_university_press_spider.py, booklane_spider.py, nearbook_spider.py, genuine5_quikr_spider.py, bookbazar_spider.py, bookchor_spider.py, genuine5_clickindia_spider.py, iit_bombay_book_exchange_spider.py, reusebooks_spider.py, genuine5_adeexindia_spider.py, clankart_in_spider.py, origin_bypass_spider.py, resellbooks_spider.py, bookspie_spider.py, genuine5_freeadsindia_spider.py, genuine5_locantoindia_spider.py, genuine5_vivastreetindia_spider.py, bookloop_spider.py, genuine5_adsglobeindia_spider.py, genuine5_postfreeonline_spider.py, book_mitra_spider.py, an_sinha_institute_social_studies_ansiss_spider.py, pustakmarket_spider.py, mypustak_spider.py, pustakstore_spider.py, bookshare_spider.py, genuine5_sulekha_spider.py. Pass129 second India pass added Pustak Market, Classic Pages and Flying Books; upgraded ResellPanda and Sumrux to high scope-caveated strict-candidates; hardened Bookaao, BookLane, MyOldBooks, PustakMart, Apnabook and BookLal. India now needs only named cleanup checks, not broad high revisit."
India,resolved_pass220_active_spiders_built,medium,Targeted only: BookLal country-scope/localization resolution; Pustak Market live activity/account-flow proof; ResellPanda live inventory or official Play listing; Apnabook direct account/listing render; PustakMart open-vs-managed seller mechanics; Classic Pages seller/recommerce proof; Flying Books operator-vs-marketplace mechanics. No broad India reopen absent fresh strict-main evidence.,"Pass220 successfully resolved and built active spiders: usedbooksfactory_spider.py, mcit_opac_spider.py, askitab_spider.py, bookbazaar_yournotebook_spider.py, bookmamu_spider.py, myoldbooks_spider.py, antqcart_spider.py, mypustak_in_spider.py, clasify_in_spider.py, resellpanda_spider.py, booklal_spider.py, sellmybooks_spider.py, genuine5_expatriatesindia_spider.py, bookflow_spider.py, genuine5_olxindia_spider.py, bookswaphub_spider.py, bookstand_spider.py, sumrux_spider.py, banaras_hindu_university_press_spider.py, booklane_spider.py, nearbook_spider.py, genuine5_quikr_spider.py, bookbazar_spider.py, bookchor_spider.py, genuine5_clickindia_spider.py, iit_bombay_book_exchange_spider.py, reusebooks_spider.py, genuine5_adeexindia_spider.py, clankart_in_spider.py, origin_bypass_spider.py, resellbooks_spider.py, bookspie_spider.py, genuine5_freeadsindia_spider.py, genuine5_locantoindia_spider.py, genuine5_vivastreetindia_spider.py, bookloop_spider.py, genuine5_adsglobeindia_spider.py, genuine5_postfreeonline_spider.py, book_mitra_spider.py, an_sinha_institute_social_studies_ansiss_spider.py, pustakmarket_spider.py, mypustak_spider.py, pustakstore_spider.py, bookshare_spider.py, genuine5_sulekha_spider.py. Pass129 second India pass added Pustak Market, Classic Pages and Flying Books; upgraded ResellPanda and Sumrux to high scope-caveated strict-candidates; hardened Bookaao, BookLane, MyOldBooks, PustakMart, Apnabook and BookLal. India now needs only named cleanup checks, not broad high revisit."
India,resolved_pass220_active_spiders_built,medium,Targeted only: BookLal country-scope/localization resolution; Pustak Market live activity/account-flow proof; ResellPanda live inventory or official Play listing; Apnabook direct account/listing render; PustakMart open-vs-managed seller mechanics; Classic Pages seller/recommerce proof; Flying Books operator-vs-marketplace mechanics. No broad India reopen absent fresh strict-main evidence.,"Pass220 successfully resolved and built active spiders: usedbooksfactory_spider.py, mcit_opac_spider.py, askitab_spider.py, bookbazaar_yournotebook_spider.py, bookmamu_spider.py, myoldbooks_spider.py, antqcart_spider.py, mypustak_in_spider.py, clasify_in_spider.py, resellpanda_spider.py, booklal_spider.py, sellmybooks_spider.py, genuine5_expatriatesindia_spider.py, bookflow_spider.py, genuine5_olxindia_spider.py, bookswaphub_spider.py, bookstand_spider.py, sumrux_spider.py, banaras_hindu_university_press_spider.py, booklane_spider.py, nearbook_spider.py, genuine5_quikr_spider.py, bookbazar_spider.py, bookchor_spider.py, genuine5_clickindia_spider.py, iit_bombay_book_exchange_spider.py, reusebooks_spider.py, genuine5_adeexindia_spider.py, clankart_in_spider.py, origin_bypass_spider.py, resellbooks_spider.py, bookspie_spider.py, genuine5_freeadsindia_spider.py, genuine5_locantoindia_spider.py, genuine5_vivastreetindia_spider.py, bookloop_spider.py, genuine5_adsglobeindia_spider.py, genuine5_postfreeonline_spider.py, book_mitra_spider.py, an_sinha_institute_social_studies_ansiss_spider.py, pustakmarket_spider.py, mypustak_spider.py, pustakstore_spider.py, bookshare_spider.py, genuine5_sulekha_spider.py. Pass129 second India pass added Pustak Market, Classic Pages and Flying Books; upgraded ResellPanda and Sumrux to high scope-caveated strict-candidates; hardened Bookaao, BookLane, MyOldBooks, PustakMart, Apnabook and BookLal. India now needs only named cleanup checks, not broad high revisit."
India,resolved_pass220_active_spiders_built,medium,Targeted only: BookLal country-scope/localization resolution; Pustak Market live activity/account-flow proof; ResellPanda live inventory or official Play listing; Apnabook direct account/listing render; PustakMart open-vs-managed seller mechanics; Classic Pages seller/recommerce proof; Flying Books operator-vs-marketplace mechanics. No broad India reopen absent fresh strict-main evidence.,"Pass220 successfully resolved and built active spiders: usedbooksfactory_spider.py, mcit_opac_spider.py, askitab_spider.py, bookbazaar_yournotebook_spider.py, bookmamu_spider.py, myoldbooks_spider.py, antqcart_spider.py, mypustak_in_spider.py, clasify_in_spider.py, resellpanda_spider.py, booklal_spider.py, sellmybooks_spider.py, genuine5_expatriatesindia_spider.py, bookflow_spider.py, genuine5_olxindia_spider.py, bookswaphub_spider.py, bookstand_spider.py, sumrux_spider.py, banaras_hindu_university_press_spider.py, booklane_spider.py, nearbook_spider.py, genuine5_quikr_spider.py, bookbazar_spider.py, bookchor_spider.py, genuine5_clickindia_spider.py, iit_bombay_book_exchange_spider.py, reusebooks_spider.py, genuine5_adeexindia_spider.py, clankart_in_spider.py, origin_bypass_spider.py, resellbooks_spider.py, bookspie_spider.py, genuine5_freeadsindia_spider.py, genuine5_locantoindia_spider.py, genuine5_vivastreetindia_spider.py, bookloop_spider.py, genuine5_adsglobeindia_spider.py, genuine5_postfreeonline_spider.py, book_mitra_spider.py, an_sinha_institute_social_studies_ansiss_spider.py, pustakmarket_spider.py, mypustak_spider.py, pustakstore_spider.py, bookshare_spider.py, genuine5_sulekha_spider.py. Pass129 second India pass added Pustak Market, Classic Pages and Flying Books; upgraded ResellPanda and Sumrux to high scope-caveated strict-candidates; hardened Bookaao, BookLane, MyOldBooks, PustakMart, Apnabook and BookLal. India now needs only named cleanup checks, not broad high revisit."
India,resolved_pass220_active_spiders_built,medium,Targeted only: BookLal country-scope/localization resolution; Pustak Market live activity/account-flow proof; ResellPanda live inventory or official Play listing; Apnabook direct account/listing render; PustakMart open-vs-managed seller mechanics; Classic Pages seller/recommerce proof; Flying Books operator-vs-marketplace mechanics. No broad India reopen absent fresh strict-main evidence.,"Pass220 successfully resolved and built active spiders: usedbooksfactory_spider.py, mcit_opac_spider.py, askitab_spider.py, bookbazaar_yournotebook_spider.py, bookmamu_spider.py, myoldbooks_spider.py, antqcart_spider.py, mypustak_in_spider.py, clasify_in_spider.py, resellpanda_spider.py, booklal_spider.py, sellmybooks_spider.py, genuine5_expatriatesindia_spider.py, bookflow_spider.py, genuine5_olxindia_spider.py, bookswaphub_spider.py, bookstand_spider.py, sumrux_spider.py, banaras_hindu_university_press_spider.py, booklane_spider.py, nearbook_spider.py, genuine5_quikr_spider.py, bookbazar_spider.py, bookchor_spider.py, genuine5_clickindia_spider.py, iit_bombay_book_exchange_spider.py, reusebooks_spider.py, genuine5_adeexindia_spider.py, clankart_in_spider.py, origin_bypass_spider.py, resellbooks_spider.py, bookspie_spider.py, genuine5_freeadsindia_spider.py, genuine5_locantoindia_spider.py, genuine5_vivastreetindia_spider.py, bookloop_spider.py, genuine5_adsglobeindia_spider.py, genuine5_postfreeonline_spider.py, book_mitra_spider.py, an_sinha_institute_social_studies_ansiss_spider.py, pustakmarket_spider.py, mypustak_spider.py, pustakstore_spider.py, bookshare_spider.py, genuine5_sulekha_spider.py. Pass129 second India pass added Pustak Market, Classic Pages and Flying Books; upgraded ResellPanda and Sumrux to high scope-caveated strict-candidates; hardened Bookaao, BookLane, MyOldBooks, PustakMart, Apnabook and BookLal. India now needs only named cleanup checks, not broad high revisit."
India,resolved_pass220_active_spiders_built,medium,Targeted only: BookLal country-scope/localization resolution; Pustak Market live activity/account-flow proof; ResellPanda live inventory or official Play listing; Apnabook direct account/listing render; PustakMart open-vs-managed seller mechanics; Classic Pages seller/recommerce proof; Flying Books operator-vs-marketplace mechanics. No broad India reopen absent fresh strict-main evidence.,"Pass220 successfully resolved and built active spiders: usedbooksfactory_spider.py, mcit_opac_spider.py, askitab_spider.py, bookbazaar_yournotebook_spider.py, bookmamu_spider.py, myoldbooks_spider.py, antqcart_spider.py, mypustak_in_spider.py, clasify_in_spider.py, resellpanda_spider.py, booklal_spider.py, sellmybooks_spider.py, genuine5_expatriatesindia_spider.py, bookflow_spider.py, genuine5_olxindia_spider.py, bookswaphub_spider.py, bookstand_spider.py, sumrux_spider.py, banaras_hindu_university_press_spider.py, booklane_spider.py, nearbook_spider.py, genuine5_quikr_spider.py, bookbazar_spider.py, bookchor_spider.py, genuine5_clickindia_spider.py, iit_bombay_book_exchange_spider.py, reusebooks_spider.py, genuine5_adeexindia_spider.py, clankart_in_spider.py, origin_bypass_spider.py, resellbooks_spider.py, bookspie_spider.py, genuine5_freeadsindia_spider.py, genuine5_locantoindia_spider.py, genuine5_vivastreetindia_spider.py, bookloop_spider.py, genuine5_adsglobeindia_spider.py, genuine5_postfreeonline_spider.py, book_mitra_spider.py, an_sinha_institute_social_studies_ansiss_spider.py, pustakmarket_spider.py, mypustak_spider.py, pustakstore_spider.py, bookshare_spider.py, genuine5_sulekha_spider.py. Pass129 second India pass added Pustak Market, Classic Pages and Flying Books; upgraded ResellPanda and Sumrux to high scope-caveated strict-candidates; hardened Bookaao, BookLane, MyOldBooks, PustakMart, Apnabook and BookLal. India now needs only named cleanup checks, not broad high revisit."
India,resolved_pass220_active_spiders_built,medium,Targeted only: BookLal country-scope/localization resolution; Pustak Market live activity/account-flow proof; ResellPanda live inventory or official Play listing; Apnabook direct account/listing render; PustakMart open-vs-managed seller mechanics; Classic Pages seller/recommerce proof; Flying Books operator-vs-marketplace mechanics. No broad India reopen absent fresh strict-main evidence.,"Pass220 successfully resolved and built active spiders: usedbooksfactory_spider.py, mcit_opac_spider.py, askitab_spider.py, bookbazaar_yournotebook_spider.py, bookmamu_spider.py, myoldbooks_spider.py, antqcart_spider.py, mypustak_in_spider.py, clasify_in_spider.py, resellpanda_spider.py, booklal_spider.py, sellmybooks_spider.py, genuine5_expatriatesindia_spider.py, bookflow_spider.py, genuine5_olxindia_spider.py, bookswaphub_spider.py, bookstand_spider.py, sumrux_spider.py, banaras_hindu_university_press_spider.py, booklane_spider.py, nearbook_spider.py, genuine5_quikr_spider.py, bookbazar_spider.py, bookchor_spider.py, genuine5_clickindia_spider.py, iit_bombay_book_exchange_spider.py, reusebooks_spider.py, genuine5_adeexindia_spider.py, clankart_in_spider.py, origin_bypass_spider.py, resellbooks_spider.py, bookspie_spider.py, genuine5_freeadsindia_spider.py, genuine5_locantoindia_spider.py, genuine5_vivastreetindia_spider.py, bookloop_spider.py, genuine5_adsglobeindia_spider.py, genuine5_postfreeonline_spider.py, book_mitra_spider.py, an_sinha_institute_social_studies_ansiss_spider.py, pustakmarket_spider.py, mypustak_spider.py, pustakstore_spider.py, bookshare_spider.py, genuine5_sulekha_spider.py. Pass129 second India pass added Pustak Market, Classic Pages and Flying Books; upgraded ResellPanda and Sumrux to high scope-caveated strict-candidates; hardened Bookaao, BookLane, MyOldBooks, PustakMart, Apnabook and BookLal. India now needs only named cleanup checks, not broad high revisit."
India,resolved_pass220_active_spiders_built,medium,Targeted only: BookLal country-scope/localization resolution; Pustak Market live activity/account-flow proof; ResellPanda live inventory or official Play listing; Apnabook direct account/listing render; PustakMart open-vs-managed seller mechanics; Classic Pages seller/recommerce proof; Flying Books operator-vs-marketplace mechanics. No broad India reopen absent fresh strict-main evidence.,"Pass220 successfully resolved and built active spiders: usedbooksfactory_spider.py, mcit_opac_spider.py, askitab_spider.py, bookbazaar_yournotebook_spider.py, bookmamu_spider.py, myoldbooks_spider.py, antqcart_spider.py, mypustak_in_spider.py, clasify_in_spider.py, resellpanda_spider.py, booklal_spider.py, sellmybooks_spider.py, genuine5_expatriatesindia_spider.py, bookflow_spider.py, genuine5_olxindia_spider.py, bookswaphub_spider.py, bookstand_spider.py, sumrux_spider.py, banaras_hindu_university_press_spider.py, booklane_spider.py, nearbook_spider.py, genuine5_quikr_spider.py, bookbazar_spider.py, bookchor_spider.py, genuine5_clickindia_spider.py, iit_bombay_book_exchange_spider.py, reusebooks_spider.py, genuine5_adeexindia_spider.py, clankart_in_spider.py, origin_bypass_spider.py, resellbooks_spider.py, bookspie_spider.py, genuine5_freeadsindia_spider.py, genuine5_locantoindia_spider.py, genuine5_vivastreetindia_spider.py, bookloop_spider.py, genuine5_adsglobeindia_spider.py, genuine5_postfreeonline_spider.py, book_mitra_spider.py, an_sinha_institute_social_studies_ansiss_spider.py, pustakmarket_spider.py, mypustak_spider.py, pustakstore_spider.py, bookshare_spider.py, genuine5_sulekha_spider.py. Pass129 second India pass added Pustak Market, Classic Pages and Flying Books; upgraded ResellPanda and Sumrux to high scope-caveated strict-candidates; hardened Bookaao, BookLane, MyOldBooks, PustakMart, Apnabook and BookLal. India now needs only named cleanup checks, not broad high revisit."
India,resolved_pass220_active_spiders_built,medium,Targeted only: BookLal country-scope/localization resolution; Pustak Market live activity/account-flow proof; ResellPanda live inventory or official Play listing; Apnabook direct account/listing render; PustakMart open-vs-managed seller mechanics; Classic Pages seller/recommerce proof; Flying Books operator-vs-marketplace mechanics. No broad India reopen absent fresh strict-main evidence.,"Pass220 successfully resolved and built active spiders: usedbooksfactory_spider.py, mcit_opac_spider.py, askitab_spider.py, bookbazaar_yournotebook_spider.py, bookmamu_spider.py, myoldbooks_spider.py, antqcart_spider.py, mypustak_in_spider.py, clasify_in_spider.py, resellpanda_spider.py, booklal_spider.py, sellmybooks_spider.py, genuine5_expatriatesindia_spider.py, bookflow_spider.py, genuine5_olxindia_spider.py, bookswaphub_spider.py, bookstand_spider.py, sumrux_spider.py, banaras_hindu_university_press_spider.py, booklane_spider.py, nearbook_spider.py, genuine5_quikr_spider.py, bookbazar_spider.py, bookchor_spider.py, genuine5_clickindia_spider.py, iit_bombay_book_exchange_spider.py, reusebooks_spider.py, genuine5_adeexindia_spider.py, clankart_in_spider.py, origin_bypass_spider.py, resellbooks_spider.py, bookspie_spider.py, genuine5_freeadsindia_spider.py, genuine5_locantoindia_spider.py, genuine5_vivastreetindia_spider.py, bookloop_spider.py, genuine5_adsglobeindia_spider.py, genuine5_postfreeonline_spider.py, book_mitra_spider.py, an_sinha_institute_social_studies_ansiss_spider.py, pustakmarket_spider.py, mypustak_spider.py, pustakstore_spider.py, bookshare_spider.py, genuine5_sulekha_spider.py. Pass129 second India pass added Pustak Market, Classic Pages and Flying Books; upgraded ResellPanda and Sumrux to high scope-caveated strict-candidates; hardened Bookaao, BookLane, MyOldBooks, PustakMart, Apnabook and BookLal. India now needs only named cleanup checks, not broad high revisit."
India,resolved_pass220_active_spiders_built,medium,Targeted only: BookLal country-scope/localization resolution; Pustak Market live activity/account-flow proof; ResellPanda live inventory or official Play listing; Apnabook direct account/listing render; PustakMart open-vs-managed seller mechanics; Classic Pages seller/recommerce proof; Flying Books operator-vs-marketplace mechanics. No broad India reopen absent fresh strict-main evidence.,"Pass220 successfully resolved and built active spiders: usedbooksfactory_spider.py, mcit_opac_spider.py, askitab_spider.py, bookbazaar_yournotebook_spider.py, bookmamu_spider.py, myoldbooks_spider.py, antqcart_spider.py, mypustak_in_spider.py, clasify_in_spider.py, resellpanda_spider.py, booklal_spider.py, sellmybooks_spider.py, genuine5_expatriatesindia_spider.py, bookflow_spider.py, genuine5_olxindia_spider.py, bookswaphub_spider.py, bookstand_spider.py, sumrux_spider.py, banaras_hindu_university_press_spider.py, booklane_spider.py, nearbook_spider.py, genuine5_quikr_spider.py, bookbazar_spider.py, bookchor_spider.py, genuine5_clickindia_spider.py, iit_bombay_book_exchange_spider.py, reusebooks_spider.py, genuine5_adeexindia_spider.py, clankart_in_spider.py, origin_bypass_spider.py, resellbooks_spider.py, bookspie_spider.py, genuine5_freeadsindia_spider.py, genuine5_locantoindia_spider.py, genuine5_vivastreetindia_spider.py, bookloop_spider.py, genuine5_adsglobeindia_spider.py, genuine5_postfreeonline_spider.py, book_mitra_spider.py, an_sinha_institute_social_studies_ansiss_spider.py, pustakmarket_spider.py, mypustak_spider.py, pustakstore_spider.py, bookshare_spider.py, genuine5_sulekha_spider.py. Pass129 second India pass added Pustak Market, Classic Pages and Flying Books; upgraded ResellPanda and Sumrux to high scope-caveated strict-candidates; hardened Bookaao, BookLane, MyOldBooks, PustakMart, Apnabook and BookLal. India now needs only named cleanup checks, not broad high revisit."
India,resolved_pass220_active_spiders_built,medium,Targeted only: BookLal country-scope/localization resolution; Pustak Market live activity/account-flow proof; ResellPanda live inventory or official Play listing; Apnabook direct account/listing render; PustakMart open-vs-managed seller mechanics; Classic Pages seller/recommerce proof; Flying Books operator-vs-marketplace mechanics. No broad India reopen absent fresh strict-main evidence.,"Pass220 successfully resolved and built active spiders: usedbooksfactory_spider.py, mcit_opac_spider.py, askitab_spider.py, bookbazaar_yournotebook_spider.py, bookmamu_spider.py, myoldbooks_spider.py, antqcart_spider.py, mypustak_in_spider.py, clasify_in_spider.py, resellpanda_spider.py, booklal_spider.py, sellmybooks_spider.py, genuine5_expatriatesindia_spider.py, bookflow_spider.py, genuine5_olxindia_spider.py, bookswaphub_spider.py, bookstand_spider.py, sumrux_spider.py, banaras_hindu_university_press_spider.py, booklane_spider.py, nearbook_spider.py, genuine5_quikr_spider.py, bookbazar_spider.py, bookchor_spider.py, genuine5_clickindia_spider.py, iit_bombay_book_exchange_spider.py, reusebooks_spider.py, genuine5_adeexindia_spider.py, clankart_in_spider.py, origin_bypass_spider.py, resellbooks_spider.py, bookspie_spider.py, genuine5_freeadsindia_spider.py, genuine5_locantoindia_spider.py, genuine5_vivastreetindia_spider.py, bookloop_spider.py, genuine5_adsglobeindia_spider.py, genuine5_postfreeonline_spider.py, book_mitra_spider.py, an_sinha_institute_social_studies_ansiss_spider.py, pustakmarket_spider.py, mypustak_spider.py, pustakstore_spider.py, bookshare_spider.py, genuine5_sulekha_spider.py. Pass129 second India pass added Pustak Market, Classic Pages and Flying Books; upgraded ResellPanda and Sumrux to high scope-caveated strict-candidates; hardened Bookaao, BookLane, MyOldBooks, PustakMart, Apnabook and BookLal. India now needs only named cleanup checks, not broad high revisit."
India,resolved_pass220_active_spiders_built,medium,Targeted only: BookLal country-scope/localization resolution; Pustak Market live activity/account-flow proof; ResellPanda live inventory or official Play listing; Apnabook direct account/listing render; PustakMart open-vs-managed seller mechanics; Classic Pages seller/recommerce proof; Flying Books operator-vs-marketplace mechanics. No broad India reopen absent fresh strict-main evidence.,"Pass220 successfully resolved and built active spiders: usedbooksfactory_spider.py, mcit_opac_spider.py, askitab_spider.py, bookbazaar_yournotebook_spider.py, bookmamu_spider.py, myoldbooks_spider.py, antqcart_spider.py, mypustak_in_spider.py, clasify_in_spider.py, resellpanda_spider.py, booklal_spider.py, sellmybooks_spider.py, genuine5_expatriatesindia_spider.py, bookflow_spider.py, genuine5_olxindia_spider.py, bookswaphub_spider.py, bookstand_spider.py, sumrux_spider.py, banaras_hindu_university_press_spider.py, booklane_spider.py, nearbook_spider.py, genuine5_quikr_spider.py, bookbazar_spider.py, bookchor_spider.py, genuine5_clickindia_spider.py, iit_bombay_book_exchange_spider.py, reusebooks_spider.py, genuine5_adeexindia_spider.py, clankart_in_spider.py, origin_bypass_spider.py, resellbooks_spider.py, bookspie_spider.py, genuine5_freeadsindia_spider.py, genuine5_locantoindia_spider.py, genuine5_vivastreetindia_spider.py, bookloop_spider.py, genuine5_adsglobeindia_spider.py, genuine5_postfreeonline_spider.py, book_mitra_spider.py, an_sinha_institute_social_studies_ansiss_spider.py, pustakmarket_spider.py, mypustak_spider.py, pustakstore_spider.py, bookshare_spider.py, genuine5_sulekha_spider.py. Pass129 second India pass added Pustak Market, Classic Pages and Flying Books; upgraded ResellPanda and Sumrux to high scope-caveated strict-candidates; hardened Bookaao, BookLane, MyOldBooks, PustakMart, Apnabook and BookLal. India now needs only named cleanup checks, not broad high revisit."
India,resolved_pass220_active_spiders_built,medium,Targeted only: BookLal country-scope/localization resolution; Pustak Market live activity/account-flow proof; ResellPanda live inventory or official Play listing; Apnabook direct account/listing render; PustakMart open-vs-managed seller mechanics; Classic Pages seller/recommerce proof; Flying Books operator-vs-marketplace mechanics. No broad India reopen absent fresh strict-main evidence.,"Pass220 successfully resolved and built active spiders: usedbooksfactory_spider.py, mcit_opac_spider.py, askitab_spider.py, bookbazaar_yournotebook_spider.py, bookmamu_spider.py, myoldbooks_spider.py, antqcart_spider.py, mypustak_in_spider.py, clasify_in_spider.py, resellpanda_spider.py, booklal_spider.py, sellmybooks_spider.py, genuine5_expatriatesindia_spider.py, bookflow_spider.py, genuine5_olxindia_spider.py, bookswaphub_spider.py, bookstand_spider.py, sumrux_spider.py, banaras_hindu_university_press_spider.py, booklane_spider.py, nearbook_spider.py, genuine5_quikr_spider.py, bookbazar_spider.py, bookchor_spider.py, genuine5_clickindia_spider.py, iit_bombay_book_exchange_spider.py, reusebooks_spider.py, genuine5_adeexindia_spider.py, clankart_in_spider.py, origin_bypass_spider.py, resellbooks_spider.py, bookspie_spider.py, genuine5_freeadsindia_spider.py, genuine5_locantoindia_spider.py, genuine5_vivastreetindia_spider.py, bookloop_spider.py, genuine5_adsglobeindia_spider.py, genuine5_postfreeonline_spider.py, book_mitra_spider.py, an_sinha_institute_social_studies_ansiss_spider.py, pustakmarket_spider.py, mypustak_spider.py, pustakstore_spider.py, bookshare_spider.py, genuine5_sulekha_spider.py. Pass129 second India pass added Pustak Market, Classic Pages and Flying Books; upgraded ResellPanda and Sumrux to high scope-caveated strict-candidates; hardened Bookaao, BookLane, MyOldBooks, PustakMart, Apnabook and BookLal. India now needs only named cleanup checks, not broad high revisit."
India,resolved_pass220_active_spiders_built,medium,Targeted only: BookLal country-scope/localization resolution; Pustak Market live activity/account-flow proof; ResellPanda live inventory or official Play listing; Apnabook direct account/listing render; PustakMart open-vs-managed seller mechanics; Classic Pages seller/recommerce proof; Flying Books operator-vs-marketplace mechanics. No broad India reopen absent fresh strict-main evidence.,"Pass220 successfully resolved and built active spiders: usedbooksfactory_spider.py, mcit_opac_spider.py, askitab_spider.py, bookbazaar_yournotebook_spider.py, bookmamu_spider.py, myoldbooks_spider.py, antqcart_spider.py, mypustak_in_spider.py, clasify_in_spider.py, resellpanda_spider.py, booklal_spider.py, sellmybooks_spider.py, genuine5_expatriatesindia_spider.py, bookflow_spider.py, genuine5_olxindia_spider.py, bookswaphub_spider.py, bookstand_spider.py, sumrux_spider.py, banaras_hindu_university_press_spider.py, booklane_spider.py, nearbook_spider.py, genuine5_quikr_spider.py, bookbazar_spider.py, bookchor_spider.py, genuine5_clickindia_spider.py, iit_bombay_book_exchange_spider.py, reusebooks_spider.py, genuine5_adeexindia_spider.py, clankart_in_spider.py, origin_bypass_spider.py, resellbooks_spider.py, bookspie_spider.py, genuine5_freeadsindia_spider.py, genuine5_locantoindia_spider.py, genuine5_vivastreetindia_spider.py, bookloop_spider.py, genuine5_adsglobeindia_spider.py, genuine5_postfreeonline_spider.py, book_mitra_spider.py, an_sinha_institute_social_studies_ansiss_spider.py, pustakmarket_spider.py, mypustak_spider.py, pustakstore_spider.py, bookshare_spider.py, genuine5_sulekha_spider.py. Pass129 second India pass added Pustak Market, Classic Pages and Flying Books; upgraded ResellPanda and Sumrux to high scope-caveated strict-candidates; hardened Bookaao, BookLane, MyOldBooks, PustakMart, Apnabook and BookLal. India now needs only named cleanup checks, not broad high revisit."
India,resolved_pass220_active_spiders_built,medium,Targeted only: BookLal country-scope/localization resolution; Pustak Market live activity/account-flow proof; ResellPanda live inventory or official Play listing; Apnabook direct account/listing render; PustakMart open-vs-managed seller mechanics; Classic Pages seller/recommerce proof; Flying Books operator-vs-marketplace mechanics. No broad India reopen absent fresh strict-main evidence.,"Pass220 successfully resolved and built active spiders: usedbooksfactory_spider.py, mcit_opac_spider.py, askitab_spider.py, bookbazaar_yournotebook_spider.py, bookmamu_spider.py, myoldbooks_spider.py, antqcart_spider.py, mypustak_in_spider.py, clasify_in_spider.py, resellpanda_spider.py, booklal_spider.py, sellmybooks_spider.py, genuine5_expatriatesindia_spider.py, bookflow_spider.py, genuine5_olxindia_spider.py, bookswaphub_spider.py, bookstand_spider.py, sumrux_spider.py, banaras_hindu_university_press_spider.py, booklane_spider.py, nearbook_spider.py, genuine5_quikr_spider.py, bookbazar_spider.py, bookchor_spider.py, genuine5_clickindia_spider.py, iit_bombay_book_exchange_spider.py, reusebooks_spider.py, genuine5_adeexindia_spider.py, clankart_in_spider.py, origin_bypass_spider.py, resellbooks_spider.py, bookspie_spider.py, genuine5_freeadsindia_spider.py, genuine5_locantoindia_spider.py, genuine5_vivastreetindia_spider.py, bookloop_spider.py, genuine5_adsglobeindia_spider.py, genuine5_postfreeonline_spider.py, book_mitra_spider.py, an_sinha_institute_social_studies_ansiss_spider.py, pustakmarket_spider.py, mypustak_spider.py, pustakstore_spider.py, bookshare_spider.py, genuine5_sulekha_spider.py. Pass129 second India pass added Pustak Market, Classic Pages and Flying Books; upgraded ResellPanda and Sumrux to high scope-caveated strict-candidates; hardened Bookaao, BookLane, MyOldBooks, PustakMart, Apnabook and BookLal. India now needs only named cleanup checks, not broad high revisit."
India,resolved_pass220_active_spiders_built,medium,Targeted only: BookLal country-scope/localization resolution; Pustak Market live activity/account-flow proof; ResellPanda live inventory or official Play listing; Apnabook direct account/listing render; PustakMart open-vs-managed seller mechanics; Classic Pages seller/recommerce proof; Flying Books operator-vs-marketplace mechanics. No broad India reopen absent fresh strict-main evidence.,"Pass220 successfully resolved and built active spiders: usedbooksfactory_spider.py, mcit_opac_spider.py, askitab_spider.py, bookbazaar_yournotebook_spider.py, bookmamu_spider.py, myoldbooks_spider.py, antqcart_spider.py, mypustak_in_spider.py, clasify_in_spider.py, resellpanda_spider.py, booklal_spider.py, sellmybooks_spider.py, genuine5_expatriatesindia_spider.py, bookflow_spider.py, genuine5_olxindia_spider.py, bookswaphub_spider.py, bookstand_spider.py, sumrux_spider.py, banaras_hindu_university_press_spider.py, booklane_spider.py, nearbook_spider.py, genuine5_quikr_spider.py, bookbazar_spider.py, bookchor_spider.py, genuine5_clickindia_spider.py, iit_bombay_book_exchange_spider.py, reusebooks_spider.py, genuine5_adeexindia_spider.py, clankart_in_spider.py, origin_bypass_spider.py, resellbooks_spider.py, bookspie_spider.py, genuine5_freeadsindia_spider.py, genuine5_locantoindia_spider.py, genuine5_vivastreetindia_spider.py, bookloop_spider.py, genuine5_adsglobeindia_spider.py, genuine5_postfreeonline_spider.py, book_mitra_spider.py, an_sinha_institute_social_studies_ansiss_spider.py, pustakmarket_spider.py, mypustak_spider.py, pustakstore_spider.py, bookshare_spider.py, genuine5_sulekha_spider.py. Pass129 second India pass added Pustak Market, Classic Pages and Flying Books; upgraded ResellPanda and Sumrux to high scope-caveated strict-candidates; hardened Bookaao, BookLane, MyOldBooks, PustakMart, Apnabook and BookLal. India now needs only named cleanup checks, not broad high revisit."
India,resolved_pass220_active_spiders_built,medium,Targeted only: BookLal country-scope/localization resolution; Pustak Market live activity/account-flow proof; ResellPanda live inventory or official Play listing; Apnabook direct account/listing render; PustakMart open-vs-managed seller mechanics; Classic Pages seller/recommerce proof; Flying Books operator-vs-marketplace mechanics. No broad India reopen absent fresh strict-main evidence.,"Pass220 successfully resolved and built active spiders: usedbooksfactory_spider.py, mcit_opac_spider.py, askitab_spider.py, bookbazaar_yournotebook_spider.py, bookmamu_spider.py, myoldbooks_spider.py, antqcart_spider.py, mypustak_in_spider.py, clasify_in_spider.py, resellpanda_spider.py, booklal_spider.py, sellmybooks_spider.py, genuine5_expatriatesindia_spider.py, bookflow_spider.py, genuine5_olxindia_spider.py, bookswaphub_spider.py, bookstand_spider.py, sumrux_spider.py, banaras_hindu_university_press_spider.py, booklane_spider.py, nearbook_spider.py, genuine5_quikr_spider.py, bookbazar_spider.py, bookchor_spider.py, genuine5_clickindia_spider.py, iit_bombay_book_exchange_spider.py, reusebooks_spider.py, genuine5_adeexindia_spider.py, clankart_in_spider.py, origin_bypass_spider.py, resellbooks_spider.py, bookspie_spider.py, genuine5_freeadsindia_spider.py, genuine5_locantoindia_spider.py, genuine5_vivastreetindia_spider.py, bookloop_spider.py, genuine5_adsglobeindia_spider.py, genuine5_postfreeonline_spider.py, book_mitra_spider.py, an_sinha_institute_social_studies_ansiss_spider.py, pustakmarket_spider.py, mypustak_spider.py, pustakstore_spider.py, bookshare_spider.py, genuine5_sulekha_spider.py. Pass129 second India pass added Pustak Market, Classic Pages and Flying Books; upgraded ResellPanda and Sumrux to high scope-caveated strict-candidates; hardened Bookaao, BookLane, MyOldBooks, PustakMart, Apnabook and BookLal. India now needs only named cleanup checks, not broad high revisit."
India,resolved_pass220_active_spiders_built,medium,Targeted only: BookLal country-scope/localization resolution; Pustak Market live activity/account-flow proof; ResellPanda live inventory or official Play listing; Apnabook direct account/listing render; PustakMart open-vs-managed seller mechanics; Classic Pages seller/recommerce proof; Flying Books operator-vs-marketplace mechanics. No broad India reopen absent fresh strict-main evidence.,"Pass220 successfully resolved and built active spiders: usedbooksfactory_spider.py, mcit_opac_spider.py, askitab_spider.py, bookbazaar_yournotebook_spider.py, bookmamu_spider.py, myoldbooks_spider.py, antqcart_spider.py, mypustak_in_spider.py, clasify_in_spider.py, resellpanda_spider.py, booklal_spider.py, sellmybooks_spider.py, genuine5_expatriatesindia_spider.py, bookflow_spider.py, genuine5_olxindia_spider.py, bookswaphub_spider.py, bookstand_spider.py, sumrux_spider.py, banaras_hindu_university_press_spider.py, booklane_spider.py, nearbook_spider.py, genuine5_quikr_spider.py, bookbazar_spider.py, bookchor_spider.py, genuine5_clickindia_spider.py, iit_bombay_book_exchange_spider.py, reusebooks_spider.py, genuine5_adeexindia_spider.py, clankart_in_spider.py, origin_bypass_spider.py, resellbooks_spider.py, bookspie_spider.py, genuine5_freeadsindia_spider.py, genuine5_locantoindia_spider.py, genuine5_vivastreetindia_spider.py, bookloop_spider.py, genuine5_adsglobeindia_spider.py, genuine5_postfreeonline_spider.py, book_mitra_spider.py, an_sinha_institute_social_studies_ansiss_spider.py, pustakmarket_spider.py, mypustak_spider.py, pustakstore_spider.py, bookshare_spider.py, genuine5_sulekha_spider.py. Pass129 second India pass added Pustak Market, Classic Pages and Flying Books; upgraded ResellPanda and Sumrux to high scope-caveated strict-candidates; hardened Bookaao, BookLane, MyOldBooks, PustakMart, Apnabook and BookLal. India now needs only named cleanup checks, not broad high revisit."
Iran,resolved_pass220_active_spiders_built,medium,new territory compact pass 1 + CanSell hardening,"Pass220 successfully resolved and built active spiders: esam_ir_spider.py, cansell_spider.py, bama_ir_spider.py, pinorest_ir_spider.py, divar_ir_spider.py, sheypoor_ir_spider.py, genuine_reg2_divar_spider.py, genuine_reg2_sheypoor_spider.py, iranibook_ir_spider.py, iranketab_ir_spider.py, genuine_reg2_esam_spider.py. CanSell appears strict but currently rebuilding; revisit for live seller-flow and inventory proof."
Iraq,resolved_pass220_active_spiders_built,medium-high,"Only reopen for a standalone book-specific used/recommerce platform, active app/marketplace seller-onboarding proof, KRG-specific marketplace evidence beyond single-store social commerce, or decisive used-book platform mechanics beyond OpenSooq/Facebook groups.","Pass220 successfully resolved and built active spiders: awraqonline_iq_spider.py, kitabi_iraq_spider.py, genuine_reg2_opensooqiraq_spider.py, mutanabi_spider.py, simma_iq_spider.py, maktabatie_iq_spider.py, dar_al_kutub_spider.py, opensooq_iraq_spider.py, elryan_iq_spider.py. Pass116 hardened Iraq after the high-priority revisit: current public evidence shows strong Baghdad + KRG bookstore/social-commerce layers and heavy used-book social resale, but no new standalone strict book-specific used marketplace beyond inherited strict/commerce spine."
Iraq,resolved_pass220_active_spiders_built,medium,classifieds and online bookstore hardening,"Pass220 successfully resolved and built active spiders: awraqonline_iq_spider.py, kitabi_iraq_spider.py, genuine_reg2_opensooqiraq_spider.py, mutanabi_spider.py, simma_iq_spider.py, maktabatie_iq_spider.py, dar_al_kutub_spider.py, opensooq_iraq_spider.py, elryan_iq_spider.py. OpenSooq is clear horizontal used-book spillover; revisit Mutanabbi/Kitabi marketplace mechanics."
Ireland,closed_after_pass167_final_ireland_cleanup_except_evidence_trigger,low,"Do not continue broad Ireland passes. Reopen only on evidence-triggered basis: a genuinely Ireland-native book-specific used/recommerce marketplace, an active public swap/exchange platform with item/request flow, major change to Biblio.ie/Wob/ABA Ireland scope, or ISBN-rich item metadata from local used-book sellers worth backfilling.","Pass167 final Ireland cleanup reconstructed the missing pass166 opening layer, added decisive final Ireland rows, and found no additional Ireland-native standalone strict-main used-book marketplace. Ireland now has sufficient broad coverage; remaining value is targeted evidence-triggered cleanup."
Israel,resolved_pass220_active_spiders_built,medium,"second pass on antiquarian depth beyond Jerusalem, Hebrew-vs-English-vs-Arabic segmentation, digital-library/subscription rails, and shadow used-book specialists beyond Findabook / Book Gallery / Sefer ve Sefel","Pass220 successfully resolved and built active spiders: steimatzky_spider.py, evrit_spider.py, tel_aviv_university_store_spider.py, yad2_il_spider.py, findabook_il_spider.py, booknet_il_spider.py. Israel clearly closes as main universe on pass 1, but its chain, digital, antiquarian, and multilingual sub-ecosystems are rich enough to justify a later enrichment pass without reopening the verdict."
Israel / Palestine,resolved_pass220_active_spiders_built,medium,FindABook promotion + Palestine hold,"Pass220 successfully resolved and built active spiders: steimatzky_spider.py, evrit_spider.py, tel_aviv_university_store_spider.py, yad2_il_spider.py, findabook_il_spider.py, booknet_il_spider.py, sharbains_bookshop_ps_spider.py, palestine_locanto_spider.py, watanbooks_spider.py, alhaq_palestine_spider.py, palestine_opensooq_spider.py, palestine_shobiddak_spider.py, educational_bookshop_ps_spider.py. FindABook promoted for Israel; Palestine remains bookstore/classifieds and should be revisited separately."
Italy,resolved_pass220_active_spiders_built,medium-low,"Targeted ISBN/detail extraction across Maremagnum, ComproVendoLibri, AbeBooks.it, Bookbot.it, Libraccio, LibreriaUniversitaria.it, and selected Italian antiquarian/dealer surfaces only.","Pass220 successfully resolved and built active spiders: hoepli_i_t_spider.py, di_mano_in_mano_i_t_spider.py, libreria_universitaria_i_t_spider.py, genuine3_shpockitaly_spider.py, genuine3_wallapopitaly_spider.py, unilibro_i_t_spider.py, mercato_delle_occasioni_i_t_spider.py, mondadori_i_t_spider.py, maremagnum_spider.py, genuine3_aaannunci_spider.py, genuine3_tuttoannunci_spider.py, genuine3_subito_spider.py, genuine3_annuncinet_spider.py, genuine3_bakeca_spider.py, libraccio_i_t_spider.py, abebooks_it_spider.py, italy_bakeca2_spider.py, genuine3_ilmercatinousato_spider.py, genuine3_affari_spider.py, bakeca_it_spider.py, genuine3_usato_spider.py, genuine3_vivastreetitaly_spider.py, comprovendolibri_spider.py, genuine3_vinteditaly_spider.py, italy_kijiji_spider.py, genuine3_kijijiitaly_spider.py, bookbot_it_spider.py. Pass181 converted Italy from one URL-less Maremagnum row into a source-backed strict-main/weak-fit/annex/operator stack; broad searching should pause unless a new Italy-native book-specific recommerce platform appears."
Japan,refresh_revisit_later,medium,future refresh pass if new categories or authority fields are added,"Closed after three passes, but ecosystem is large enough that later schema expansion could justify a revisit."
Jordan,resolved_pass220_active_spiders_built,medium,Nebras strict-core hardening,"Pass220 successfully resolved and built active spiders: nebrasbooks_spider.py, amman_ads_jo_spider.py, jordan_locanto_spider.py, jordan_opensooq_spider.py, alefredobooks_jo_spider.py, waseet_jo_spider.py. Nebras promoted; revisit for seller payout, logistics, and used/new inventory split."
Kazakhstan,resolved_pass220_active_spiders_built,low,Bukinist Almaty VK/social groups only for duplication/current-activity cleanup; no strict promotion without platformized mechanics.,"Pass220 successfully resolved and built active spiders: olx_kz_spider.py, kitapmarket_kz_spider.py, obmenbook_spider.py, flip_kz_spider.py, meloman_spider.py. Pass125 found stronger formal classifieds (Kaspi/OLX) and used-bookstore depth; social groups remain annex only."
Kazakhstan,resolved_pass220_active_spiders_built,medium-low,ObmenBook only if direct account/listing/payment or independent seller-onboarding mechanics appear; otherwise leave as high strict-candidate social-platform rail.,"Pass220 successfully resolved and built active spiders: olx_kz_spider.py, kitapmarket_kz_spider.py, obmenbook_spider.py, flip_kz_spider.py, meloman_spider.py. Pass125 directly hardened ObmenBook via orgs.biz/Instagram/The Village. Evidence supports book-specific exchange/sale, but the current flow is contact/social/operator-mediated rather than a proven independent marketplace."
Kazakhstan,resolved_pass220_active_spiders_built,low,Belaya Aruana direct social-store check only if re-opened; keep single-operator social-store posture.,"Pass220 successfully resolved and built active spiders: olx_kz_spider.py, kitapmarket_kz_spider.py, obmenbook_spider.py, flip_kz_spider.py, meloman_spider.py. Pass125 did not find reason to promote single-operator/social-store used-book sellers."
Kazakhstan,resolved_pass220_active_spiders_built,medium-low,ObmenBook only if direct account/listing/payment or independent seller-onboarding mechanics appear; otherwise leave as high strict-candidate social-platform rail.,"Pass220 successfully resolved and built active spiders: olx_kz_spider.py, kitapmarket_kz_spider.py, obmenbook_spider.py, flip_kz_spider.py, meloman_spider.py. Pass125 directly hardened ObmenBook via orgs.biz/Instagram/The Village. Evidence supports book-specific exchange/sale, but the current flow is contact/social/operator-mediated rather than a proven independent marketplace."
Kenya,resolved_pass220_active_spiders_built,medium,Targeted only: Pick A Book self-service seller dashboard/open third-party onboarding; Pick A Book marketplace inventory turnover; Attic/Books First consignment-vs-buyback mechanics; additional book-specific marketplace rails beyond existing core.,"Pass220 successfully resolved and built active spiders: kenya_national_academy_sciences_knas_spider.py, red_shelf_spider.py, halfpricedbooks_ke_spider.py, etsy_spider.py, nuria_ke_spider.py, boekenbalie_spider.py, atticbooks_ke_spider.py, world_agroforestry_icraf_spider.py, blue_rocket_spider.py, nairobi_university_store_spider.py, pickabook_spider.py, aphrc_african_population_health_research_center_spider.py, pigiame_ke_spider.py, bookstop_ke_spider.py, kemri_ke_spider.py, vital_source_spider.py. Pass109 hardened Kenya strict core: Pick A Book is strongly verified as a live book-specific used-books marketplace with product listings and seller-connection language; most other strong evidence remains single-operator used-book/buyback or social/classifieds texture."
Kosovo,resolved_pass220_active_spiders_built,medium-low,"Pause broad Kosovo search. Revisit only for a verifiable Kosovo-native standalone book-specific used/recommerce marketplace, a currently operating Bookey/book-swap app surface, or targeted ISBN/detail extraction across Dukagjini, Educational Centre, MerrJep, Buzuku, Artini and bookstore/Wolt surfaces.","Pass220 successfully resolved and built active spiders: dukagjinibooks_xk_spider.py, houseofbooks_ks_spider.py, roxha_xk_spider.py. Pass188 converted two URL-less frontier rows into a source/evidence-backed no-strict-main profile with bookstore, classifieds, provisional app/context, digital-library, fair and cultural-bookshop layers; no strict-main marketplace proven."
Kuwait,resolved_pass220_active_spiders_built,medium-low,Targeted only: check for a Kuwait-native standalone book-specific used/recommerce marketplace; direct seller-onboarding/listing/payment mechanics for any Page Turner/Bookish/Better/Benny-style platformization; current status for Bliss & Paper / Better Books if closure/reopening evidence changes.,"Pass220 successfully resolved and built active spiders: kuwait_opensooq_spider.py, q84sale_kw_spider.py. Pass140 source-backed the inherited Kuwait rows and added Benny's Books, Bliss & Paper, Kuwaitbookstore.com, Facebook Marketplace Kuwait Books, and Books exchange in Kuwait. Evidence supports rich single-store/operator and social/classifieds used-book texture, but no independent strict used-book marketplace."
Kuwait,resolved_pass220_active_spiders_built,medium-low,Targeted only: check for a Kuwait-native standalone book-specific used/recommerce marketplace; direct seller-onboarding/listing/payment mechanics for any Page Turner/Bookish/Better/Benny-style platformization; current status for Bliss & Paper / Better Books if closure/reopening evidence changes.,"Pass220 successfully resolved and built active spiders: kuwait_opensooq_spider.py, q84sale_kw_spider.py. Pass140 source-backed the inherited Kuwait rows and added Benny's Books, Bliss & Paper, Kuwaitbookstore.com, Facebook Marketplace Kuwait Books, and Books exchange in Kuwait. Evidence supports rich single-store/operator and social/classifieds used-book texture, but no independent strict used-book marketplace."
Kyrgyzstan,resolved_pass220_active_spiders_built,low,Bazar.kg/Tabylga/Aksy book-category spot-check,"Pass220 successfully resolved and built active spiders: foliant_kg_spider.py, genuine_reg2_lalafokg_spider.py, raritet_kg_spider.py, kitep_app_spider.py, bookhouse_kg_spider.py, diesel_kg_spider.py. Horizontal Kyrgyz marketplace apps were added as annex; only promote if a dedicated book-specific used/exchange rail or category-dominant book resale interface appears."
Kyrgyzstan,resolved_pass220_active_spiders_built,medium,Kyrgyzstan second-pass hardening for book-specific recommerce/seller-flow mechanics,"Pass220 successfully resolved and built active spiders: foliant_kg_spider.py, genuine_reg2_lalafokg_spider.py, raritet_kg_spider.py, kitep_app_spider.py, bookhouse_kg_spider.py, diesel_kg_spider.py. Hardening pass added classifieds and/or single-store used-book nodes; revisit should look for true book-specific seller onboarding or buyback/consignment flows."
Kyrgyzstan,resolved_pass220_active_spiders_built,medium,Komoda used/resale specificity check,"Pass220 successfully resolved and built active spiders: foliant_kg_spider.py, genuine_reg2_lalafokg_spider.py, raritet_kg_spider.py, kitep_app_spider.py, bookhouse_kg_spider.py, diesel_kg_spider.py. Komoda is a book-specific local-seller marketplace in Bishkek, but current evidence looks local-store/new-book oriented rather than used/recommerce strict main."
Latvia,resolved_pass220_active_spiders_built,medium-low,"Targeted only: ISBN/detail extraction across myBook.lv, iBook.lv, Luta.lv, Book.id.LV, Buki.lv and Gunas Grāmatas; monitor Luta/iBook operational continuity, Book.id.LV activity scale, and any Latvia-native book-specific app/platform that emerges after 2025.","Pass220 successfully resolved and built active spiders: mybook_lv_spider.py, luta_lv_spider.py, bookid_lv_spider.py, ibook_lv_spider.py. Pass173 hardened Latvia from two thin rows into a strong Baltic profile with four strict/main book-specific recommerce anchors, single-store used/antikvariat depth, and horizontal/social annex rails. Broad Latvia searching should pause unless fresh strict-main evidence appears or targeted ISBN/detail backfill is requested."
Lebanon,resolved_pass220_active_spiders_built,medium-low,Targeted only: monitor for a Lebanon-native standalone book-specific used/recommerce platform with seller onboarding/listing/payment mechanics; check whether Bookbee/books_beirut/Afkar/Stories_and_tales or Book Bazar/Barzakh platformize beyond operator/social storefronts; no broad reopen absent fresh strict-main evidence.,"Pass220 successfully resolved and built active spiders: antoine_lb_spider.py, maliks_spider.py, urban_books_lb_spider.py, antoineonline_spider.py, arab_council_social_sciences_acss_spider.py, aub_student_marketplace_spider.py, almaktabah_spider.py. Pass141 expanded Lebanon shadow-layer evidence: OLX/dubizzle/Facebook remain horizontal/social spillover; Book Bazar, Barzakh, Bookbee, books_beirut, Afkar and Stories_and_tales harden secondhand/social-store texture; no independent strict used-book marketplace was verified."
Lebanon,resolved_pass220_active_spiders_built,medium-low,Targeted only: monitor for a Lebanon-native standalone book-specific used/recommerce platform with seller onboarding/listing/payment mechanics; check whether Bookbee/books_beirut/Afkar/Stories_and_tales or Book Bazar/Barzakh platformize beyond operator/social storefronts; no broad reopen absent fresh strict-main evidence.,"Pass220 successfully resolved and built active spiders: antoine_lb_spider.py, maliks_spider.py, urban_books_lb_spider.py, antoineonline_spider.py, arab_council_social_sciences_acss_spider.py, aub_student_marketplace_spider.py, almaktabah_spider.py. Pass141 expanded Lebanon shadow-layer evidence: OLX/dubizzle/Facebook remain horizontal/social spillover; Book Bazar, Barzakh, Bookbee, books_beirut, Afkar and Stories_and_tales harden secondhand/social-store texture; no independent strict used-book marketplace was verified."
Lesotho,resolved_pass220_active_spiders_built,medium,"Reopen only for current IXcess live app/store proof, standalone Lesotho-native book-specific used/recommerce marketplace mechanics, direct seller onboarding/listing/payment proof, or evidence that Facebook/Rebuydeal/classifieds surfaces have platformized into book-specific resale infrastructure.","Pass220 successfully resolved and built active spiders: ls_afribaba_ls_spider.py, lesotho_locanto_spider.py. Pass123 hardened Lesotho: added IXcess app-era rent/buy/sell lead, bookstore branch anchors, Foso/Rebuydeal/AAA classifieds, and patched Books for Lesotho/Mazenod evidence. No strict-main promotion; prior high-caution closure is now targeted medium revisit."
Lesotho,resolved_pass220_active_spiders_built,medium,"Reopen only for current IXcess live app/store proof, standalone Lesotho-native book-specific used/recommerce marketplace mechanics, direct seller onboarding/listing/payment proof, or evidence that Facebook/Rebuydeal/classifieds surfaces have platformized into book-specific resale infrastructure.","Pass220 successfully resolved and built active spiders: ls_afribaba_ls_spider.py, lesotho_locanto_spider.py. Pass123 hardened Lesotho: added IXcess app-era rent/buy/sell lead, bookstore branch anchors, Foso/Rebuydeal/AAA classifieds, and patched Books for Lesotho/Mazenod evidence. No strict-main promotion; prior high-caution closure is now targeted medium revisit."
Liberia,resolved_pass220_active_spiders_built,medium,"Targeted only: Liberia Book Store seller-onboarding/third-party consignment proof, student textbook resale groups, LIBSHOP/BNS book-category depth, and whether current bookstore/social surfaces show used/consignment inventory.","Pass220 successfully resolved and built active spiders: university_liberia_press_spider.py, liberia_locanto_spider.py, liberiabookstore_spider.py, genuine_reg_final_liberiabuyandsellfinal_spider.py, liberia_afribaba_spider.py. Pass103 partially hardened Liberia: Liberia Book Store buy/sell/mobile-money/product/cart proof is live, BNS Liberia adds horizontal multi-vendor texture, and bookstore layer is more current; strict marketplace qualification still lacks seller-side proof."
Libya,resolved_pass220_active_spiders_built,medium-high,Only reopen for a standalone Libya-native book-specific used/recommerce platform; direct seller onboarding/listing/payment proof; or strong proof that social groups/storefronts have platformized beyond Facebook/OpenSooq.,"Pass220 successfully resolved and built active spiders: darfergiani_spider.py, libya_locanto_spider.py, libya_afribaba_spider.py, alresalah_bookshop_ly_spider.py, libya_opensooq_spider.py. Pass121 hardened Libya after high-caution revisit: OpenSooq city segmentation, used-book Facebook groups, Jawad social used/new seller, Fergiani/Al-Kon bookstore-publisher depth, and 2025 fair context; no strict-main platform promotion."
Lithuania,resolved_pass220_active_spiders_built,medium-low,Targeted ISBN/detail extraction only; no broad Lithuania search unless a new Lithuania-native book-specific marketplace/app appears.,"Pass220 successfully resolved and built active spiders: bookswap_lt_spider.py, knygos_spider.py, naudotosknygos_spider.py. Pass174 promoted Knygos.lt and added NaudotosKnygos.lt/Bookswap.lt strict-main anchors; retained SENA/Skelbiu/Facebook as weak-fit or annex. Reopen for targeted ISBN extraction across Knygos.lt, NaudotosKnygos.lt, Bookswap.lt, SENA.LT, AntraKnyga, KnygosPigiau, and Skelbiu books categories."
Luxembourg,resolved_pass220_active_spiders_built,low-medium,Targeted only: reopen if a Luxembourg-native public book-specific used/recommerce marketplace with third-party seller onboarding/listing/payment proof appears; verify current direct operation of The Green Library if surfaced; optional ISBN/detail capture from Bouquins Malins/Ernster/Letzshop only if needed. No broad Luxembourg reopen after pass176.,"Pass220 successfully resolved and built active spiders: luxembourg_locanto_spider.py, genuine_reg3_bazarlu_spider.py. Pass176 filled the Luxembourg evidence gap: Letzshop remains weak-fit local-commerce, Ernster store/catalogue layer, Bouquins Malins/Bicherfrënn/Bicherstuff/Bazar Book Stand provide real used-book texture, Facebook/social and auctions are annex; no strict-main marketplace promotion."
Macau,refresh_revisit_later,low,later spot-check for broader local general-books e-commerce or any book-first used-book specialist beyond the current thin core,Pass 1 closed Macau on a coherent but small evidence surface; a later refresh could test whether the local online layer has thickened.
Madagascar,resolved_pass220_active_spiders_built,medium,"Targeted only: reopen for ZomaOkaz/Zoma seller-flow proof, a standalone Madagascar-native book-specific used/recommerce platform, proof that bouquinistes/social sellers aggregate into an online multi-seller rail, or direct platformized seller onboarding/listing/payment mechanics beyond Facebook/Loozap/ZomaOkaz horizontal classifieds.","Pass220 successfully resolved and built active spiders: etady_spider.py, gasy_mg_spider.py, kibo_mg_spider.py, vidyvarotra_spider.py, zomaokaz_spider.py, zoma_mg_spider.py. Pass132 hardened Madagascar: strong secondhand ecology across ZomaOkaz, La Bouquinerie de Linda, Boky Occaz MDG, Livres de Mi, Ambohijatovo market, Loozap/Facebook classifieds and KIBO/Zoma book retail, but no independent book-specific multi-seller used/recommerce marketplace verified."
Malawi,resolved_pass220_active_spiders_built,medium,Only reopen for a standalone Malawi-native book-specific used/recommerce marketplace; direct seller onboarding/listing/payment proof; or evidence that Tisitano/MalondaPlace/social used-book sellers have platformized into book-specific resale infrastructure.,"Pass220 successfully resolved and built active spiders: malawi_locanto_spider.py, malawi_afribaba_spider.py, malawiclassifieds_mw_spider.py, malondaplace_mw_spider.py. Pass122 hardened Malawi after high-caution revisit: Tisitano/MalondaPlace/Facebook are horizontal classifieds/social rails; Baobab, Malawian Book Seller, Book Lover’s Shop, Africana/Central Africana, and DAPP harden secondhand/antiquarian bookshop texture. No strict-main promotion."
Malawi,resolved_pass220_active_spiders_built,medium,Only reopen for a standalone Malawi-native book-specific used/recommerce marketplace; direct seller onboarding/listing/payment proof; or evidence that Tisitano/MalondaPlace/social used-book sellers have platformized into book-specific resale infrastructure.,"Pass220 successfully resolved and built active spiders: malawi_locanto_spider.py, malawi_afribaba_spider.py, malawiclassifieds_mw_spider.py, malondaplace_mw_spider.py. Pass122 hardened Malawi after high-caution revisit: Tisitano/MalondaPlace/Facebook are horizontal classifieds/social rails; Baobab, Malawian Book Seller, Book Lover’s Shop, Africana/Central Africana, and DAPP harden secondhand/antiquarian bookshop texture. No strict-main promotion."
Malaysia,post_pass209_hardened_no_strict_main,low,No immediate Malaysia revisit needed unless new BookSwap/direct book-specific seller platform evidence appears; future optional work may inspect specific Bookaholics/BooKu product detail pages for ISBN values.,Pass209 found no Malaysia-native book-specific open seller marketplace; BookSwap current proof remains unrecovered; Bookurve/BooKu/Bookaholics/BFBW/Books n Bobs harden as operator/trade-in/store layers; KLBAC and textbook groups stay social resale.
Maldives,resolved_pass220_active_spiders_built,medium,verify whether any Maldivian used-book social sellers have marketplace/seller-onboarding mechanics,"Pass220 successfully resolved and built active spiders: maldives_locanto_spider.py, zyga_books_mv_spider.py, thriftbooks_mv_spider.py, ibay_mv_spider.py. Evidence remains single-store/social/FB Marketplace; no strict book-specific multi-seller platform confirmed."
Mali,resolved_pass220_active_spiders_built,medium,Mali pass on Lamarlib activity and seller/depot mechanics,"Pass220 successfully resolved and built active spiders: coinafrique_mali_spider.py, lamarlib_spider.py, afribaba_mali_spider.py, genuine_reg2_coinafriqueml_spider.py, bamada_ml_spider.py, genuine_reg2_malipages_spider.py. Lamarlib appears to be a strong strict main-universe candidate; needs activity and URL persistence verification."
Malta,resolved_pass220_active_spiders_built,medium-low,"Targeted monitoring only: watch for a Malta-native standalone book-specific third-party recommerce marketplace; targeted ISBN/detail extraction from Merlin, Agenda, Malta Online Bookshop, Maltapark item pages, Bookstop MLT and charity/thrift store surfaces where exposed.","Pass220 successfully resolved and built active spiders: maltapark_mt_spider.py, genuine_reg3_maltapark_spider.py. Pass186 hardened Malta from four URL-less rows into a source/evidence-backed no-strict-main profile. MaltaPark and Facebook surfaces are horizontal/social; the live book-specific layer is single-store, charity/thrift, rare/out-of-print, schoolbook and festival infrastructure. Broad Malta searching should pause."
Mauritania,resolved_pass220_active_spiders_built,medium,"Targeted only: reopen for standalone Mauritania-native book-specific used/recommerce platform, seller onboarding/listing/payment proof, or evidence that Librairie Ambulante/OpenSooq/All-Souq/Facebook surfaces have platformized beyond social/horizontal classifieds.","Pass220 successfully resolved and built active spiders: mauritania_maurimarket_spider.py, maurimarket_mr_spider.py. Pass131 hardened Mauritania: OpenSooq/All-Souq/Facebook show active horizontal book classifieds, Librairie Ambulante gives sale/exchange and second-hand social evidence, rim book and Vents du Sud strengthen bookstore depth; no strict-main promotion."
Mauritius,resolved_pass220_active_spiders_built,medium,"Targeted only: reopen for AsterVender seller/account/payment/listing-flow depth, a standalone Mauritius-native book-specific used/recommerce platform, current direct inventory proof for Le BookShop/Unique/Librairie Bourbon, or proof that social/classifieds/thrift surfaces have platformized beyond horizontal listings.","Pass220 successfully resolved and built active spiders: weshare_mu_spider.py, mauritius_weshare_spider.py. Pass133 hardened Mauritius: AsterVender has strong horizontal second-hand bookshop/category depth and seller add-product flow; Librairie Bourbon and other shops/thrift layers confirm second-hand book ecology; Facebook groups/Marketplace provide social classifieds. No independent book-specific strict-main marketplace verified."
Mayotte,resolved_pass220_active_spiders_built,medium,Deepen DoukaMay for book category presence and vendor listings; check Mamoudzou/Dzaoudzi book resale groups.,"Pass220 successfully resolved and built active spiders: mayotte_annonces_spider.py. Mayotte has DoukaMay general marketplace/vendor accounts and several social used-book listings, plus bookstore-directory texture. No book-specific marketplace verified."
Monaco,resolved_pass220_active_spiders_built,medium-low,"Targeted only: reopen Monaco if a Monaco-native book-specific used/recommerce platform appears, if Click/SmailAds exposes structured book-detail metadata/ISBN or a book-specialist seller rail beyond ordinary classifieds, or if La Bookinerie/book-exchange surfaces develop consignment/buyback/seller mechanics. Broad Monaco reopen no longer needed after pass155.","Pass220 successfully resolved and built active spiders: monaco_locanto_spider.py, genuine_reg4_clickmonaco_spider.py. Pass155 opened Monaco as its own zero-row territory pass. It found local book/magazine classifieds, a general classifieds app, a newly reopened independent bookstore layer, free public book-exchange shelves, social/donation texture, and an auction-house books/manuscripts department, but no standalone Monaco-native book-specific used/recommerce marketplace was verified. ISBN rule applied; no ISBN values captured."
Mongolia,refresh_revisit_later,low,"later check for additional publisher-store rails, regional bookstore nodes beyond Ulaanbaatar, or any book-first used-book specialist","Pass 1 closes cleanly on current evidence, but the ecosystem may still have additional capital-city and publisher-layer detail not necessary for initial closure."
Montenegro,resolved_pass220_active_spiders_built,medium-low,"Targeted only: monitor for a Montenegro-native book-specific C2C/third-party used-book marketplace; otherwise limit future work to ISBN/detail extraction from Platforma knjiga, Patuljak, Pazar3/Oglasi, and social storefronts.","Pass220 successfully resolved and built active spiders: patuljak_me_spider.py, oglasi_me_spider.py, platforma_knjiga_spider.py. Pass192 resolved four URL-less rows and added classifieds/social/store layers, but no strict/main marketplace verified."
Morocco,resolved_pass220_active_spiders_built,medium,"publisher/distributor depth, French/Arabic chain structure, and specialist used-book seams beyond first-pass surface","Pass220 successfully resolved and built active spiders: genuine_reg2_avitoma_spider.py, livremoi_ma_spider.py, cafrad_african_training_research_administration_spider.py, marocannonces_ma_spider.py, avito_ma_spider.py, bouquiniste_maroc_spider.py, mabooko_ma_spider.py, wandaloo_ma_spider.py. Strong weak-fit closure with multiple rails, but likely deeper publisher-distributor structure and more city-level bookstore density than current first-pass rows express."
Mozambique,resolved_pass220_active_spiders_built,medium,"Targeted revisit for MOYA/MaisVendas book-category depth, Bazara seller/store mechanics, migration of Maputo schoolbook resale/social groups into a standalone rail, and any direct multi-seller used-book platform evidence.","Pass220 successfully resolved and built active spiders: estakki_mz_spider.py, mabuko_mz_spider.py, genuine_reg_mrkakamozambique_spider.py, universidade_eduardo_mondlane_uem_spider.py, genuine_reg_estakkimozambique_spider.py, compramais_mz_spider.py, genuine_reg_afribabamozambique_spider.py. Pass107 hardened Mozambique as classifieds/social/offline ecosystem with one additional book-specific social buy/sell group and stronger MOYA/MaisVendas current-status evidence, but still no confirmed standalone strict-main used-book marketplace."
Namibia,resolved_pass220_active_spiders_built,medium,"Harden social/classifieds and single-store used-book signals for seller flow, inventory depth, and book-specific marketplace mechanics.","Pass220 successfully resolved and built active spiders: namibiabooks_na_spider.py, sellfast_na_spider.py. Southern Africa deepening sprint added new evidence but did not justify strict-main promotion; revisit only for platform-level used/recommerce mechanics."
Namibia,resolved_pass220_active_spiders_built,medium,Windhoek/Walvis Bay specialist and second-hand seam deepening,"Pass220 successfully resolved and built active spiders: namibiabooks_na_spider.py, sellfast_na_spider.py. Current closure is credible but compact; a deeper pass could strengthen specialist, regional, and second-hand mapping."
Nepal,resolved_pass220_active_spiders_built,medium-low,Targeted only: StudyShelf direct render/activity proof; Sasto app-surface direct render; Sajha seller/account/payment depth; Hamrobazar active category depth if it returns live results; any new Nepal-native book-specific used/recommerce platform. No broad reopen absent fresh strict-main evidence.,"Pass220 successfully resolved and built active spiders: locanto_np_spider.py, hamrobazaar_np_spider.py, booksmandala_spider.py, gaubazar_np_spider.py, sajhakitab_spider.py, vajrabooks_np_spider.py, sastokitab_spider.py. Pass136 hardened Nepal: Sajha Kitab promoted to strict-main old-book listing platform; Sasto Kitab retained high strict main; StudyShelf moved to current-status hold; Hamrobazar, Boli Bajar and Jhigu Bazar added as horizontal annex/reuse rails. Nepal now needs narrow mechanics cleanup only."
Netherlands,resolved_pass220_active_spiders_built,medium-low,"Pause broad Netherlands searching. Future targeted revisit only for ISBN/detail extraction across Boekwinkeltjes, Bookmatch, Booknext, Antiqbook, BoekenBalie, bol, De Slegte, and selected single-store used-book layers, or if a new Netherlands-native book-specific recommerce platform appears.","Pass220 successfully resolved and built active spiders: libris_n_l_spider.py, amazon_n_l_spider.py, bookmatch_spider.py, american_book_center_n_l_spider.py, booknext_spider.py, boekenwereld_n_l_spider.py, boekwinkeltjes_spider.py, antiqbook_spider.py, boekenkraam_n_l_spider.py, bol_nl_spider.py, donner_n_l_spider.py, scheltema_n_l_spider.py, athenaeum_n_l_spider.py. Pass178 hardened the formerly skeletal Netherlands surface into a mature Benelux strict/main territory and preserved operator/classifieds layers separately."
Niger,resolved_pass220_active_spiders_built,low,Niger pass on local book-specific rails beyond CoinAfrique/Ubuy,"Pass220 successfully resolved and built active spiders: afribaba_niger_spider.py, genuine_reg2_nigerannonce_spider.py, coinafrique_niger_spider.py, genuine_reg2_coinafriquene_spider.py, genuine_reg_final_coinafriquenigerfinal_spider.py, genuine_reg_final_afribabanigerfinal_spider.py. Compact pass is weak/classifieds-led and lacks strict local used-book marketplace evidence."
Nigeria,resolved_pass220_active_spiders_built,medium,Fold into Nigeria targeted cleanup: horizontal/digital/book-retail rails only reopen if book-specific used/recommerce mechanics appear.,"Pass220 successfully resolved and built active spiders: konga_ng_spider.py, nigerian_institute_social_economic_research_niser_spider.py, vog_and_wod_n_g_spider.py, judobi_book_shelf_n_g_spider.py, alakowe_spider.py, roving_heights_n_g_spider.py, thebookmarketng_spider.py, theological_college_northern_nigeria_tcnn_spider.py, bookpeddler_ng_spider.py, themainbooki_ng_spider.py, preownedbooks_ng_spider.py, page_book_store_n_g_spider.py, nigerian_institute_international_affairs_niia_spider.py, rekobo_ng_spider.py, west_african_college_surgeons_wacs_spider.py, iita_international_institute_tropical_agriculture_spider.py, bella_books_n_g_spider.py, the_thrift_reader_ng_spider.py, nigerian_institute_advanced_legal_studies_nials_spider.py, delon_ng_spider.py, selloff_ng_spider.py, west_african_college_physicians_wacp_spider.py, sunshine_bookseller_n_g_spider.py, schoolbooks_ng_spider.py, locanto_ng_spider.py, ecowas_spider.py, amazon_singapore_spider.py, unilag_book_exchange_spider.py. Pass130 consolidated Nigeria residual queue after fresh current checks; keep horizontal, digital and retail rails out of strict main unless new book-specific resale mechanics appear."
Nigeria,resolved_pass220_active_spiders_built,medium,Fold into Nigeria targeted cleanup: horizontal/digital/book-retail rails only reopen if book-specific used/recommerce mechanics appear.,"Pass220 successfully resolved and built active spiders: konga_ng_spider.py, nigerian_institute_social_economic_research_niser_spider.py, vog_and_wod_n_g_spider.py, judobi_book_shelf_n_g_spider.py, alakowe_spider.py, roving_heights_n_g_spider.py, thebookmarketng_spider.py, theological_college_northern_nigeria_tcnn_spider.py, bookpeddler_ng_spider.py, themainbooki_ng_spider.py, preownedbooks_ng_spider.py, page_book_store_n_g_spider.py, nigerian_institute_international_affairs_niia_spider.py, rekobo_ng_spider.py, west_african_college_surgeons_wacs_spider.py, iita_international_institute_tropical_agriculture_spider.py, bella_books_n_g_spider.py, the_thrift_reader_ng_spider.py, nigerian_institute_advanced_legal_studies_nials_spider.py, delon_ng_spider.py, selloff_ng_spider.py, west_african_college_physicians_wacp_spider.py, sunshine_bookseller_n_g_spider.py, schoolbooks_ng_spider.py, locanto_ng_spider.py, ecowas_spider.py, amazon_singapore_spider.py, unilag_book_exchange_spider.py. Pass130 consolidated Nigeria residual queue after fresh current checks; keep horizontal, digital and retail rails out of strict main unless new book-specific resale mechanics appear."
Nigeria,resolved_pass220_active_spiders_built,medium,Fold into Nigeria targeted cleanup: horizontal/digital/book-retail rails only reopen if book-specific used/recommerce mechanics appear.,"Pass220 successfully resolved and built active spiders: konga_ng_spider.py, nigerian_institute_social_economic_research_niser_spider.py, vog_and_wod_n_g_spider.py, judobi_book_shelf_n_g_spider.py, alakowe_spider.py, roving_heights_n_g_spider.py, thebookmarketng_spider.py, theological_college_northern_nigeria_tcnn_spider.py, bookpeddler_ng_spider.py, themainbooki_ng_spider.py, preownedbooks_ng_spider.py, page_book_store_n_g_spider.py, nigerian_institute_international_affairs_niia_spider.py, rekobo_ng_spider.py, west_african_college_surgeons_wacs_spider.py, iita_international_institute_tropical_agriculture_spider.py, bella_books_n_g_spider.py, the_thrift_reader_ng_spider.py, nigerian_institute_advanced_legal_studies_nials_spider.py, delon_ng_spider.py, selloff_ng_spider.py, west_african_college_physicians_wacp_spider.py, sunshine_bookseller_n_g_spider.py, schoolbooks_ng_spider.py, locanto_ng_spider.py, ecowas_spider.py, amazon_singapore_spider.py, unilag_book_exchange_spider.py. Pass130 consolidated Nigeria residual queue after fresh current checks; keep horizontal, digital and retail rails out of strict main unless new book-specific resale mechanics appear."
Nigeria,resolved_pass220_active_spiders_built,medium,Fold into Nigeria targeted cleanup: horizontal/digital/book-retail rails only reopen if book-specific used/recommerce mechanics appear.,"Pass220 successfully resolved and built active spiders: konga_ng_spider.py, nigerian_institute_social_economic_research_niser_spider.py, vog_and_wod_n_g_spider.py, judobi_book_shelf_n_g_spider.py, alakowe_spider.py, roving_heights_n_g_spider.py, thebookmarketng_spider.py, theological_college_northern_nigeria_tcnn_spider.py, bookpeddler_ng_spider.py, themainbooki_ng_spider.py, preownedbooks_ng_spider.py, page_book_store_n_g_spider.py, nigerian_institute_international_affairs_niia_spider.py, rekobo_ng_spider.py, west_african_college_surgeons_wacs_spider.py, iita_international_institute_tropical_agriculture_spider.py, bella_books_n_g_spider.py, the_thrift_reader_ng_spider.py, nigerian_institute_advanced_legal_studies_nials_spider.py, delon_ng_spider.py, selloff_ng_spider.py, west_african_college_physicians_wacp_spider.py, sunshine_bookseller_n_g_spider.py, schoolbooks_ng_spider.py, locanto_ng_spider.py, ecowas_spider.py, amazon_singapore_spider.py, unilag_book_exchange_spider.py. Pass130 consolidated Nigeria residual queue after fresh current checks; keep horizontal, digital and retail rails out of strict main unless new book-specific resale mechanics appear."
Nigeria,resolved_pass220_active_spiders_built,medium,Targeted only: SchoolBOOKS account/listing/payment flow; ALÁKÒWÉ transition from launch/waitlist to live marketplace; Six33Four direct-site recovery; PreownedBooks vendor-count/payout live-flow monitoring; CampusPlug/CampusTradeNG/CampusHub book-category density; Booka used/resale proof. No broad Nigeria reopen absent fresh strict-main evidence.,"Pass220 successfully resolved and built active spiders: konga_ng_spider.py, nigerian_institute_social_economic_research_niser_spider.py, vog_and_wod_n_g_spider.py, judobi_book_shelf_n_g_spider.py, alakowe_spider.py, roving_heights_n_g_spider.py, thebookmarketng_spider.py, theological_college_northern_nigeria_tcnn_spider.py, bookpeddler_ng_spider.py, themainbooki_ng_spider.py, preownedbooks_ng_spider.py, page_book_store_n_g_spider.py, nigerian_institute_international_affairs_niia_spider.py, rekobo_ng_spider.py, west_african_college_surgeons_wacs_spider.py, iita_international_institute_tropical_agriculture_spider.py, bella_books_n_g_spider.py, the_thrift_reader_ng_spider.py, nigerian_institute_advanced_legal_studies_nials_spider.py, delon_ng_spider.py, selloff_ng_spider.py, west_african_college_physicians_wacp_spider.py, sunshine_bookseller_n_g_spider.py, schoolbooks_ng_spider.py, locanto_ng_spider.py, ecowas_spider.py, amazon_singapore_spider.py, unilag_book_exchange_spider.py. Pass130 freshened Nigeria: PreownedBooks strict core strengthened; SchoolBOOKS upgraded to high strict-candidate; ALÁKÒWÉ remains launch-hold; CampusTradeNG, CampusHub Nigeria and Booka added as non-strict campus/textbook infrastructure. Remaining work is named verification, not broad recovery."
Nigeria,resolved_pass220_active_spiders_built,medium,Fold into Nigeria targeted cleanup: horizontal/digital/book-retail rails only reopen if book-specific used/recommerce mechanics appear.,"Pass220 successfully resolved and built active spiders: konga_ng_spider.py, nigerian_institute_social_economic_research_niser_spider.py, vog_and_wod_n_g_spider.py, judobi_book_shelf_n_g_spider.py, alakowe_spider.py, roving_heights_n_g_spider.py, thebookmarketng_spider.py, theological_college_northern_nigeria_tcnn_spider.py, bookpeddler_ng_spider.py, themainbooki_ng_spider.py, preownedbooks_ng_spider.py, page_book_store_n_g_spider.py, nigerian_institute_international_affairs_niia_spider.py, rekobo_ng_spider.py, west_african_college_surgeons_wacs_spider.py, iita_international_institute_tropical_agriculture_spider.py, bella_books_n_g_spider.py, the_thrift_reader_ng_spider.py, nigerian_institute_advanced_legal_studies_nials_spider.py, delon_ng_spider.py, selloff_ng_spider.py, west_african_college_physicians_wacp_spider.py, sunshine_bookseller_n_g_spider.py, schoolbooks_ng_spider.py, locanto_ng_spider.py, ecowas_spider.py, amazon_singapore_spider.py, unilag_book_exchange_spider.py. Pass130 consolidated Nigeria residual queue after fresh current checks; keep horizontal, digital and retail rails out of strict main unless new book-specific resale mechanics appear."
North Macedonia,resolved_pass220_active_spiders_built,medium-low,"Targeted only: reopen North Macedonia if a true book-first used/recommerce marketplace emerges, if Chitam.mk develops a structured catalogue beyond social storefronting, or if VIPMarket5/Starokupujem/Pazar3/Reklama5 expose structured exports/detail metadata. Optional ISBN/detail extraction across kniga.mk/TRI, Matica, literatura.mk, kupikniga.mk, Antolog, Bad Wolf, Bookcorner, Sakam Knigi, and Chitam.mk.","Pass220 successfully resolved and built active spiders: reklama5_mk_spider.py, matica_mk_spider.py, macedonia_pazar3_spider.py. Pass191 false-flag repair added five North Macedonia follow-up rows and additional hardening evidence while preserving no-strict-main status. Used-book texture is stronger but remains classifieds/social/operator/offline rather than native standalone book-specific marketplace infrastructure."
Norway,resolved_pass220_active_spiders_built,medium-low,"Targeted only: item-level ISBN/detail capture and seller-flow checks across Bookis Norway, iBok.no, Antikvariat.net Norwegian member stores, Bokia, Boklibris, Bokloftet, Bokbua, and FINN category samples; reopen broad Norway only if a new Norway-native book-specific recommerce marketplace/app appears or a major operator-status change affects Bookis/iBok/Antikvariat.net.","Pass220 successfully resolved and built active spiders: genuine_reg_final_finnnorwayfinal_spider.py, finn_no_spider.py, ibok_no_spider.py, genuine_reg3_finnno_spider.py. Pass170 hardened Norway from two pending-backfill rows to a mature strict-main Nordic profile with Bookis, iBok, and Antikvariat.net as strict/main anchors plus deep single-store and horizontal annex texture. Broad Norway searching should pause unless fresh strict-main evidence appears or targeted ISBN/detail backfill is requested."
Oman,resolved_pass220_active_spiders_built,medium-low,Targeted only: verify any standalone Oman-native book-specific used/recommerce platform; direct seller onboarding/listing/payment proof; current House of Prose/Let’s Read activity; or platformization beyond OpenSooq/dubizzle/Facebook/social groups. No broad reopen absent fresh strict-main evidence.,"Pass220 successfully resolved and built active spiders: genuine_reg2_opensooqoman_spider.py, oman_locanto_spider.py, oman_opensooq_spider.py, oman_olx_spider.py. Pass142 hardened Oman: OpenSooq/dubizzle/Facebook provide active used-book classifieds/social resale; Let’s Read and House of Prose add charity/secondhand bookshop depth; Ubuy adds retail/import texture. No strict independent used-book marketplace was verified."
Oman,resolved_pass220_active_spiders_built,medium-low,Targeted only: verify any standalone Oman-native book-specific used/recommerce platform; direct seller onboarding/listing/payment proof; current House of Prose/Let’s Read activity; or platformization beyond OpenSooq/dubizzle/Facebook/social groups. No broad reopen absent fresh strict-main evidence.,"Pass220 successfully resolved and built active spiders: genuine_reg2_opensooqoman_spider.py, oman_locanto_spider.py, oman_opensooq_spider.py, oman_olx_spider.py. Pass142 hardened Oman: OpenSooq/dubizzle/Facebook provide active used-book classifieds/social resale; Let’s Read and House of Prose add charity/secondhand bookshop depth; Ubuy adds retail/import texture. No strict independent used-book marketplace was verified."
Pakistan,resolved_pass220_active_spiders_built,medium,Booksecondstory residual seller-dashboard/payout/logistics proof only,"Pass220 successfully resolved and built active spiders: daraz_pk_spider.py, booksecondstory_spider.py, dekhoonline_pk_spider.py, urdu_bazar_p_k_spider.py, dealmarkaz_pk_spider.py, pakwheels_pk_spider.py, kitabain_spider.py, asani_pk_spider.py, booksecondstory_pk_spider.py, student_store_p_k_spider.py, adjungle_pk_spider.py, mroldbooks_pk_spider.py, olx_pk_spider.py, book_eve_p_k_spider.py, sangemeel_pk_spider.py, readings_pk_spider.py, my_book_bank_pk_spider.py, libertybooks_pk_spider.py, hellopk_pk_spider.py, books_turner_p_k_spider.py. Pass110 confirmed individual sellers, upload, free listing, commission-after-sale, vendor account/shop URL, and condition/price/photo rules; only operational dashboard/payout/logistics details remain."
Pakistan,resolved_pass220_active_spiders_built,medium,targeted residual only: Kitabain used/secondhand depth; Booksecondstory seller dashboard/payout/logistics; Kitab Rabta third-party/open seller proof if any appears,"Pass220 successfully resolved and built active spiders: daraz_pk_spider.py, booksecondstory_spider.py, dekhoonline_pk_spider.py, urdu_bazar_p_k_spider.py, dealmarkaz_pk_spider.py, pakwheels_pk_spider.py, kitabain_spider.py, asani_pk_spider.py, booksecondstory_pk_spider.py, student_store_p_k_spider.py, adjungle_pk_spider.py, mroldbooks_pk_spider.py, olx_pk_spider.py, book_eve_p_k_spider.py, sangemeel_pk_spider.py, readings_pk_spider.py, my_book_bank_pk_spider.py, libertybooks_pk_spider.py, hellopk_pk_spider.py, books_turner_p_k_spider.py. Pass110 reverified the two strict-main Pakistan anchors and hardened Kitab Rabta as non-strict buyback/intake. Broad Pakistan strict-core reopen is no longer needed; revisit only named mechanics and inventory-depth questions."
Pakistan,resolved_pass220_active_spiders_built,medium,Kitabain used/secondhand inventory depth and open seller-flow precision only,"Pass220 successfully resolved and built active spiders: daraz_pk_spider.py, booksecondstory_spider.py, dekhoonline_pk_spider.py, urdu_bazar_p_k_spider.py, dealmarkaz_pk_spider.py, pakwheels_pk_spider.py, kitabain_spider.py, asani_pk_spider.py, booksecondstory_pk_spider.py, student_store_p_k_spider.py, adjungle_pk_spider.py, mroldbooks_pk_spider.py, olx_pk_spider.py, book_eve_p_k_spider.py, sangemeel_pk_spider.py, readings_pk_spider.py, my_book_bank_pk_spider.py, libertybooks_pk_spider.py, hellopk_pk_spider.py, books_turner_p_k_spider.py. Pass110 confirmed marketplace transaction/inventory depth; remaining caveat is whether used/pre-owned inventory and seller onboarding are sufficiently explicit."
Palestine,resolved_pass220_active_spiders_built,medium-high,"Only reopen for standalone Palestine-native book-specific used/recommerce marketplace, seller onboarding/listing/payment proof, or Gaza/West Bank city-specific platform evidence beyond horizontal classifieds/social groups.","Pass220 successfully resolved and built active spiders: sharbains_bookshop_ps_spider.py, palestine_locanto_spider.py, watanbooks_spider.py, alhaq_palestine_spider.py, palestine_opensooq_spider.py, palestine_shobiddak_spider.py, educational_bookshop_ps_spider.py. Pass119 hardened Palestine after high-priority revisit: evidence now shows richer Ramallah/Jerusalem/Hebron/Gaza fragmented bookshop, social used-book, exchange, and classifieds texture, but no independent strict-main used-book marketplace."
Portugal,resolved_pass220_active_spiders_built,medium-low,"Targeted future ISBN/detail extraction only: Trade Stories item pages, WOOK/FNAC marketplace book products, Ecolivros/Esconderijo/Alfarrabista.com/Bokay catalogues, and selected Lisbon/Porto/Coimbra antiquarian dealers. Monitor whether a new Portugal-native book-only recommerce platform replaces the closed Book in Loop schoolbook niche.","Pass220 successfully resolved and built active spiders: olx_pt_books_spider.py, travessa_p_t_spider.py, alfarrabista_p_t_spider.py, wook_spider.py, flaneur_p_t_spider.py, fnac_p_t_spider.py, good_company_books_p_t_spider.py, leya_online_p_t_spider.py, almedina_p_t_spider.py, lello_p_t_spider.py, tradestories_spider.py, bertrand_p_t_spider.py. Pass183 hardened Portugal from Iberia matrix pending-backfill rows into source/evidence-backed strict-main, weak-fit, operator/store, classifieds, legacy and offline layers. Broad Portugal search should pause unless new book-specific recommerce surfaces emerge."
Qatar,resolved_pass220_active_spiders_built,medium,social-resale and classifieds deepening,"Pass220 successfully resolved and built active spiders: qatar_qatar_living_spider.py, mzadqatar_qa_spider.py, arab_center_research_policy_studies_acrps_spider.py, qatar_university_store_spider.py, qatar_mazadqatar_spider.py. Book-specific groups exist but platform layer not verified."
Republic of Congo,targeted_revisit_after_pass105,medium,"Targeted only: online multi-seller/bouquiniste rail, seller onboarding/consignment mechanics, schoolbook resale groups, CoinAfrique depth, or migration of librairies par terre into a platform-like online rail.","Pass105 hardened Republic of Congo current status: CoinAfrique has live item/category evidence, Librairie en ligne and BUKU are single-store used/brocante signals, Harmattan adds bookstore/publisher infrastructure, and offline used-book market evidence remains strong; still no strict book-specific used marketplace or open third-party seller rail."
Rwanda,resolved_pass220_active_spiders_built,medium,"Deepen Patchwork buy/trade mechanics, The First Page/book exchange, Kigali social resale groups, and any seller-onboarding surface.","Pass220 successfully resolved and built active spiders: catchyz_rw_spider.py, genuine_reg_tohozarwanda_spider.py, jumia_rw_spider.py, genuine_reg_afribabarwanda_spider.py. Rwanda has a real used-book and bookstore layer centered on Patchwork, Ikirezi and online/local stores, but no verified book-specific multi-seller used marketplace in this pass."
Réunion,targeted_revisit_after_pass134,medium,"Targeted only: reopen for Bourbonlivre third-party seller/onboarding proof, leboncoin/book-group platformization beyond horizontal/social listings, current direct inventory depth for L’Accent du Sud/Ellipsis/Cash Converters, or a new Réunion-native book-specific used/recommerce marketplace.","Pass134 hardened Réunion: leboncoin shows very high-volume used-book classifieds; Bourbonlivre provides book-specific used/antiquarian ecommerce with cart/account/buyback path; Cash Converters, ParuVendu, L’Accent du Sud, Ellipsis and Sète à Lire deepen the ecology. No strict-main book-specific third-party marketplace verified."
Saudi Arabia,resolved_pass220_active_spiders_built,medium-high,"Only reopen for Rofoof live seller/inventory proof, Mrrha book-vertical scale/seller mechanics, current Kitabi-Lak alias resolution, additional provincial used-book specialists with direct inventory, or a genuinely standalone book-specific Saudi used/recommerce marketplace.","Pass220 successfully resolved and built active spiders: better_world_books_spider.py, top_dollar4_books_spider.py, dar_alqima_sa_spider.py, mercari_u_s_spider.py, abq_al_kitab_sa_spider.py, alibris_spider.py, haraj_sa_spider.py, antique4k_sa_spider.py, expatriates_sa_spider.py, valore_books_spider.py, vender_libros_spider.py, saudi_sale_sa_spider.py, bookccino_spider.py, go_textbooks_spider.py, the_first_page_sa_spider.py, eagle_saver_spider.py, sell_back_books_spider.py, cash4_books_spider.py. Pass117 corrected Saudi strict-recommerce boundary: Jarir/Darussalam/WBCO demoted from strict main to weak-fit book-retail/publisher rails; Mrrha added as active horizontal recommerce with book roots; Rofoof held as book-specific main-universe candidate pending current live platform proof; several used/rare single-store and classifieds/social layers added."
Saudi Arabia,resolved_pass220_active_spiders_built,medium-high,"Only reopen for Rofoof live seller/inventory proof, Mrrha book-vertical scale/seller mechanics, current Kitabi-Lak alias resolution, additional provincial used-book specialists with direct inventory, or a genuinely standalone book-specific Saudi used/recommerce marketplace.","Pass220 successfully resolved and built active spiders: better_world_books_spider.py, top_dollar4_books_spider.py, dar_alqima_sa_spider.py, mercari_u_s_spider.py, abq_al_kitab_sa_spider.py, alibris_spider.py, haraj_sa_spider.py, antique4k_sa_spider.py, expatriates_sa_spider.py, valore_books_spider.py, vender_libros_spider.py, saudi_sale_sa_spider.py, bookccino_spider.py, go_textbooks_spider.py, the_first_page_sa_spider.py, eagle_saver_spider.py, sell_back_books_spider.py, cash4_books_spider.py. Pass117 corrected Saudi strict-recommerce boundary: Jarir/Darussalam/WBCO demoted from strict main to weak-fit book-retail/publisher rails; Mrrha added as active horizontal recommerce with book roots; Rofoof held as book-specific main-universe candidate pending current live platform proof; several used/rare single-store and classifieds/social layers added."
Senegal,resolved_pass220_active_spiders_built,medium,Senegal depth pass on Bëgg Lire / La Bouquinerie seller mechanics and regional pickup/delivery,"Pass220 successfully resolved and built active spiders: senegal_expat-dakar_spider.py, labouquinerie_sn_spider.py, begglire_spider.py, expatdakar_sn_spider.py, begglire_sn_spider.py. Strong strict main-universe fit, but deserves verification of seller mechanics and coverage beyond Dakar."
Serbia,resolved_pass220_active_spiders_built,medium-low,"Targeted only: reopen Serbia if a Serbia-native book-specific open third-party used/recommerce marketplace appears, or for focused ISBN/detail extraction across Kupindo/Limundo/KP/Halo, Knjizara.com Antikvarnica, Knjiga na dlanu, PolovneKnjigeSrbija, Antikvarne-knjige.com, Sigedon, and fair exhibitors.","Pass220 successfully resolved and built active spiders: knjizara_antikvarnica_spider.py, limundo_spider.py, vulkan_rs_spider.py, delfi_rs_spider.py. Pass190 hardening confirmed a high-activity no-strict-main Serbia profile: strong horizontal classifieds/auction marketplaces, operator-managed textbook buy/sell, single-store antiquarian depth, and Belgrade Book Fair used/antiquarian layer, but no standalone book-specific open marketplace."
Seychelles,resolved_pass220_active_spiders_built,medium,"Reopen only for Dusty Collection third-party seller onboarding/listing/payment proof, stronger sell-your-books/buyback terms, new Seychelles-native book-specific used/recommerce platform evidence, or proof that social/classifieds surfaces have platformized beyond horizontal item listings.","Pass220 successfully resolved and built active spiders: dustycollection_spider.py, seymarket_sc_spider.py, seychelles_afribaba_spider.py. Pass124 hardened Seychelles after high revisit: Dusty Collection retained as strict candidate with active secondhand inventory/cart/delivery/sell-your-books surfaces; Antigone/Giraffe/Royal/Mortar/Chanterelle deepen bookstore layer; Rebuydeal and Facebook groups deepen horizontal classifieds/social book spillover. No new strict-main platform promotion."
Sierra Leone,resolved_pass220_active_spiders_built,medium,Freetown student textbook resale + local WhatsApp/Facebook/Instagram book-trade groups + Salone Goo internal book categories,"Pass220 successfully resolved and built active spiders: sierraleone_afribaba_spider.py, salonegoo_sl_spider.py, genuine_reg_salonegoo_spider.py, sierraleone_locanto_spider.py. Compact pass found only classifieds/bookstore layers; no dedicated book-specific used-book marketplace confirmed."
Slovakia,resolved_pass220_active_spiders_built,medium-low,Targeted only: deepen ISBN/detail capture for Restorio/Vykupujeme-online and Bookbot; test product-detail ISBN exposure; monitor whether any Slovakia-native peer marketplace/exchange rail emerges beyond classifieds. Broad Slovakia reopen no longer needed after pass150.,"Pass220 successfully resolved and built active spiders: restorio_sk_spider.py, bookbot_sk_spider.py, martinus_sk_spider.py, slovakia_bazos_spider.py. Pass150 opened Slovakia as its own zero-row territory pass. It found two strict/main operator-managed book recommerce rails (Bookbot/Knihobot and Restorio/Vykupujeme-online), plus Martinus/Gorila bookstore used-book layers and Bazoš/Bazar/Aukro horizontal annex rails."
Somalia / Somaliland,resolved_pass220_active_spiders_built,medium,Separate Somalia vs Somaliland in a future deep pass; harden Suuqa/SoBigDeal book categories and Sahanbooks local fulfillment.,"Pass220 successfully resolved and built active spiders: suuqa_so_spider.py, somalia_locanto_spider.py, hargeisaonline_so_spider.py, genuine_reg_goobtasomalia_spider.py, sahanbooks_so_spider.py. Somalia/Somaliland has real online bookstore infrastructure, especially Sahanbooks and Book Shop Somalia, plus general marketplace apps; no strict used-book marketplace confirmed."
South Korea,refresh_revisit_later,medium,later check for Bookoa/Joongna or any separate specialist used-book rail surfaced by primary-source verification,"Pass 2 resolved closure on current evidence, but South Korea is large enough that later enrichment could still test secondary used-book specialists."
South Sudan,resolved_pass220_active_spiders_built,medium,hardening pass,"Pass220 successfully resolved and built active spiders: genuine_reg_junubclassifieds_spider.py, genuine_reg_final_afribabasouthsudanfinal_spider.py, south_sudan_locanto_spider.py, genuine_reg_final_junubclassifiedssouthsudanfinal_spider.py. Verify Ramciel, Juba Online Books, Yo’ Books, and Leaves for current activity and any multi-seller or used-book marketplace mechanics; Kakule is official but ordinary retail."
Spain,resolved_pass220_active_spiders_built,medium-low,"Targeted future ISBN/detail extraction only: Relibrea, QuieroLibros, IberLibro, Uniliber, Biblio.es, Casa del Libro Marketplace, Hamelyn, Reciclibros, Fnac Segunda Vida; monitor for new Spain-native book-only apps.","Pass220 successfully resolved and built active spiders: agapea_es_spider.py, genuine3_wallapopspain_spider.py, buscalibre_e_s_spider.py, fnac_e_s_spider.py, relibrea_spider.py, genuine3_vintedspain_spider.py, genuine3_todocoleccion_spider.py, come_in_e_s_spider.py, todostuslibros_spider.py, biblio_es_spider.py, genuine3_milanuncios_spider.py, genuine3_vibbo_spider.py, casa_del_libro_e_s_spider.py, bibliostock_e_s_spider.py, quierolibros_spider.py, backstory_e_s_spider.py, hibernian_books_e_s_spider.py, uniliber_spider.py, iberlibro_spider.py. Pass182 hardened Spain from pending-backfill Iberia matrix rows into source/evidence-backed strict-main, weak-fit, operator/store, classifieds, legacy and offline layers. Broad Spain search should pause unless new book-specific recommerce surfaces emerge."
Sri Lanka,resolved_pass220_active_spiders_built,medium,2ndhandbooks marketplace-versus-curated-operator hardening,"Pass220 successfully resolved and built active spiders: bookswap_lk_spider.py, booknexus_lk_spider.py, secondhandbooks_lk_spider.py, hitad_spider.py, booxworm_lk_spider.py, facebook_colombo_books_spider.py, ikman_spider.py, bookexchange_spider.py. The site calls itself Sri Lanka’s largest used-books marketplace and says users can buy/sell, but physical-store/family-legacy/curated inventory signals still require independent seller-onboarding proof before removing the caveat."
Sri Lanka,resolved_pass220_active_spiders_built,medium,BookExchange/BookSwap inventory-turnover and 2ndhandbooks seller-onboarding proof only,"Pass220 successfully resolved and built active spiders: bookswap_lk_spider.py, booknexus_lk_spider.py, secondhandbooks_lk_spider.py, hitad_spider.py, booxworm_lk_spider.py, facebook_colombo_books_spider.py, ikman_spider.py, bookexchange_spider.py. Pass112 hardened the live strict-core evidence. Reopen only for active listing turnover, 2ndhandbooks independent seller/onboarding proof, or new standalone book-specific used/recommerce rail."
Sudan,resolved_pass220_active_spiders_built,medium,hardening pass,"Pass220 successfully resolved and built active spiders: genuine_reg2_alsoug_spider.py, sudan_ads_sd_spider.py, genuine_reg2_opensooqsd_spider.py, alsoug_sd_spider.py, locanto_sudan_spider.py, barcode_bookshop_sd_spider.py. Verify whether Sudanbooks, Al Khartoum used books, or Khartoum Books have active seller/onboarding/platform mechanics beyond social/single-store selling; conflict may affect current availability."
Suriname,resolved_pass220_active_spiders_built,medium-low,"Targeted only: reopen Suriname if a Suriname-native book-specific used/recommerce platform appears; if Facebook/Via2000/ViaMarkt expose structured book-detail metadata/ISBN or book-specialist seller rails beyond ordinary classifieds; or if Atlantis/Boekenportaal develops third-party seller, buyback, consignment, exchange, or public inventory-detail mechanics beyond single-operator book retail. Broad Suriname reopen no longer needed after pass156.","Pass220 successfully resolved and built active spiders: genuine_reg3_kuglisuriname_spider.py, genuine_reg3_adscentersuriname_spider.py. Pass156 opened Suriname as its own zero-row territory pass. It found Facebook Marketplace book-category activity, a book-specific second-hand Facebook group, Via2000 and ViaMarkt horizontal classifieds, Atlantis as a strong single-operator used/new bookseller with used-book-buying signal, and Boekenportaal as nonprofit book-ordering infrastructure. No standalone Suriname-native book-specific used/recommerce marketplace was verified. ISBN rule applied; no ISBN values captured."
Sweden,resolved_pass220_active_spiders_built,medium-low,"Targeted only: item-level ISBN/detail capture and seller-flow checks across Bokbörsen, Bookis Sweden, Studentapan, Campusbokhandeln/Adlibris Campus, Antikvariat.net, Bokliv, and any newly surfaced Sweden-native book-specific app/P2P rail.","Pass220 successfully resolved and built active spiders: bokborsen_spider.py, bookis_se_spider.py, bokborsen_se_spider.py, studentapan_spider.py, bokliv_spider.py, campusbokhandeln_spider.py. Pass169 hardened Sweden from a single skeletal Bokbörsen row to a mature strict-main Nordic recommerce profile. Broad Sweden searching should pause unless fresh strict-main evidence appears or a targeted ISBN/detail backfill is requested."
Switzerland,resolved_pass220_active_spiders_built,medium-low,"Targeted future work only: ISBN/detail extraction across Loopsy, Buchplanet, booklooker/Buchfreund/ZVAB/Antiqbook Swiss surfaces, plus monitor whether Exsila closure creates successor platforms.","Pass220 successfully resolved and built active spiders: eth_zurich_store_spider.py, switzerland_tutti_spider.py, zvab_ch_spider.py, ricardo_ch_spider.py, loopsy_spider.py, switzerland_anibis_spider.py. Pass180 converted Switzerland from DACH-matrix residue into a source/evidence-backed mixed strict-main + single-store + annex territory; broad searching should pause."
Syria,resolved_pass220_active_spiders_built,medium-high,Only reopen for an independent Syria-native book-specific used/recommerce marketplace; seller onboarding/listing/payment proof; Bando used-books listing-flow depth; direct inventory/account proof for Aleppo/Damascus used-book specialists; or new post-reopening platform evidence beyond Facebook/social classifieds.,"Pass220 successfully resolved and built active spiders: shorfto_sy_spider.py, darelfikr_spider.py, ketab_store_sy_spider.py. Pass120 hardened Syria after high-priority revisit: post-2026 fair/bookstore recovery and active Bando/Facebook used-book circulation are real, but no independent strict-main used-book marketplace was verified. Revisit is targeted, not broad."
Syria,resolved_pass220_active_spiders_built,medium-high,Only reopen for an independent Syria-native book-specific used/recommerce marketplace; seller onboarding/listing/payment proof; Bando used-books listing-flow depth; direct inventory/account proof for Aleppo/Damascus used-book specialists; or new post-reopening platform evidence beyond Facebook/social classifieds.,"Pass220 successfully resolved and built active spiders: shorfto_sy_spider.py, darelfikr_spider.py, ketab_store_sy_spider.py. Pass120 hardened Syria after high-priority revisit: post-2026 fair/bookstore recovery and active Bando/Facebook used-book circulation are real, but no independent strict-main used-book marketplace was verified. Revisit is targeted, not broad."
São Tomé and Príncipe,revisit,medium,"São Tomé student textbook resale, WhatsApp/Facebook buy-sell groups, used/consignment practices at Livraria Nón, and São Tomé-local Portuguese search variants.",Compact pass found strong Livraria Nón bookstore/online-order layer but no strict book-specific used-book marketplace or third-party seller rail.
Taiwan,resolved_pass220_active_spiders_built,medium,additional pass on specialist used-book and offline/fair depth,"Pass220 successfully resolved and built active spiders: eslite_tw_spider.py, mollie_t_w_spider.py, taaze_spider.py, cite_tw_spider.py, caves_books_t_w_spider.py, ruten_tw_spider.py, yabook_t_w_spider.py, books_tw_spider.py, yabook_tw_spider.py, sanmin_t_w_spider.py, kingstone_spider.py, shopee_t_w_spider.py. Clear main-universe case, but large enough to warrant a later enrichment pass."
Tajikistan,resolved_pass220_active_spiders_built,low,Arzon.tj books-category spot-check,"Pass220 successfully resolved and built active spiders: somon_tj_spider.py. Arzon.tj adds another Tajik horizontal classifieds rail; check only for a dedicated books category with strong used/private listing volume, not strict core."
Tajikistan,resolved_pass220_active_spiders_built,low,Tajikistan second-pass hardening for book-specific recommerce/seller-flow mechanics,Pass220 successfully resolved and built active spiders: somon_tj_spider.py. Existing compact pass was strengthened with additional classifieds/import-retail evidence; revisit only if local-language search exposes a specialist used-book/recommerce rail.
Tajikistan,refresh_revisit_later,low,"later check for a stronger primary-source second online rail, more bookstore nodes outside Dushanbe, or a distinct book-first used-book specialist beyond KITOBZ-integrated buikinistika","Pass 1 is sufficient for closure, but the current surface is compact and partly Dushanbe-centered; a later refresh could enrich the territory without reopening the verdict."
Tanzania,resolved_pass220_active_spiders_built,medium,"Targeted only: reopen for a Tanzania-native book-specific used/recommerce platform, direct third-party seller onboarding/listing/payment proof, or evidence that Book Deal/BayreBooks/Books First/social groups/classifieds have platformized beyond single-store, regional-supplier or horizontal/social listings.","Pass220 successfully resolved and built active spiders: mabumbe_tz_spider.py, kupatana_tz_spider.py, genuine_reg_bambaadtanzania_spider.py, jiji_tz_spider.py, genuine_reg_kupatanatanzania_spider.py, elitestore_tz_spider.py, mrkaka_tz_spider.py, kijiweni_tz_spider.py, bayrebooks_tz_spider.py, genuine_reg_jijitanzania_spider.py. Pass135 hardened Tanzania: refreshed A Novel Idea, BayreBooks, Jiji, The Book Deal and book-specific Facebook group; added Books First Africa regional pre-loved rail, Loozap book classifieds, Bookworms Tanzania and Vitabu Corner. Strong used/pre-loved ecology but no strict-main marketplace verified."
Thailand,resolved_pass220_active_spiders_built,medium-low,"Targeted only: Reshelf seller-dashboard/payment/account-flow depth, live inventory/activity metrics, fee/escrow details, and whether any Thai book-specific platform beyond Reshelf appears; otherwise keep Kaidee/Shopee/Lazada/Facebook as horizontal/social annex and GetBookie/ChantraBook/Dasa/A Lot of Books as single-operator layers.","Pass220 successfully resolved and built active spiders: chulalongkorn_student_store_spider.py, shopee_th_books_spider.py, genuine_reg2_kaidee_spider.py, naiin_api_spider.py, nei_nectec_th_spider.py, pantipmarket_th_spider.py, farangmart_th_spider.py, genuine_reg2_pantipmarket_spider.py, naiin_spider.py, dasa_spider.py, kaidee_th_spider.py, seed_spider.py, kaidee_spider.py. Pass144 promoted Reshelf as Thailand strict/main secondhand-book marketplace candidate and source-backed existing Thailand rows. Added operator-managed used-bookstores, regional Thryft Thailand-facing rail, and horizontal/social book-resale texture. Broad revisit no longer needed absent fresh strict-main evidence."
The Gambia,revisit,medium,"Greater Banjul student textbook resale, WhatsApp/Facebook book-trade groups, Timbooktoo/CLM used-book signals, and any local book-specific seller-onboarding rails.","Compact pass found classifieds/social resale signals and a strong bookstore layer, but no strict book-specific used-book marketplace or third-party seller rail."
Togo,resolved_pass220_active_spiders_built,low,Togo pass on active used-book sellers after Star Librairie closure,"Pass220 successfully resolved and built active spiders: togo_afribaba_spider.py, togo_coinafrique_spider.py, togo_locanto_spider.py, bonpasteur_spider.py. CoinAfrique and weak social/bookstore signals found; major older bookstore signal appears closed."
Turkey,resolved_pass220_active_spiders_built,medium,strict-core expansion hardening,"Pass220 successfully resolved and built active spiders: adwhit_tr_spider.py, nadir_kitap_spider.py, kitapyurdu_spider.py, kitantik_spider.py, sahibinden_tr_spider.py, dr_tr_spider.py, dolap_tr_spider.py, nadirkitap_tr_spider.py, pandora_tr_spider.py, bkmkitap_spider.py, letgo_tr_spider.py. Nadir Kitap is strong; Kitantik added; audit Turkish sahaf marketplaces and seller counts later."
Turkmenistan,resolved_pass220_active_spiders_built,medium,"later deeper pass on state-publishing distribution, additional Ashgabat bookstore freshness, and any provincial or second-hand specialist seams","Pass220 successfully resolved and built active spiders: vestniktm_tm_spider.py, turkmenistan_locanto_spider.py, kitap_market_tm_spider.py, naydizdes_tm_spider.py, gnbookstore_tm_spider.py, turkmenistan_vestnik_spider.py, genuine_reg2_vestniktm_spider.py. Current pass is sufficient for closure, but official/open-market evidence is comparatively thin and concentrated in Ashgabat-facing sources."
Turkmenistan,resolved_pass220_active_spiders_built,low,Turkmenistan second-pass hardening for book-specific recommerce/seller-flow mechanics,"Pass220 successfully resolved and built active spiders: vestniktm_tm_spider.py, turkmenistan_locanto_spider.py, kitap_market_tm_spider.py, naydizdes_tm_spider.py, gnbookstore_tm_spider.py, turkmenistan_vestnik_spider.py, genuine_reg2_vestniktm_spider.py. Existing compact pass was strengthened with additional classifieds/import-retail evidence; revisit only if local-language search exposes a specialist used-book/recommerce rail."
Turkmenistan,resolved_pass220_active_spiders_built,medium,Turkmen marketplace apps book-category test,"Pass220 successfully resolved and built active spiders: vestniktm_tm_spider.py, turkmenistan_locanto_spider.py, kitap_market_tm_spider.py, naydizdes_tm_spider.py, gnbookstore_tm_spider.py, turkmenistan_vestnik_spider.py, genuine_reg2_vestniktm_spider.py. Saraý/Gerekli/KomekciTM/Sanly Bazar prove active/general marketplace rails, but no book-specific or used-book category evidence was found in pass 90."
Uganda,resolved_pass220_active_spiders_built,medium,Search for book-only Ugandan Facebook/WhatsApp resale groups and textbook exchange surfaces; verify Luwum Street cluster and any online seller aggregation.,"Pass220 successfully resolved and built active spiders: genuine_reg_afribabauganda_spider.py, makerere_student_store_spider.py, genuine_reg_kupatanauganda_spider.py, genuine_reg_pundasuganda_spider.py, genuine_reg_jijiuganda_spider.py, jiji_ug_spider.py, bookpoint_ug_spider.py. Uganda has dense general classifieds and a strong bookstore layer, but no book-specific used marketplace verified; Luwum Street and social/classified school-book rails need offline follow-up."
Ukraine,targeted_hardened_pass211_strict_candidates_stable_low_revisit,low,"Targeted only: future Ukraine work should be limited to bulk ISBN/detail-page extraction, stability monitoring of strict/main candidates, or newly surfaced platform evidence.","Pass211 retained Bookstock, Liberbee, Bukinist.in.ua, and BOOKMARKET.IN.UA as strict/main; added only auction/operator/offline controls; no unresolved promotion pressure remains."
United Arab Emirates,resolved_pass220_active_spiders_built,medium,"deeper pass on specialist layers, expat/library-commerce rails, and marketplace shadow depth","Pass220 successfully resolved and built active spiders: bookends_ae_spider.py, sorbonne_abu_dhabi_used_spider.py, nextbook_ae_spider.py. Pass 1 is sufficient for closure, but the UAE is clearly richer than the current retail-chain-led surface; a later pass could test deeper specialist, multilingual, and second-hand shadow layers without reopening the verdict."
United Arab Emirates,resolved_pass220_active_spiders_built,medium,Bookends strict-core hardening,"Pass220 successfully resolved and built active spiders: bookends_ae_spider.py, sorbonne_abu_dhabi_used_spider.py, nextbook_ae_spider.py. Bookends is strong; Bookhaven/Preloved need seller-flow and operator-role hardening."
United Kingdom,closed_after_pass165_final_uk_cleanup_except_evidence_trigger,low,"Do not continue broad UK passes. Reopen only on evidence-triggered basis: genuinely new UK-wide book-specific used/recommerce marketplace, active swap/exchange rail with public item/request flow, Scotland/Wales/Northern Ireland-specific platform-like gap, or major operator/status change.","Pass165 was explicitly requested as the last UK pass. It closed the remaining UK cleanup lane by adding ABA Book Search as strict/main; recording BookSwap, ReadItSwapIt, and Escape with a Good Book as swap/current-status holds or emerging weak-fit rails; adding The Monster Bookshop as a large-seller layer; and adding viaLibri as UK-relevant global comparator/catalogue infrastructure. Broad UK spine is now saturated."
Uzbekistan,resolved_pass220_active_spiders_built,medium,Uzbekistan second-pass hardening for book-specific recommerce/seller-flow mechanics,"Pass220 successfully resolved and built active spiders: asaxiy_books_uz_spider.py, asaxiy_spider.py, zor_uz_spider.py, hilol_nashr_uz_spider.py, academy_sciences_uzbekistan_spider.py, reads_uz_spider.py, olx_uz_books_spider.py, uzum_uz_spider.py, book_uz_spider.py, kitabu_uz_spider.py. Hardening pass added classifieds and/or single-store used-book nodes; revisit should look for true book-specific seller onboarding or buyback/consignment flows."
Uzbekistan,open_no_promotion_pass92,medium-low,Kitob/Kytab product recovery and dedupe hold,Pass92 recovered StartupBase Kytab/Kitob concept plus current kytab.uz / org.alilm.kitab surfaces. Current surfaces appear to be e-library/author-distribution rather than live used-book sale/rental/exchange marketplace. Keep weak-fit provisional; do not promote unless a live marketplace/account-flow surface reappears.
Uzbekistan,open_hardened_pass91,medium-high,Kitabu active-inventory and in-app flow proof,"Pass91 captured official about-page plus AppBrain/APKPure active-app, version, package, and recent-download evidence. Remaining gap is public listing depth/account-flow moderation proof, not core sell/give/exchange eligibility."
Western Sahara / Sahrawi market surface,revisit,low-medium,"Revisit only for Sahrawi-local book fairs, refugee-camp book donation/exchange, Laâyoune/Dakhla bookshop or schoolbook resale evidence; avoid Morocco/Spain/France spillover.","Western Sahara/Sahrawi surface remains sparse: Laâyoune general marketplace pages exist, but book-specific/local Sahrawi book rails were not verified."
Yemen,resolved_pass220_active_spiders_built,medium,"Only reopen for a standalone book-specific Yemeni used/recommerce platform, direct seller-onboarding/inventory mechanics beyond OpenSooq/social storefronts, or stronger city-level used-book platform evidence in Sana’a/Aden/Taiz/Mukalla. No broad reopen for ordinary bookstores, social pages, or horizontal classifieds.","Pass220 successfully resolved and built active spiders: yemensale_ye_spider.py, yemenmazad_ye_spider.py, locanto_ye_spider.py, opensooq_ye_spider.py, mawjood_ye_spider.py, genuine_reg2_opensooqyemen_spider.py. Pass118 hardened Yemen after high-priority revisit: OpenSooq used-book classifieds were rechecked; Yemen Bookshop, Khaled bin Al-Walid, Shorouq, Dar al-Thaqafa and Dar al-Kutub al-Wataniya strengthened bookstore depth; a Yemen-delivery used-book Instagram storefront and Sana’a offline book-vendor seam were added. No standalone strict book-specific used/recommerce marketplace found."
Yemen,resolved_pass220_active_spiders_built,medium,"Only reopen for a standalone book-specific Yemeni used/recommerce platform, direct seller-onboarding/inventory mechanics beyond OpenSooq/social storefronts, or stronger city-level used-book platform evidence in Sana’a/Aden/Taiz/Mukalla. No broad reopen for ordinary bookstores, social pages, or horizontal classifieds.","Pass220 successfully resolved and built active spiders: yemensale_ye_spider.py, yemenmazad_ye_spider.py, locanto_ye_spider.py, opensooq_ye_spider.py, mawjood_ye_spider.py, genuine_reg2_opensooqyemen_spider.py. Pass118 hardened Yemen after high-priority revisit: OpenSooq used-book classifieds were rechecked; Yemen Bookshop, Khaled bin Al-Walid, Shorouq, Dar al-Thaqafa and Dar al-Kutub al-Wataniya strengthened bookstore depth; a Yemen-delivery used-book Instagram storefront and Sana’a offline book-vendor seam were added. No standalone strict book-specific used/recommerce marketplace found."
Zambia,resolved_pass220_active_spiders_built,medium,"Province-level bookstore segmentation, stronger second-hand mapping, and deeper linkage between archive, retail and fair infrastructure","Pass220 successfully resolved and built active spiders: genuine_reg_afribabazambia_spider.py, bookworld_zm_spider.py, bookworld_zambia_spider.py, genuine_reg_binezambia_spider.py, zedbookstore_zm_spider.py. Closure is credible, but the market likely contains more city-level retail and secondary circulation than the current first-pass rows capture."
Zambia,resolved_pass220_active_spiders_built,medium,"Harden social/classifieds and single-store used-book signals for seller flow, inventory depth, and book-specific marketplace mechanics.","Pass220 successfully resolved and built active spiders: genuine_reg_afribabazambia_spider.py, bookworld_zm_spider.py, bookworld_zambia_spider.py, genuine_reg_binezambia_spider.py, zedbookstore_zm_spider.py. Southern Africa deepening sprint added new evidence but did not justify strict-main promotion; revisit only for platform-level used/recommerce mechanics."
Zimbabwe,resolved_pass220_active_spiders_built,medium,"Harden social/classifieds and single-store used-book signals for seller flow, inventory depth, and book-specific marketplace mechanics.","Pass220 successfully resolved and built active spiders: house_of_books_zw_spider.py, eduboutique_zw_spider.py, houseofbooks_zw_spider.py, zimclassifieds_zw_spider.py, genuine_reg_final_classifiedszimbabwefinal_spider.py. Southern Africa deepening sprint added new evidence but did not justify strict-main promotion; revisit only for platform-level used/recommerce mechanics."
Zimbabwe,resolved_pass220_active_spiders_built,medium,"Bulawayo-vs-Harare segmentation, stronger second-hand/antiquarian mapping, and deeper educational-distributor structure","Pass220 successfully resolved and built active spiders: house_of_books_zw_spider.py, eduboutique_zw_spider.py, houseofbooks_zw_spider.py, zimclassifieds_zw_spider.py, genuine_reg_final_classifiedszimbabwefinal_spider.py. Pass 1 supports closure, but the current file-backed surface is still compact and likely understates city-level used-book and educational-network depth."
Slovenia,resolved_pass220_active_spiders_built,medium-low,Targeted only: reopen Slovenia if a Slovenia-native book-specific third-party used/recommerce marketplace appears; if Bolha develops a book-specialist marketplace rail beyond horizontal classifieds; if operator used-book sites expose structured ISBN/API exports worth targeted capture; or if a Slovenian textbook/used-book seller-onboarding surface is verified.,"Pass220 successfully resolved and built active spiders: bolha_si_spider.py, slovenia_bolha_spider.py. Pass194 backfilled all existing Slovenia URLs and added current live used-book/antikvariat/textbook/operator surfaces. Bolha has very deep book-category depth but remains horizontal; operator rails are single-store/specialist inventory. No strict-main promotion."
Venezuela,opened_pass195_hardened_pass196_no_strict_main_targeted_followup_optional,medium-high,"Optional pass197 only if desired by roadmap: search deeper for any Venezuela-native book-specific third-party marketplace/seller dashboard, especially textbook/student resale and regional anticuarios beyond Caracas/Maracaibo/Valencia/Margarita. Otherwise advance to Hong Kong block. Keep Libros.ccs and Puerto de Libros as operator/consignment/weak-fit, not strict-main, until public seller-side mechanics appear.","Pass196 hardened Venezuela with Libros.ccs fixed buyback/exchange evidence, Puerto de Libros new/used/consignment evidence, Buscadores de Libros, El Emporio del Libro, FILUC/AEEC used-book market, El Consolidado Valencia, and Margarita Instagram storefront/exchange seams. No public Venezuela-native book-specific third-party marketplace mechanics or ISBN values were captured."
Philippines,closed_pass201_targeted_hardening_chapters_confirmed_move_to_egypt_or_optional_ph_closure,low,"No urgent Philippines pass needed. Optional later closure may inspect additional provincial/student/textbook groups and detail-page ISBN exposure, but Chapters is now sufficiently hardened as the sole current strict/main Philippines candidate.","Pass201 hardened Chapters with official buy/sell/donate marketplace language, seller-shop path evidence, and a third-party user report of shop/sale/payment mechanics. Managed escrow/checkout remains unverified; all horizontal/social/operator controls remain correctly non-strict."
Philippines,optional_future_philippines_closure_not_required_for_roadmap,low,"If revisited, do a narrow provincial/student/textbook/ISBN detail-page pass only; do not re-litigate Carousell/Shopee/Facebook unless a book-specific standalone platform appears.","Philippines now has one hardened strict/main candidate (Chapters) plus well-separated horizontal/social/operator layers; third pass is optional, not required before Egypt."
Egypt,resolved_pass220_active_spiders_built,low,optional later provincial/dealer texture only; no active strict-main candidate after pass203,"Pass220 successfully resolved and built active spiders: bookworm_eg_spider.py, 4swapp_eg_spider.py, flipkart_i_n_spider.py, internet_archive_spider.py, vinted_u_k_spider.py, ex_libris_c_h_spider.py, subito_it_spider.py, vinted_f_r_spider.py, bookshuffle_spider.py, vinted_b_e_spider.py, milay_p_k_spider.py, avito_r_u_spider.py, vinted_p_l_spider.py, diwan_spider.py, medad_spider.py, olx_i_n_spider.py, wallapop_spider.py, willhaben_spider.py, buscalibre_spider.py, cairo_university_book_exchange_spider.py, olx_k_e_spider.py, vinted_i_t_spider.py, academy_scientific_research_technology_asrt_spider.py, academy_arabic_language_cairo_spider.py, regikonyvek_spider.py, book_to_cash_spider.py, book_finder_spider.py, vinted_d_e_spider.py, chegg_spider.py, direct_textbook_spider.py, olx_eg_spider.py, tona_ton_spider.py, konga_n_g_spider.py, wseetk_eg_spider.py, be3ly_eg_spider.py, shorouk_spider.py, vinted_n_l_spider.py, american_university_cairo_press_spider.py, kulshe_eg_spider.py, de_slegte_spider.py, auc_egypt_spider.py, diwan_eg_spider.py, tradera_spider.py. Pass202-203 found dense Egypt used-book infrastructure but no verified Egypt-native book-specific third-party marketplace; future work should be texture/provincial only unless new platform evidence appears."
Romania,targeted_hardening_complete_pass205_no_strict_main,low,Future Romania revisit only if a Romania-native book-specific third-party marketplace or open seller-flow book platform appears; otherwise use existing horizontal/operator/social lanes.,"Pass205 hardened Okazii seller/payment controls, anticariat buyback/store ambiguity, and detail-page ISBN exposure. No book-specific strict-main platform was verified; Romania now closes as dense operator anticariat plus horizontal/social resale."
Indonesia,targeted_hardened_pass207_revisit_if_bukubekas_or_preloved_changes,medium-low,"Targeted only: reopen Indonesia if Bukubekas.id proves stable at scale, exposes managed checkout/payment or richer active listing/detail exports; if Preloved.co.id becomes book-specific or exposes durable book detail/ISBN exports; or if new Indonesia-native book-specific used/recommerce marketplace surfaces appear.","Pass207 promoted Bukubekas.id as Indonesia strict/main candidate based on current book-specific secondhand marketplace, sell-a-book/dashboard/all-listings/direct-seller-contact evidence. Preloved.co.id was hardened as weak-fit general secondhand marketplace with seller upload and integrated payment/shipping, but broad/fashion-led scope blocks strict promotion. Jualo and Aksiku yielded ISBN examples; Shopee/OLX/Jualo/Carousell/Facebook remain horizontal/social; operator stores remain operator layers."
Russia,campaign_saturated_pass217,medium,Return only for future strict-candidate or ISBN/detail-page backfill; otherwise continue post-Russia backlog.,Pass217 final saturation found control/depth surfaces only and no new strict/main seam. Russia strict/main set remains eight; campaign can close for now.
