territory,platform,seller_id,title,author,condition,price,listing_url,timestamp,seller_comments
India,NearBook,,little kids big book of space,Catherine D Hughes,0,INR 500,https://nearbook.app/book/3922091,2026-05-03T18:54:06.687106,
India,NearBook,,maths chaya class 11,chaya,0,INR 600,https://nearbook.app/book/3922090,2026-05-03T18:54:07.008405,
India,NearBook,,santra biology class 11 sem 1 and 2,santra,0,INR 500,https://nearbook.app/book/3922089,2026-05-03T18:54:07.315154,
India,NearBook,,little kids first big book for animals,Catherine D. Hughes,0,INR 500,https://nearbook.app/book/3922088,2026-05-03T18:54:07.621997,
India,NearBook,,business management 2,,0,INR 30,https://nearbook.app/book/3922087,2026-05-03T18:54:07.935254,
India,NearBook,,class 10 science ncert,,0,INR 140,https://nearbook.app/book/3922086,2026-05-03T18:54:08.232812,
India,NearBook,,marketing Management 2,,0,INR 50,https://nearbook.app/book/3922085,2026-05-03T18:54:08.544039,
India,NearBook,,advanced accounting 1,,0,INR 300,https://nearbook.app/book/3922084,2026-05-03T18:54:08.851069,
India,NearBook,,little kids first big book for why,Amy shields,0,INR 500,https://nearbook.app/book/3922083,2026-05-03T18:54:09.142027,
India,NearBook,,business communication 2,,0,INR 100,https://nearbook.app/book/3922082,2026-05-03T18:54:09.464885,
India,NearBook,,fundamental of marketting 2,,0,INR 50,https://nearbook.app/book/3922081,2026-05-03T18:54:09.755635,
India,NearBook,,business economics,,0,INR 50,https://nearbook.app/book/3922080,2026-05-03T18:54:10.079661,
India,NearBook,,arjuna jee modules full set,pw,0,INR 1500,https://nearbook.app/book/3922079,2026-05-03T18:54:11.717863,
India,NearBook,,elements of company law 2,,0,INR 90,https://nearbook.app/book/3922078,2026-05-03T18:54:12.025817,
India,NearBook,,Anupam,ansh yadav,0,INR 200,https://nearbook.app/book/3922077,2026-05-03T18:54:12.336985,
India,NearBook,,elements of company law,,0,INR 90,https://nearbook.app/book/3922076,2026-05-03T18:54:12.639642,
India,NearBook,,Hindi Oswal sample paper,Oswal Ai,0,INR 349,https://nearbook.app/book/3922075,2026-05-03T18:54:12.929854,
India,NearBook,,business economics,,0,INR 50,https://nearbook.app/book/3922074,2026-05-03T18:54:13.253777,
India,NearBook,,corporate accounting 2,,0,INR 220,https://nearbook.app/book/3922073,2026-05-03T18:54:13.561121,
India,NearBook,,biology,"Salman 
Salman",0,INR 500,https://nearbook.app/book/3922072,2026-05-03T18:54:13.868302,
India,NearBook,,Oswal book,Oswal Ai,0,INR 449,https://nearbook.app/book/3922070,2026-05-03T18:54:14.176945,
India,NearBook,,Oswal book,Oswal Ai,0,INR 449,https://nearbook.app/book/3922069,2026-05-03T18:54:14.483051,
India,NearBook,,Oswal sample paper,Oswal Ai,0,INR 499,https://nearbook.app/book/3922067,2026-05-03T18:54:14.790615,
India,NearBook,,Saraswati PHYSICAL EDUCATION(2025),D R V K SHARMA,0,INR 400,https://nearbook.app/book/3922066,2026-05-03T18:54:15.097126,
India,NearBook,,IPMAT - NUMBER SYSTEM & ARITHMETIC,INDRAJEET SINGH,0,INR 200,https://nearbook.app/book/3922065,2026-05-03T18:54:16.737075,
India,NearBook,,IPMAT - LOGICAL REASONING,INDRAJEET SINGH,0,INR 250,https://nearbook.app/book/3922064,2026-05-03T18:54:17.028547,
India,NearBook,,corporate accounting,,0,INR 320,https://nearbook.app/book/3922063,2026-05-03T18:54:17.355150,
India,NearBook,,business communication,,0,INR 120,https://nearbook.app/book/3922062,2026-05-03T18:54:17.646554,
India,NearBook,,IPMAT - DATA INTERPRETATION,INDRAJEET SINGH,0,INR 200,https://nearbook.app/book/3922061,2026-05-03T18:54:17.964366,
India,NearBook,,Social science,,0,INR 150,https://nearbook.app/book/3922059,2026-05-03T18:54:18.271555,
India,NearBook,,business management,,0,INR 60,https://nearbook.app/book/3922058,2026-05-03T18:54:18.578721,
India,NearBook,,IPMAT - VOCABULARY & COMPREHENSION,INDRAJEET SINGH,0,INR 200,https://nearbook.app/book/3922057,2026-05-03T18:54:18.886028,
India,NearBook,,marathi,150,0,INR 200,https://nearbook.app/book/3922056,2026-05-03T18:54:19.193260,
India,NearBook,,marketing Management,,0,INR 60,https://nearbook.app/book/3922055,2026-05-03T18:54:19.500349,
India,NearBook,,IPMAT - GEOMETRY AND HIGHER MATHS,INDRAJEET SINGH,0,INR 200,https://nearbook.app/book/3922054,2026-05-03T18:54:19.807202,
India,NearBook,,mind map,xylem,0,INR 400,https://nearbook.app/book/3922053,2026-05-03T18:54:20.101152,
India,NearBook,,digdarshika,jatin verma,0,INR 100,https://nearbook.app/book/3922179,2026-05-03T22:34:07.287088,
India,NearBook,,digdarshika,jatin verma ji,0,INR 200,https://nearbook.app/book/3922178,2026-05-03T22:34:07.589193,
India,NearBook,,shivlal dirgadarsika,jatin verma,0,INR 130,https://nearbook.app/book/3922177,2026-05-03T22:34:07.942184,
India,NearBook,,parisha bodh,jatin verma,0,INR 110,https://nearbook.app/book/3922176,2026-05-03T22:34:08.248799,
India,NearBook,,parisha bodh 2026,jatin verma,0,INR 70,https://nearbook.app/book/3922175,2026-05-03T22:34:08.551338,
India,NearBook,,parisha bodh,jatin verma,0,INR 90,https://nearbook.app/book/3922174,2026-05-03T22:34:08.863172,
India,NearBook,,parisha bodh 2026,jatin verma,0,INR 90,https://nearbook.app/book/3922173,2026-05-03T22:34:09.171470,
India,NearBook,,parisha bodh 2026,jatin verma,0,INR 95,https://nearbook.app/book/3922172,2026-05-03T22:34:09.476916,
India,NearBook,,parisha bodh 2026,jatin verma,0,INR 100,https://nearbook.app/book/3922171,2026-05-03T22:34:09.784177,
India,NearBook,,brints,sairam,0,INR 50,https://nearbook.app/book/3922170,2026-05-03T22:34:10.090460,
India,NearBook,,physics jee advanced and mains pyq,,0,INR 600,https://nearbook.app/book/3922169,2026-05-03T22:34:10.378788,
India,NearBook,,r.s Aggarwal,,0,INR 200,https://nearbook.app/book/3922167,2026-05-03T22:34:10.714278,
India,NearBook,,biology question bank,,0,INR 199,https://nearbook.app/book/3922166,2026-05-03T22:34:12.343645,
India,NearBook,,social studies,,0,INR 199,https://nearbook.app/book/3922165,2026-05-03T22:34:12.631096,
India,NearBook,,Telugu question bank,,0,INR 120,https://nearbook.app/book/3922164,2026-05-03T22:34:12.958134,
India,NearBook,,English question bank,,0,INR 200,https://nearbook.app/book/3922163,2026-05-03T22:34:13.265750,
India,NearBook,,biological science,,0,INR 90,https://nearbook.app/book/3922162,2026-05-03T22:34:13.573353,
India,NearBook,,Telugu LMR,,0,INR 90,https://nearbook.app/book/3922161,2026-05-03T22:34:13.860370,
India,NearBook,,science textbook for 9,samagra Shiksha Kendra Bhopal Madhya Pradesh,0,INR 85,https://nearbook.app/book/3922160,2026-05-03T22:34:14.150027,
India,NearBook,,science textbook for 9,samagra Shiksha Kendra Bhopal Madhya Pradesh,0,INR 85,https://nearbook.app/book/3922159,2026-05-03T22:34:14.440645,
India,NearBook,,SSc triumph series,,0,INR 90,https://nearbook.app/book/3922158,2026-05-03T22:34:14.728370,
India,NearBook,,social studies,,0,INR 180,https://nearbook.app/book/3922157,2026-05-03T22:34:15.109087,
India,NearBook,,English reader,,0,INR 90,https://nearbook.app/book/3922156,2026-05-03T22:34:15.415853,
India,NearBook,,social studies LMR,,0,INR 120,https://nearbook.app/book/3922155,2026-05-03T22:34:15.722777,
India,NearBook,,physical science question bank,,0,INR 160,https://nearbook.app/book/3922154,2026-05-03T22:34:17.304987,
India,NearBook,,ISC commerce as per 2027,Dr. C. B. gupta,0,INR 700,https://nearbook.app/book/3922153,2026-05-03T22:34:17.668361,
India,NearBook,,ISC commerce as per 2027,Dr. C. B. gupta,0,INR 700,https://nearbook.app/book/3922152,2026-05-03T22:34:17.955478,
India,NearBook,,biology reader,,0,INR 120,https://nearbook.app/book/3922150,2026-05-03T22:34:18.282809,
India,NearBook,,social reader,,0,INR 120,https://nearbook.app/book/3922149,2026-05-03T22:34:18.573512,
India,NearBook,,Hindi LMR,,0,INR 120,https://nearbook.app/book/3922148,2026-05-03T22:34:18.869403,
India,NearBook,,ISC 11th computer science Java with blue avichal publishing company,vijay kumar panday,0,INR 750,https://nearbook.app/book/3922147,2026-05-03T22:34:19.205414,
India,NearBook,,maths question bank,,0,INR 180,https://nearbook.app/book/3922146,2026-05-03T22:34:19.493013,
India,NearBook,,hindi question bank,,0,INR 150,https://nearbook.app/book/3922145,2026-05-03T22:34:19.823776,
India,NearBook,,Telugu reader,,0,INR 110,https://nearbook.app/book/3922143,2026-05-03T22:34:20.118694,
India,NearBook,,hindi,,0,INR 100,https://nearbook.app/book/3922141,2026-05-03T22:34:20.433159,
India,NearBook,,Aakash NEET Modules Full Set,,0,INR 10000,https://nearbook.app/book/3922140,2026-05-03T22:34:20.720521,
India,NearBook,,physical science,,0,INR 100,https://nearbook.app/book/3922139,2026-05-03T22:34:22.299986,
India,NearBook,,English practice book,,0,INR 100,https://nearbook.app/book/3922138,2026-05-03T22:34:22.588195,
India,NearBook,,bhagavathi,Mourya,0,INR 50,https://nearbook.app/book/3922137,2026-05-03T22:34:22.876500,
India,NearBook,,সংস্কৃত  শিক্ষক,ডঃ সুঞ্জিত কুমার সাধুখাঁ,0,INR 100,https://nearbook.app/book/3922136,2026-05-03T22:34:23.199335,
India,NearBook,,financial literacy,Unicef,0,INR 560,https://nearbook.app/book/3922135,2026-05-03T22:34:23.505557,
India,NearBook,,neet module,neet module hindi medium,0,INR 5000,https://nearbook.app/book/3922133,2026-05-03T22:34:23.813389,
India,NearBook,,Computer science,TPS production,0,INR 200,https://nearbook.app/book/3922132,2026-05-03T22:34:24.102367,
India,NearBook,,Computer science 2,TPS production,0,INR 200,https://nearbook.app/book/3922131,2026-05-03T22:34:24.427690,
India,NearBook,,MTG NCERT at your fingertips,,0,INR 510,https://nearbook.app/book/3922129,2026-05-03T22:34:24.715399,
India,NearBook,,english class 11,,0,INR 0,https://nearbook.app/book/3922128,2026-05-03T22:34:25.041983,
India,NearBook,,MS CHOWHAN organic chemistry for JEE,MS CHOWHAN,0,INR 350,https://nearbook.app/book/3922127,2026-05-03T22:34:25.349464,
India,NearBook,,math,vishal,0,INR 300,https://nearbook.app/book/3922126,2026-05-03T22:34:25.638467,
India,NearBook,,math,vishal,0,INR 300,https://nearbook.app/book/3922125,2026-05-03T22:34:27.295283,
India,NearBook,,english,Vishal,0,INR 200,https://nearbook.app/book/3922124,2026-05-03T22:34:27.602548,
India,NearBook,,"Textbook For Class 9
Interact in English (LITERATURE READER)",,0,INR 200,https://nearbook.app/book/3922123,2026-05-03T22:34:27.908826,
India,NearBook,,Sahitya vaibhav,User,0,INR 87,https://nearbook.app/book/3922122,2026-05-03T22:34:28.197628,
India,NearBook,,math,vishal,0,INR 200,https://nearbook.app/book/3922121,2026-05-03T22:34:28.524582,
India,NearBook,,social science,appu,0,INR 100,https://nearbook.app/book/3922119,2026-05-03T22:34:28.812968,
India,NearBook,,social science,appu,0,INR 100,https://nearbook.app/book/3922118,2026-05-03T22:34:29.102193,
India,NearBook,,"Princess 
Copy Colouring Book",,0,INR 80,https://nearbook.app/book/3922117,2026-05-03T22:34:29.445234,
India,NearBook,,MTG NCERT at your fingertips,,0,INR 529,https://nearbook.app/book/3922116,2026-05-03T22:34:29.752723,
India,NearBook,,science,Nishant,0,INR 100,https://nearbook.app/book/3922115,2026-05-03T22:34:30.059038,
India,NearBook,,tales from shakespeare,,0,INR 70,https://nearbook.app/book/3922114,2026-05-03T22:34:30.366564,
India,NearBook,,Anne Frank dairy,,0,INR 50,https://nearbook.app/book/3922113,2026-05-03T22:34:30.657367,
India,NearBook,,ব্যাকরণ সাথী for class 7,অলক বর্ধন,0,INR 60,https://nearbook.app/book/3922112,2026-05-03T22:34:32.314965,
India,NearBook,,arjuna jee modules,pw,0,INR 1499,https://nearbook.app/book/3922111,2026-05-03T22:34:32.619516,
India,NearBook,,"TEXT BOOK FOR CLASS 9 
MAIN COURSE BOOK",Shiksha Sadan,0,INR 200,https://nearbook.app/book/3922109,2026-05-03T22:34:32.907327,
India,NearBook,,"TEXT BOOK FOR CLASS 9 
MAIN COURSE BOOK",Shiksha Sadan,0,INR 200,https://nearbook.app/book/3922108,2026-05-03T22:34:33.196930,
India,NearBook,,Introductory Microeconomic,Tr. Jain and VK Ohri,0,INR 550,https://nearbook.app/book/3922107,2026-05-03T22:34:33.483259,
India,NearBook,,General English,J P H Books,0,INR 340,https://nearbook.app/book/3922106,2026-05-03T22:34:33.849329,
India,NearBook,,MAIN COURSE BOOK,,0,INR 200,https://nearbook.app/book/3922105,2026-05-03T22:34:34.156601,
India,NearBook,,democratic politics-2,,0,INR 120,https://nearbook.app/book/3922104,2026-05-03T22:34:34.456765,
India,NearBook,,hindi lokbharti,tanmay,0,INR 250,https://nearbook.app/book/3922102,2026-05-03T22:34:34.770060,
India,NearBook,,Mathematics,Lakshya,0,INR 450,https://nearbook.app/book/3922101,2026-05-03T22:34:35.058773,
India,NearBook,,CMA Intermediate Management accounting,MEPL,0,INR 100,https://nearbook.app/book/3922100,2026-05-03T22:34:35.385385,
India,NearBook,,CMA Intermediate Management accounting,MEPL,0,INR 100,https://nearbook.app/book/3922099,2026-05-03T22:34:35.673882,
India,NearBook,,CMA Intermediate Cost and Management accounting,,0,INR 75,https://nearbook.app/book/3922098,2026-05-03T22:34:37.258601,
India,NearBook,,CMA Intermediate Operation Management,MEPL DIVYA AGARWAL,0,INR 100,https://nearbook.app/book/3922097,2026-05-03T22:34:37.546577,
India,NearBook,,legend's physics ncrt text book,,0,INR 250,https://nearbook.app/book/3922096,2026-05-03T22:34:37.841685,
India,NearBook,,sl arora class 11,sl arora,0,INR 700,https://nearbook.app/book/3922095,2026-05-03T22:34:38.130371,
India,NearBook,,CMA Intermediate Audit and ethics,MEPL,0,INR 125,https://nearbook.app/book/3922094,2026-05-03T22:34:38.456401,
India,NearBook,,Hindi guide bijay,bijay,0,INR 250,https://nearbook.app/book/3922093,2026-05-03T22:34:38.742281,
India,NearBook,,chemistry chaya class 11,,0,INR 700,https://nearbook.app/book/3922092,2026-05-03T22:34:39.029910,
India,NearBook,,little kids big book of space,Catherine D Hughes,0,INR 300,https://nearbook.app/book/3922091,2026-05-03T22:34:39.377893,
India,NearBook,,maths chaya class 11,chaya,0,INR 600,https://nearbook.app/book/3922090,2026-05-03T22:34:39.666114,
India,NearBook,,santra biology class 11 sem 1 and 2,santra,0,INR 500,https://nearbook.app/book/3922089,2026-05-03T22:34:39.953762,
India,NearBook,,little kids first big book for animals,Catherine D. Hughes,0,INR 300,https://nearbook.app/book/3922088,2026-05-03T22:34:40.240313,
India,NearBook,,business management 2,,0,INR 30,https://nearbook.app/book/3922087,2026-05-03T22:34:40.541452,
India,NearBook,,class 10 science ncert,,0,INR 140,https://nearbook.app/book/3922086,2026-05-03T22:34:42.121623,
India,NearBook,,marketing Management 2,,0,INR 50,https://nearbook.app/book/3922085,2026-05-03T22:34:42.450848,
India,NearBook,,advanced accounting 1,,0,INR 300,https://nearbook.app/book/3922084,2026-05-03T22:34:42.741407,
India,NearBook,,little kids first big book for why,Amy shields,0,INR 300,https://nearbook.app/book/3922083,2026-05-03T22:34:43.064916,
India,NearBook,,business communication 2,,0,INR 100,https://nearbook.app/book/3922082,2026-05-03T22:34:43.372216,
India,NearBook,,fundamental of marketting 2,,0,INR 50,https://nearbook.app/book/3922081,2026-05-03T22:34:43.669596,
India,NearBook,,business economics,,0,INR 50,https://nearbook.app/book/3922080,2026-05-03T22:34:43.986027,
India,NearBook,,arjuna jee modules full set,pw,0,INR 1500,https://nearbook.app/book/3922079,2026-05-03T22:34:44.274804,
India,NearBook,,elements of company law 2,,0,INR 90,https://nearbook.app/book/3922078,2026-05-03T22:34:45.423548,
India,NearBook,,Anupam,ansh yadav,0,INR 200,https://nearbook.app/book/3922077,2026-05-03T22:34:45.727326,
India,NearBook,,elements of company law,,0,INR 90,https://nearbook.app/book/3922076,2026-05-03T22:34:46.035221,
India,NearBook,,Hindi Oswal sample paper,Oswal Ai,0,INR 349,https://nearbook.app/book/3922075,2026-05-03T22:34:46.341742,
India,NearBook,,business economics,,0,INR 50,https://nearbook.app/book/3922074,2026-05-03T22:34:47.979779,
India,NearBook,,corporate accounting 2,,0,INR 220,https://nearbook.app/book/3922073,2026-05-03T22:34:48.275899,
India,NearBook,,biology,"Salman 
Salman",0,INR 500,https://nearbook.app/book/3922072,2026-05-03T22:34:48.594558,
India,NearBook,,Oswal book,Oswal Ai,0,INR 449,https://nearbook.app/book/3922069,2026-05-03T22:34:48.885847,
India,NearBook,,Oswal sample paper,Oswal Ai,0,INR 499,https://nearbook.app/book/3922067,2026-05-03T22:34:49.175820,
India,NearBook,,Saraswati CBSE PHYSICAL EDUCATION(2025)(PRICE NEGOTIABLE),D R V K SHARMA,0,INR 400,https://nearbook.app/book/3922066,2026-05-03T22:34:49.468608,
India,NearBook,,IPMAT - NUMBER SYSTEM & ARITHMETIC,INDRAJEET SINGH,0,INR 200,https://nearbook.app/book/3922065,2026-05-03T22:34:49.822754,
India,NearBook,,IPMAT - LOGICAL REASONING,INDRAJEET SINGH,0,INR 250,https://nearbook.app/book/3922064,2026-05-03T22:34:50.136847,
India,NearBook,,corporate accounting,,0,INR 320,https://nearbook.app/book/3922063,2026-05-03T22:34:50.437571,
India,NearBook,,business communication,,0,INR 120,https://nearbook.app/book/3922062,2026-05-03T22:34:50.746773,
India,NearBook,,IPMAT - DATA INTERPRETATION,INDRAJEET SINGH,0,INR 200,https://nearbook.app/book/3922061,2026-05-03T22:34:51.040242,
India,NearBook,,Social science,,0,INR 150,https://nearbook.app/book/3922059,2026-05-03T22:34:51.331122,
India,NearBook,,business management,,0,INR 60,https://nearbook.app/book/3922058,2026-05-03T22:34:53.101494,
India,NearBook,,IPMAT - VOCABULARY & COMPREHENSION,INDRAJEET SINGH,0,INR 200,https://nearbook.app/book/3922057,2026-05-03T22:34:53.411266,
India,NearBook,,marathi,150,0,INR 100,https://nearbook.app/book/3922056,2026-05-03T22:34:53.703562,
India,NearBook,,marketing Management,,0,INR 60,https://nearbook.app/book/3922055,2026-05-03T22:34:53.992371,
India,NearBook,,IPMAT - GEOMETRY AND HIGHER MATHS,INDRAJEET SINGH,0,INR 200,https://nearbook.app/book/3922054,2026-05-03T22:34:54.293378,
India,NearBook,,mind map,xylem,0,INR 400,https://nearbook.app/book/3922053,2026-05-03T22:34:54.612130,
India,NearBook,,RPF/RPSF CONSTABLE PYQS,,0,INR 250,https://nearbook.app/book/3922052,2026-05-03T22:34:54.917155,
India,NearBook,,History,,0,INR 300,https://nearbook.app/book/3922051,2026-05-03T22:34:55.207750,
India,NearBook,,Democratic politics,,0,INR 250,https://nearbook.app/book/3922050,2026-05-03T22:34:55.512779,
India,NearBook,,vara class 3,,0,INR 0,https://nearbook.app/book/3922048,2026-05-03T22:34:55.809911,
India,NearBook,,IPMAT - Grammer & Verbal Ability,INDRAJEET SINGH,0,INR 200,https://nearbook.app/book/3922047,2026-05-03T22:34:56.103520,
India,NearBook,,English,,0,INR 50,https://nearbook.app/book/3922046,2026-05-03T22:34:56.404441,
India,NearBook,,Advance Accounting,nirali prakash,0,INR 300,https://nearbook.app/book/3922044,2026-05-03T22:34:58.003703,
India,NearBook,,Isc class 12 Nootan physics book,Nootan,0,INR 700,https://nearbook.app/book/3922043,2026-05-03T22:34:58.313137,
India,NearBook,,mind map,xylem,0,INR 400,https://nearbook.app/book/3922042,2026-05-03T22:34:58.635014,
India,NearBook,,hinda,,0,INR 35,https://nearbook.app/book/3922041,2026-05-03T22:34:58.938071,
India,NearBook,,maths mela,,0,INR 150,https://nearbook.app/book/3922040,2026-05-03T22:34:59.245796,
India,NearBook,,BA economics hons all semester 1 to 5,,0,INR 600,https://nearbook.app/book/3922039,2026-05-03T22:34:59.538300,
India,NearBook,,Economics,,0,INR 450,https://nearbook.app/book/3922038,2026-05-03T22:34:59.830475,
India,NearBook,,maths,"Prince

Prince

Prince",0,INR 300,https://nearbook.app/book/3922035,2026-05-03T22:35:00.167520,
India,NearBook,,our wondrous world,,0,INR 150,https://nearbook.app/book/3922034,2026-05-03T22:35:00.472994,
India,NearBook,,santoor class 3,,0,INR 0,https://nearbook.app/book/3922032,2026-05-03T22:35:00.780188,
India,NearBook,,salim ali,C Rahim,0,INR 200,https://nearbook.app/book/3922031,2026-05-03T22:35:01.086962,
India,NearBook,,maths,,0,INR 100,https://nearbook.app/book/3922030,2026-05-03T22:35:01.377570,
India,NearBook,,maths,,0,INR 100,https://nearbook.app/book/3922029,2026-05-03T22:35:03.034127,
India,NearBook,,santoor class 3,,0,INR 0,https://nearbook.app/book/3922028,2026-05-03T22:35:03.325232,
India,NearBook,,diploma engeneering chemistry,chaithanya,0,INR 59,https://nearbook.app/book/3922027,2026-05-03T22:35:03.616244,
India,NearBook,,santoor,,0,INR 0,https://nearbook.app/book/3922026,2026-05-03T22:35:03.905742,
India,NearBook,,NCERT chemistry 12th,,0,INR 150,https://nearbook.app/book/3922025,2026-05-03T22:35:04.196591,
India,NearBook,,engineering chemistry diploma 1 year,chaithanya,0,INR 99,https://nearbook.app/book/3922024,2026-05-03T22:35:04.522318,
India,NearBook,,NCERT Physics 12th,,0,INR 150,https://nearbook.app/book/3922023,2026-05-03T22:35:04.831222,
India,NearBook,,NCERT 11th Chemistry,,0,INR 150,https://nearbook.app/book/3922021,2026-05-03T22:35:05.121874,
India,NearBook,,mathematics and statistics arts and science part 2,,0,INR 75,https://nearbook.app/book/3922020,2026-05-03T22:35:05.491059,
India,NearBook,,NCERT Physics 11th,,0,INR 150,https://nearbook.app/book/3922019,2026-05-03T22:35:05.784191,
India,NearBook,,telugu,,0,INR 50,https://nearbook.app/book/3922018,2026-05-03T22:35:06.104836,
India,NearBook,,data structures through c imp questions,chaithanya,0,INR 49,https://nearbook.app/book/3922017,2026-05-03T22:35:06.411844,
India,NearBook,,Chs,User,0,INR 500,https://nearbook.app/book/3922016,2026-05-03T22:35:08.050492,
India,NearBook,,maths,,0,INR 100,https://nearbook.app/book/3922015,2026-05-03T22:35:08.358424,
India,NearBook,,Sanjiv Desk Work class10 Mathematics,Lakshya jhanwar,0,INR 350,https://nearbook.app/book/3922014,2026-05-03T22:35:08.664586,
India,NearBook,,Sanjiv Desk Work class10 Mathematics,Lakshya jhanwar,0,INR 350,https://nearbook.app/book/3922013,2026-05-03T22:35:08.972050,
India,NearBook,,IPMAT ALGEBRA,Indrajeet Singh,0,INR 200,https://nearbook.app/book/3922012,2026-05-03T22:35:09.266237,
India,NearBook,,Computer assignment completed book,,0,INR 160,https://nearbook.app/book/3922011,2026-05-03T22:35:09.557219,
India,NearBook,,Genreal English,User,0,INR 300,https://nearbook.app/book/3922010,2026-05-03T22:35:09.893340,
India,NearBook,,allen revision book,,0,INR 100,https://nearbook.app/book/3922009,2026-05-03T22:35:10.200852,
India,NearBook,,operating system imp questions 3 sem,chaithanya,0,INR 49,https://nearbook.app/book/3922008,2026-05-03T22:35:10.508480,
India,NearBook,,Hindi workbook completed,,0,INR 150,https://nearbook.app/book/3922007,2026-05-03T22:35:10.805396,
India,NearBook,,"Hindi notes paper 
6pg",Arfath,0,INR 20,https://nearbook.app/book/3922006,2026-05-03T22:35:11.122242,
India,NearBook,,allen cbse 12th biology,,0,INR 100,https://nearbook.app/book/3922005,2026-05-03T22:35:11.429343,
India,NearBook,,Sanjiv Desk Work class10 social scence,Lakshya jhanwar,0,INR 280,https://nearbook.app/book/3922004,2026-05-03T22:35:13.067770,
India,NearBook,,polycet,,0,INR 0,https://nearbook.app/book/3922003,2026-05-03T22:35:13.359803,
India,NearBook,,diploma 1 year imp questions material,chaithanya,0,INR 49,https://nearbook.app/book/3922002,2026-05-03T22:35:13.652595,
India,NearBook,,गृह vyavasta एवं गृह सज्जा,User,0,INR 120,https://nearbook.app/book/3922001,2026-05-03T22:35:13.987105,
India,NearBook,,The Concise Art of Seduction,Robert Greene,0,INR 150,https://nearbook.app/book/3922000,2026-05-03T22:35:14.296732,
India,NearBook,,Marathi workbook (completed book),,0,INR 100,https://nearbook.app/book/3921999,2026-05-03T22:35:14.604521,
India,NearBook,,Hindi,Durgesh Yadav,0,INR 40,https://nearbook.app/book/3921998,2026-05-03T22:35:14.897671,
India,NearBook,,allen biology,,0,INR 700,https://nearbook.app/book/3921997,2026-05-03T22:35:15.218618,
India,NearBook,,digital electronics material,chaithanya,0,INR 59,https://nearbook.app/book/3921996,2026-05-03T22:35:15.525641,
India,NearBook,,diploma 1 year mathematics notes,chaithanya,0,INR 79,https://nearbook.app/book/3921995,2026-05-03T22:35:15.815546,
India,NearBook,,urdu Bharat class 3,,0,INR 100,https://nearbook.app/book/3921993,2026-05-03T22:35:16.140416,
India,NearBook,,The Silent Patient,Alex Michaelides,0,INR 150,https://nearbook.app/book/3921992,2026-05-03T22:35:16.447216,
India,NearBook,,mathmatics rs Sharma 2025 edition,RD sharma,0,INR 500,https://nearbook.app/book/3921991,2026-05-03T22:35:18.072385,
India,NearBook,,allen biology practice book,,0,INR 150,https://nearbook.app/book/3921990,2026-05-03T22:35:18.363153,
India,NearBook,,urdu Bharat class 3,,0,INR 100,https://nearbook.app/book/3921989,2026-05-03T22:35:18.700728,
India,NearBook,,curriculum c23,chaithanya,0,INR 200,https://nearbook.app/book/3921988,2026-05-03T22:35:18.993738,
India,NearBook,,MTG KARNATAKA CET BOOK- PHYSICS,,0,INR 450,https://nearbook.app/book/3921987,2026-05-03T22:35:19.314722,
India,NearBook,,allen pyq,,0,INR 150,https://nearbook.app/book/3921986,2026-05-03T22:35:19.625503,
India,NearBook,,Aadhunik Hindi Vyakaran for Class 9th and 10th,,0,INR 100,https://nearbook.app/book/3921985,2026-05-03T22:35:19.929018,
India,NearBook,,The Alchemist,Paulo Coelho,0,INR 95,https://nearbook.app/book/3921984,2026-05-03T22:35:20.217167,
India,NearBook,,indian society,chaithanya,0,INR 499,https://nearbook.app/book/3921983,2026-05-03T22:35:20.504473,
India,NearBook,,samkalin Vishva rajnitik,Jagdish,0,INR 150,https://nearbook.app/book/3921982,2026-05-03T22:35:20.851022,
India,NearBook,,samkalin Vishva rajnitik,Jagdish,0,INR 150,https://nearbook.app/book/3921981,2026-05-03T22:35:21.158044,
India,NearBook,,জীবন বিজ্ঞান,চৌধুরী। ভট্টাচার্য। সাঁতরা,0,INR 100,https://nearbook.app/book/3921980,2026-05-03T22:35:21.466311,
India,NearBook,,allen neet physics practice book set of 4,,0,INR 200,https://nearbook.app/book/3921979,2026-05-03T22:35:23.081370,
India,NearBook,,"COMPUTER SCIENCE 
(A complete question bank with answers)",,0,INR 100,https://nearbook.app/book/3921978,2026-05-03T22:35:23.410489,
India,NearBook,,समकालीन विश्व राजनीतिक,JAGDISH,0,INR 150,https://nearbook.app/book/3921977,2026-05-03T22:35:23.718083,
India,NearBook,,"OXFORD English Mini Dictionary 
(Indian Edition)",,0,INR 80,https://nearbook.app/book/3921975,2026-05-03T22:35:24.025137,
India,NearBook,,The Concise Laws Of Human Nature,Robert Greene,0,INR 150,https://nearbook.app/book/3921974,2026-05-03T22:35:25.049109,
India,NearBook,,notes,notes 4 sem kashmir university 4 notes education J1 j2 j3 and minor political science,0,INR 400,https://nearbook.app/book/3921973,2026-05-03T22:35:25.356109,
India,NearBook,,MTG KARNATAKA CET,,0,INR 300,https://nearbook.app/book/3921972,2026-05-03T22:35:25.645548,
India,NearBook,,short note,,0,INR 100,https://nearbook.app/book/3921971,2026-05-03T22:35:25.977240,
India,NearBook,,science important paper,arfath light chapter important points,0,INR 20,https://nearbook.app/book/3921970,2026-05-03T22:35:26.266051,
India,NearBook,,diploma mathematics,chaithanya,0,INR 317,https://nearbook.app/book/3921969,2026-05-03T22:35:26.575978,
India,NearBook,,Allen question bank,,0,INR 100,https://nearbook.app/book/3921968,2026-05-03T22:35:26.892232,
India,NearBook,,map ncert,,0,INR 100,https://nearbook.app/book/3921966,2026-05-03T22:35:27.181290,
India,NearBook,,mathematics,,0,INR 60,https://nearbook.app/book/3921964,2026-05-03T22:35:28.844789,
India,NearBook,,Allen neet Physics,Allen kota Neet physics,0,INR 500,https://nearbook.app/book/3921963,2026-05-03T22:35:29.145421,
India,NearBook,,physics ( assertion reason),,0,INR 100,https://nearbook.app/book/3921962,2026-05-03T22:35:29.436541,
India,NearBook,,"ENGLISH 
(A complete question bank with answers -An Authentic Approach)",,0,INR 150,https://nearbook.app/book/3921961,2026-05-03T22:35:29.759907,
India,NearBook,,35 years chemistry solved question paper,,0,INR 250,https://nearbook.app/book/3921960,2026-05-03T22:35:30.067254,
India,NearBook,,MS Chauhan organic chemistry,,0,INR 300,https://nearbook.app/book/3921959,2026-05-03T22:35:30.374028,
India,NearBook,,35 years chemistry,,0,INR 299,https://nearbook.app/book/3921958,2026-05-03T22:35:30.659687,
India,NearBook,,Allen chemistry Neet,Allen Kota,0,INR 500,https://nearbook.app/book/3921957,2026-05-03T22:35:30.988365,
India,NearBook,,errorless 11th physics neet numericals,,0,INR 200,https://nearbook.app/book/3921956,2026-05-03T22:35:31.273395,
India,NearBook,,MTG Karnataka CET book,,0,INR 500,https://nearbook.app/book/3921955,2026-05-03T22:35:31.603783,
India,NearBook,,errorless neet physics 2023,,0,INR 200,https://nearbook.app/book/3921954,2026-05-03T22:35:31.909785,
India,NearBook,,"ACCOUNTANCY
(A complete question bank with answers )",,0,INR 250,https://nearbook.app/book/3921953,2026-05-03T22:35:32.218344,
India,NearBook,,English,,0,INR 125,https://nearbook.app/book/3921952,2026-05-03T22:35:33.860875,
India,NearBook,,ncert at ur fingertips biology,,0,INR 725,https://nearbook.app/book/3921951,2026-05-03T22:35:34.146591,
India,NearBook,,physical chemistry numerical,,0,INR 250,https://nearbook.app/book/3921949,2026-05-03T22:35:34.432293,
India,NearBook,,organisations of commerce and management,,0,INR 140,https://nearbook.app/book/3921948,2026-05-03T22:35:34.719755,
India,NearBook,,Foundation Mathematics by R.S Aggarwal,R.S AGGARWAL,0,INR 200,https://nearbook.app/book/3921946,2026-05-03T22:35:35.084751,
India,NearBook,,IT code 402 (level 2),,0,INR 299,https://nearbook.app/book/3921945,2026-05-03T22:35:35.369290,
India,NearBook,,information technology,,0,INR 100,https://nearbook.app/book/3921944,2026-05-03T22:35:35.654019,
India,NearBook,,Lerning Value MS 6th,,0,INR 50,https://nearbook.app/book/3921943,2026-05-03T22:35:36.006336,
India,NearBook,,11 biology,,0,INR 200,https://nearbook.app/book/3921942,2026-05-03T22:35:36.313035,
India,NearBook,,mathematics and statistics,,0,INR 120,https://nearbook.app/book/3921941,2026-05-03T22:35:36.620952,
India,NearBook,,Dr.Ali,Dr.ali,0,INR 200,https://nearbook.app/book/3921940,2026-05-03T22:35:36.909151,
India,NearBook,,part 2,Farhan shaikh,0,INR 50,https://nearbook.app/book/3921938,2026-05-03T22:35:37.209078,
India,NearBook,,math,,0,INR 120,https://nearbook.app/book/3921937,2026-05-03T22:35:38.873089,
India,NearBook,,Social Science India and the Contemporary World -I Class IX,,0,INR 100,https://nearbook.app/book/3921936,2026-05-03T22:35:39.180746,
India,NearBook,,General knowledge 6th,,0,INR 50,https://nearbook.app/book/3921935,2026-05-03T22:35:39.467390,
India,NearBook,,economic,,0,INR 100,https://nearbook.app/book/3921933,2026-05-03T22:35:39.752155,
India,NearBook,,Science Workbook 6th,,0,INR 50,https://nearbook.app/book/3921931,2026-05-03T22:35:40.102081,
India,NearBook,,b.k,,0,INR 246,https://nearbook.app/book/3921930,2026-05-03T22:35:40.389545,
India,NearBook,,Science Textbook For Class IX,,0,INR 100,https://nearbook.app/book/3921928,2026-05-03T22:35:40.675760,
India,NearBook,,Social Science workbook 6th,,0,INR 50,https://nearbook.app/book/3921927,2026-05-03T22:35:40.961501,
India,NearBook,,mathematics part 1,"Farhan shaikh
Farhan shaikh 
Farhan shaikh",0,INR 60,https://nearbook.app/book/3921926,2026-05-03T22:35:41.331407,
India,NearBook,,Social Science Democratic Politics -I,,0,INR 40,https://nearbook.app/book/3921925,2026-05-03T22:35:41.627997,
India,NearBook,,English Workbook 6th,,0,INR 50,https://nearbook.app/book/3921923,2026-05-03T22:35:41.945509,
India,NearBook,,Economics Textbook for Class IX,,0,INR 30,https://nearbook.app/book/3921922,2026-05-03T22:35:42.232219,
India,NearBook,,Mathmatics Workbook 6th,,0,INR 100,https://nearbook.app/book/3921921,2026-05-03T22:35:43.891101,
India,NearBook,,class 10th physics,,0,INR 300,https://nearbook.app/book/3921919,2026-05-03T22:35:44.177463,
India,NearBook,,Hindi 6th,,0,INR 100,https://nearbook.app/book/3921918,2026-05-03T22:35:44.505140,
India,NearBook,,can  we be stronger again,Shrijeet shandilya,0,INR 150,https://nearbook.app/book/3921917,2026-05-03T22:35:44.790470,
India,NearBook,,AI 6th,,0,INR 100,https://nearbook.app/book/3921915,2026-05-03T22:35:45.119602,
India,NearBook,,organizational behaviour,T.N. chhabra,0,INR 90,https://nearbook.app/book/3921914,2026-05-03T22:35:45.405168,
India,NearBook,,information technology,vansh,0,INR 250,https://nearbook.app/book/3921913,2026-05-03T22:35:45.734546,
India,NearBook,,double entry accounting volume 2,,0,INR 220,https://nearbook.app/book/3921912,2026-05-03T22:35:46.042120,
India,NearBook,,Science Textbook For Class IX,,0,INR 75,https://nearbook.app/book/3921911,2026-05-03T22:35:46.332939,
India,NearBook,,Mathematics 2 ssc,,0,INR 150,https://nearbook.app/book/3921910,2026-05-03T22:35:46.618912,
India,NearBook,,English 6th,,0,INR 250,https://nearbook.app/book/3921909,2026-05-03T22:35:46.962248,
India,NearBook,,Science Textbook For Class IX,,0,INR 75,https://nearbook.app/book/3921908,2026-05-03T22:35:47.269204,
India,NearBook,,Science Textbook For Class IX,,0,INR 75,https://nearbook.app/book/3921908,2026-05-03T22:35:48.907585,
India,NearBook,,E-marketing,Shiv das,0,INR 30,https://nearbook.app/book/3921907,2026-05-03T22:35:49.214826,
India,NearBook,,work integrated education,activity book,0,INR 199,https://nearbook.app/book/3921906,2026-05-03T22:35:49.522377,
India,NearBook,,Mathmatics 6th,,0,INR 250,https://nearbook.app/book/3921905,2026-05-03T22:35:49.829169,
India,NearBook,,Financial Accounting (sem 1)C.U.,Bhattacharya Brothers,0,INR 150,https://nearbook.app/book/3921904,2026-05-03T22:35:50.116049,
India,NearBook,,fundamentals of FM,Shiv das,0,INR 30,https://nearbook.app/book/3921903,2026-05-03T22:35:50.443655,
India,NearBook,,Science 6th,,0,INR 250,https://nearbook.app/book/3921901,2026-05-03T22:35:50.729145,
India,NearBook,,introductory macro economics,Sandeep garg,0,INR 50,https://nearbook.app/book/3921900,2026-05-03T22:35:51.058326,
India,NearBook,,prayas jee module pw pcm all 24 modules,pw,0,INR 2500,https://nearbook.app/book/3921899,2026-05-03T22:35:51.366421,
India,NearBook,,mulya vardhan,aman,0,INR 90,https://nearbook.app/book/3921898,2026-05-03T22:35:51.672384,
India,NearBook,,chemistry,,0,INR 450,https://nearbook.app/book/3921897,2026-05-03T22:35:51.957629,
India,NearBook,,Economics Textbook for Class IX,,0,INR 25,https://nearbook.app/book/3921896,2026-05-03T22:35:52.241885,
India,NearBook,,Economics Textbook for Class IX,,0,INR 25,https://nearbook.app/book/3921896,2026-05-03T22:35:53.815811,
India,NearBook,,new lakhmir singh's scince,scince,0,INR 585,https://nearbook.app/book/3921895,2026-05-03T22:35:54.115383,
India,NearBook,,introductory macro economics,Sandeep garg,0,INR 50,https://nearbook.app/book/3921894,2026-05-03T22:35:54.437647,
India,NearBook,,TAMIL TECHNOLOGY,S.Priyadharshini,0,INR 200,https://nearbook.app/book/3921893,2026-05-03T22:35:54.744593,
India,NearBook,,double entry accounting volume 1,,0,INR 430,https://nearbook.app/book/3921892,2026-05-03T22:35:55.051934,
India,NearBook,,Social Science 6th,,0,INR 250,https://nearbook.app/book/3921891,2026-05-03T22:35:55.340427,
India,NearBook,,Social Science Democratic Politics -I,,0,INR 40,https://nearbook.app/book/3921890,2026-05-03T22:35:55.668573,
India,NearBook,,physics,,0,INR 450,https://nearbook.app/book/3921889,2026-05-03T22:35:55.956229,
India,NearBook,,NCERT BUSINESS STUDIES,,0,INR 110,https://nearbook.app/book/3921888,2026-05-03T22:35:56.244768,
India,NearBook,,Social Science India and the Contemporary World Textbook in History for IX,,0,INR 75,https://nearbook.app/book/3921887,2026-05-03T22:35:56.587738,
India,NearBook,,science all in one,,0,INR 280,https://nearbook.app/book/3921886,2026-05-03T22:35:56.891537,
India,NearBook,,biology,,0,INR 120,https://nearbook.app/book/3921884,2026-05-03T22:35:57.202650,
India,NearBook,,physical education,saraswati,0,INR 50,https://nearbook.app/book/3921883,2026-05-03T22:35:58.840567,
India,NearBook,,Social Science Contemporary India -I,,0,INR 30,https://nearbook.app/book/3921880,2026-05-03T22:35:59.126602,
India,NearBook,,Hindi all in one,,0,INR 250,https://nearbook.app/book/3921879,2026-05-03T22:35:59.455384,
India,NearBook,,history textbook,NCERT,0,INR 110,https://nearbook.app/book/3921878,2026-05-03T22:35:59.762090,
India,NearBook,,aoc book accountancy,,0,INR 150,https://nearbook.app/book/3921877,2026-05-03T22:36:00.048107,
India,NearBook,,Core CBSE A Textbook On Disaster Management,,0,INR 75,https://nearbook.app/book/3921876,2026-05-03T22:36:00.376491,
India,NearBook,,NCERT accountancy part1,,0,INR 110,https://nearbook.app/book/3921875,2026-05-03T22:36:00.684294,
India,NearBook,,business studies,R.K. Singla,0,INR 50,https://nearbook.app/book/3921874,2026-05-03T22:36:00.969680,
India,NearBook,,social science all in one,,0,INR 400,https://nearbook.app/book/3921873,2026-05-03T22:36:01.299658,
India,NearBook,,ispairal,"hariom suman 
150",0,INR 100,https://nearbook.app/book/3921872,2026-05-03T22:36:01.606777,
India,NearBook,,Mental Maths Question Bank Class 9,,0,INR 100,https://nearbook.app/book/3921871,2026-05-03T22:36:01.892047,
India,NearBook,,Business studies,R.K. Singla,0,INR 70,https://nearbook.app/book/3921870,2026-05-03T22:36:02.219469,
India,NearBook,,apc book,,0,INR 200,https://nearbook.app/book/3921869,2026-05-03T22:36:04.658604,
India,NearBook,,mathematics,"Ridhimapatel 
Ridhimapatel",0,INR 100,https://nearbook.app/book/3921867,2026-05-03T22:36:04.940715,
India,NearBook,,Accountancy,D K Goel,0,INR 600,https://nearbook.app/book/3921866,2026-05-03T22:36:05.291708,
India,NearBook,,NCERT mathematics exampler,Arihant,0,INR 250,https://nearbook.app/book/3921865,2026-05-03T22:36:05.599389,
India,NearBook,,mathematics,steev,0,INR 150,https://nearbook.app/book/3921864,2026-05-03T22:36:05.906662,
India,NearBook,,Shiv Das economics class 12,Shiv Das,0,INR 80,https://nearbook.app/book/3921863,2026-05-03T22:36:06.213548,
India,NearBook,,beehive,Ridhimapatel,0,INR 60,https://nearbook.app/book/3921862,2026-05-03T22:36:06.494968,
India,NearBook,,Core Social Sciences Disaster Management For Class 9,,0,INR 75,https://nearbook.app/book/3921861,2026-05-03T22:36:06.778292,
India,NearBook,,Accountancy part ll,,0,INR 110,https://nearbook.app/book/3921860,2026-05-03T22:36:07.063374,
India,NearBook,,my wonderful book of social science,,0,INR 250,https://nearbook.app/book/3921859,2026-05-03T22:36:07.343269,
India,NearBook,,accounting for companies,T.S. Grewal,0,INR 40,https://nearbook.app/book/3921858,2026-05-03T22:36:07.625618,
India,NearBook,,Utkarsh 2.0 Science Concept Maps At A Glance 2023,,0,INR 100,https://nearbook.app/book/3921857,2026-05-03T22:36:07.906970,
India,NearBook,,moment,Ridhimapatel,0,INR 30,https://nearbook.app/book/3921856,2026-05-03T22:36:09.490311,
India,NearBook,,analysis of financial statements,T.S.Grewal,0,INR 50,https://nearbook.app/book/3921855,2026-05-03T22:36:09.798584,
India,NearBook,,my wonderful book of social science,,0,INR 250,https://nearbook.app/book/3921854,2026-05-03T22:36:10.079405,
India,NearBook,,Navneet digest 7th standard Marathi,,0,INR 90,https://nearbook.app/book/3921852,2026-05-03T22:36:10.411841,
India,NearBook,,9th geography book marathi medium,,0,INR 37,https://nearbook.app/book/3921851,2026-05-03T22:36:10.693030,
India,NearBook,,indian economic development,T.R. Jain,0,INR 30,https://nearbook.app/book/3921850,2026-05-03T22:36:10.973447,
India,NearBook,,social science History,,0,INR 110,https://nearbook.app/book/3921849,2026-05-03T22:36:11.262711,
India,NearBook,,double entry book keeping,T.S. Grewal,0,INR 50,https://nearbook.app/book/3921848,2026-05-03T22:36:11.641329,
India,NearBook,,Chemistry,,0,INR 170,https://nearbook.app/book/3921847,2026-05-03T22:36:11.948375,
India,NearBook,,Sulabh Bharati Hindi 7th,,0,INR 35,https://nearbook.app/book/3921846,2026-05-03T22:36:12.232300,
India,NearBook,,लोकतांत्रिक राजनीति-1,,0,INR 80,https://nearbook.app/book/3921844,2026-05-03T22:36:12.562192,
India,NearBook,,Master Mind Series Science & Technology Practical,,0,INR 25,https://nearbook.app/book/3921843,2026-05-03T22:36:12.874928,
India,NearBook,,Mathematics,RS AGGARWAL V AGGARWAL,0,INR 500,https://nearbook.app/book/3921842,2026-05-03T22:36:14.513113,
India,NearBook,,basic science,,0,INR 150,https://nearbook.app/book/3921841,2026-05-03T22:36:14.793650,
India,NearBook,,NCERT Fingertips,,0,INR 450,https://nearbook.app/book/3921840,2026-05-03T22:36:15.076001,
India,NearBook,,व्याकरण विधि,,0,INR 80,https://nearbook.app/book/3921839,2026-05-03T22:36:15.429539,
India,NearBook,,Sparsh Bhag 1 For 9 Class,,0,INR 25,https://nearbook.app/book/3921838,2026-05-03T22:36:15.736833,
India,NearBook,,Information technology,,0,INR 120,https://nearbook.app/book/3921837,2026-05-03T22:36:16.019527,
India,NearBook,,science,,0,INR 150,https://nearbook.app/book/3921836,2026-05-03T22:36:16.299747,
India,NearBook,,indian economics development,Sandeep Garg,0,INR 80,https://nearbook.app/book/3921835,2026-05-03T22:36:16.666896,
India,NearBook,,Lab manual,,0,INR 70,https://nearbook.app/book/3921834,2026-05-03T22:36:16.966052,
India,NearBook,,शेमुषी,,0,INR 70,https://nearbook.app/book/3921833,2026-05-03T22:36:17.270551,
India,NearBook,,Sanchayan Bhag 1 for class 9,,0,INR 15,https://nearbook.app/book/3921832,2026-05-03T22:36:17.572053,
India,NearBook,,Hindi vyakran class9 course b,,0,INR 100,https://nearbook.app/book/3921831,2026-05-03T22:36:17.887434,
India,NearBook,,statistics for economics,"T.R. Jain   ,V.K. Ohri",0,INR 80,https://nearbook.app/book/3921830,2026-05-03T22:36:19.525468,
India,NearBook,,X AM idea science,,0,INR 250,https://nearbook.app/book/3921829,2026-05-03T22:36:19.806938,
India,NearBook,,Mathematics Textbook For Class IX,,0,INR 70,https://nearbook.app/book/3921827,2026-05-03T22:36:20.088911,
India,NearBook,,lakshya jee chemistry all modules. latest 2026 edition. completely new,,0,INR 399,https://nearbook.app/book/3921826,2026-05-03T22:36:20.373853,
India,NearBook,,saririk siksha,,0,INR 90,https://nearbook.app/book/3921825,2026-05-03T22:36:20.755359,
India,NearBook,,भारत और समकालीन विश्व - 1,,0,INR 90,https://nearbook.app/book/3921824,2026-05-03T22:36:21.061719,
India,NearBook,,shemusi class 10th Sanskrit,,0,INR 50,https://nearbook.app/book/3921823,2026-05-03T22:36:21.343397,
India,NearBook,,SCIENCE,,0,INR 140,https://nearbook.app/book/3921821,2026-05-03T22:36:21.676834,
India,NearBook,,अर्थशास्त्र,,0,INR 60,https://nearbook.app/book/3921820,2026-05-03T22:36:21.983605,
India,NearBook,,sulabhbharti Marathi 7th,,0,INR 38,https://nearbook.app/book/3921819,2026-05-03T22:36:22.290251,
India,NearBook,,CBSE Samajik Vigyan Hindi medium,,0,INR 250,https://nearbook.app/book/3921818,2026-05-03T22:36:22.573547,
India,NearBook,,economic,dev Rajput,0,INR 50,https://nearbook.app/book/3921817,2026-05-03T22:36:22.866690,
India,NearBook,,समकालीन भारत - 1,,0,INR 50,https://nearbook.app/book/3921816,2026-05-03T22:36:24.519679,
India,NearBook,,Footprints without Feet,,0,INR 40,https://nearbook.app/book/3921815,2026-05-03T22:36:24.855514,
India,NearBook,,Jee module PW,,0,INR 130,https://nearbook.app/book/3921814,2026-05-03T22:36:25.158046,
India,NearBook,,lakshya jee physics all modules2026 by physics wallah,,0,INR 399,https://nearbook.app/book/3921813,2026-05-03T22:36:25.464793,
India,NearBook,,Gateway Science Chemistry with Video Lectures for 10th class,,0,INR 200,https://nearbook.app/book/3921812,2026-05-03T22:36:25.745629,
India,NearBook,,ARTIFICIAL INTELLIGENCE,"ANJNA VIRMANI 
SHALINI HARISUKH",0,INR 520,https://nearbook.app/book/3921810,2026-05-03T22:36:26.079303,
India,NearBook,,vistas,ncert,0,INR 45,https://nearbook.app/book/3921809,2026-05-03T22:36:26.358634,
India,NearBook,,lakshya jee maths complete combo 2026,,0,INR 499,https://nearbook.app/book/3921808,2026-05-03T22:36:26.640456,
India,NearBook,,Gateway to Science Physics with Video Lectures for 10th class,,0,INR 200,https://nearbook.app/book/3921807,2026-05-03T22:36:26.920711,
India,NearBook,,नई दीप मणिका,User,0,INR 445,https://nearbook.app/book/3921806,2026-05-03T22:36:27.206024,
India,NearBook,,विज्ञान,,0,INR 120,https://nearbook.app/book/3921805,2026-05-03T22:36:27.512791,
India,NearBook,,flamingo,NCERT,0,INR 65,https://nearbook.app/book/3921804,2026-05-03T22:36:27.820310,
India,NearBook,,Gateway to Science Biology with Video Lectures for 10th Class,,0,INR 200,https://nearbook.app/book/3921803,2026-05-03T22:36:29.459335,
India,NearBook,,beehive,,0,INR 80,https://nearbook.app/book/3921802,2026-05-03T22:36:29.739453,
India,NearBook,,R.D. Sharma Mathematics,,0,INR 400,https://nearbook.app/book/3921801,2026-05-03T22:36:30.073569,
India,NearBook,,The GK odyssey,User,0,INR 488,https://nearbook.app/book/3921800,2026-05-03T22:36:30.371559,
India,NearBook,,ਪੰਜਾਬੀ ਪੁਸਤਕ  8,,0,INR 50,https://nearbook.app/book/3921799,2026-05-03T22:36:30.651634,
India,NearBook,,कृतिका,,0,INR 30,https://nearbook.app/book/3921798,2026-05-03T22:36:30.995806,
India,NearBook,,moral value,,0,INR 175,https://nearbook.app/book/3921797,2026-05-03T22:36:31.280578,
India,NearBook,,33 Days Challenge Day 1 To 33 Topicwise Daily Targets Social Science,,0,INR 150,https://nearbook.app/book/3921796,2026-05-03T22:36:31.608924,
India,NearBook,,chemistry part 2,NCERT,0,INR 100,https://nearbook.app/book/3921795,2026-05-03T22:36:31.916412,
India,NearBook,,moral value,,0,INR 175,https://nearbook.app/book/3921794,2026-05-03T22:36:32.224021,
India,NearBook,,CBSE Sample paper OSWAAL,,0,INR 100,https://nearbook.app/book/3921793,2026-05-03T22:36:32.530822,
India,NearBook,,chemistry part 1,NCERT,0,INR 100,https://nearbook.app/book/3921792,2026-05-03T22:36:32.837847,
India,NearBook,,All in one,Heena sharma (physics),0,INR 100,https://nearbook.app/book/3921791,2026-05-03T22:36:34.476709,
India,NearBook,,33 Days Challenge Day 1 To Day 33 Topicwise Daily Targets Science,,0,INR 150,https://nearbook.app/book/3921790,2026-05-03T22:36:34.760223,
India,NearBook,,maths,,0,INR 100,https://nearbook.app/book/3921789,2026-05-03T22:36:35.091528,
India,NearBook,,CBSE Sample paper OSWAAL,,0,INR 100,https://nearbook.app/book/3921787,2026-05-03T22:36:35.373074,
India,NearBook,,Arihant 15 sample papaer cbse 10th ( maths standard) 2020 edition condition like new book,"Akki Agarwal
akki agarwal",0,INR 119,https://nearbook.app/book/3921786,2026-05-03T22:36:35.689521,
India,NearBook,,physical  pharmaceutics -1 C. V. S subrahmanyam (b. pharmacy),vallabh prakashan,0,INR 400,https://nearbook.app/book/3921785,2026-05-03T22:36:35.974047,
India,NearBook,,Security Analysis And Portfolio Management,,0,INR 350,https://nearbook.app/book/3921784,2026-05-03T22:36:36.320267,
India,NearBook,,maths textbook,NCERT,0,INR 100,https://nearbook.app/book/3921783,2026-05-03T22:36:36.627555,
India,NearBook,,Mathematics Textbook For Class IX,,0,INR 75,https://nearbook.app/book/3921782,2026-05-03T22:36:36.933993,
India,NearBook,,mathmatics part 2 navnit digest,,0,INR 100,https://nearbook.app/book/3921781,2026-05-03T22:36:37.241334,
India,NearBook,,quantum of all electric engineering courses,,0,INR 30,https://nearbook.app/book/3921780,2026-05-03T22:36:37.548336,
India,NearBook,,BUSINESS RESEARCH METHODOLOGY,,0,INR 300,https://nearbook.app/book/3921779,2026-05-03T22:36:37.828426,
India,NearBook,,क्षितिज बागवान क्लास 9th ए पाठ्यक्रम के लिए हिंदी की पाठ्यपुस्तक,,0,INR 60,https://nearbook.app/book/3921778,2026-05-03T22:36:39.466186,
India,NearBook,,mathmatics part 1 (digest),,0,INR 100,https://nearbook.app/book/3921777,2026-05-03T22:36:39.802831,
India,NearBook,,Beehive Textbook in English for 9,,0,INR 45,https://nearbook.app/book/3921776,2026-05-03T22:36:40.085491,
India,NearBook,,rd Sharma maths book for class 10,,0,INR 300,https://nearbook.app/book/3921775,2026-05-03T22:36:40.367096,
India,NearBook,,PRODUCTIONS AND OPERATIONS MANAGEMENT,,0,INR 200,https://nearbook.app/book/3921774,2026-05-03T22:36:40.645990,
India,NearBook,,OCM textbook,,0,INR 80,https://nearbook.app/book/3921772,2026-05-03T22:36:40.935087,
India,NearBook,,Composite Science,"Dr.M.V. Krishnan
Aman Raj",0,INR 500,https://nearbook.app/book/3921771,2026-05-03T22:36:41.235490,
India,NearBook,,history,,0,INR 0,https://nearbook.app/book/3921770,2026-05-03T22:36:41.542110,
India,NearBook,,secretarial practice,,0,INR 70,https://nearbook.app/book/3921769,2026-05-03T22:36:41.852041,
India,NearBook,,rd Sharma maths MCQ for class 10,,0,INR 200,https://nearbook.app/book/3921768,2026-05-03T22:36:42.872980,
India,NearBook,,history,,0,INR 0,https://nearbook.app/book/3921767,2026-05-03T22:36:43.169387,
India,NearBook,,ganit,kunal,0,INR 150,https://nearbook.app/book/3921766,2026-05-03T22:36:43.481390,
India,NearBook,,TS GREWAL CLASS 12th ACCOUNTS VOLUME 2,,0,INR 250,https://nearbook.app/book/3921765,2026-05-03T22:36:45.088334,
India,NearBook,,R. D. Sharma Mathematics,,0,INR 410,https://nearbook.app/book/3921764,2026-05-03T22:36:45.433536,
India,NearBook,,IIT Foundation Mathmatics,"S.K. GUPTA 
ANUBHUTI GANGAL",0,INR 395,https://nearbook.app/book/3921763,2026-05-03T22:36:45.732300,
India,NearBook,,ND Grade Booster Study Material Social Science Class 9,,0,INR 60,https://nearbook.app/book/3921762,2026-05-03T22:36:46.047436,
India,NearBook,,PW PYQ's Physics,Physics Wallah,0,INR 250,https://nearbook.app/book/3921761,2026-05-03T22:36:46.354833,
India,NearBook,,first flight,,0,INR 70,https://nearbook.app/book/3921760,2026-05-03T22:36:46.649450,
India,NearBook,,english textbook,,0,INR 100,https://nearbook.app/book/3921759,2026-05-03T22:36:46.973611,
India,NearBook,,math book,,0,INR 150,https://nearbook.app/book/3921758,2026-05-03T22:36:47.276434,
India,NearBook,,science ncert solutions,arihant,0,INR 100,https://nearbook.app/book/3921757,2026-05-03T22:36:47.584261,
India,NearBook,,economic textbook,,0,INR 50,https://nearbook.app/book/3921756,2026-05-03T22:36:47.880661,
India,NearBook,,economic,,0,INR 30,https://nearbook.app/book/3921755,2026-05-03T22:36:48.175927,
India,NearBook,,ND Study Material Based On Mathematics,,0,INR 50,https://nearbook.app/book/3921754,2026-05-03T22:36:48.507130,
India,NearBook,,moral value,,0,INR 190,https://nearbook.app/book/3921753,2026-05-03T22:36:50.115194,
India,NearBook,,Book keeping textbook,,0,INR 100,https://nearbook.app/book/3921752,2026-05-03T22:36:50.450711,
India,NearBook,,Book keeping reliable,,0,INR 170,https://nearbook.app/book/3921751,2026-05-03T22:36:50.758052,
India,NearBook,,Xam Idea Simplified Social Science CCE Pattern Vanue Based Questions,,0,INR 75,https://nearbook.app/book/3921750,2026-05-03T22:36:51.065471,
India,NearBook,,pharmaceutical engineering  C. V. S subarahmanyam (B. pharmacy),c. v. s subrahmanyam j. thimmasettysarasija suresh,0,INR 489,https://nearbook.app/book/3921749,2026-05-03T22:36:51.357769,
India,NearBook,,PW PYQ's Mathematics,Physics wallah,0,INR 250,https://nearbook.app/book/3921748,2026-05-03T22:36:51.649673,
India,NearBook,,ocm textbook,,0,INR 100,https://nearbook.app/book/3921747,2026-05-03T22:36:51.940949,
India,NearBook,,Anatomy and physiology book 13th edition by G.J TORTORA,,0,INR 1500,https://nearbook.app/book/3921746,2026-05-03T22:36:52.232783,
India,NearBook,,mathematics,,0,INR 48,https://nearbook.app/book/3921745,2026-05-03T22:36:52.530268,
India,NearBook,,ocm textbook,,0,INR 100,https://nearbook.app/book/3921744,2026-05-03T22:36:52.818666,
India,NearBook,,Social Science India and the Contemporary World II,,0,INR 75,https://nearbook.app/book/3921743,2026-05-03T22:36:53.116567,
India,NearBook,,english textbook,,0,INR 100,https://nearbook.app/book/3921742,2026-05-03T22:36:53.425411,
India,NearBook,,colour craft,,0,INR 300,https://nearbook.app/book/3921741,2026-05-03T22:36:55.014398,
India,NearBook,,colour craft,,0,INR 300,https://nearbook.app/book/3921740,2026-05-03T22:36:55.366213,
India,NearBook,,economic textbook,,0,INR 70,https://nearbook.app/book/3921739,2026-05-03T22:36:55.677793,
India,NearBook,,science,,0,INR 45,https://nearbook.app/book/3921738,2026-05-03T22:36:55.969919,
India,NearBook,,economic textbook,,0,INR 150,https://nearbook.app/book/3921737,2026-05-03T22:36:56.294251,
India,NearBook,,Social Science Contemporary India,,0,INR 50,https://nearbook.app/book/3921736,2026-05-03T22:36:56.596337,
India,NearBook,,science,,0,INR 500,https://nearbook.app/book/3921735,2026-05-03T22:36:56.897049,
India,NearBook,,vyakaran pratibha,"Madhuban
Madhuban",0,INR 99,https://nearbook.app/book/3921734,2026-05-03T22:36:57.192650,
India,NearBook,,science,,0,INR 500,https://nearbook.app/book/3921733,2026-05-03T22:36:57.516346,
India,NearBook,,mastermind,Abdus,0,INR 90,https://nearbook.app/book/3921732,2026-05-03T22:36:57.807792,
India,NearBook,,foot prints without feet,english book class 10,0,INR 40,https://nearbook.app/book/3921731,2026-05-03T22:36:58.106349,
India,NearBook,,Digital Signal Processing,,0,INR 150,https://nearbook.app/book/3921730,2026-05-03T22:36:58.400481,
India,NearBook,,maths lab manual,,0,INR 500,https://nearbook.app/book/3921729,2026-05-03T22:36:59.991100,
India,NearBook,,Social Science Democratic Politics 2,,0,INR 50,https://nearbook.app/book/3921728,2026-05-03T22:37:00.294566,
India,NearBook,,maths lab manual,,0,INR 500,https://nearbook.app/book/3921727,2026-05-03T22:37:00.589082,
India,NearBook,,secretarial practice textbook,,0,INR 80,https://nearbook.app/book/3921726,2026-05-03T22:37:00.896123,
India,NearBook,,history & civics,,0,INR 200,https://nearbook.app/book/3921725,2026-05-03T22:37:01.190558,
India,NearBook,,kasturi,mukta kulshrestha,0,INR 400,https://nearbook.app/book/3921724,2026-05-03T22:37:01.510273,
India,NearBook,,English Dictionary,,0,INR 180,https://nearbook.app/book/3921723,2026-05-03T22:37:01.803505,
India,NearBook,,book keeping textbook,,0,INR 200,https://nearbook.app/book/3921722,2026-05-03T22:37:02.124774,
India,NearBook,,physics,,0,INR 120,https://nearbook.app/book/3921721,2026-05-03T22:37:02.418207,
India,NearBook,,Words And Expressions,,0,INR 150,https://nearbook.app/book/3921720,2026-05-03T22:37:02.714443,
India,NearBook,,social science,,0,INR 57,https://nearbook.app/book/3921719,2026-05-03T22:37:03.046850,
India,NearBook,,INFORMATION TECHNOLOGY CLASS 12 (2026) Board Paper,,0,INR 75,https://nearbook.app/book/3921718,2026-05-03T22:37:03.344471,
India,NearBook,,Allen modules (ALL) Maths,,0,INR 250,https://nearbook.app/book/3921717,2026-05-03T22:37:04.981997,
India,NearBook,,english textbook,,0,INR 100,https://nearbook.app/book/3921716,2026-05-03T22:37:05.277837,
India,NearBook,,english textbook,,0,INR 100,https://nearbook.app/book/3921715,2026-05-03T22:37:05.571334,
India,NearBook,,social science,government of kerala,0,INR 120,https://nearbook.app/book/3921714,2026-05-03T22:37:05.914690,
India,NearBook,,Understanding Economic Development,,0,INR 50,https://nearbook.app/book/3921713,2026-05-03T22:37:06.220460,
India,NearBook,,"NEW HORIZON
GRANTHA BHARATI
for CLASS VI",TURNER & CHAKRAVARTY,0,INR 100,https://nearbook.app/book/3921712,2026-05-03T22:37:06.528028,
India,NearBook,,ocm digest,,0,INR 200,https://nearbook.app/book/3921711,2026-05-03T22:37:06.834943,
India,NearBook,,Physics Set-2 Board paper (2026),,0,INR 75,https://nearbook.app/book/3921710,2026-05-03T22:37:07.143375,
India,NearBook,,Atlas,,0,INR 150,https://nearbook.app/book/3921709,2026-05-03T22:37:07.449368,
India,NearBook,,OCM,ocm,0,INR 150,https://nearbook.app/book/3921708,2026-05-03T22:37:07.741101,
India,NearBook,,Lab Manual Social Science,,0,INR 250,https://nearbook.app/book/3921707,2026-05-03T22:37:08.035986,
India,NearBook,,Allen modules (ALL) Chemistry,,0,INR 250,https://nearbook.app/book/3921706,2026-05-03T22:37:08.330057,
India,NearBook,,Allen modules (ALL) Chemistry,,0,INR 250,https://nearbook.app/book/3921706,2026-05-03T22:37:10.010256,
India,NearBook,,Book keeping textbook,book keeping,0,INR 200,https://nearbook.app/book/3921705,2026-05-03T22:37:10.317354,
India,NearBook,,CBSE Accountancy,Nazia,0,INR 960,https://nearbook.app/book/3921704,2026-05-03T22:37:10.609285,
India,NearBook,,English Language & Literature,,0,INR 250,https://nearbook.app/book/3921703,2026-05-03T22:37:10.901543,
India,NearBook,,HC VERMA PHYSIC VOLUME-1,,0,INR 150,https://nearbook.app/book/3921702,2026-05-03T22:37:11.198393,
India,NearBook,,secretarial practice,,0,INR 200,https://nearbook.app/book/3921701,2026-05-03T22:37:11.545919,
India,NearBook,,Chemistry Class 12 set-2 (2026) Board paper,,0,INR 85,https://nearbook.app/book/3921700,2026-05-03T22:37:11.859314,
India,NearBook,,Ncert biology class XII textbook,,0,INR 101,https://nearbook.app/book/3921699,2026-05-03T22:37:12.160372,
India,NearBook,,HC VERMA PHYSIC VOLUME-2,,0,INR 150,https://nearbook.app/book/3921698,2026-05-03T22:37:12.451456,
India,NearBook,,english,english,0,INR 150,https://nearbook.app/book/3921697,2026-05-03T22:37:12.774123,
India,NearBook,,Social Science set-3 (2026) Class 10,,0,INR 85,https://nearbook.app/book/3921696,2026-05-03T22:37:13.081489,
India,NearBook,,IT foundation,,0,INR 80,https://nearbook.app/book/3921695,2026-05-03T22:37:13.389143,
India,NearBook,,together with science,"Rachna sagar
rachna Sagar",0,INR 499,https://nearbook.app/book/3921694,2026-05-03T22:37:14.997250,
India,NearBook,,step up math,,0,INR 500,https://nearbook.app/book/3921693,2026-05-03T22:37:15.334239,
India,NearBook,,book keeping (digest),Book keeping,0,INR 300,https://nearbook.app/book/3921692,2026-05-03T22:37:15.643744,
India,NearBook,,NEET MCQ CHEMISTRY,,0,INR 200,https://nearbook.app/book/3921691,2026-05-03T22:37:15.935305,
India,NearBook,,Mental Maths,,0,INR 100,https://nearbook.app/book/3921690,2026-05-03T22:37:16.226594,
India,NearBook,,neet pw ncert punch(2026) ( unused),,0,INR 1000,https://nearbook.app/book/3921689,2026-05-03T22:37:16.518740,
India,NearBook,,trading chate paitarn,Pritam Kumar,0,INR 599,https://nearbook.app/book/3921688,2026-05-03T22:37:16.870510,
India,NearBook,,Thea Stilton books set of 12,User,0,INR 2500,https://nearbook.app/book/3921687,2026-05-03T22:37:17.177974,
India,NearBook,,NEET PYQ PHYSICS,,0,INR 200,https://nearbook.app/book/3921686,2026-05-03T22:37:17.476819,
India,NearBook,,marathi (navnit),marathi,0,INR 100,https://nearbook.app/book/3921684,2026-05-03T22:37:17.768622,
India,NearBook,,Allen modules (ALL) Physics,,0,INR 250,https://nearbook.app/book/3921683,2026-05-03T22:37:18.059641,
India,NearBook,,NCERT biology class XI textbook,,0,INR 115,https://nearbook.app/book/3921682,2026-05-03T22:37:18.353717,
India,NearBook,,"neet UG 2025-26 allen module 
all book",allen module,0,INR 1500,https://nearbook.app/book/3921681,2026-05-03T22:37:20.044542,
India,NearBook,,Biology,vasanth,0,INR 460,https://nearbook.app/book/3921680,2026-05-03T22:37:20.352144,
India,NearBook,,Tourism Module 3 student handbook,CBSE,0,INR 29,https://nearbook.app/book/3921679,2026-05-03T22:37:20.659349,
India,NearBook,,marathi textbook,marathi,0,INR 100,https://nearbook.app/book/3921678,2026-05-03T22:37:20.966154,
India,NearBook,,3 languages,,0,INR 80,https://nearbook.app/book/3921676,2026-05-03T22:37:21.257077,
India,NearBook,,line by line question from ncert,question from every line of ncert of every chapter,0,INR 100,https://nearbook.app/book/3921675,2026-05-03T22:37:22.298030,
India,NearBook,,NCERT BIOLOGY 12TH,,0,INR 100,https://nearbook.app/book/3921674,2026-05-03T22:37:22.604216,
India,NearBook,,economic digest,economic,0,INR 160,https://nearbook.app/book/3921673,2026-05-03T22:37:22.911994,
India,NearBook,,Accountancy Part-2,,0,INR 50,https://nearbook.app/book/3921672,2026-05-03T22:37:23.224297,
India,NearBook,,Biology,vasanth,0,INR 460,https://nearbook.app/book/3921671,2026-05-03T22:37:23.526536,
India,NearBook,,Thea Stilton books set of 6,User,0,INR 1000,https://nearbook.app/book/3921670,2026-05-03T22:37:23.833492,
India,NearBook,,PW PYQ's (6 YEARS) Chemistry,Physics wallah,0,INR 250,https://nearbook.app/book/3921669,2026-05-03T22:37:24.140983,
India,NearBook,,Vayakaran Parichay,,0,INR 175,https://nearbook.app/book/3921668,2026-05-03T22:37:25.722277,
India,NearBook,,MTG PYQ NEET CHEMISTRY,,0,INR 350,https://nearbook.app/book/3921667,2026-05-03T22:37:26.004124,
India,NearBook,,Accountancy (Part-1),,0,INR 80,https://nearbook.app/book/3921666,2026-05-03T22:37:26.296449,
India,NearBook,,Chemistry,vasanth,0,INR 495,https://nearbook.app/book/3921665,2026-05-03T22:37:26.598564,
India,NearBook,,english (digest),english,0,INR 200,https://nearbook.app/book/3921664,2026-05-03T22:37:26.905776,
India,NearBook,,question bank science,oswal,0,INR 250,https://nearbook.app/book/3921663,2026-05-03T22:37:27.212818,
India,NearBook,,Thea stilton(special editions set of 4),User,0,INR 1000,https://nearbook.app/book/3921662,2026-05-03T22:37:27.504182,
India,NearBook,,Susan polgar part 1 chess book,Susan polgar,0,INR 250,https://nearbook.app/book/3921661,2026-05-03T22:37:27.827224,
India,NearBook,,MTG PYQ NEET BIOLOGY,,0,INR 350,https://nearbook.app/book/3921660,2026-05-03T22:37:28.109935,
India,NearBook,,Business Studies,,0,INR 80,https://nearbook.app/book/3921659,2026-05-03T22:37:28.441521,
India,NearBook,,FIITJEE modules (ALL) Maths,FITJEE,0,INR 250,https://nearbook.app/book/3921658,2026-05-03T22:37:28.750318,
India,NearBook,,THE TIME MACHINE,H G WELLS,0,INR 50,https://nearbook.app/book/3921657,2026-05-03T22:37:29.031504,
India,NearBook,,iit foundation,Pearson,0,INR 250,https://nearbook.app/book/3921656,2026-05-03T22:37:30.694990,
India,NearBook,,MTG PYQ NEET PHYSICS,,0,INR 350,https://nearbook.app/book/3921655,2026-05-03T22:37:31.001654,
India,NearBook,,Financial Accounting - Double Entry Book Keeping,,0,INR 400,https://nearbook.app/book/3921654,2026-05-03T22:37:31.309747,
India,NearBook,,Health And Physical Education,New Saraswati House,0,INR 150,https://nearbook.app/book/3921653,2026-05-03T22:37:31.600517,
India,NearBook,,shanshipt Budhcharit,"nil
nil",0,INR 49,https://nearbook.app/book/3921652,2026-05-03T22:37:31.923148,
India,NearBook,,Laura ingalls books,User,0,INR 1000,https://nearbook.app/book/3921650,2026-05-03T22:37:32.232725,
India,NearBook,,mathematics part-1,,0,INR 100,https://nearbook.app/book/3921649,2026-05-03T22:37:32.516712,
India,NearBook,,mathematics part-1,,0,INR 100,https://nearbook.app/book/3921648,2026-05-03T22:37:32.801530,
India,NearBook,,mathamatics,,0,INR 110,https://nearbook.app/book/3921647,2026-05-03T22:37:33.152474,
India,NearBook,,social studies,Model papers,0,INR 99,https://nearbook.app/book/3921646,2026-05-03T22:37:33.459650,
India,NearBook,,NCERT BIOLOGY (UPDATED),,0,INR 100,https://nearbook.app/book/3921645,2026-05-03T22:37:33.741826,
India,NearBook,,Accountancy,Avichal Publishing Company,0,INR 100,https://nearbook.app/book/3921644,2026-05-03T22:37:34.024263,
India,NearBook,,THE POWER OF YOUR SUBCONSCIOUS MIND,DR.JOSEPH MURPHY,0,INR 60,https://nearbook.app/book/3921643,2026-05-03T22:37:35.598043,
India,NearBook,,question bank math all pyq,oswal,0,INR 250,https://nearbook.app/book/3921642,2026-05-03T22:37:35.880029,
India,NearBook,,Mathematics textbook for class 11th,,0,INR 80,https://nearbook.app/book/3921640,2026-05-03T22:37:36.158933,
India,NearBook,,Malory towers set,User,0,INR 2000,https://nearbook.app/book/3921639,2026-05-03T22:37:36.446372,
India,NearBook,,Mathematics,"Vasanth 

Vasanth 
vasanth",0,INR 600,https://nearbook.app/book/3921638,2026-05-03T22:37:36.736516,
India,NearBook,,Power Electronics,,0,INR 250,https://nearbook.app/book/3921637,2026-05-03T22:37:37.018024,
India,NearBook,,Business Studies,,0,INR 80,https://nearbook.app/book/3921636,2026-05-03T22:37:37.338724,
India,NearBook,,Go girl go! beyond boundaries,Deepa Agarwal,0,INR 45,https://nearbook.app/book/3921634,2026-05-03T22:37:37.620095,
India,NearBook,,THE WORLD AS I SEE IT,ALBERT EINSTEIN,0,INR 80,https://nearbook.app/book/3921633,2026-05-03T22:37:37.907538,
India,NearBook,,విద్యార్ది సమాచార దీపిక,,0,INR 50,https://nearbook.app/book/3921632,2026-05-03T22:37:38.189466,
India,NearBook,,Gurukul by oswal,,0,INR 700,https://nearbook.app/book/3921631,2026-05-03T22:37:38.471606,
India,NearBook,,The Brainy bowl,"Neha Gupta

neha gupta",0,INR 100,https://nearbook.app/book/3921630,2026-05-03T22:37:38.753695,
India,NearBook,,First flight,English,0,INR 80,https://nearbook.app/book/3921627,2026-05-03T22:37:40.348826,
India,NearBook,,educart social science,digraj singh rajpoot,0,INR 449,https://nearbook.app/book/3921626,2026-05-03T22:37:40.694706,
India,NearBook,,grammar,,0,INR 369,https://nearbook.app/book/3921625,2026-05-03T22:37:40.988681,
India,NearBook,,the English grammar companion,,0,INR 100,https://nearbook.app/book/3921624,2026-05-03T22:37:41.345445,
India,NearBook,,chemistry book,,0,INR 800,https://nearbook.app/book/3921623,2026-05-03T22:37:41.642828,
India,NearBook,,optical fiber,,0,INR 250,https://nearbook.app/book/3921621,2026-05-03T22:37:41.959663,
India,NearBook,,hindi,"jiyan ghiya
jiyan ghiya",0,INR 100,https://nearbook.app/book/3921620,2026-05-03T22:37:42.241501,
India,NearBook,,paryavran adyan,,0,INR 60,https://nearbook.app/book/3921619,2026-05-03T22:37:42.573889,
India,NearBook,,educart mathematics basics,,0,INR 449,https://nearbook.app/book/3921618,2026-05-03T22:37:42.880411,
India,NearBook,,computer book,,0,INR 100,https://nearbook.app/book/3921616,2026-05-03T22:37:43.187404,
India,NearBook,,ox ford,,0,INR 0,https://nearbook.app/book/3921615,2026-05-03T22:37:43.494833,
India,NearBook,,Digital Communication systems,,0,INR 250,https://nearbook.app/book/3921614,2026-05-03T22:37:43.778559,
India,NearBook,,Digital Communication systems,,0,INR 250,https://nearbook.app/book/3921614,2026-05-03T22:37:45.440471,
India,NearBook,,feluda,boria majumdar,0,INR 400,https://nearbook.app/book/3921613,2026-05-03T22:37:45.747303,
India,NearBook,,footprints without feet,English,0,INR 30,https://nearbook.app/book/3921611,2026-05-03T22:37:46.031491,
India,NearBook,,educart english communicative,,0,INR 200,https://nearbook.app/book/3921610,2026-05-03T22:37:46.315441,
India,NearBook,,Mathematics 7th standard book,best offer buy it now,0,INR 20,https://nearbook.app/book/3921609,2026-05-03T22:37:46.673930,
India,NearBook,,Economics,Rajeev bansal(SBPD),0,INR 410,https://nearbook.app/book/3921608,2026-05-03T22:37:46.976161,
India,NearBook,,Class-12 Biology 2026 Set-2 Board Paper,,0,INR 85,https://nearbook.app/book/3921607,2026-05-03T22:37:47.266963,
India,NearBook,,english reader,,0,INR 100,https://nearbook.app/book/3921605,2026-05-03T22:37:47.549551,
India,NearBook,,hindi,,0,INR 60,https://nearbook.app/book/3921604,2026-05-03T22:37:47.832480,
India,NearBook,,ICSE 2026 HOME SCIENCE QUESTION PAPER,,0,INR 60,https://nearbook.app/book/3921603,2026-05-03T22:37:48.115735,
India,NearBook,,NEET PW Modules Full Set XI & XII (Physics Chemistry Biology + Solutions) Good Condition,,0,INR 1200,https://nearbook.app/book/3921602,2026-05-03T22:37:48.441077,
India,NearBook,,embedded systems,James k.Peckol,0,INR 250,https://nearbook.app/book/3921601,2026-05-03T22:37:48.819580,
India,NearBook,,punjabi,,0,INR 20,https://nearbook.app/book/3921600,2026-05-03T22:37:50.457753,
India,NearBook,,R.D sharma  Mathematics,R.D sharma,0,INR 400,https://nearbook.app/book/3921599,2026-05-03T22:37:50.739446,
India,NearBook,,oswal social science,,0,INR 449,https://nearbook.app/book/3921598,2026-05-03T22:37:51.023547,
India,NearBook,,Revision Hand Book,,0,INR 150,https://nearbook.app/book/3921596,2026-05-03T22:37:51.305816,
India,NearBook,,Class-12 English 2026 (CBSE),,0,INR 85,https://nearbook.app/book/3921595,2026-05-03T22:37:51.686654,
India,NearBook,,Mathematics,,0,INR 120,https://nearbook.app/book/3921594,2026-05-03T22:37:51.968299,
India,NearBook,,ICSE 2026 HISTORY AND CIVICS QUESTION PAPER,,0,INR 60,https://nearbook.app/book/3921593,2026-05-03T22:37:52.250084,
India,NearBook,,MATHEMATICS RD SHARMA,,0,INR 100,https://nearbook.app/book/3921591,2026-05-03T22:37:52.608196,
India,NearBook,,Business studies,Navbodh based on NCERT,0,INR 130,https://nearbook.app/book/3921590,2026-05-03T22:37:52.920745,
India,NearBook,,punjabi,,0,INR 20,https://nearbook.app/book/3921589,2026-05-03T22:37:53.202221,
India,NearBook,,ICSE QUESTION PAPER 2026 GEOGRAPHY,,0,INR 60,https://nearbook.app/book/3921588,2026-05-03T22:37:53.484461,
India,NearBook,,information technology,,0,INR 400,https://nearbook.app/book/3921587,2026-05-03T22:37:53.837618,
India,NearBook,,History,,0,INR 80,https://nearbook.app/book/3921585,2026-05-03T22:37:55.411724,
India,NearBook,,hindi,,0,INR 20,https://nearbook.app/book/3921584,2026-05-03T22:37:55.786815,
India,NearBook,,ICSE QUESTION PAPER 2026 ENGLISH LITERATURE,,0,INR 60,https://nearbook.app/book/3921583,2026-05-03T22:37:56.072733,
India,NearBook,,oswal english communicative,,0,INR 500,https://nearbook.app/book/3921582,2026-05-03T22:37:56.353722,
India,NearBook,,mushafir cfe,divya Prashant divedi,0,INR 100,https://nearbook.app/book/3921581,2026-05-03T22:37:56.635811,
India,NearBook,,ছোটদের সহজ ব্যাকরণ শিক্ষা,সুশান্ত কুমার পাল,0,INR 100,https://nearbook.app/book/3921580,2026-05-03T22:37:57.013761,
India,NearBook,,ICSE QUESTION PAPER 2026 BENGALI,,0,INR 60,https://nearbook.app/book/3921579,2026-05-03T22:37:57.321722,
India,NearBook,,india and the Contemporary world -2,social science,0,INR 90,https://nearbook.app/book/3921578,2026-05-03T22:37:57.604188,
India,NearBook,,Language(Sanskrit) Text Book,,0,INR 100,https://nearbook.app/book/3921577,2026-05-03T22:37:57.885212,
India,NearBook,,Accountancy (partnership account),NCERT,0,INR 125,https://nearbook.app/book/3921576,2026-05-03T22:37:58.168873,
India,NearBook,,knowledge and curriculum,chhavi publisher,0,INR 50,https://nearbook.app/book/3921575,2026-05-03T22:37:58.452355,
India,NearBook,,ICSE QUESTION PAPER 2026 PHYSICS,,0,INR 60,https://nearbook.app/book/3921574,2026-05-03T22:37:58.755430,
India,NearBook,,litrature reader,,0,INR 275,https://nearbook.app/book/3921573,2026-05-03T22:38:00.391060,
India,NearBook,,Economics,,0,INR 60,https://nearbook.app/book/3921572,2026-05-03T22:38:01.488149,
India,NearBook,,English Text Book,,0,INR 120,https://nearbook.app/book/3921571,2026-05-03T22:38:01.778257,
India,NearBook,,Democratic Politics-2,social science,0,INR 70,https://nearbook.app/book/3921570,2026-05-03T22:38:02.065349,
India,NearBook,,environment studies hindi medium,chhavi publisher,0,INR 50,https://nearbook.app/book/3921569,2026-05-03T22:38:02.352777,
India,NearBook,,ICSE 2026 CHEMISTRY QUESTION PAPER,,0,INR 60,https://nearbook.app/book/3921568,2026-05-03T22:38:02.641842,
India,NearBook,,know ur ncert,,0,INR 200,https://nearbook.app/book/3921567,2026-05-03T22:38:02.951197,
India,NearBook,,Mathematics R S Aggarwal,R S Aggarwal & Veena Aggarwal,0,INR 450,https://nearbook.app/book/3921566,2026-05-03T22:38:03.257715,
India,NearBook,,study material mathematics basics,,0,INR 300,https://nearbook.app/book/3921565,2026-05-03T22:38:03.572738,
India,NearBook,,ICSE 2026 ENGLISH LANGUAGE QUESTION PAPER,,0,INR 60,https://nearbook.app/book/3921563,2026-05-03T22:38:03.857147,
India,NearBook,,JEE PYQ(real price-950),pw,0,INR 550,https://nearbook.app/book/3921562,2026-05-03T22:38:04.180305,
India,NearBook,,accountancy,NCERT,0,INR 180,https://nearbook.app/book/3921561,2026-05-03T22:38:04.487576,
India,NearBook,,Bharat ki khoj,,0,INR 0,https://nearbook.app/book/3921560,2026-05-03T22:38:06.067716,
India,NearBook,,ICSE 2026 BIOLOGY QUESTION PAPER,,0,INR 60,https://nearbook.app/book/3921559,2026-05-03T22:38:06.352258,
India,NearBook,,Zoology Exam Point,,0,INR 150,https://nearbook.app/book/3921558,2026-05-03T22:38:06.636659,
India,NearBook,,understanding economic development,social science,0,INR 50,https://nearbook.app/book/3921557,2026-05-03T22:38:06.921122,
India,NearBook,,brahmastra (all subjects),next topper,0,INR 250,https://nearbook.app/book/3921556,2026-05-03T22:38:07.207966,
India,NearBook,,All in one Chemistry,,0,INR 150,https://nearbook.app/book/3921554,2026-05-03T22:38:07.488727,
India,NearBook,,Mathematics ICSE 2026 QUESTION PAPER,,0,INR 60,https://nearbook.app/book/3921552,2026-05-03T22:38:07.770885,
India,NearBook,,computer,,0,INR 250,https://nearbook.app/book/3921551,2026-05-03T22:38:08.062660,
India,NearBook,,CHEMISTRY PART 2 12TH CLASS,,0,INR 30,https://nearbook.app/book/3921550,2026-05-03T22:38:08.377934,
India,NearBook,,Botany Exam Point,,0,INR 150,https://nearbook.app/book/3921549,2026-05-03T22:38:08.664310,
India,NearBook,,together with cbse mathematics,,0,INR 450,https://nearbook.app/book/3921548,2026-05-03T22:38:08.949517,
India,NearBook,,Jee pyq,pw,0,INR 550,https://nearbook.app/book/3921547,2026-05-03T22:38:09.236975,
India,NearBook,,hindi,,0,INR 300,https://nearbook.app/book/3921545,2026-05-03T22:38:11.045469,
India,NearBook,,Pariksha sar,,0,INR 120,https://nearbook.app/book/3921544,2026-05-03T22:38:11.348751,
India,NearBook,,financal accounting,,0,INR 50,https://nearbook.app/book/3921543,2026-05-03T22:38:11.654771,
India,NearBook,,PROBLEMS IN MATHEMATICS,,0,INR 100,https://nearbook.app/book/3921542,2026-05-03T22:38:11.951047,
India,NearBook,,Universal science,,0,INR 400,https://nearbook.app/book/3921541,2026-05-03T22:38:12.235943,
India,NearBook,,punjabi grammar,,0,INR 450,https://nearbook.app/book/3921540,2026-05-03T22:38:12.576458,
India,NearBook,,Biology NCERT (2ND YEAR),,0,INR 220,https://nearbook.app/book/3921538,2026-05-03T22:38:12.861741,
India,NearBook,,Together With Biology Lab Manual,,0,INR 269,https://nearbook.app/book/3921537,2026-05-03T22:38:13.151715,
India,NearBook,,BEEHIVE,yashvant salame,0,INR 80,https://nearbook.app/book/3921536,2026-05-03T22:38:13.437807,
India,NearBook,,Intel microprocessors,,0,INR 250,https://nearbook.app/book/3921535,2026-05-03T22:38:13.726645,
India,NearBook,,SREE SHARADA ATLAS,"new book 
new book",0,INR 65,https://nearbook.app/book/3921534,2026-05-03T22:38:14.015785,
India,NearBook,,EaJEE NOTES,rohit agrawal,0,INR 300,https://nearbook.app/book/3921533,2026-05-03T22:38:14.317583,
India,NearBook,,student support material (all subjects),,0,INR 500,https://nearbook.app/book/3921532,2026-05-03T22:38:15.933782,
India,NearBook,,science,,0,INR 120,https://nearbook.app/book/3921531,2026-05-03T22:38:16.262850,
India,NearBook,,Together With Chemistry Lab Manual,,0,INR 269,https://nearbook.app/book/3921530,2026-05-03T22:38:16.570312,
India,NearBook,,Highlights of english,"nasim
nasim",0,INR 400,https://nearbook.app/book/3921529,2026-05-03T22:38:16.857056,
India,NearBook,,Excellence in mathematics,Sanjeev Verma and R.k tyagi,0,INR 50,https://nearbook.app/book/3921528,2026-05-03T22:38:17.147588,
India,NearBook,,15 sample question papers,science,0,INR 160,https://nearbook.app/book/3921527,2026-05-03T22:38:17.494742,
India,NearBook,,Sanskrit,,0,INR 30,https://nearbook.app/book/3921526,2026-05-03T22:38:17.798645,
India,NearBook,,manika class 10,,0,INR 275,https://nearbook.app/book/3921525,2026-05-03T22:38:18.084515,
India,NearBook,,Together With Physics Lab Manual,,0,INR 269,https://nearbook.app/book/3921524,2026-05-03T22:38:18.413239,
India,NearBook,,EaJEE notes,faisal Razaq,0,INR 300,https://nearbook.app/book/3921523,2026-05-03T22:38:18.721352,
India,NearBook,,Chemistry Class 12 Part -2 Book (NCERT ),,0,INR 150,https://nearbook.app/book/3921522,2026-05-03T22:38:19.005797,
India,NearBook,,Icse questions bank computer applications class 10,Ritdeep  Banik,0,INR 200,https://nearbook.app/book/3921521,2026-05-03T22:38:19.292038,
India,NearBook,,Physics Exam Point,,0,INR 200,https://nearbook.app/book/3921520,2026-05-03T22:38:20.966954,
India,NearBook,,15 sample question papers,mathematics (standard),0,INR 160,https://nearbook.app/book/3921519,2026-05-03T22:38:21.255619,
India,NearBook,,Hindi,,0,INR 55,https://nearbook.app/book/3921518,2026-05-03T22:38:21.557322,
India,NearBook,,Hamara itihas Aur nagrik jivan -I,Hamara itihas Aur nagrik jivan -I,0,INR 150,https://nearbook.app/book/3921516,2026-05-03T22:38:21.882571,
India,NearBook,,together with cbse social science,,0,INR 400,https://nearbook.app/book/3921515,2026-05-03T22:38:22.166329,
India,NearBook,,It so happened,,0,INR 50,https://nearbook.app/book/3921514,2026-05-03T22:38:22.509791,
India,NearBook,,class 9 parijat jain maths,parijat jain,0,INR 400,https://nearbook.app/book/3921513,2026-05-03T22:38:22.795754,
India,NearBook,,information technology,,0,INR 450,https://nearbook.app/book/3921512,2026-05-03T22:38:23.124374,
India,NearBook,,Beehive,,0,INR 40,https://nearbook.app/book/3921511,2026-05-03T22:38:23.409491,
India,NearBook,,science lab manual,,0,INR 320,https://nearbook.app/book/3921510,2026-05-03T22:38:23.738300,
India,NearBook,,Physics Exam Point,,0,INR 200,https://nearbook.app/book/3921509,2026-05-03T22:38:24.022483,
India,NearBook,,"Indian contract act, 1872",,0,INR 150,https://nearbook.app/book/3921508,2026-05-03T22:38:24.352530,
India,NearBook,,science for tenth class part 1,physics,0,INR 550,https://nearbook.app/book/3921507,2026-05-03T22:38:25.997021,
India,NearBook,,Information Technology class-10,Sumita Arora,0,INR 200,https://nearbook.app/book/3921506,2026-05-03T22:38:26.298500,
India,NearBook,,study material communicative English,,0,INR 400,https://nearbook.app/book/3921505,2026-05-03T22:38:26.605785,
India,NearBook,,sarthi book,tripathi publisher,0,INR 350,https://nearbook.app/book/3921504,2026-05-03T22:38:26.891203,
India,NearBook,,Most Likely ICSE Question Bank Geography,,0,INR 284,https://nearbook.app/book/3921503,2026-05-03T22:38:27.219873,
India,NearBook,,Chemistry Exam Point,,0,INR 180,https://nearbook.app/book/3921502,2026-05-03T22:38:27.527285,
India,NearBook,,math,,0,INR 300,https://nearbook.app/book/3921501,2026-05-03T22:38:27.834574,
India,NearBook,,hindi Vyakaran,o,0,INR 340,https://nearbook.app/book/3921500,2026-05-03T22:38:28.120026,
India,NearBook,,English Reader-I,English Reader-I,0,INR 200,https://nearbook.app/book/3921499,2026-05-03T22:38:28.403790,
India,NearBook,,mathmatics today,"0p malhotra
0p malhotra",0,INR 300,https://nearbook.app/book/3921498,2026-05-03T22:38:28.756490,
India,NearBook,,I don't love you anymore by Rithvik Singh,Rithvik Singh,0,INR 200,https://nearbook.app/book/3921497,2026-05-03T22:38:29.043456,
India,NearBook,,electronics devices and circuits,r.p ajwalia,0,INR 50,https://nearbook.app/book/3921496,2026-05-03T22:38:29.328721,
India,NearBook,,Science for tenth class part 3,biology,0,INR 550,https://nearbook.app/book/3921495,2026-05-03T22:38:30.924166,
India,NearBook,,भूगोल,,0,INR 30,https://nearbook.app/book/3921494,2026-05-03T22:38:31.214899,
India,NearBook,,भूगोल,,0,INR 30,https://nearbook.app/book/3921493,2026-05-03T22:38:31.521553,
India,NearBook,,COMPUTER SCIENCE WITH JAVA,SUMITA ARORA,0,INR 200,https://nearbook.app/book/3921492,2026-05-03T22:38:31.817749,
India,NearBook,,Total History And Civics,,0,INR 350,https://nearbook.app/book/3921491,2026-05-03T22:38:32.120938,
India,NearBook,,green future,Ms brijleen kaur,0,INR 0,https://nearbook.app/book/3921490,2026-05-03T22:38:32.409046,
India,NearBook,,Prithvi Aur Hamara jivan,Prithvi Aur Hamara jivan,0,INR 200,https://nearbook.app/book/3921489,2026-05-03T22:38:32.751617,
India,NearBook,,Daksh Quant,Shantanu Shukla,0,INR 649,https://nearbook.app/book/3921488,2026-05-03T22:38:33.059900,
India,NearBook,,Humans earths and societies,,0,INR 400,https://nearbook.app/book/3921487,2026-05-03T22:38:33.349970,
India,NearBook,,Xam idea,,0,INR 500,https://nearbook.app/book/3921485,2026-05-03T22:38:33.671440,
India,NearBook,,math,"op malhotra
op malhotra",0,INR 300,https://nearbook.app/book/3921484,2026-05-03T22:38:33.957138,
India,NearBook,,Champion's Reasoning,Saurabh Singh,0,INR 749,https://nearbook.app/book/3921483,2026-05-03T22:38:34.241895,
India,NearBook,,Beehive textbook of class 9th,nidni wadhwa,0,INR 61,https://nearbook.app/book/3921482,2026-05-03T22:38:35.875979,
India,NearBook,,political science,"aashwani 
aashwani",0,INR 300,https://nearbook.app/book/3921481,2026-05-03T22:38:36.162251,
India,NearBook,,Civics in hindi mediam,Naina,0,INR 250,https://nearbook.app/book/3921480,2026-05-03T22:38:36.448637,
India,NearBook,,karypustika Aank Jagat,karypustika Aank jagat,0,INR 250,https://nearbook.app/book/3921479,2026-05-03T22:38:36.851725,
India,NearBook,,Hand written notes by Saurabh Singh,Saurabh Singh,0,INR 149,https://nearbook.app/book/3921478,2026-05-03T22:38:37.136845,
India,NearBook,,FOCUS HISTORY AND CIVICS,,0,INR 50,https://nearbook.app/book/3921477,2026-05-03T22:38:37.443792,
India,NearBook,,English,,0,INR 80,https://nearbook.app/book/3921476,2026-05-03T22:38:37.770820,
India,NearBook,,MTG Class-12 Chapterwise 10 years solved paper,,0,INR 325,https://nearbook.app/book/3921475,2026-05-03T22:38:38.076758,
India,NearBook,,Hindi grammar,,0,INR 200,https://nearbook.app/book/3921474,2026-05-03T22:38:38.364386,
India,NearBook,,mathematics class 8th,shweta rai,0,INR 40,https://nearbook.app/book/3921473,2026-05-03T22:38:38.659027,
India,NearBook,,Reading Comprehension,Adda247,0,INR 349,https://nearbook.app/book/3921472,2026-05-03T22:38:39.713568,
India,NearBook,,comunication skills in english,dr. almas juneja,0,INR 200,https://nearbook.app/book/3921471,2026-05-03T22:38:40.002884,
India,NearBook,,Math,,0,INR 200,https://nearbook.app/book/3921470,2026-05-03T22:38:41.605577,
India,NearBook,,MATHEMATICS NCERT STUDY MATERIAL,,0,INR 250,https://nearbook.app/book/3921469,2026-05-03T22:38:41.896741,
India,NearBook,,computer. com,,0,INR 100,https://nearbook.app/book/3921468,2026-05-03T22:38:42.275030,
India,NearBook,,science in deapth,,0,INR 50,https://nearbook.app/book/3921467,2026-05-03T22:38:42.561425,
India,NearBook,,Phulvari karypustika,phulvari karpustika,0,INR 150,https://nearbook.app/book/3921466,2026-05-03T22:38:42.887735,
India,NearBook,,Vocab prodigy,Nimisha Bansal,0,INR 349,https://nearbook.app/book/3921465,2026-05-03T22:38:43.195224,
India,NearBook,,PHYSICS NCERT MATERIAL,,0,INR 250,https://nearbook.app/book/3921464,2026-05-03T22:38:43.502332,
India,NearBook,,Modern English,Grammar & composition,0,INR 350,https://nearbook.app/book/3921463,2026-05-03T22:38:43.788670,
India,NearBook,,contract & specific relief,Avatar Singh,0,INR 999,https://nearbook.app/book/3921462,2026-05-03T22:38:44.073258,
India,NearBook,,120 Rules of grammar,Nimisha Bansal,0,INR 349,https://nearbook.app/book/3921461,2026-05-03T22:38:44.424313,
India,NearBook,,Chemistry Lab manual,,0,INR 200,https://nearbook.app/book/3921460,2026-05-03T22:38:44.732228,
India,NearBook,,CBSE QUESTION & CONCEPT BANK,,0,INR 350,https://nearbook.app/book/3921459,2026-05-03T22:38:45.024040,
India,NearBook,,engineering chemistry,shri M M makwana& dr N G makwana,0,INR 100,https://nearbook.app/book/3921458,2026-05-03T22:38:46.677375,
India,NearBook,,Safety triip,Developing values and life skills,0,INR 200,https://nearbook.app/book/3921457,2026-05-03T22:38:46.964551,
India,NearBook,,Class 10 CBSE Science,,0,INR 0,https://nearbook.app/book/3921456,2026-05-03T22:38:47.251015,
India,NearBook,,English1-2,,0,INR 100,https://nearbook.app/book/3921455,2026-05-03T22:38:47.536812,
India,NearBook,,Science for tenth class part 2,Chemistry,0,INR 450,https://nearbook.app/book/3921454,2026-05-03T22:38:47.825582,
India,NearBook,,karypustika Vatika,karypustika Vatika,0,INR 150,https://nearbook.app/book/3921453,2026-05-03T22:38:48.110234,
India,NearBook,,information technology,Avichal publishing company,0,INR 595,https://nearbook.app/book/3921452,2026-05-03T22:38:48.412584,
India,NearBook,,Class 10 CBSE Maths,,0,INR 0,https://nearbook.app/book/3921451,2026-05-03T22:38:48.697033,
India,NearBook,,class 10 aksharbharati,,0,INR 0,https://nearbook.app/book/3921450,2026-05-03T22:38:48.980979,
India,NearBook,,NCERT MATHS,anup Kumar,0,INR 100,https://nearbook.app/book/3921449,2026-05-03T22:38:49.273228,
India,NearBook,,Information technology,,0,INR 550,https://nearbook.app/book/3921448,2026-05-03T22:38:49.595572,
India,NearBook,,Paryavaran,Paryavarn,0,INR 200,https://nearbook.app/book/3921447,2026-05-03T22:38:49.878629,
India,NearBook,,Class 10 CBSE hindi B sample question paper 2026,,0,INR 150,https://nearbook.app/book/3921446,2026-05-03T22:38:51.463162,
India,NearBook,,d.c.circuit,r.p ajwalia,0,INR 180,https://nearbook.app/book/3921445,2026-05-03T22:38:51.747516,
India,NearBook,,krtika,,0,INR 50,https://nearbook.app/book/3921444,2026-05-03T22:38:52.034707,
India,NearBook,,Hind,text book,0,INR 25,https://nearbook.app/book/3921443,2026-05-03T22:38:52.318047,
India,NearBook,,THE RAMAYANA,,0,INR 100,https://nearbook.app/book/3921442,2026-05-03T22:38:52.597664,
India,NearBook,,Arihant CBSE english communicative sample question paper for class 10,,0,INR 110,https://nearbook.app/book/3921441,2026-05-03T22:38:52.884878,
India,NearBook,,Democratic politics,,0,INR 25,https://nearbook.app/book/3921440,2026-05-03T22:38:53.168890,
India,NearBook,,workbook petals,workbook,0,INR 200,https://nearbook.app/book/3921439,2026-05-03T22:38:53.452090,
India,NearBook,,chemistry (Shivlal),NCERT pattern,0,INR 350,https://nearbook.app/book/3921438,2026-05-03T22:38:53.737762,
India,NearBook,,concept mathematics,,0,INR 100,https://nearbook.app/book/3921437,2026-05-03T22:38:54.024622,
India,NearBook,,NCERT EXEMPLAR Problems Solution,Mathematics,0,INR 200,https://nearbook.app/book/3921436,2026-05-03T22:38:54.314341,
India,NearBook,,Objective of Mathematics by Amit M Agarwal,Amit M Agarwal,0,INR 400,https://nearbook.app/book/3921434,2026-05-03T22:38:54.665598,
India,NearBook,,व्याकरण प्रभास,,0,INR 100,https://nearbook.app/book/3921433,2026-05-03T22:38:56.279838,
India,NearBook,,Sanskrit,Sanskrit,0,INR 150,https://nearbook.app/book/3921432,2026-05-03T22:38:56.572535,
India,NearBook,,shitij,,0,INR 100,https://nearbook.app/book/3921431,2026-05-03T22:38:56.859733,
India,NearBook,,science for ICSE class 3rd by S Chand publication School,lakhmir Singh and Manjit Kaur,0,INR 203,https://nearbook.app/book/3921430,2026-05-03T22:38:57.146504,
India,NearBook,,Disha class-12 Physics PYQ (2013-2025),Disha publications,0,INR 250,https://nearbook.app/book/3921429,2026-05-03T22:38:57.508487,
India,NearBook,,Biology,Lakhmir Singh,0,INR 100,https://nearbook.app/book/3921428,2026-05-03T22:38:57.796058,
India,NearBook,,mathematics,GULZAR,0,INR 100,https://nearbook.app/book/3921427,2026-05-03T22:38:58.080472,
India,NearBook,,Class 10 MCB,,0,INR 0,https://nearbook.app/book/3921426,2026-05-03T22:38:58.453400,
India,NearBook,,an easy approach to icse mathematics for class 5th S Chand publication School,op Malhotra SK Gupta Anubhuti gangal,0,INR 432,https://nearbook.app/book/3921425,2026-05-03T22:38:58.737548,
India,NearBook,,भारत का इतिहास,डॉ. अंजू खन्ना,0,INR 150,https://nearbook.app/book/3921424,2026-05-03T22:38:59.067503,
India,NearBook,,shitij,,0,INR 100,https://nearbook.app/book/3921423,2026-05-03T22:38:59.351146,
India,NearBook,,Modern dispensing practices,Shreeraj ranjane,0,INR 200,https://nearbook.app/book/3921422,2026-05-03T22:38:59.637345,
India,NearBook,,Geography,,0,INR 60,https://nearbook.app/book/3921421,2026-05-03T22:39:01.297389,
India,NearBook,,beehive,,0,INR 100,https://nearbook.app/book/3921419,2026-05-03T22:39:01.588957,
India,NearBook,,general knowledge 2021,Manohar Pandey and Arihant publications,0,INR 10,https://nearbook.app/book/3921418,2026-05-03T22:39:01.890433,
India,NearBook,,computer book,Ayush,0,INR 250,https://nearbook.app/book/3921417,2026-05-03T22:39:02.178751,
India,NearBook,,math,math,0,INR 150,https://nearbook.app/book/3921416,2026-05-03T22:39:02.465688,
India,NearBook,,Beehive,,0,INR 15,https://nearbook.app/book/3921415,2026-05-03T22:39:02.750153,
India,NearBook,,PW Class 10 CBSE question & Concept bank for Hindi course B,,0,INR 50,https://nearbook.app/book/3921414,2026-05-03T22:39:03.035820,
India,NearBook,,general knowledge for 2025 also includes current affair and holistic GK physics chemistry biology economics politics Geo politics computer science and miscellaneous,Manohar Pande Arihant publications,0,INR 30,https://nearbook.app/book/3921413,2026-05-03T22:39:03.324526,
India,NearBook,,the scrade rule of the key to transformation,,0,INR 100,https://nearbook.app/book/3921412,2026-05-03T22:39:03.610835,
India,NearBook,,Total English,,0,INR 200,https://nearbook.app/book/3921411,2026-05-03T22:39:03.963745,
India,NearBook,,first flight,,0,INR 140,https://nearbook.app/book/3921410,2026-05-03T22:39:04.248547,
India,NearBook,,Mathematics for class 8,,0,INR 250,https://nearbook.app/book/3921409,2026-05-03T22:39:04.599747,
India,NearBook,,class 10 hindi B All in One 2023-24,,0,INR 0,https://nearbook.app/book/3921408,2026-05-03T22:39:06.235305,
India,NearBook,,Physics part 1,Up board,0,INR 129,https://nearbook.app/book/3921407,2026-05-03T22:39:06.519724,
India,NearBook,,Prabodh physics (yugbodh physics),"bhoot Agrawal Pramod 
Yugbodh Agrawal Prabodh",0,INR 400,https://nearbook.app/book/3921406,2026-05-03T22:39:06.824145,
India,NearBook,,english communicative workbook,,0,INR 0,https://nearbook.app/book/3921405,2026-05-03T22:39:07.117261,
India,NearBook,,hindi,manu priya,0,INR 100,https://nearbook.app/book/3921404,2026-05-03T22:39:07.451049,
India,NearBook,,political,,0,INR 200,https://nearbook.app/book/3921403,2026-05-03T22:39:07.735744,
India,NearBook,,Hindi,,0,INR 35,https://nearbook.app/book/3921402,2026-05-03T22:39:08.078462,
India,NearBook,,social science,vijeta bhatt,0,INR 300,https://nearbook.app/book/3921401,2026-05-03T22:39:08.377241,
India,NearBook,,Vigyan bharti,Vigya bharti,0,INR 200,https://nearbook.app/book/3921400,2026-05-03T22:39:08.693542,
India,NearBook,,Physics,Ncert,0,INR 49,https://nearbook.app/book/3921399,2026-05-03T22:39:08.980585,
India,NearBook,,home science,,0,INR 250,https://nearbook.app/book/3921398,2026-05-03T22:39:09.306725,
India,NearBook,,go maths the best match book for class 6th,scholastic publication,0,INR 172,https://nearbook.app/book/3921397,2026-05-03T22:39:09.593978,
India,NearBook,,go maths the best match book for class 6th,scholastic publication,0,INR 172,https://nearbook.app/book/3921397,2026-05-03T22:39:11.252670,
India,NearBook,,an alien hand,Shreeraj ranjane,0,INR 25,https://nearbook.app/book/3921396,2026-05-03T22:39:11.538818,
India,NearBook,,Disha Class 12 Maths Previous year solved papers(2013-2025),Disha publication,0,INR 200,https://nearbook.app/book/3921395,2026-05-03T22:39:11.842325,
India,NearBook,,Hindi,Jagdish Sharma,0,INR 200,https://nearbook.app/book/3921394,2026-05-03T22:39:12.127422,
India,NearBook,,English,Rai Martin,0,INR 250,https://nearbook.app/book/3921393,2026-05-03T22:39:12.419781,
India,NearBook,,English,Rai Martin,0,INR 250,https://nearbook.app/book/3921391,2026-05-03T22:39:12.788946,
India,NearBook,,Maths 2nd part,Up board,0,INR 76,https://nearbook.app/book/3921390,2026-05-03T22:39:13.072117,
India,NearBook,,Political science,,0,INR 0,https://nearbook.app/book/3921389,2026-05-03T22:39:13.403137,
India,NearBook,,active grammar for class 9 and 10 best grammar book,scholastic publication,0,INR 250,https://nearbook.app/book/3921388,2026-05-03T22:39:13.696294,
India,NearBook,,Shreeraj ranjane,Shreeraj ranjane,0,INR 50,https://nearbook.app/book/3921387,2026-05-03T22:39:13.981732,
India,NearBook,,english grammar,Alka Sharma,0,INR 250,https://nearbook.app/book/3921386,2026-05-03T22:39:14.301802,
India,NearBook,,maths,Allen,0,INR 180,https://nearbook.app/book/3921385,2026-05-03T22:39:14.602977,
India,NearBook,,history and political science target,,0,INR 0,https://nearbook.app/book/3921384,2026-05-03T22:39:16.191227,
India,NearBook,,Awareness science for Eight class,,0,INR 350,https://nearbook.app/book/3921383,2026-05-03T22:39:16.475895,
India,NearBook,,Maths,Up board,0,INR 63,https://nearbook.app/book/3921382,2026-05-03T22:39:16.784977,
India,NearBook,,English,RAY MARTIN,0,INR 250,https://nearbook.app/book/3921381,2026-05-03T22:39:17.070093,
India,NearBook,,english,G K Bansal,0,INR 250,https://nearbook.app/book/3921380,2026-05-03T22:39:17.355669,
India,NearBook,,social science,,0,INR 0,https://nearbook.app/book/3921379,2026-05-03T22:39:17.654201,
India,NearBook,,go grammar the best grammar book for class 7th,scholastic publications,0,INR 202,https://nearbook.app/book/3921378,2026-05-03T22:39:18.695108,
India,NearBook,,Mathematics Ncert,,0,INR 40,https://nearbook.app/book/3921377,2026-05-03T22:39:19.035566,
India,NearBook,,Chemistry 12th class hindi,Ncert,0,INR 69,https://nearbook.app/book/3921376,2026-05-03T22:39:19.342991,
India,NearBook,,Business studies,,0,INR 480,https://nearbook.app/book/3921375,2026-05-03T22:39:19.630799,
India,NearBook,,cindrella story book,,0,INR 30,https://nearbook.app/book/3921374,2026-05-03T22:39:19.914067,
India,NearBook,,science,sarika jain,0,INR 200,https://nearbook.app/book/3921373,2026-05-03T22:39:20.234737,
India,NearBook,,social and political 8th,Shreeraj ranjane,0,INR 50,https://nearbook.app/book/3921372,2026-05-03T22:39:21.879169,
India,NearBook,,vigyaan bharti,sonu,0,INR 150,https://nearbook.app/book/3921371,2026-05-03T22:39:22.163415,
India,NearBook,,12th Maths Hindi,Ajay Kumar aggarwal,0,INR 79,https://nearbook.app/book/3921369,2026-05-03T22:39:22.445694,
India,NearBook,,Mathematics,R.D.Sharma,0,INR 450,https://nearbook.app/book/3921368,2026-05-03T22:39:22.726632,
India,NearBook,,go grammar for class 8 best grammar book,scholastic publications,0,INR 200,https://nearbook.app/book/3921367,2026-05-03T22:39:23.030054,
India,NearBook,,Hindi,,0,INR 0,https://nearbook.app/book/3921366,2026-05-03T22:39:23.312695,
India,NearBook,,Introductory Microeconomics,,0,INR 399,https://nearbook.app/book/3921365,2026-05-03T22:39:23.596910,
India,NearBook,,business studies,,0,INR 200,https://nearbook.app/book/3921364,2026-05-03T22:39:23.952194,
India,NearBook,,mathematics,sushil kumar,0,INR 200,https://nearbook.app/book/3921363,2026-05-03T22:39:24.236703,
India,NearBook,,Math,,0,INR 400,https://nearbook.app/book/3921362,2026-05-03T22:39:24.565301,
India,NearBook,,Math,,0,INR 400,https://nearbook.app/book/3921361,2026-05-03T22:39:24.872580,
India,NearBook,,social science for class 6th by S Chand School publishers,Suman Gupta,0,INR 302,https://nearbook.app/book/3921359,2026-05-03T22:39:25.155124,
India,NearBook,,12th maths 1st book notes,Nikhil saini,0,INR 69,https://nearbook.app/book/3921358,2026-05-03T22:39:26.792501,
India,NearBook,,Statistics for economic,,0,INR 399,https://nearbook.app/book/3921357,2026-05-03T22:39:27.127160,
India,NearBook,,cordova,,0,INR 290,https://nearbook.app/book/3921356,2026-05-03T22:39:27.454779,
India,NearBook,,Rd sharma mathematics,,0,INR 599,https://nearbook.app/book/3921355,2026-05-03T22:39:27.739940,
India,NearBook,,hindi,,0,INR 145,https://nearbook.app/book/3921354,2026-05-03T22:39:28.022232,
India,NearBook,,11th maths book science group,,0,INR 200,https://nearbook.app/book/3921353,2026-05-03T22:39:28.354149,
India,NearBook,,dairy,,0,INR 60,https://nearbook.app/book/3921352,2026-05-03T22:39:28.661451,
India,NearBook,,Sanskrit vyakaran,Dr Abha aur divyanand Jha,0,INR 250,https://nearbook.app/book/3921350,2026-05-03T22:39:28.941591,
India,NearBook,,student atlas,Khan sir,0,INR 200,https://nearbook.app/book/3921349,2026-05-03T22:39:29.224785,
India,NearBook,,Art,"Rajat
717393",0,INR 0,https://nearbook.app/book/3921348,2026-05-03T22:39:29.535498,
India,NearBook,,Hindi grammar,,0,INR 0,https://nearbook.app/book/3921347,2026-05-03T22:39:29.824891,
India,NearBook,,Morning Star Total English,,0,INR 368,https://nearbook.app/book/3921346,2026-05-03T22:39:30.108183,
India,NearBook,,Mathematics,Rs Aggarwal and V Aggarwal,0,INR 265,https://nearbook.app/book/3921345,2026-05-03T22:39:31.690948,
India,NearBook,,smartEnglish class 7 CBSE from Big Books,bishal,0,INR 300,https://nearbook.app/book/3921344,2026-05-03T22:39:31.980927,
India,NearBook,,Social science,,0,INR 0,https://nearbook.app/book/3921343,2026-05-03T22:39:32.263434,
India,NearBook,,parisarapadanam,Anvitha,0,INR 20,https://nearbook.app/book/3921342,2026-05-03T22:39:32.553213,
India,NearBook,,12 physics notes hindi,Nikhil saini,0,INR 79,https://nearbook.app/book/3921341,2026-05-03T22:39:32.836574,
India,NearBook,,Double entry book keeping,,0,INR 499,https://nearbook.app/book/3921340,2026-05-03T22:39:33.167257,
India,NearBook,,mathematics,sehaan mirza,0,INR 120,https://nearbook.app/book/3921339,2026-05-03T22:39:33.474717,
India,NearBook,,science,,0,INR 150,https://nearbook.app/book/3921337,2026-05-03T22:39:33.753953,
India,NearBook,,science for ICSE by S Chand school publisers,Lakhmir Singh and Manjit kaur,0,INR 295,https://nearbook.app/book/3921336,2026-05-03T22:39:34.035348,
India,NearBook,,Hindi grammar,,0,INR 0,https://nearbook.app/book/3921335,2026-05-03T22:39:34.321937,
India,NearBook,,Sanskrit (English medium),,0,INR 15,https://nearbook.app/book/3921333,2026-05-03T22:39:34.604237,
India,NearBook,,information technology,HEADWORD,0,INR 250,https://nearbook.app/book/3921332,2026-05-03T22:39:34.892347,
India,NearBook,,Oxford Julius Caesar,,0,INR 300,https://nearbook.app/book/3921331,2026-05-03T22:39:36.464177,
India,NearBook,,Social science oswaal question bank,,0,INR 599,https://nearbook.app/book/3921330,2026-05-03T22:39:36.751726,
India,NearBook,,Information technology,Sumita Arora,0,INR 250,https://nearbook.app/book/3921329,2026-05-03T22:39:37.032328,
India,NearBook,,Telugu book,I am selling for half price but book cost is 99 I am selling rs 50,0,INR 50,https://nearbook.app/book/3921328,2026-05-03T22:39:37.315475,
India,NearBook,,Maths laboratory Manual book 8th,Shreeraj ranjane,0,INR 400,https://nearbook.app/book/3921327,2026-05-03T22:39:37.672409,
India,NearBook,,mathematics for class 9th NCERT,,0,INR 50,https://nearbook.app/book/3921326,2026-05-03T22:39:37.957227,
India,NearBook,,Xavier Pinto Julius Caesar Text With Paraphrase,,0,INR 250,https://nearbook.app/book/3921325,2026-05-03T22:39:38.245181,
India,NearBook,,"cordova biology today, class 9th",,0,INR 290,https://nearbook.app/book/3921324,2026-05-03T22:39:38.529664,
India,NearBook,,Hindi (pratyaksh),,0,INR 400,https://nearbook.app/book/3921323,2026-05-03T22:39:38.821575,
India,NearBook,,"Democratic political 
048997



DEMOCRATIC POLITICAL",in,0,INR 200,https://nearbook.app/book/3921322,2026-05-03T22:39:39.112435,
India,NearBook,,Communication Skill (English),,0,INR 150,https://nearbook.app/book/3921321,2026-05-03T22:39:39.402778,
India,NearBook,,kritika hindi,,0,INR 30,https://nearbook.app/book/3921320,2026-05-03T22:39:39.720124,
India,NearBook,,science ncert,,0,INR 60,https://nearbook.app/book/3921319,2026-05-03T22:39:41.319740,
India,NearBook,,Pk garg mathematics revision question,,0,INR 499,https://nearbook.app/book/3921318,2026-05-03T22:39:41.604472,
India,NearBook,,science textbook class 8,Shreeraj ranjane,0,INR 50,https://nearbook.app/book/3921317,2026-05-03T22:39:41.892762,
India,NearBook,,"yoga,health and physical education",,0,INR 20,https://nearbook.app/book/3921316,2026-05-03T22:39:42.178226,
India,NearBook,,s.s.t(landmark),,0,INR 400,https://nearbook.app/book/3921315,2026-05-03T22:39:42.460796,
India,NearBook,,Evergreen Treasure Chest Workbook,,0,INR 250,https://nearbook.app/book/3921314,2026-05-03T22:39:42.792670,
India,NearBook,,The living world,binod Singh,0,INR 150,https://nearbook.app/book/3921312,2026-05-03T22:39:43.074610,
India,NearBook,,Exam idea science sample paper 25-26,,0,INR 299,https://nearbook.app/book/3921310,2026-05-03T22:39:43.356981,
India,NearBook,,Deepakam,,0,INR 70,https://nearbook.app/book/3921309,2026-05-03T22:39:43.713912,
India,NearBook,,Science,,0,INR 300,https://nearbook.app/book/3921308,2026-05-03T22:39:44.005009,
India,NearBook,,english grammar (popcorn english grammar,,0,INR 250,https://nearbook.app/book/3921307,2026-05-03T22:39:44.286280,
India,NearBook,,Evergreen Julius Caesar Workbook,,0,INR 320,https://nearbook.app/book/3921306,2026-05-03T22:39:44.636036,
India,NearBook,,New mastering grammar,Shreeraj ranjane,0,INR 400,https://nearbook.app/book/3921305,2026-05-03T22:39:46.204887,
India,NearBook,,Exam idea mathematics sample paper 2025-26,,0,INR 299,https://nearbook.app/book/3921304,2026-05-03T22:39:46.581484,
India,NearBook,,ICDE geography book,"Rachna sapra
Rachna sapra 
Rachna sapra",0,INR 300,https://nearbook.app/book/3921302,2026-05-03T22:39:46.863119,
India,NearBook,,A Textbook of ICSE  Geography,,0,INR 620,https://nearbook.app/book/3921301,2026-05-03T22:39:47.196058,
India,NearBook,,moments,,0,INR 30,https://nearbook.app/book/3921300,2026-05-03T22:39:47.503164,
India,NearBook,,2025 social science sample paper,,0,INR 299,https://nearbook.app/book/3921299,2026-05-03T22:39:47.786041,
India,NearBook,,collins english grammar and composition,K padmini shankar,0,INR 659,https://nearbook.app/book/3921298,2026-05-03T22:39:48.071297,
India,NearBook,,sample question paper english and literature,,0,INR 200,https://nearbook.app/book/3921296,2026-05-03T22:39:48.358513,
India,NearBook,,"chemistry ncert (hands written notes)
chapter -2,3, unit -1,8,10,",,0,INR 100,https://nearbook.app/book/3921295,2026-05-03T22:39:48.731065,
India,NearBook,,kid wiz,binod singh,0,INR 70,https://nearbook.app/book/3921294,2026-05-03T22:39:49.038885,
India,NearBook,,revised live wire interactive computer science with Java language,indiannica lerning publishers,0,INR 400,https://nearbook.app/book/3921293,2026-05-03T22:39:49.318901,
India,NearBook,,social science Our pasts 3,Shreeraj ranjane,0,INR 50,https://nearbook.app/book/3921292,2026-05-03T22:39:49.653556,
India,NearBook,,Exam idea social science question bank,,0,INR 599,https://nearbook.app/book/3921291,2026-05-03T22:39:51.291717,
India,NearBook,,English,my school complete,0,INR 100,https://nearbook.app/book/3921290,2026-05-03T22:39:51.590996,
India,NearBook,,Almond Books Treasure Chest,,0,INR 550,https://nearbook.app/book/3921289,2026-05-03T22:39:51.875733,
India,NearBook,,class 9th rs agarwal,,0,INR 350,https://nearbook.app/book/3921288,2026-05-03T22:39:52.169005,
India,NearBook,,ruchira bhag 3,Shreeraj ranjane,0,INR 40,https://nearbook.app/book/3921287,2026-05-03T22:39:52.520264,
India,NearBook,,English,my wark is fol,0,INR 100,https://nearbook.app/book/3921286,2026-05-03T22:39:52.801990,
India,NearBook,,maths RS Aggarwal,,0,INR 800,https://nearbook.app/book/3921285,2026-05-03T22:39:53.122001,
India,NearBook,,Oswal Julius Caesar Question Bank And Paraphrase With Text,,0,INR 530,https://nearbook.app/book/3921283,2026-05-03T22:39:53.441410,
India,NearBook,,maths (matheyBuzz,,0,INR 500,https://nearbook.app/book/3921282,2026-05-03T22:39:53.721783,
India,NearBook,,mathematics text book for XI,NCERT,0,INR 110,https://nearbook.app/book/3921281,2026-05-03T22:39:54.002069,
India,NearBook,,"physics NCERT (hands written notes)[unit -1,2,3,,5,6",,0,INR 100,https://nearbook.app/book/3921280,2026-05-03T22:39:54.281688,
India,NearBook,,english (golden leaves,,0,INR 350,https://nearbook.app/book/3921279,2026-05-03T22:39:54.568002,
India,NearBook,,S.chand,Lakhmir Singh,0,INR 130,https://nearbook.app/book/3921278,2026-05-03T22:39:56.147759,
India,NearBook,,Physical education,,0,INR 100,https://nearbook.app/book/3921277,2026-05-03T22:39:56.454570,
India,NearBook,,chemistry,lakhmir Singh and Manjit Kaur,0,INR 250,https://nearbook.app/book/3921276,2026-05-03T22:39:57.390762,
India,NearBook,,Kid wiz,,0,INR 50,https://nearbook.app/book/3921275,2026-05-03T22:39:57.671057,
India,NearBook,,ICSE 10 YEARS SOLVED PAPER,,0,INR 980,https://nearbook.app/book/3921274,2026-05-03T22:39:57.956458,
India,NearBook,,Gujarati digest (English medium),,0,INR 100,https://nearbook.app/book/3921273,2026-05-03T22:39:58.240457,
India,NearBook,,hindi writing,"FLOWELL PUBLICATIONS
FLOWELL PUBLICATIONS",0,INR 200,https://nearbook.app/book/3921272,2026-05-03T22:39:58.531186,
India,NearBook,,history,kamal kumar,0,INR 100,https://nearbook.app/book/3921271,2026-05-03T22:39:58.861441,
India,NearBook,,chanchal Kumar,,0,INR 100,https://nearbook.app/book/3921270,2026-05-03T22:39:59.143374,
India,NearBook,,S.chand,Lakhmir Singh,0,INR 130,https://nearbook.app/book/3921269,2026-05-03T22:39:59.427539,
India,NearBook,,MS-CIT,,0,INR 300,https://nearbook.app/book/3921267,2026-05-03T22:39:59.725244,
India,NearBook,,Julius Caesar workbook (Unused Brand new ),William Shakespeare,0,INR 300,https://nearbook.app/book/3921266,2026-05-03T22:40:00.004570,
India,NearBook,,Julius Caesar workbook (Unused Brand new ),William Shakespeare,0,INR 300,https://nearbook.app/book/3921266,2026-05-03T22:40:01.579162,
India,NearBook,,civics,kamal kumar,0,INR 65,https://nearbook.app/book/3921265,2026-05-03T22:40:01.859610,
India,NearBook,,mathematics part one digest (navnit),jeet,0,INR 150,https://nearbook.app/book/3921264,2026-05-03T22:40:02.140071,
India,NearBook,,science,rajiv,0,INR 80,https://nearbook.app/book/3921263,2026-05-03T22:40:02.427340,
India,NearBook,,rs Aggarwal,,0,INR 300,https://nearbook.app/book/3921262,2026-05-03T22:40:02.716502,
India,NearBook,,Physical education,,0,INR 400,https://nearbook.app/book/3921261,2026-05-03T22:40:02.994650,
India,NearBook,,Biology,Dr. P.S. Verma and Dr. V.K. agarwal,0,INR 250,https://nearbook.app/book/3921260,2026-05-03T22:40:03.273098,
India,NearBook,,maths digest,rakib boghara,0,INR 240,https://nearbook.app/book/3921259,2026-05-03T22:40:03.555259,
India,NearBook,,math ncert,Harshita kashyap,0,INR 25,https://nearbook.app/book/3921258,2026-05-03T22:40:03.832772,
India,NearBook,,geography,kamal kumar,0,INR 70,https://nearbook.app/book/3921257,2026-05-03T22:40:04.114775,
India,NearBook,,new mathematics today class 4th by S Chand School publishers authors are op Malhotra SK Gupta Anubhuti Gangal,op Malhotra SK Gupta Anubhuti gangal,0,INR 450,https://nearbook.app/book/3921256,2026-05-03T22:40:04.394146,
India,NearBook,,HORNBILL,,0,INR 45,https://nearbook.app/book/3921255,2026-05-03T22:40:04.669006,
India,NearBook,,social science part 1,,0,INR 50,https://nearbook.app/book/3921254,2026-05-03T22:40:06.321074,
India,NearBook,,"physics NCERT (hands written notes) [chapter -6,7,11,12,13,14,",,0,INR 100,https://nearbook.app/book/3921253,2026-05-03T22:40:06.651733,
India,NearBook,,NCERT 12TH CHEMISTRY PART 2,,0,INR 140,https://nearbook.app/book/3921252,2026-05-03T22:40:06.931517,
India,NearBook,,Kritika,kamal kumar,0,INR 15,https://nearbook.app/book/3921251,2026-05-03T22:40:07.211836,
India,NearBook,,Snapshot,,0,INR 25,https://nearbook.app/book/3921250,2026-05-03T22:40:07.574318,
India,NearBook,,oswaal,,0,INR 200,https://nearbook.app/book/3921249,2026-05-03T22:40:07.882935,
India,NearBook,,Physics,,0,INR 500,https://nearbook.app/book/3921247,2026-05-03T22:40:08.165773,
India,NearBook,,economics,kamal kumar,0,INR 65,https://nearbook.app/book/3921246,2026-05-03T22:40:08.495431,
India,NearBook,,hindi writing,180,0,INR 165,https://nearbook.app/book/3921245,2026-05-03T22:40:08.780547,
India,NearBook,,julius caesar,Shakespeare,0,INR 550,https://nearbook.app/book/3921244,2026-05-03T22:40:09.110280,
India,NearBook,,oswaal,,0,INR 250,https://nearbook.app/book/3921243,2026-05-03T22:40:09.390636,
India,NearBook,,English,,0,INR 30,https://nearbook.app/book/3921242,2026-05-03T22:40:09.724347,
India,NearBook,,English (supplementary),,0,INR 25,https://nearbook.app/book/3921241,2026-05-03T22:40:11.352471,
India,NearBook,,mathematics 1,algebra digest part 1,0,INR 50,https://nearbook.app/book/3921240,2026-05-03T22:40:11.670609,
India,NearBook,,Chemistry,,0,INR 400,https://nearbook.app/book/3921239,2026-05-03T22:40:11.980611,
India,NearBook,,physics,lakhmir Singh and Manjit Kaur,0,INR 250,https://nearbook.app/book/3921238,2026-05-03T22:40:12.285401,
India,NearBook,,secondary school mathematics for class 9,"R S Aggarwal, V Aggarwal",0,INR 250,https://nearbook.app/book/3921237,2026-05-03T22:40:12.591677,
India,NearBook,,Rachana Bharati,,0,INR 100,https://nearbook.app/book/3921236,2026-05-03T22:40:12.898599,
India,NearBook,,Class Xth all NCERT book with extra subject(sanskrit) in good condition,Vaibhav,0,INR 949,https://nearbook.app/book/3921235,2026-05-03T22:40:13.197626,
India,NearBook,,hindi Kshitij ncert,kamal kumar,0,INR 40,https://nearbook.app/book/3921234,2026-05-03T22:40:13.478671,
India,NearBook,,oswaal,,0,INR 200,https://nearbook.app/book/3921232,2026-05-03T22:40:13.821001,
India,NearBook,,"paryas jee modules physics wallah new edition
24 modules (full 1 set)",physics wallah,0,INR 2500,https://nearbook.app/book/3921230,2026-05-03T22:40:14.128176,
India,NearBook,,arihant guide Allinone,jatin kr,0,INR 360,https://nearbook.app/book/3921229,2026-05-03T22:40:14.407172,
India,NearBook,,Informatics Practices with python,Preeti Arora,0,INR 449,https://nearbook.app/book/3921228,2026-05-03T22:40:14.743178,
India,NearBook,,mathematics 2,geometry digest,0,INR 50,https://nearbook.app/book/3921227,2026-05-03T22:40:16.382626,
India,NearBook,,Mathematics,,0,INR 350,https://nearbook.app/book/3921226,2026-05-03T22:40:16.687553,
India,NearBook,,English literature,,0,INR 40,https://nearbook.app/book/3921225,2026-05-03T22:40:16.967960,
India,NearBook,,QUESTION BANK SCIENCE,,0,INR 475,https://nearbook.app/book/3921223,2026-05-03T22:40:17.301880,
India,NearBook,,splenndid science,,0,INR 239,https://nearbook.app/book/3921222,2026-05-03T22:40:17.609389,
India,NearBook,,Concise Physics,,0,INR 400,https://nearbook.app/book/3921221,2026-05-03T22:40:17.921944,
India,NearBook,,hindi,pahal,0,INR 110,https://nearbook.app/book/3921219,2026-05-03T22:40:18.203198,
India,NearBook,,Catechism of the catholic church,TheLogical publications in India,0,INR 2000,https://nearbook.app/book/3921218,2026-05-03T22:40:18.509393,
India,NearBook,,science  ( reference),H.k,0,INR 65,https://nearbook.app/book/3921217,2026-05-03T22:40:18.790760,
India,NearBook,,chemistry part 1 11th,,0,INR 80,https://nearbook.app/book/3921216,2026-05-03T22:40:19.071169,
India,NearBook,,personality development,,0,INR 50,https://nearbook.app/book/3921215,2026-05-03T22:40:19.351375,
India,NearBook,,English notes book,english digest notes,0,INR 50,https://nearbook.app/book/3921214,2026-05-03T22:40:19.638989,
India,NearBook,,S.chand school,Lakhmir Singh,0,INR 200,https://nearbook.app/book/3921213,2026-05-03T22:40:21.295828,
India,NearBook,,Total History & Civics,,0,INR 150,https://nearbook.app/book/3921212,2026-05-03T22:40:21.576847,
India,NearBook,,CBSE CLASS 12 PREVIOUS YEARS SOLVED PAPERS,,0,INR 450,https://nearbook.app/book/3921211,2026-05-03T22:40:21.909475,
India,NearBook,,foundation,,0,INR 40,https://nearbook.app/book/3921210,2026-05-03T22:40:22.189657,
India,NearBook,,malhar hindi,"rahil
rahil",0,INR 60,https://nearbook.app/book/3921209,2026-05-03T22:40:22.524437,
India,NearBook,,foundation,,0,INR 50,https://nearbook.app/book/3921208,2026-05-03T22:40:22.806349,
India,NearBook,,Together with ( ICSE Physics Question Bank),,0,INR 459,https://nearbook.app/book/3921207,2026-05-03T22:40:23.139499,
India,NearBook,,arihant,jatin kr,0,INR 350,https://nearbook.app/book/3921206,2026-05-03T22:40:23.445550,
India,NearBook,,English grammar,English kumar bharati digest,0,INR 50,https://nearbook.app/book/3921204,2026-05-03T22:40:23.724553,
India,NearBook,,science,three dots,0,INR 260,https://nearbook.app/book/3921203,2026-05-03T22:40:24.012319,
India,NearBook,,mathematics part 2,,0,INR 50,https://nearbook.app/book/3921202,2026-05-03T22:40:24.297113,
India,NearBook,,khyal urdu,"rahil
rahil
rahil",0,INR 60,https://nearbook.app/book/3921201,2026-05-03T22:40:24.577523,
India,NearBook,,physics minor,,0,INR 50,https://nearbook.app/book/3921200,2026-05-03T22:40:26.163995,
India,NearBook,,mathematics class 10th exampler,,0,INR 130,https://nearbook.app/book/3921199,2026-05-03T22:40:26.455006,
India,NearBook,,15 SAMPLE QUESTION PAPERS ( ENGLISH ),,0,INR 69,https://nearbook.app/book/3921198,2026-05-03T22:40:26.746671,
India,NearBook,,math major 2nd,,0,INR 50,https://nearbook.app/book/3921197,2026-05-03T22:40:27.026753,
India,NearBook,,Together with (ICSE Biology Question Bank),,0,INR 459,https://nearbook.app/book/3921196,2026-05-03T22:40:27.337842,
India,NearBook,,how Starbucks changed the world,,0,INR 150,https://nearbook.app/book/3921195,2026-05-03T22:40:27.620121,
India,NearBook,,english grammar,kamal kumar,0,INR 320,https://nearbook.app/book/3921194,2026-05-03T22:40:27.901141,
India,NearBook,,Hindi book (english medium),,0,INR 30,https://nearbook.app/book/3921193,2026-05-03T22:40:28.184613,
India,NearBook,,social science,sudarshan,0,INR 260,https://nearbook.app/book/3921192,2026-05-03T22:40:28.476778,
India,NearBook,,RS Agarwal class 8,RS Agarwal class 8,0,INR 160,https://nearbook.app/book/3921191,2026-05-03T22:40:28.777336,
India,NearBook,,biology module cell biology,,0,INR 20,https://nearbook.app/book/3921190,2026-05-03T22:40:29.058678,
India,NearBook,,math major 1,,0,INR 50,https://nearbook.app/book/3921189,2026-05-03T22:40:29.385054,
India,NearBook,,jigyasa,rahil,0,INR 60,https://nearbook.app/book/3921188,2026-05-03T22:40:30.968675,
India,NearBook,,mpc practise book,vishwanadham,0,INR 800,https://nearbook.app/book/3921186,2026-05-03T22:40:31.251351,
India,NearBook,,social science Study material,,0,INR 0,https://nearbook.app/book/3921185,2026-05-03T22:40:31.537823,
India,NearBook,,Together with (Chemistry ICSE Question Bank),,0,INR 459,https://nearbook.app/book/3921184,2026-05-03T22:40:31.829799,
India,NearBook,,mpc practise book,vishwanadham,0,INR 800,https://nearbook.app/book/3921183,2026-05-03T22:40:32.114001,
India,NearBook,,english,pahal,0,INR 140,https://nearbook.app/book/3921181,2026-05-03T22:40:32.462972,
India,NearBook,,hindi ( rajiv prakashan),,0,INR 150,https://nearbook.app/book/3921180,2026-05-03T22:40:32.754776,
India,NearBook,,hindi grammar,kamal kumar,0,INR 290,https://nearbook.app/book/3921179,2026-05-03T22:40:33.071914,
India,NearBook,,15 SAMPLE QUESTION PAPER,ALAKH PANDEY,0,INR 69,https://nearbook.app/book/3921178,2026-05-03T22:40:33.378646,
India,NearBook,,organic chemistry,300,0,INR 700,https://nearbook.app/book/3921177,2026-05-03T22:40:33.660545,
India,NearBook,,OSWAAL CBSE QUESTION BANK SST,,0,INR 450,https://nearbook.app/book/3921176,2026-05-03T22:40:33.940661,
India,NearBook,,maths,Aarav choudhary,0,INR 50,https://nearbook.app/book/3921175,2026-05-03T22:40:34.891698,
India,NearBook,,pearson mpc bits practise book,,0,INR 600,https://nearbook.app/book/3921174,2026-05-03T22:40:36.493065,
India,NearBook,,चित्रकला,ramagya,0,INR 130,https://nearbook.app/book/3921173,2026-05-03T22:40:36.828450,
India,NearBook,,Concise Biology,,0,INR 350,https://nearbook.app/book/3921171,2026-05-03T22:40:37.167885,
India,NearBook,,social science,Harshita kashyap,0,INR 150,https://nearbook.app/book/3921170,2026-05-03T22:40:37.474934,
India,NearBook,,Social studies,,0,INR 150,https://nearbook.app/book/3921169,2026-05-03T22:40:37.765758,
India,NearBook,,footprints without feet english 10,kamal kumar,0,INR 30,https://nearbook.app/book/3921168,2026-05-03T22:40:38.050550,
India,NearBook,,Map book,,0,INR 300,https://nearbook.app/book/3921167,2026-05-03T22:40:38.333629,
India,NearBook,,क्षितिज,क्षितिज भाग-2,0,INR 70,https://nearbook.app/book/3921166,2026-05-03T22:40:38.615116,
India,NearBook,,Hindi literature,,0,INR 150,https://nearbook.app/book/3921165,2026-05-03T22:40:39.010896,
India,NearBook,,sst,"rahil
rahil
rahil",0,INR 60,https://nearbook.app/book/3921164,2026-05-03T22:40:39.318016,
India,NearBook,,Simplified ICSE Chemistry,Dr Viraf J Dalal,0,INR 450,https://nearbook.app/book/3921163,2026-05-03T22:40:39.604739,
India,NearBook,,hindi writing,"FLOWELL PUBLICATIONS 


150",0,INR 200,https://nearbook.app/book/3921161,2026-05-03T22:40:39.888296,
India,NearBook,,मानव आकृति,gyan,0,INR 60,https://nearbook.app/book/3921160,2026-05-03T22:40:41.570895,
India,NearBook,,Mathematics part 2 Digest,.,0,INR 59,https://nearbook.app/book/3921159,2026-05-03T22:40:41.863776,
India,NearBook,,Hindi Grammar,,0,INR 100,https://nearbook.app/book/3921158,2026-05-03T22:40:42.154263,
India,NearBook,,MTG CBSE mathematics,,0,INR 495,https://nearbook.app/book/3921157,2026-05-03T22:40:42.437661,
India,NearBook,,NCRT math (hands written notes),,0,INR 100,https://nearbook.app/book/3921156,2026-05-03T22:40:42.723230,
India,NearBook,,Computer,,0,INR 100,https://nearbook.app/book/3921155,2026-05-03T22:40:43.106802,
India,NearBook,,English (rajiv prakashan),Harshita kashyap,0,INR 170,https://nearbook.app/book/3921153,2026-05-03T22:40:43.414154,
India,NearBook,,RD Sharma mathematics,,0,INR 645,https://nearbook.app/book/3921152,2026-05-03T22:40:43.706483,
India,NearBook,,physics (hands written notes ),,0,INR 50,https://nearbook.app/book/3921151,2026-05-03T22:40:43.992000,
India,NearBook,,Science,,0,INR 100,https://nearbook.app/book/3921150,2026-05-03T22:40:44.335937,
India,NearBook,,MBD,,0,INR 260,https://nearbook.app/book/3921149,2026-05-03T22:40:44.622016,
India,NearBook,,class 9th cbse ncert maths book,,0,INR 80,https://nearbook.app/book/3921148,2026-05-03T22:40:44.919631,
India,NearBook,,class 9th cbse ncert maths book,,0,INR 80,https://nearbook.app/book/3921148,2026-05-03T22:40:46.588194,
India,NearBook,,math parkash,"rahil
rahil",0,INR 60,https://nearbook.app/book/3921147,2026-05-03T22:40:46.896398,
India,NearBook,,MATHEMATICS EXAMPLER PROBLEM,,0,INR 65,https://nearbook.app/book/3921146,2026-05-03T22:40:47.178392,
India,NearBook,,Noot book,,0,INR 60,https://nearbook.app/book/3921145,2026-05-03T22:40:47.509751,
India,NearBook,,Frank English Language ICSE Book,,0,INR 435,https://nearbook.app/book/3921144,2026-05-03T22:40:47.816750,
India,NearBook,,all-in-one english core,,0,INR 500,https://nearbook.app/book/3921143,2026-05-03T22:40:48.116277,
India,NearBook,,आलेखन,ज्ञान,0,INR 70,https://nearbook.app/book/3921142,2026-05-03T22:40:48.431505,
India,NearBook,,life skills,,0,INR 400,https://nearbook.app/book/3921141,2026-05-03T22:40:48.714107,
India,NearBook,,NEET AKASH WHOLE PACKAGE,,0,INR 2000,https://nearbook.app/book/3921140,2026-05-03T22:40:49.022414,
India,NearBook,,English literature,,0,INR 90,https://nearbook.app/book/3921139,2026-05-03T22:40:49.306580,
India,NearBook,,Economic 1st puc,,0,INR 80,https://nearbook.app/book/3921138,2026-05-03T22:40:49.659890,
India,NearBook,,science,Aarav choudhary,0,INR 120,https://nearbook.app/book/3921137,2026-05-03T22:40:49.941391,
India,NearBook,,english grammar,english grammar,0,INR 100,https://nearbook.app/book/3921136,2026-05-03T22:40:51.557337,
India,NearBook,,poorvi,rahil,0,INR 60,https://nearbook.app/book/3921135,2026-05-03T22:40:51.876543,
India,NearBook,,MTG CBSE english core,,0,INR 425,https://nearbook.app/book/3921134,2026-05-03T22:40:52.171754,
India,NearBook,,"English Grammar hands written notes (degree Article,poster, Advertisement formet, Notice, Report Writing, Narration, Application, complain letter, letter of editor, business letter Question tag, clause, word pawer etc)",,0,INR 100,https://nearbook.app/book/3921133,2026-05-03T22:40:52.526948,
India,NearBook,,PANORAMA,HARSH PASWAN,0,INR 50,https://nearbook.app/book/3921132,2026-05-03T22:40:52.834997,
India,NearBook,,Hindi literature,,0,INR 150,https://nearbook.app/book/3921131,2026-05-03T22:40:53.118954,
India,NearBook,,Computer studies,,0,INR 45,https://nearbook.app/book/3921130,2026-05-03T22:40:53.448933,
India,NearBook,,accountancy 1st puc,,0,INR 120,https://nearbook.app/book/3921129,2026-05-03T22:40:53.756395,
India,NearBook,,ICSE Question Bank History And Civics,,0,INR 350,https://nearbook.app/book/3921128,2026-05-03T22:40:54.063515,
India,NearBook,,MATHEMATICS,,0,INR 100,https://nearbook.app/book/3921127,2026-05-03T22:40:54.344928,
India,NearBook,,Hindi Grammar,,0,INR 100,https://nearbook.app/book/3921126,2026-05-03T22:40:54.679972,
India,NearBook,,Mathematics part 2. Target,.,0,INR 129,https://nearbook.app/book/3921125,2026-05-03T22:40:54.984638,
India,NearBook,,Beehive,,0,INR 50,https://nearbook.app/book/3921124,2026-05-03T22:40:56.623293,
India,NearBook,,IT,Aarav choudhary,0,INR 300,https://nearbook.app/book/3921123,2026-05-03T22:40:56.929802,
India,NearBook,,all-in-one Home science guide,,0,INR 375,https://nearbook.app/book/3921122,2026-05-03T22:40:57.212778,
India,NearBook,,physics part2,,0,INR 200,https://nearbook.app/book/3921121,2026-05-03T22:40:57.545016,
India,NearBook,,zoology,SIA publisher,0,INR 200,https://nearbook.app/book/3921120,2026-05-03T22:40:57.830734,
India,NearBook,,General knowledge,,0,INR 100,https://nearbook.app/book/3921119,2026-05-03T22:40:58.158764,
India,NearBook,,rs aggrwal,aggrwal,0,INR 200,https://nearbook.app/book/3921118,2026-05-03T22:40:58.466651,
India,NearBook,,madykalin hindi kavita,,0,INR 500,https://nearbook.app/book/3921117,2026-05-03T22:40:58.750262,
India,NearBook,,English grammar,,0,INR 100,https://nearbook.app/book/3921116,2026-05-03T22:40:59.047358,
India,NearBook,,Accountancy 1st puc,,0,INR 65,https://nearbook.app/book/3921115,2026-05-03T22:40:59.329523,
India,NearBook,,Sonkolita,,0,INR 25,https://nearbook.app/book/3921114,2026-05-03T22:40:59.611913,
India,NearBook,,general science,,0,INR 80,https://nearbook.app/book/3921113,2026-05-03T22:40:59.895971,
India,NearBook,,Sainik School Entrance Exam 2025,Arihant,0,INR 300,https://nearbook.app/book/3921112,2026-05-03T22:41:01.539110,
India,NearBook,,social studies,,0,INR 200,https://nearbook.app/book/3921111,2026-05-03T22:41:01.836650,
India,NearBook,,mathematics NCERT Book,,0,INR 160,https://nearbook.app/book/3921110,2026-05-03T22:41:02.119892,
India,NearBook,,EDUKART QUESTION BANK CLASS 10,KAMAL KUMAR,0,INR 315,https://nearbook.app/book/3921109,2026-05-03T22:41:02.461113,
India,NearBook,,Autobiography Of Yogi,,0,INR 200,https://nearbook.app/book/3921108,2026-05-03T22:41:02.768113,
India,NearBook,,telugu 8 th class,,0,INR 30,https://nearbook.app/book/3921107,2026-05-03T22:41:03.075634,
India,NearBook,,Languages,,0,INR 80,https://nearbook.app/book/3921106,2026-05-03T22:41:03.383275,
India,NearBook,,"Biology,chemistry,Physics objective question and answer",,0,INR 1199,https://nearbook.app/book/3921104,2026-05-03T22:41:03.673915,
India,NearBook,,mathsight,,0,INR 0,https://nearbook.app/book/3921103,2026-05-03T22:41:03.956761,
India,NearBook,,Chander Pahar,bibhutibhushan bandhyopadhay,0,INR 60,https://nearbook.app/book/3921102,2026-05-03T22:41:04.240871,
India,NearBook,,organic chemistry,M.S chouhan,0,INR 200,https://nearbook.app/book/3921101,2026-05-03T22:41:04.611470,
India,NearBook,,Economic 1st puc,,0,INR 110,https://nearbook.app/book/3921100,2026-05-03T22:41:04.893697,
India,NearBook,,arabic literature,,0,INR 160,https://nearbook.app/book/3921098,2026-05-03T22:41:06.557191,
India,NearBook,,Automotive,985576439757,0,INR 150,https://nearbook.app/book/3921097,2026-05-03T22:41:06.842714,
India,NearBook,,lose,,0,INR 50,https://nearbook.app/book/3921095,2026-05-03T22:41:07.171269,
India,NearBook,,vani sanskrit grammar,,0,INR 460,https://nearbook.app/book/3921094,2026-05-03T22:41:07.479022,
India,NearBook,,Gopal Bhar,Manash Bhandari,0,INR 15,https://nearbook.app/book/3921093,2026-05-03T22:41:07.786806,
India,NearBook,,"Mathematics 
class VI",RD sharma,0,INR 250,https://nearbook.app/book/3921092,2026-05-03T22:41:08.069722,
India,NearBook,,mind maps of maths science social science and English all in one class 10th best and new,i have studied from this book and scored 95%,0,INR 100,https://nearbook.app/book/3921091,2026-05-03T22:41:08.352804,
India,NearBook,,Ponchotontrer Golpo,Goiridhormo Pal,0,INR 30,https://nearbook.app/book/3921090,2026-05-03T22:41:08.635987,
India,NearBook,,નામનાં મૂળતત્વો ભાગ 1,Account Book,0,INR 35,https://nearbook.app/book/3921089,2026-05-03T22:41:08.925493,
India,NearBook,,hands written notes,NCRT notes,0,INR 100,https://nearbook.app/book/3921088,2026-05-03T22:41:09.219599,
India,NearBook,,MATHEMATICS,Rajya Shiksha Kendra,0,INR 50,https://nearbook.app/book/3921087,2026-05-03T22:41:09.508770,
India,NearBook,,"SCIENCE 
textbook for class viii",Harman bawa,0,INR 230,https://nearbook.app/book/3921086,2026-05-03T22:41:09.792283,
India,NearBook,,Physical education,,0,INR 50,https://nearbook.app/book/3921085,2026-05-03T22:41:11.472549,
India,NearBook,,General knowledge,,0,INR 100,https://nearbook.app/book/3921084,2026-05-03T22:41:11.754737,
India,NearBook,,winning Attitude,Jeff Keller,0,INR 200,https://nearbook.app/book/3921083,2026-05-03T22:41:12.086234,
India,NearBook,,Rhapsody,,0,INR 15,https://nearbook.app/book/3921082,2026-05-03T22:41:12.378977,
India,NearBook,,Chemistry periodic table,,0,INR 160,https://nearbook.app/book/3921080,2026-05-03T22:41:12.662538,
India,NearBook,,Hands written notes,NCRT notes,0,INR 100,https://nearbook.app/book/3921078,2026-05-03T22:41:12.947161,
India,NearBook,,all in one,jayaraju,0,INR 300,https://nearbook.app/book/3921077,2026-05-03T22:41:13.235787,
India,NearBook,,આંકડાશાસ્ત્ર,Statistics Book,0,INR 35,https://nearbook.app/book/3921076,2026-05-03T22:41:14.237464,
India,NearBook,,Economics text book,,0,INR 50,https://nearbook.app/book/3921075,2026-05-03T22:41:14.543812,
India,NearBook,,jiwans New forward ENGLISH,"Bharatrai mediatta
Bharat rai mediratta",0,INR 150,https://nearbook.app/book/3921074,2026-05-03T22:41:14.851416,
India,NearBook,,science digest~6,rakib boghara science,0,INR 180,https://nearbook.app/book/3921073,2026-05-03T22:41:15.158961,
India,NearBook,,"Physics, Biology, Chemistry","Powered By Prober, Gujarati Medium, Conditions Intact.",0,INR 1299,https://nearbook.app/book/3921072,2026-05-03T22:41:15.445464,
India,NearBook,,Hindi Reader,,0,INR 150,https://nearbook.app/book/3921071,2026-05-03T22:41:17.103429,
India,NearBook,,RD Sharma class 9th,Gagan,0,INR 450,https://nearbook.app/book/3921070,2026-05-03T22:41:17.385794,
India,NearBook,,lakhmir Singh bio class 10th CBSE,,0,INR 160,https://nearbook.app/book/3921069,2026-05-03T22:41:17.666575,
India,NearBook,,Harikrishna Debsare ki chuninda baal kahaniyan,National Book trust India,0,INR 55,https://nearbook.app/book/3921068,2026-05-03T22:41:17.948589,
India,NearBook,,"computer systems digital design, fundamentals of computer Architecture and Assembly Language",,0,"INR 3,500",https://nearbook.app/book/3921067,2026-05-03T22:41:18.333073,
India,NearBook,,નામાનાં મૂળતત્વો ભાગ 2,Account,0,INR 40,https://nearbook.app/book/3921066,2026-05-03T22:41:18.639923,
India,NearBook,,Biology,raju,0,INR 100,https://nearbook.app/book/3921064,2026-05-03T22:41:18.946631,
India,NearBook,,children's treasury of records and facts,,0,INR 10,https://nearbook.app/book/3921063,2026-05-03T22:41:19.254697,
India,NearBook,,World Atlas,,0,INR 100,https://nearbook.app/book/3921062,2026-05-03T22:41:19.561777,
India,NearBook,,biology english medium 8 th class,,0,INR 60,https://nearbook.app/book/3921061,2026-05-03T22:41:19.868677,
India,NearBook,,Thakumar Jhuli,Holy Child Publication,0,INR 50,https://nearbook.app/book/3921059,2026-05-03T22:41:20.149642,
India,NearBook,,Chemistry Objective,"GPowered bg Prober, Gujarati Medium, Condition Intact.",0,INR 199,https://nearbook.app/book/3921058,2026-05-03T22:41:20.429378,
India,NearBook,,accounts usha,js arora,0,INR 400,https://nearbook.app/book/3921057,2026-05-03T22:41:22.006731,
India,NearBook,,Sanskrit Madhuri,Ramchandra diwedi,0,INR 200,https://nearbook.app/book/3921056,2026-05-03T22:41:22.327293,
India,NearBook,,science junction,,0,INR 250,https://nearbook.app/book/3921055,2026-05-03T22:41:22.612328,
India,NearBook,,Economics class 9 new book,,0,INR 80,https://nearbook.app/book/3921053,2026-05-03T22:41:22.943556,
India,NearBook,,English guide,,0,INR 99,https://nearbook.app/book/3921052,2026-05-03T22:41:23.225316,
India,NearBook,,kid wiz,chaidasa,0,INR 100,https://nearbook.app/book/3921051,2026-05-03T22:41:23.503383,
India,NearBook,,Beehive,"ncert


ncert",0,INR 75,https://nearbook.app/book/3921050,2026-05-03T22:41:23.781340,
India,NearBook,,panorama,Dr dv jindal,0,INR 50,https://nearbook.app/book/3921048,2026-05-03T22:41:24.058997,
India,NearBook,,Economics,,0,INR 190,https://nearbook.app/book/3921047,2026-05-03T22:41:24.337667,
India,NearBook,,hindi arihant class 10,,0,INR 100,https://nearbook.app/book/3921046,2026-05-03T22:41:24.619628,
India,NearBook,,Biology Objective By Prober,"Part 1&2, Gujarati Medium, Conditions Intact.",0,INR 499,https://nearbook.app/book/3921045,2026-05-03T22:41:24.899178,
India,NearBook,,SSC board 54 Activity sheet,,0,INR 150,https://nearbook.app/book/3921044,2026-05-03T22:41:25.179403,
India,NearBook,,English,,0,INR 30,https://nearbook.app/book/3921043,2026-05-03T22:41:26.832935,
India,NearBook,,chitiz,,0,INR 30,https://nearbook.app/book/3921042,2026-05-03T22:41:27.113030,
India,NearBook,,New Trend in History and civics,K S Randhawa,0,INR 200,https://nearbook.app/book/3921041,2026-05-03T22:41:27.394894,
India,NearBook,,English Grammar,,0,INR 80,https://nearbook.app/book/3921040,2026-05-03T22:41:27.679270,
India,NearBook,,physics objective By Prober,"Part 1&2, Gujarati Medium, Conditions Intact.",0,INR 499,https://nearbook.app/book/3921039,2026-05-03T22:41:28.061610,
India,NearBook,,my book of tables,,0,INR 10,https://nearbook.app/book/3921038,2026-05-03T22:41:28.371076,
India,NearBook,,king of Solomon mines,H.Rider Haggard,0,INR 120,https://nearbook.app/book/3921037,2026-05-03T22:41:28.653213,
India,NearBook,,math major 1,,0,INR 40,https://nearbook.app/book/3921036,2026-05-03T22:41:28.933308,
India,NearBook,,CM SHRI SCHOOL ADMISSION TEST,,0,INR 200,https://nearbook.app/book/3921035,2026-05-03T22:41:29.289966,
India,NearBook,,economics,vs shergill,0,INR 150,https://nearbook.app/book/3921034,2026-05-03T22:41:29.569672,
India,NearBook,,chemistry,NCRT,0,INR 50,https://nearbook.app/book/3921033,2026-05-03T22:41:29.903991,
India,NearBook,,ssc,,0,INR 150,https://nearbook.app/book/3921032,2026-05-03T22:41:30.184398,
India,NearBook,,Geography,K S Randhawa,0,INR 190,https://nearbook.app/book/3921031,2026-05-03T22:41:31.755557,
India,NearBook,,Hindi,,0,INR 15,https://nearbook.app/book/3921030,2026-05-03T22:41:32.038166,
India,NearBook,,Biology,NCRT,0,INR 80,https://nearbook.app/book/3921029,2026-05-03T22:41:32.362069,
India,NearBook,,business studies,rk sharma shastri k gupta,0,INR 200,https://nearbook.app/book/3921028,2026-05-03T22:41:32.642761,
India,NearBook,,moral stories,,0,INR 10,https://nearbook.app/book/3921027,2026-05-03T22:41:32.976514,
India,NearBook,,10th History digest,,0,INR 80,https://nearbook.app/book/3921026,2026-05-03T22:41:33.256667,
India,NearBook,,chemistry,NCRT,0,INR 80,https://nearbook.app/book/3921025,2026-05-03T22:41:33.590650,
India,NearBook,,10th History digest,,0,INR 70,https://nearbook.app/book/3921024,2026-05-03T22:41:33.871373,
India,NearBook,,marathi Sulabhbharti,,0,INR 15,https://nearbook.app/book/3921023,2026-05-03T22:41:34.151781,
India,NearBook,,MCVC Office Motivation,,0,INR 60,https://nearbook.app/book/3921022,2026-05-03T22:41:34.512082,
India,NearBook,,chemistry,NCRT,0,INR 60,https://nearbook.app/book/3921021,2026-05-03T22:41:34.821797,
India,NearBook,,English literature (Gul Mohar ),N S Prabhu,0,INR 345,https://nearbook.app/book/3921019,2026-05-03T22:41:35.102531,
India,NearBook,,hindi,"chaidasa 

chaidasa 
chaidasa",0,INR 100,https://nearbook.app/book/3921018,2026-05-03T22:41:36.765331,
India,NearBook,,NDA& NA,Arihant,0,INR 250,https://nearbook.app/book/3921017,2026-05-03T22:41:37.072556,
India,NearBook,,Accountancy,"dr. sc Sharma 
neha sharma",0,INR 600,https://nearbook.app/book/3921016,2026-05-03T22:41:37.379639,
India,NearBook,,mathmatics,,0,INR 45,https://nearbook.app/book/3921015,2026-05-03T22:41:37.687151,
India,NearBook,,Think and grow rich by napoleon hill,,0,INR 150,https://nearbook.app/book/3921014,2026-05-03T22:41:37.968206,
India,NearBook,,English Language ICSE,,0,INR 119,https://nearbook.app/book/3921012,2026-05-03T22:41:38.248838,
India,NearBook,,math,NCRT,0,INR 50,https://nearbook.app/book/3921011,2026-05-03T22:41:38.530514,
India,NearBook,,Information technology (level-2),,0,INR 600,https://nearbook.app/book/3921010,2026-05-03T22:41:38.915158,
India,NearBook,,mathematics 8 th class,,0,INR 120,https://nearbook.app/book/3921009,2026-05-03T22:41:39.195869,
India,NearBook,,sanskrit,"class7
vindaka",0,INR 150,https://nearbook.app/book/3921008,2026-05-03T22:41:39.477338,
India,NearBook,,History and Civics,,0,INR 35,https://nearbook.app/book/3921007,2026-05-03T22:41:39.757690,
India,NearBook,,English kumarbharti Chetana workbook,,0,INR 200,https://nearbook.app/book/3921006,2026-05-03T22:41:40.037282,
India,NearBook,,self help for biology,,0,INR 400,https://nearbook.app/book/3921005,2026-05-03T22:41:41.607903,
India,NearBook,,mathematics,J.p mohindru,0,INR 200,https://nearbook.app/book/3921004,2026-05-03T22:41:41.889573,
India,NearBook,,physics part 2,NCRT,0,INR 70,https://nearbook.app/book/3921003,2026-05-03T22:41:42.169994,
India,NearBook,,shommanito pach nobir jibon kotha,,0,INR 150,https://nearbook.app/book/3921002,2026-05-03T22:41:42.450276,
India,NearBook,,go green,"srjav agarwal 



.



arjav agarwal",0,INR 50,https://nearbook.app/book/3921001,2026-05-03T22:41:42.730726,
India,NearBook,,computer science,Arijinder Singh,0,INR 150,https://nearbook.app/book/3921000,2026-05-03T22:41:43.017576,
India,NearBook,,business studies,rk sharma,0,INR 200,https://nearbook.app/book/3920999,2026-05-03T22:41:43.301464,
India,NearBook,,Geography,,0,INR 40,https://nearbook.app/book/3920998,2026-05-03T22:41:43.582483,
India,NearBook,,mathematics class 11 ncert,,0,INR 95,https://nearbook.app/book/3920997,2026-05-03T22:41:43.936937,
India,NearBook,,julius caser self help,,0,INR 400,https://nearbook.app/book/3920996,2026-05-03T22:41:44.217786,
India,NearBook,,Book-Keeping & Accountancy XII,,0,INR 70,https://nearbook.app/book/3920995,2026-05-03T22:41:44.497626,
India,NearBook,,discovery and learn,,0,INR 20,https://nearbook.app/book/3920994,2026-05-03T22:41:44.854741,
India,NearBook,,physics part 1,NCRT,0,INR 60,https://nearbook.app/book/3920993,2026-05-03T22:41:46.485718,
India,NearBook,,EVS ICSE,,0,INR 99,https://nearbook.app/book/3920992,2026-05-03T22:41:46.767531,
India,NearBook,,Marathi sulbharati,,0,INR 40,https://nearbook.app/book/3920991,2026-05-03T22:41:47.047307,
India,NearBook,,Chemistry Icse,Meeta Sharma,0,INR 150,https://nearbook.app/book/3920990,2026-05-03T22:41:47.327707,
India,NearBook,,bengali,Dr.amul pal,0,INR 140,https://nearbook.app/book/3920989,2026-05-03T22:41:47.608747,
India,NearBook,,Chemistry By Prober,"Chemistry Obkective, Powered By Prober, Gujarati Medium, Condition Intact",0,INR 199,https://nearbook.app/book/3920988,2026-05-03T22:41:47.926994,
India,NearBook,,Mathematics class 7 Rs aggarwal,,0,INR 250,https://nearbook.app/book/3920987,2026-05-03T22:41:48.210300,
India,NearBook,,THE HOUND OF THE BASKERVILLES,,0,INR 50,https://nearbook.app/book/3920986,2026-05-03T22:41:48.492556,
India,NearBook,,English Balbharti,,0,INR 50,https://nearbook.app/book/3920985,2026-05-03T22:41:48.771853,
India,NearBook,,chem self help,,0,INR 385,https://nearbook.app/book/3920984,2026-05-03T22:41:49.053595,
India,NearBook,,English,NCRT,0,INR 50,https://nearbook.app/book/3920983,2026-05-03T22:41:49.359712,
India,NearBook,,business studies,rk sharma,0,INR 200,https://nearbook.app/book/3920982,2026-05-03T22:41:49.639873,
India,NearBook,,sst,,0,INR 20,https://nearbook.app/book/3920981,2026-05-03T22:41:51.213111,
India,NearBook,,Biology part 3,LAKHMIR SINGH,0,INR 200,https://nearbook.app/book/3920980,2026-05-03T22:41:51.498386,
India,NearBook,,Pol science,j.s badyal,0,INR 250,https://nearbook.app/book/3920979,2026-05-03T22:41:51.813406,
India,NearBook,,pochij jon nobi o rasul sallallahu alaihi wasallam ar jiboni,,0,INR 200,https://nearbook.app/book/3920978,2026-05-03T22:41:52.692753,
India,NearBook,,Bengali,Dr.amul pal,0,INR 190,https://nearbook.app/book/3920977,2026-05-03T22:41:52.983788,
India,NearBook,,English,,0,INR 40,https://nearbook.app/book/3920976,2026-05-03T22:41:53.267043,
India,NearBook,,sst,,0,INR 120,https://nearbook.app/book/3920975,2026-05-03T22:41:53.560907,
India,NearBook,,math,ritik,0,INR 20,https://nearbook.app/book/3920974,2026-05-03T22:41:53.851704,
India,NearBook,,physics ICSE board,Meeta Sharma,0,INR 150,https://nearbook.app/book/3920972,2026-05-03T22:41:54.145603,
India,NearBook,,Science,Professor vishnu Bhagwan bhatia,0,INR 100,https://nearbook.app/book/3920971,2026-05-03T22:41:54.428824,
India,NearBook,,Biology 1&2 Obkective by Prober,"Part 1 and part 2, Gujarati medium, condition intact.",0,INR 499,https://nearbook.app/book/3920970,2026-05-03T22:41:54.711635,
India,NearBook,,double entry book keeping,t.s. grewal,0,INR 550,https://nearbook.app/book/3920969,2026-05-03T22:41:54.995838,
India,NearBook,,arjuna neet module (new),physics wallah,0,INR 1000,https://nearbook.app/book/3920968,2026-05-03T22:41:56.566606,
India,NearBook,,General Science,,0,INR 60,https://nearbook.app/book/3920967,2026-05-03T22:41:56.848396,
India,NearBook,,math,NCRT,0,INR 70,https://nearbook.app/book/3920966,2026-05-03T22:41:57.130499,
India,NearBook,,THREE MEN BOAT,,0,INR 150,https://nearbook.app/book/3920965,2026-05-03T22:41:57.410799,
India,NearBook,,tech on,ritik,0,INR 0,https://nearbook.app/book/3920964,2026-05-03T22:41:57.693853,
India,NearBook,,DRA,DEBT Recovery,0,INR 250,https://nearbook.app/book/3920963,2026-05-03T22:41:57.977099,
India,NearBook,,English tutor,Dr.Durbadal Datta/Amitesh das,0,INR 250,https://nearbook.app/book/3920962,2026-05-03T22:41:58.261344,
India,NearBook,,Spoken English & Translation rules,S.B.& M.K. Goyal,0,INR 50,https://nearbook.app/book/3920961,2026-05-03T22:41:58.542262,
India,NearBook,,Allen physics module part 1 out of 6,,0,INR 200,https://nearbook.app/book/3920960,2026-05-03T22:41:58.824716,
India,NearBook,,Textbook mathematics ICSE part 2,,0,INR 500,https://nearbook.app/book/3920959,2026-05-03T22:41:59.106067,
India,NearBook,,oliver twist,,0,INR 100,https://nearbook.app/book/3920957,2026-05-03T22:41:59.388896,
India,NearBook,,Self help for Concise mathematics,,0,INR 499,https://nearbook.app/book/3920956,2026-05-03T22:41:59.671060,
India,NearBook,,sparsh,,0,INR 60,https://nearbook.app/book/3920955,2026-05-03T22:42:01.340588,
India,NearBook,,maths,"praveen
praveen",0,INR 800,https://nearbook.app/book/3920954,2026-05-03T22:42:01.622918,
India,NearBook,,30 donot hohoje ingraji hikar hath puthi,,0,INR 40,https://nearbook.app/book/3920953,2026-05-03T22:42:01.956243,
India,NearBook,,english text book,B.d . bhandari,0,INR 100,https://nearbook.app/book/3920952,2026-05-03T22:42:02.264936,
India,NearBook,,Chemistry,B.j,0,INR 145,https://nearbook.app/book/3920951,2026-05-03T22:42:02.546051,
India,NearBook,,Physics Objective By Prober,"Powered By Prober, Objective Part 1  and Part 2, Condition Intact.",0,INR 499,https://nearbook.app/book/3920950,2026-05-03T22:42:02.876538,
India,NearBook,,learning science,ritik,0,INR 49,https://nearbook.app/book/3920949,2026-05-03T22:42:03.157130,
India,NearBook,,fingertips physics,,0,INR 350,https://nearbook.app/book/3920948,2026-05-03T22:42:03.436556,
India,NearBook,,Icse Mathematics,ML Agarwal,0,INR 400,https://nearbook.app/book/3920947,2026-05-03T22:42:03.716463,
India,NearBook,,English tutor,Dr.Durbadal datta/Amitesh das,0,INR 150,https://nearbook.app/book/3920946,2026-05-03T22:42:03.992770,
India,NearBook,,Textbook ICSE mathematics part 1,,0,INR 400,https://nearbook.app/book/3920945,2026-05-03T22:42:04.271482,
India,NearBook,,Book-Keeping & accountancy guide,,0,INR 200,https://nearbook.app/book/3920944,2026-05-03T22:42:04.617335,
India,NearBook,,mathematics rd sharma class 11 v1,r d sharma,0,INR 400,https://nearbook.app/book/3920943,2026-05-03T22:42:06.255800,
India,NearBook,,petals,,0,INR 30,https://nearbook.app/book/3920942,2026-05-03T22:42:06.563038,
India,NearBook,,TREASURE CHEST SELF HELP,,0,INR 400,https://nearbook.app/book/3920941,2026-05-03T22:42:06.870552,
India,NearBook,,workbook new edition english book,Anshu kumar,0,INR 150,https://nearbook.app/book/3920940,2026-05-03T22:42:07.178027,
India,NearBook,,math part 2,NCRT,0,INR 50,https://nearbook.app/book/3920939,2026-05-03T22:42:07.460264,
India,NearBook,,Darshan aev Rachana,ritik,0,INR 49,https://nearbook.app/book/3920938,2026-05-03T22:42:07.792065,
India,NearBook,,science,"NCERT nidhi wadhwa 
nidhi wadhwa",0,INR 50,https://nearbook.app/book/3920937,2026-05-03T22:42:08.082471,
India,NearBook,,Oswaal Science class 10,Oswaal Publishing,0,INR 350,https://nearbook.app/book/3920935,2026-05-03T22:42:08.365596,
India,NearBook,,Physics legend scoring material,Mandana pub,0,INR 100,https://nearbook.app/book/3920934,2026-05-03T22:42:08.648807,
India,NearBook,,class 10 biology latest syllabus,"s chand
s chand",0,INR 400,https://nearbook.app/book/3920933,2026-05-03T22:42:08.930356,
India,NearBook,,Chemistry class 11th JEE,,0,INR 59,https://nearbook.app/book/3920932,2026-05-03T22:42:09.211572,
India,NearBook,,math,NCRT,0,INR 100,https://nearbook.app/book/3920931,2026-05-03T22:42:09.501853,
India,NearBook,,Marathi Yuvakbharati,B.j,0,INR 89,https://nearbook.app/book/3920930,2026-05-03T22:42:11.082256,
India,NearBook,,ICSE question book mathematics,,0,INR 380,https://nearbook.app/book/3920929,2026-05-03T22:42:11.376405,
India,NearBook,,Computer Course,,0,INR 280,https://nearbook.app/book/3920928,2026-05-03T22:42:11.689067,
India,NearBook,,words and expressions 2,,0,INR 65,https://nearbook.app/book/3920927,2026-05-03T22:42:11.990289,
India,NearBook,,mathematics Olympiad level 1,Patel,0,INR 200,https://nearbook.app/book/3920926,2026-05-03T22:42:12.271896,
India,NearBook,,democratic politics 2,ncert,0,INR 120,https://nearbook.app/book/3920925,2026-05-03T22:42:12.552515,
India,NearBook,,Chemistry class 11th JEE,,0,INR 59,https://nearbook.app/book/3920924,2026-05-03T22:42:12.912345,
India,NearBook,,"Mathematics
Mathematics",R S Aggarwal /V Aggarwal,0,INR 300,https://nearbook.app/book/3920923,2026-05-03T22:42:13.195364,
India,NearBook,,Social science,,0,INR 25,https://nearbook.app/book/3920922,2026-05-03T22:42:13.476144,
India,NearBook,,chemistry 120 JEE main,,0,INR 400,https://nearbook.app/book/3920921,2026-05-03T22:42:13.833766,
India,NearBook,,10 YEARS SOLVED QUESTION PAPERS TILL 2025,superior publication,0,INR 699,https://nearbook.app/book/3920920,2026-05-03T22:42:14.116474,
India,NearBook,,NAVNEET Secretarial Practice Digest,"Navneet Education Limited 
Navneet Education Limited",0,INR 100,https://nearbook.app/book/3920919,2026-05-03T22:42:14.397619,
India,NearBook,,NAVNEET Secretarial Practice Digest,"Navneet Education Limited 
Navneet Education Limited",0,INR 100,https://nearbook.app/book/3920919,2026-05-03T22:42:16.059398,
India,NearBook,,English Grammar,B.P.S Bedi,0,INR 300,https://nearbook.app/book/3920918,2026-05-03T22:42:16.341655,
India,NearBook,,computer adhyay,,0,INR 80,https://nearbook.app/book/3920917,2026-05-03T22:42:16.625356,
India,NearBook,,संचयन,,0,INR 30,https://nearbook.app/book/3920916,2026-05-03T22:42:16.911512,
India,NearBook,,english class 10 books guide book,Dr RC Dahiya,0,INR 285,https://nearbook.app/book/3920915,2026-05-03T22:42:17.193507,
India,NearBook,,English grammer,,0,INR 300,https://nearbook.app/book/3920914,2026-05-03T22:42:17.474565,
India,NearBook,,R.D. sharma,,0,INR 300,https://nearbook.app/book/3920913,2026-05-03T22:42:17.755297,
India,NearBook,,Samanya Budhhi abng Tarakshakti Parikshan,R.K. Jha,0,INR 100,https://nearbook.app/book/3920912,2026-05-03T22:42:18.134838,
India,NearBook,,Gyan Ganga,.,0,INR 25,https://nearbook.app/book/3920911,2026-05-03T22:42:18.437052,
India,NearBook,,science book,,0,INR 32.5,https://nearbook.app/book/3920910,2026-05-03T22:42:18.717690,
India,NearBook,,Book-Keeping & Accountancy,,0,INR 120,https://nearbook.app/book/3920909,2026-05-03T22:42:19.001995,
India,NearBook,,FLAMINGO CLASS 12TH ENGLISH,,0,INR 30,https://nearbook.app/book/3920908,2026-05-03T22:42:19.287241,
India,NearBook,,first flight,,0,INR 50,https://nearbook.app/book/3920907,2026-05-03T22:42:20.875005,
India,NearBook,,ganit,,0,INR 350,https://nearbook.app/book/3920906,2026-05-03T22:42:21.155285,
India,NearBook,,8 th class prathm basha hindi,,0,INR 50,https://nearbook.app/book/3920905,2026-05-03T22:42:21.435635,
India,NearBook,,Mathematics and statistics part 1,,0,INR 50,https://nearbook.app/book/3920904,2026-05-03T22:42:21.719229,
India,NearBook,,VISTAS CLASS 12TH,,0,INR 10,https://nearbook.app/book/3920903,2026-05-03T22:42:22.025615,
India,NearBook,,mathematics cet mcq book,target published,0,INR 300,https://nearbook.app/book/3920902,2026-05-03T22:42:22.305912,
India,NearBook,,hindi tanja,anant,0,INR 300,https://nearbook.app/book/3920901,2026-05-03T22:42:22.640174,
India,NearBook,,class 10 Sample paper English,Arihant Prakashan,0,INR 125,https://nearbook.app/book/3920900,2026-05-03T22:42:22.948485,
India,NearBook,,Hindi text book,,0,INR 50,https://nearbook.app/book/3920899,2026-05-03T22:42:23.254423,
India,NearBook,,Hindi vyakaran,,0,INR 32.5,https://nearbook.app/book/3920897,2026-05-03T22:42:23.540260,
India,NearBook,,Samanya Gyan,sadafalzi pablikeshans ranchi,0,INR 375,https://nearbook.app/book/3920896,2026-05-03T22:42:23.822562,
India,NearBook,,Mathematics and statistics part 2,,0,INR 50,https://nearbook.app/book/3920895,2026-05-03T22:42:24.176106,
India,NearBook,,kshitij,,0,INR 30,https://nearbook.app/book/3920894,2026-05-03T22:42:25.787905,
India,NearBook,,vasant part 2 class 8,,0,INR 35,https://nearbook.app/book/3920893,2026-05-03T22:42:26.071967,
India,NearBook,,R.D. Sharma mcq class 10th,,0,INR 200,https://nearbook.app/book/3920892,2026-05-03T22:42:26.434623,
India,NearBook,,Narsing Asistend,Arihant,0,INR 80,https://nearbook.app/book/3920891,2026-05-03T22:42:26.737088,
India,NearBook,,General Foundation course,,0,INR 70,https://nearbook.app/book/3920890,2026-05-03T22:42:27.017355,
India,NearBook,,chemistry,ansh,0,INR 200,https://nearbook.app/book/3920889,2026-05-03T22:42:27.298827,
India,NearBook,,English Yuvakbharati,B.j,0,INR 98,https://nearbook.app/book/3920888,2026-05-03T22:42:27.658788,
India,NearBook,,Sample paper Maths class 10,Arihant Prakashan,0,INR 125,https://nearbook.app/book/3920887,2026-05-03T22:42:27.965765,
India,NearBook,,Hindi vyakaran book,,0,INR 250,https://nearbook.app/book/3920886,2026-05-03T22:42:28.271945,
India,NearBook,,chemistry JEE Mains,,0,INR 150,https://nearbook.app/book/3920885,2026-05-03T22:42:28.579962,
India,NearBook,,Mental Mathematics,Mandira Biswas,0,INR 160,https://nearbook.app/book/3920884,2026-05-03T22:42:28.887454,
India,NearBook,,English Yuvakbharrti,,0,INR 50,https://nearbook.app/book/3920883,2026-05-03T22:42:29.169609,
India,NearBook,,English mastermind,Chitra Prakashan,0,INR 60,https://nearbook.app/book/3920882,2026-05-03T22:42:31.446843,
India,NearBook,,WORLD HISTORY AND POST-INDEPENDENCE HISTORY,GOPI,0,INR 500,https://nearbook.app/book/3920881,2026-05-03T22:42:31.753992,
India,NearBook,,English textbook,NCRT,0,INR 50,https://nearbook.app/book/3920880,2026-05-03T22:42:32.043509,
India,NearBook,,Sample paper class 10 Science,Arihant Prakashan,0,INR 125,https://nearbook.app/book/3920879,2026-05-03T22:42:32.331733,
India,NearBook,,english full PDF,english,0,INR 70,https://nearbook.app/book/3920878,2026-05-03T22:42:32.676313,
India,NearBook,,maths marvel,,0,INR 200,https://nearbook.app/book/3920877,2026-05-03T22:42:32.963329,
India,NearBook,,"Chemistry Part 2 Class 10 S.Chand, Lakhmir Singh, Manjit Kaur, 2017
Pattern As Per NCERT/CBSE Syllabus","LAKHMIR SINGH, MANJIT KAUR",0,INR 199,https://nearbook.app/book/3920876,2026-05-03T22:42:33.254847,
India,NearBook,,biology,ansh,0,INR 150,https://nearbook.app/book/3920875,2026-05-03T22:42:33.596968,
India,NearBook,,English literature book Santoor,,0,INR 32.5,https://nearbook.app/book/3920874,2026-05-03T22:42:33.886077,
India,NearBook,,Practical book mathematics and statistics,,0,INR 20,https://nearbook.app/book/3920873,2026-05-03T22:42:34.211510,
India,NearBook,,Sample paper class 10 social science,Arihant Prakashan,0,INR 125,https://nearbook.app/book/3920872,2026-05-03T22:42:34.523896,
India,NearBook,,Hindi vyakaran,meeta gupta,0,INR 210,https://nearbook.app/book/3920871,2026-05-03T22:42:34.826103,
India,NearBook,,"INDIA AND THE CONTEMPORARY WORLD 
NCERT CLASS 9",,0,INR 0,https://nearbook.app/book/3920870,2026-05-03T22:42:36.464262,
India,NearBook,,mathematics part 2std 11 target digest,,0,INR 300,https://nearbook.app/book/3920869,2026-05-03T22:42:36.771362,
India,NearBook,,Treasure chest,,0,INR 20,https://nearbook.app/book/3920868,2026-05-03T22:42:37.064735,
India,NearBook,,u-like sample paper and model test paper,best book publishing house,0,INR 150,https://nearbook.app/book/3920867,2026-05-03T22:42:37.386174,
India,NearBook,,APC (ML Aggarwal ),ML Aggarwal,0,INR 350,https://nearbook.app/book/3920866,2026-05-03T22:42:37.693328,
India,NearBook,,English question bank,keshav,0,INR 15,https://nearbook.app/book/3920865,2026-05-03T22:42:37.978959,
India,NearBook,,Book keeping and accounting,,0,INR 50,https://nearbook.app/book/3920864,2026-05-03T22:42:38.263826,
India,NearBook,,English literature book,Anahita lee and Ashima bath,0,INR 295,https://nearbook.app/book/3920863,2026-05-03T22:42:38.548291,
India,NearBook,,Mathematics and Statistics part 2,-,0,INR 115,https://nearbook.app/book/3920862,2026-05-03T22:42:38.832459,
India,NearBook,,21 questions sets (science part 2),,0,INR 49,https://nearbook.app/book/3920861,2026-05-03T22:42:39.126593,
India,NearBook,,mathematics std 11 target digest part -1(for science ),,0,INR 300,https://nearbook.app/book/3920860,2026-05-03T22:42:39.410763,
India,NearBook,,physics (ભૌતિક વિજ્ઞાન),this book about subject of physics for NEET &JEE and real price is 1600 ₹,0,INR 569,https://nearbook.app/book/3920859,2026-05-03T22:42:39.694467,
India,NearBook,,cbse question bank,,0,INR 0,https://nearbook.app/book/3920858,2026-05-03T22:42:41.287669,
India,NearBook,,Commercial Studies ICSE,,0,INR 249,https://nearbook.app/book/3920857,2026-05-03T22:42:41.584256,
India,NearBook,,NCERT CLASS 9 POLITICAL SCIENCE,,0,INR 50,https://nearbook.app/book/3920856,2026-05-03T22:42:41.869411,
India,NearBook,,Vidya of class 10th up board,MADHYAMIK SHIKSHA PARISHAD UTTAR PRADESH PRAYAGRAJ,0,INR 99,https://nearbook.app/book/3920855,2026-05-03T22:42:42.198357,
India,NearBook,,u-like model test paper and sample paper,best book publishing house,0,INR 100,https://nearbook.app/book/3920854,2026-05-03T22:42:42.482602,
India,NearBook,,अर्थशास्त्र मास्टरमाइंड,Avtar,0,INR 60,https://nearbook.app/book/3920853,2026-05-03T22:42:42.810175,
India,NearBook,,business studies,R.k.singla,0,INR 350,https://nearbook.app/book/3920852,2026-05-03T22:42:43.120375,
India,NearBook,,Samanya Gyan,,0,INR 100,https://nearbook.app/book/3920851,2026-05-03T22:42:43.430363,
India,NearBook,,information and technology,,0,INR 50,https://nearbook.app/book/3920850,2026-05-03T22:42:43.714576,
India,NearBook,,physics material junior,,0,INR 150,https://nearbook.app/book/3920849,2026-05-03T22:42:43.999044,
India,NearBook,,NCERT ECONOMICS CLASS 9,,0,INR 30,https://nearbook.app/book/3920847,2026-05-03T22:42:44.282822,
India,NearBook,,organisations of commerce and management,,0,INR 50,https://nearbook.app/book/3920846,2026-05-03T22:42:44.566844,
India,NearBook,,social science 8,,0,INR 75,https://nearbook.app/book/3920845,2026-05-03T22:42:46.192254,
India,NearBook,,english balbharati,,0,INR 71,https://nearbook.app/book/3920844,2026-05-03T22:42:46.478763,
India,NearBook,,सामान्य हिंदी mastermind,चित्रा प्रकाशन,0,INR 60,https://nearbook.app/book/3920842,2026-05-03T22:42:46.807197,
India,NearBook,,Treasure chest,,0,INR 50,https://nearbook.app/book/3920841,2026-05-03T22:42:47.090544,
India,NearBook,,great short stories by herman melville,,0,INR 10,https://nearbook.app/book/3920840,2026-05-03T22:42:47.420639,
India,NearBook,,english guide,"B.D.bhandari 
B.D bhandari",0,INR 300,https://nearbook.app/book/3920839,2026-05-03T22:42:47.728455,
India,NearBook,,kritika,,0,INR 30,https://nearbook.app/book/3920838,2026-05-03T22:42:48.014055,
India,NearBook,,chemistry part -1,NCERT,0,INR 100,https://nearbook.app/book/3920837,2026-05-03T22:42:48.342508,
India,NearBook,,vartika,,0,INR 1,https://nearbook.app/book/3920836,2026-05-03T22:42:48.649289,
India,NearBook,,NCERT CLASS 8 GEOGRAPHY (COVERED),,0,INR 30,https://nearbook.app/book/3920835,2026-05-03T22:42:48.958927,
India,NearBook,,Hindi literature book,,0,INR 249,https://nearbook.app/book/3920834,2026-05-03T22:42:49.268765,
India,NearBook,,computer byte,Aanchal jain,0,INR 80,https://nearbook.app/book/3920833,2026-05-03T22:42:49.571343,
India,NearBook,,English,,0,INR 240,https://nearbook.app/book/3920832,2026-05-03T22:42:51.210780,
India,NearBook,,ENGLISH,,0,INR 300,https://nearbook.app/book/3920831,2026-05-03T22:42:51.517551,
India,NearBook,,chemistry part 1,class 11,0,INR 170,https://nearbook.app/book/3920830,2026-05-03T22:42:51.824609,
India,NearBook,,shemushi ( sanskrit ),,0,INR 30,https://nearbook.app/book/3920829,2026-05-03T22:42:52.132024,
India,NearBook,,economic standard 12,,0,INR 25,https://nearbook.app/book/3920828,2026-05-03T22:42:52.435621,
India,NearBook,,cbse question bank,,0,INR 0,https://nearbook.app/book/3920827,2026-05-03T22:42:52.748163,
India,NearBook,,bansuri,,0,INR 65,https://nearbook.app/book/3920826,2026-05-03T22:42:53.055409,
India,NearBook,,History & Civics ICSE,,0,INR 199,https://nearbook.app/book/3920825,2026-05-03T22:42:53.341970,
India,NearBook,,statistics for economics,T.R. jain V.k. ohri,0,INR 350,https://nearbook.app/book/3920824,2026-05-03T22:42:53.667913,
India,NearBook,,management accounting,Ts Grewal,0,INR 200,https://nearbook.app/book/3920823,2026-05-03T22:42:53.974665,
India,NearBook,,व्यवसायिक अध्ययन,Avtar mastermind,0,INR 60,https://nearbook.app/book/3920822,2026-05-03T22:42:54.264478,
India,NearBook,,ATLAS,,0,INR 170,https://nearbook.app/book/3920821,2026-05-03T22:42:54.589274,
India,NearBook,,Question bank MPC junior,,0,INR 50,https://nearbook.app/book/3920820,2026-05-03T22:42:56.227586,
India,NearBook,,Concise Biology,,0,INR 500,https://nearbook.app/book/3920819,2026-05-03T22:42:56.540141,
India,NearBook,,Chemistry NCERT part-2,,0,INR 100,https://nearbook.app/book/3920818,2026-05-03T22:42:56.842023,
India,NearBook,,phisics,NCERT,0,INR 80,https://nearbook.app/book/3920817,2026-05-03T22:42:57.125442,
India,NearBook,,six o clock tales,,0,INR 50,https://nearbook.app/book/3920816,2026-05-03T22:42:57.456683,
India,NearBook,,NCERT SCIENCE CLASS 9,,0,INR 60,https://nearbook.app/book/3920815,2026-05-03T22:42:57.765052,
India,NearBook,,economic standard 12,,0,INR 30,https://nearbook.app/book/3920814,2026-05-03T22:42:58.070792,
India,NearBook,,computer science,,0,INR 60,https://nearbook.app/book/3920813,2026-05-03T22:42:58.354594,
India,NearBook,,लेखाशास्त्र,चित्रा प्रकाशन,0,INR 60,https://nearbook.app/book/3920812,2026-05-03T22:42:58.690784,
India,NearBook,,Beehive,,0,INR 40,https://nearbook.app/book/3920811,2026-05-03T22:42:58.993554,
India,NearBook,,In Her Defence,,0,INR 300,https://nearbook.app/book/3920810,2026-05-03T22:42:59.300146,
India,NearBook,,a modern approach to verbal & non- verbal reasoning,Dr. R.S. Aggrawal,0,INR 400,https://nearbook.app/book/3920809,2026-05-03T22:42:59.607503,
India,NearBook,,a modern approach to verbal & non- verbal reasoning,Dr. R.S. Aggrawal,0,INR 400,https://nearbook.app/book/3920809,2026-05-03T22:43:01.198051,
India,NearBook,,English ( pariksha adhyayan),shivlal Agarwal & co.,0,INR 80,https://nearbook.app/book/3920807,2026-05-03T22:43:01.552361,
India,NearBook,,chemistry NCERT part-1,,0,INR 100,https://nearbook.app/book/3920806,2026-05-03T22:43:01.859733,
India,NearBook,,lab manual (ratna sagar),,0,INR 200,https://nearbook.app/book/3920805,2026-05-03T22:43:02.144573,
India,NearBook,,mathematic,,0,INR 32.5,https://nearbook.app/book/3920804,2026-05-03T22:43:02.428776,
India,NearBook,,NCERT SCIENCE CLASS 8TH (COVERED),,0,INR 40,https://nearbook.app/book/3920803,2026-05-03T22:43:02.713236,
India,NearBook,,physical education,saraswati,0,INR 200,https://nearbook.app/book/3920802,2026-05-03T22:43:02.997664,
India,NearBook,,रसायनशास्त्र 2,,0,INR 200,https://nearbook.app/book/3920801,2026-05-03T22:43:03.283830,
India,NearBook,,COMPUTER,navneet,0,INR 200,https://nearbook.app/book/3920800,2026-05-03T22:43:03.568100,
India,NearBook,,shemushi ( sanskrit ),,0,INR 40,https://nearbook.app/book/3920799,2026-05-03T22:43:03.853095,
India,NearBook,,chemistry part -2,NCERT,0,INR 90,https://nearbook.app/book/3920798,2026-05-03T22:43:04.138000,
India,NearBook,,CLASS-XII COMPUTER SCIENCE,SUMITA ARORA,0,INR 600,https://nearbook.app/book/3920797,2026-05-03T22:43:04.421754,
India,NearBook,,chemistry part 2,class 12,0,INR 175,https://nearbook.app/book/3920796,2026-05-03T22:43:06.061740,
India,NearBook,,great expectations,,0,INR 50,https://nearbook.app/book/3920795,2026-05-03T22:43:06.366549,
India,NearBook,,Sahitya Sagar (Hindi) ICSE Digest,,0,INR 109,https://nearbook.app/book/3920794,2026-05-03T22:43:06.673624,
India,NearBook,,PHYSICS XI,,0,INR 392,https://nearbook.app/book/3920793,2026-05-03T22:43:06.980645,
India,NearBook,,Geography,NCERT,0,INR 50,https://nearbook.app/book/3920792,2026-05-03T22:43:07.287715,
India,NearBook,,Concepts of physics -hc verma IIT JEE,,0,INR 200,https://nearbook.app/book/3920791,2026-05-03T22:43:07.595124,
India,NearBook,,Akshar Deepika,sameer,0,INR 300,https://nearbook.app/book/3920790,2026-05-03T22:43:07.898838,
India,NearBook,,General knowledge,Dr. Binay Karna,0,INR 200,https://nearbook.app/book/3920789,2026-05-03T22:43:08.183657,
India,NearBook,,NCERT CLASS 9 MATHS,,0,INR 60,https://nearbook.app/book/3920788,2026-05-03T22:43:09.309440,
India,NearBook,,BHARAT KI KHOJ,Shreeraj ranjane,0,INR 50,https://nearbook.app/book/3920787,2026-05-03T22:43:09.643380,
India,NearBook,,lucknow university BA entrance exam also for national pg and IT college,,0,INR 100,https://nearbook.app/book/3920786,2026-05-03T22:43:09.949628,
India,NearBook,,Our Pasts - |||,,0,INR 79,https://nearbook.app/book/3920785,2026-05-03T22:43:10.360049,
India,NearBook,,fundamental of costing and auditing,,0,INR 50,https://nearbook.app/book/3920783,2026-05-03T22:43:11.998611,
India,NearBook,,chemistry Text book,,0,INR 50,https://nearbook.app/book/3920782,2026-05-03T22:43:12.299540,
India,NearBook,,hamari duniya,,0,INR 160,https://nearbook.app/book/3920781,2026-05-03T22:43:12.612462,
India,NearBook,,Malgudi Days (Rapid Reading) ICSE,,0,INR 109,https://nearbook.app/book/3920780,2026-05-03T22:43:12.920107,
India,NearBook,,social science paper 2026,Mp board,0,INR 6,https://nearbook.app/book/3920779,2026-05-03T22:43:13.226848,
India,NearBook,,Math's,Vansh soni,0,INR 200,https://nearbook.app/book/3920778,2026-05-03T22:43:13.534329,
India,NearBook,,chemistry,NCERT,0,INR 80,https://nearbook.app/book/3920777,2026-05-03T22:43:13.841939,
India,NearBook,,physical education,,0,INR 65,https://nearbook.app/book/3920776,2026-05-03T22:43:14.137412,
India,NearBook,,hindi grammar (alok brothers),,0,INR 200,https://nearbook.app/book/3920775,2026-05-03T22:43:14.433594,
India,NearBook,,mathematics,ncert,0,INR 100,https://nearbook.app/book/3920774,2026-05-03T22:43:14.730384,
India,NearBook,,Living maths textbook 8th,Shreeraj ranjane,0,INR 400,https://nearbook.app/book/3920773,2026-05-03T22:43:15.069923,
India,NearBook,,"सामाजिक, आर्थिक ASA एवं राजनीतिक जीवन भाग-2",,0,INR 150,https://nearbook.app/book/3920772,2026-05-03T22:43:15.364894,
India,NearBook,,computer book,,0,INR 140,https://nearbook.app/book/3920771,2026-05-03T22:43:17.017833,
India,NearBook,,Chemistry part 2,Vansh soni,0,INR 150,https://nearbook.app/book/3920770,2026-05-03T22:43:17.328629,
India,NearBook,,CLASS-XII PHYSICS part-I,NCERT,0,INR 200,https://nearbook.app/book/3920769,2026-05-03T22:43:17.624895,
India,NearBook,,Arc Learning,Gagan Agarwal,0,INR 200,https://nearbook.app/book/3920768,2026-05-03T22:43:17.937441,
India,NearBook,,chemistry record book (GR bathlal),,0,INR 190,https://nearbook.app/book/3920767,2026-05-03T22:43:18.234511,
India,NearBook,,Moments,,0,INR 30,https://nearbook.app/book/3920766,2026-05-03T22:43:18.551619,
India,NearBook,,Lollipop,Mukesh kumar,0,INR 229,https://nearbook.app/book/3920765,2026-05-03T22:43:18.859262,
India,NearBook,,"RD SHARMA CLASS 10TH 
HARD BINDED",,0,INR 350,https://nearbook.app/book/3920764,2026-05-03T22:43:19.165134,
India,NearBook,,Malgudi Days ( Rapid Reading),,0,INR 119,https://nearbook.app/book/3920763,2026-05-03T22:43:19.463621,
India,NearBook,,physics galaxy latest edition,Ashish Arora,0,INR 1800,https://nearbook.app/book/3920762,2026-05-03T22:43:19.781655,
India,NearBook,,Hindi1,,0,INR 200,https://nearbook.app/book/3920761,2026-05-03T22:43:20.077366,
India,NearBook,,Marathi XI,,0,INR 50,https://nearbook.app/book/3920760,2026-05-03T22:43:20.394774,
India,NearBook,,Malhar,dinesh prasad saklani,0,INR 100,https://nearbook.app/book/3920758,2026-05-03T22:43:22.022936,
India,NearBook,,chemistry,NCERT,0,INR 100,https://nearbook.app/book/3920757,2026-05-03T22:43:22.319823,
India,NearBook,,akshara vikasam,krishna bhai,0,INR 10,https://nearbook.app/book/3920756,2026-05-03T22:43:22.653784,
India,NearBook,,rapidex english speaking course,,0,INR 100,https://nearbook.app/book/3920755,2026-05-03T22:43:23.058250,
India,NearBook,,physical and education,N padma,0,INR 150,https://nearbook.app/book/3920754,2026-05-03T22:43:23.364578,
India,NearBook,,oswaal book class 10th,oswaal,0,INR 400,https://nearbook.app/book/3920753,2026-05-03T22:43:23.671747,
India,NearBook,,Chemistry part 1,Vansh soni,0,INR 200,https://nearbook.app/book/3920751,2026-05-03T22:43:23.979347,
India,NearBook,,EVS Digest ICSE,,0,INR 49,https://nearbook.app/book/3920750,2026-05-03T22:43:24.286545,
India,NearBook,,Hindi1,,0,INR 200,https://nearbook.app/book/3920749,2026-05-03T22:43:24.593837,
India,NearBook,,laboratory Manual for mathematics,Shreeraj ranjane,0,INR 399,https://nearbook.app/book/3920747,2026-05-03T22:43:24.892566,
India,NearBook,,chemistry part 2 NCERT,class 11,0,INR 150,https://nearbook.app/book/3920746,2026-05-03T22:43:25.207819,
India,NearBook,,Total history&civics Digest ICSE,,0,INR 349,https://nearbook.app/book/3920745,2026-05-03T22:43:25.515488,
India,NearBook,,social science textbook part 1,,0,INR 0,https://nearbook.app/book/3920744,2026-05-03T22:43:27.121048,
India,NearBook,,fast track vastunishta ankganit,Richa Agarwal,0,INR 400,https://nearbook.app/book/3920743,2026-05-03T22:43:27.460353,
India,NearBook,,MATHEMATICS CLASS XI,,0,INR 180,https://nearbook.app/book/3920742,2026-05-03T22:43:27.768756,
India,NearBook,,English Yuvabharati standard XI,,0,INR 50,https://nearbook.app/book/3920741,2026-05-03T22:43:28.075092,
India,NearBook,,math Olympiad,rs Aggarwal and Vikas Agarwal,0,INR 300,https://nearbook.app/book/3920740,2026-05-03T22:43:28.382169,
India,NearBook,,TOTAL ENGLISH (GRAMMAR),,0,INR 130.00,https://nearbook.app/book/3920739,2026-05-03T22:43:28.689265,
India,NearBook,,chemistry part 1 NCERT,class 11,0,INR 150,https://nearbook.app/book/3920738,2026-05-03T22:43:28.997705,
India,NearBook,,Laboratory Manual for Science,Shreeraj ranjane,0,INR 350,https://nearbook.app/book/3920737,2026-05-03T22:43:29.304065,
India,NearBook,,Accountancy Volume 1 T.S Grewal,,0,INR 450,https://nearbook.app/book/3920736,2026-05-03T22:43:29.611842,
India,NearBook,,BA(bachelor’s of arts) BHU15,,0,INR 150,https://nearbook.app/book/3920735,2026-05-03T22:43:29.909618,
India,NearBook,,Last 10 years Solved papers ICSE,,0,INR 379,https://nearbook.app/book/3920734,2026-05-03T22:43:30.204654,
India,NearBook,,mathematics all in one all solution with examples and sample paper previous year question,,0,INR 299,https://nearbook.app/book/3920733,2026-05-03T22:43:30.533469,
India,NearBook,,vitan,,0,INR 20,https://nearbook.app/book/3920732,2026-05-03T22:43:32.159938,
India,NearBook,,social science,,0,INR 277,https://nearbook.app/book/3920731,2026-05-03T22:43:32.455556,
India,NearBook,,physics class 12th chapter 8to16 all mcq,"sanket suryawanshi 
sanket suryawanshi",0,INR 200,https://nearbook.app/book/3920729,2026-05-03T22:43:32.752591,
India,NearBook,,marathi,,0,INR 100,https://nearbook.app/book/3920728,2026-05-03T22:43:33.062593,
India,NearBook,,General English,Arihant Publications,0,INR 250,https://nearbook.app/book/3920727,2026-05-03T22:43:33.400600,
India,NearBook,,physics class 12th chapter 8to16 all mcq,"sanket suryawanshi 
sanket suryawanshi",0,INR 200,https://nearbook.app/book/3920726,2026-05-03T22:43:33.707592,
India,NearBook,,samaj ka bodh,,0,INR 50,https://nearbook.app/book/3920725,2026-05-03T22:43:34.014078,
India,NearBook,,Chemistry Question Bank,sameer,0,INR 250,https://nearbook.app/book/3920724,2026-05-03T22:43:34.321618,
India,NearBook,,"CLASS X IT SUMITA ARORA
CONDITION :- BRAND NEW 
EDITION :- 2022",,0,INR 230,https://nearbook.app/book/3920723,2026-05-03T22:43:34.618901,
India,NearBook,,अर्थशास्त्र,डॉ हरिश्चंद्र शर्मा एवं डॉ मोहन सिंघल,0,INR 250,https://nearbook.app/book/3920722,2026-05-03T22:43:34.935778,
India,NearBook,,english kumarbharati,,0,INR 90,https://nearbook.app/book/3920721,2026-05-03T22:43:35.243027,
India,NearBook,,science matters,,0,INR 500,https://nearbook.app/book/3920720,2026-05-03T22:43:35.550561,
India,NearBook,,Aksharbharti Marathi,,0,INR 30,https://nearbook.app/book/3920719,2026-05-03T22:43:37.191831,
India,NearBook,,physical sciences,"science 
science",0,INR 55,https://nearbook.app/book/3920718,2026-05-03T22:43:37.491408,
India,NearBook,,Ganga Hindi,Ab sri nivas ( Book with cover and brand new without use),0,INR 120,https://nearbook.app/book/3920717,2026-05-03T22:43:37.795096,
India,NearBook,,maths,,0,INR 150,https://nearbook.app/book/3920716,2026-05-03T22:43:38.090164,
India,NearBook,,Biology VK,Salib,0,INR 125,https://nearbook.app/book/3920715,2026-05-03T22:43:38.396324,
India,NearBook,,Mathematics PYQ practice,,0,INR 100,https://nearbook.app/book/3920714,2026-05-03T22:43:38.724575,
India,NearBook,,Economics book,,0,INR 80,https://nearbook.app/book/3920713,2026-05-03T22:43:39.021515,
India,NearBook,,snapshots,,0,INR 30,https://nearbook.app/book/3920711,2026-05-03T22:43:39.338891,
India,NearBook,,social science resource and development geography textbook 9,Shreeraj ranjane,0,INR 45,https://nearbook.app/book/3920710,2026-05-03T22:43:39.647240,
India,NearBook,,Hindi,,0,INR 150,https://nearbook.app/book/3920709,2026-05-03T22:43:39.953639,
India,NearBook,,map practice book,geography and history,0,INR 0,https://nearbook.app/book/3920708,2026-05-03T22:43:40.261946,
India,NearBook,,mathematics by R S Aggarwal,,0,INR 200,https://nearbook.app/book/3920707,2026-05-03T22:43:40.571770,
India,NearBook,,mathematics by R S Aggarwal,,0,INR 200,https://nearbook.app/book/3920707,2026-05-03T22:43:42.206389,
India,NearBook,,Hornbill,,0,INR 50,https://nearbook.app/book/3920705,2026-05-03T22:43:42.510659,
India,NearBook,,science,,0,INR 150,https://nearbook.app/book/3920704,2026-05-03T22:43:42.820918,
India,NearBook,,Hindi Vyakran,,0,INR 199,https://nearbook.app/book/3920703,2026-05-03T22:43:43.128155,
India,NearBook,,botany NCERT Maps,Aakash byjus maps,0,INR 799,https://nearbook.app/book/3920702,2026-05-03T22:43:43.435261,
India,NearBook,,Mathematics VK,Salib,0,INR 125,https://nearbook.app/book/3920701,2026-05-03T22:43:43.742820,
India,NearBook,,Mathematics and Statistics part 1,B.jyosna,0,INR 125,https://nearbook.app/book/3920700,2026-05-03T22:43:44.051897,
India,NearBook,,samajshastra parichay,,0,INR 50,https://nearbook.app/book/3920699,2026-05-03T22:43:44.348741,
India,NearBook,,"Maths, science, social science",RAVI CHANDRAN,0,INR 300,https://nearbook.app/book/3920698,2026-05-03T22:43:44.664206,
India,NearBook,,self development and art appreciation,,0,INR 90,https://nearbook.app/book/3920697,2026-05-03T22:43:44.958324,
India,NearBook,,Exploring society:India and beyond,,0,INR 65,https://nearbook.app/book/3920696,2026-05-03T22:43:45.252998,
India,NearBook,,"Xam Idea Class 10 English(Communicative) 
2025-26",,0,INR 220,https://nearbook.app/book/3920695,2026-05-03T22:43:45.585582,
India,NearBook,,Son chiraiya,Rachna sagar,0,INR 450,https://nearbook.app/book/3920693,2026-05-03T22:43:47.224088,
India,NearBook,,mathematics by R S Aggarwal,,0,INR 250,https://nearbook.app/book/3920692,2026-05-03T22:43:47.531879,
India,NearBook,,ECONOMIC APPLICATIONS,J.P.GOEL,0,INR 150.00,https://nearbook.app/book/3920691,2026-05-03T22:43:47.839102,
India,NearBook,,samajshastra,Dr Anand kumar,0,INR 150,https://nearbook.app/book/3920690,2026-05-03T22:43:48.144128,
India,NearBook,,rs aggarwal,,0,INR 905,https://nearbook.app/book/3920689,2026-05-03T22:43:49.169880,
India,NearBook,,GK book,Bindu banerjee,0,INR 142,https://nearbook.app/book/3920688,2026-05-03T22:43:49.453909,
India,NearBook,,GK,,0,INR 50,https://nearbook.app/book/3920687,2026-05-03T22:43:49.784664,
India,NearBook,,INTRODUCTION TO MICROECONOMICS,,0,INR 400,https://nearbook.app/book/3920686,2026-05-03T22:43:50.097911,
India,NearBook,,rajnitik vigyan - rajnitik sidhant,,0,INR 90,https://nearbook.app/book/3920685,2026-05-03T22:43:50.398822,
India,NearBook,,achiever series chemistry for neet,sameer makandar,0,INR 80,https://nearbook.app/book/3920684,2026-05-03T22:43:50.706013,
India,NearBook,,mathematics,Shrayank,0,INR 100,https://nearbook.app/book/3920683,2026-05-03T22:43:50.989169,
India,NearBook,,Commercial Studies Digest,,0,INR 199,https://nearbook.app/book/3920682,2026-05-03T22:43:51.320047,
India,NearBook,,Multiplication Table learning book 1-40,User,0,INR 100,https://nearbook.app/book/3920681,2026-05-03T22:43:52.958576,
India,NearBook,,English Grammar,,0,INR 120,https://nearbook.app/book/3920680,2026-05-03T22:43:53.240366,
India,NearBook,,accountancy,,0,INR 400,https://nearbook.app/book/3920679,2026-05-03T22:43:53.528637,
India,NearBook,,rajnitik vigyan - bharat ka sanvidhan sidhant aor vyavhar,,0,INR 100,https://nearbook.app/book/3920678,2026-05-03T22:43:53.809103,
India,NearBook,,secondary school mathematics,rs aggarwal,0,INR 400,https://nearbook.app/book/3920677,2026-05-03T22:43:54.188178,
India,NearBook,,ALL IN ONE CLASS 9 SCIENCE,,0,INR 200,https://nearbook.app/book/3920676,2026-05-03T22:43:54.495033,
India,NearBook,,jawahar navodya vidalaya,arihant,0,INR 200,https://nearbook.app/book/3920674,2026-05-03T22:43:54.779217,
India,NearBook,,ALL IN ONE CLASS 9 ENGLISH,,0,INR 200,https://nearbook.app/book/3920673,2026-05-03T22:43:55.110023,
India,NearBook,,Educart One Shot Question Bank for Class 10th Science 2024-25,Prashant Kirad,0,INR 160,https://nearbook.app/book/3920672,2026-05-03T22:43:55.419811,
India,NearBook,,mathematic,RS Aggarwal,0,INR 220,https://nearbook.app/book/3920671,2026-05-03T22:43:55.713790,
India,NearBook,,Aroh,,0,INR 40,https://nearbook.app/book/3920670,2026-05-03T22:43:56.031461,
India,NearBook,,"General Studies -General Science, history, polity, geography, Economics, General Knowledge",Tarun Goyal,0,INR 150,https://nearbook.app/book/3920669,2026-05-03T22:43:56.338192,
India,NearBook,,samajik vigyan - bharat aor samkalin vishv 2,,0,INR 100,https://nearbook.app/book/3920667,2026-05-03T22:43:57.976835,
India,NearBook,,economic,pinki Bhorali,0,INR 400,https://nearbook.app/book/3920666,2026-05-03T22:43:58.284638,
India,NearBook,,डेस वर्क हिंदी,,0,INR 80,https://nearbook.app/book/3920664,2026-05-03T22:43:58.567849,
India,NearBook,,MCQs IN MATHEMATICS CLASS 11 RD SHARMA,"DHANPAT RAI PUBLICATION 
DHANPAT RAI PUBLICATION",0,INR 800,https://nearbook.app/book/3920663,2026-05-03T22:43:58.854283,
India,NearBook,,neet chemistry,"sameer jamalsha makanadar 

sameer makandar",0,INR 50,https://nearbook.app/book/3920662,2026-05-03T22:43:59.137172,
India,NearBook,,St 10 liberty paperset,,0,INR 250,https://nearbook.app/book/3920661,2026-05-03T22:43:59.466888,
India,NearBook,,samajik vigyan - loktantrik rajnitik 2,,0,INR 80,https://nearbook.app/book/3920660,2026-05-03T22:43:59.819874,
India,NearBook,,सामान्य हिंदी,Anant,0,INR 130,https://nearbook.app/book/3920659,2026-05-03T22:44:00.127287,
India,NearBook,,Question bank for class 10 in new condition,oswal book,0,INR 250,https://nearbook.app/book/3920658,2026-05-03T22:44:00.433643,
India,NearBook,,let's learn (Science),,0,INR 200,https://nearbook.app/book/3920657,2026-05-03T22:44:00.720150,
India,NearBook,,Chemistry,Shivlal,0,INR 250,https://nearbook.app/book/3920656,2026-05-03T22:44:01.048467,
India,NearBook,,composite compunik,,0,INR 138,https://nearbook.app/book/3920655,2026-05-03T22:44:01.346834,
India,NearBook,,डेस वर्क विज्ञान,,0,INR 80,https://nearbook.app/book/3920654,2026-05-03T22:44:02.994158,
India,NearBook,,Biostatistics,,0,INR 50,https://nearbook.app/book/3920653,2026-05-03T22:44:03.277344,
India,NearBook,,cet mcq 7000+mcq,sanket suryawanshi,0,INR 500,https://nearbook.app/book/3920652,2026-05-03T22:44:03.558171,
India,NearBook,,Narsing Asistend,"major R.D.Aahluvaliya
R.D. Aahaluvaliya",0,INR 100,https://nearbook.app/book/3920651,2026-05-03T22:44:03.915982,
India,NearBook,,samajik vigyan - arthik vikas ki samajh,,0,INR 70,https://nearbook.app/book/3920650,2026-05-03T22:44:04.223036,
India,NearBook,,cet mcq 7000+mcq,sanket suryawanshi,0,INR 500,https://nearbook.app/book/3920649,2026-05-03T22:44:04.533945,
India,NearBook,,MATHEMATICS CLASS 11 RD SHARMA,DHANPAT RAI PUBLICATION,0,INR 700,https://nearbook.app/book/3920648,2026-05-03T22:44:04.838260,
India,NearBook,,डेस वर्क गणित,,0,INR 80,https://nearbook.app/book/3920647,2026-05-03T22:44:05.120452,
India,NearBook,,ECET Electrical and electronic engineering,,0,INR 550,https://nearbook.app/book/3920646,2026-05-03T22:44:05.452193,
India,NearBook,,S CHAND CLASS 10TH PHYSICS,,0,INR 200,https://nearbook.app/book/3920645,2026-05-03T22:44:05.737439,
India,NearBook,,samajik vigyan - samkalin bharat 2,,0,INR 80,https://nearbook.app/book/3920644,2026-05-03T22:44:06.019343,
India,NearBook,,general studies,,0,INR 50,https://nearbook.app/book/3920643,2026-05-03T22:44:06.301924,
India,NearBook,,डेस वर्क संस्कृत,,0,INR 80,https://nearbook.app/book/3920642,2026-05-03T22:44:07.909478,
India,NearBook,,Quantative Aptitude - Fully Solved,Dr. R. S. Aggarwal,0,INR 200,https://nearbook.app/book/3920641,2026-05-03T22:44:08.190917,
India,NearBook,,NCERT book Sparsh Part 2,,0,INR 120,https://nearbook.app/book/3920640,2026-05-03T22:44:08.480101,
India,NearBook,,science and technology,,0,INR 80,https://nearbook.app/book/3920639,2026-05-03T22:44:08.792512,
India,NearBook,,"CLASS 12TH MATHS NCERT SOLUTIONS AND CHAPTER WISE PYQS , SCANNER MATHEMATICS",,0,INR 150,https://nearbook.app/book/3920637,2026-05-03T22:44:09.073825,
India,NearBook,,science book,Lakhmir singh and manjit kaur,0,INR 267,https://nearbook.app/book/3920636,2026-05-03T22:44:09.445034,
India,NearBook,,maths study material part 1 of Sri Chaitanya techno School,,0,INR 225,https://nearbook.app/book/3920635,2026-05-03T22:44:09.752755,
India,NearBook,,footprints without feet,,0,INR 40,https://nearbook.app/book/3920634,2026-05-03T22:44:10.059781,
India,NearBook,,physics,this book is about physics for neet exam,0,INR 339,https://nearbook.app/book/3920633,2026-05-03T22:44:10.344151,
India,NearBook,,Botany,singh Pandey and jain,0,INR 100,https://nearbook.app/book/3920632,2026-05-03T22:44:10.679136,
India,NearBook,,physics Part 1 digest,,0,INR 180,https://nearbook.app/book/3920631,2026-05-03T22:44:10.981171,
India,NearBook,,the witches,Roald Dahl,0,INR 100,https://nearbook.app/book/3920629,2026-05-03T22:44:11.262469,
India,NearBook,,Marathi sulabharati,,0,INR 48,https://nearbook.app/book/3920628,2026-05-03T22:44:12.903259,
India,NearBook,,computer book of Sri Chaitanya techno School,,0,INR 295,https://nearbook.app/book/3920627,2026-05-03T22:44:13.235678,
India,NearBook,,MATHS BOOK,,0,INR 240,https://nearbook.app/book/3920626,2026-05-03T22:44:13.541950,
India,NearBook,,MATHS BOOK,,0,INR 240,https://nearbook.app/book/3920625,2026-05-03T22:44:13.849070,
India,NearBook,,class 10 mathematics part l,sanket suryawanshi,0,INR 50,https://nearbook.app/book/3920624,2026-05-03T22:44:14.133022,
India,NearBook,,vitan,,0,INR 20,https://nearbook.app/book/3920622,2026-05-03T22:44:14.418747,
India,NearBook,,class 10 mathematics part l,sanket suryawanshi,0,INR 50,https://nearbook.app/book/3920621,2026-05-03T22:44:14.770354,
India,NearBook,,Student Atlas,,0,INR 200,https://nearbook.app/book/3920620,2026-05-03T22:44:15.077355,
India,NearBook,,डेस वर्क सामाजिक विज्ञान की,,0,INR 80,https://nearbook.app/book/3920619,2026-05-03T22:44:15.359305,
India,NearBook,,Biotechnology,RC dubey,0,INR 100,https://nearbook.app/book/3920618,2026-05-03T22:44:15.696159,
India,NearBook,,SST DIGEST,,0,INR 200,https://nearbook.app/book/3920617,2026-05-03T22:44:15.985114,
India,NearBook,,skc saleem sir,,0,INR 300,https://nearbook.app/book/3920616,2026-05-03T22:44:16.267091,
India,NearBook,,Introductory Micro-Economics,,0,INR 300,https://nearbook.app/book/3920615,2026-05-03T22:44:17.917143,
India,NearBook,,The BFG,Roald Dahl,0,INR 100,https://nearbook.app/book/3920614,2026-05-03T22:44:18.200948,
India,NearBook,,zoology NCERT Maps,Aakash byjus maps ❤️,0,INR 799,https://nearbook.app/book/3920613,2026-05-03T22:44:18.559530,
India,NearBook,,chemistry study material of Sri Chaitanya techno School,,0,INR 120,https://nearbook.app/book/3920610,2026-05-03T22:44:18.877082,
India,NearBook,,chemistry scoring package,SRP publication,0,INR 110,https://nearbook.app/book/3920609,2026-05-03T22:44:19.173253,
India,NearBook,,Cell & mol biology,"BD singh

BD Singh",0,INR 100,https://nearbook.app/book/3920608,2026-05-03T22:44:19.480979,
India,NearBook,,NCERT book Sanchayan Part 2,,0,INR 120,https://nearbook.app/book/3920606,2026-05-03T22:44:19.787966,
India,NearBook,,I c technology,,0,INR 160,https://nearbook.app/book/3920604,2026-05-03T22:44:20.095787,
India,NearBook,,JEE ADV VECTORS AND 3-D GEOMETRY,,0,INR 250,https://nearbook.app/book/3920603,2026-05-03T22:44:20.388172,
India,NearBook,,sst,,0,INR 100,https://nearbook.app/book/3920602,2026-05-03T22:44:20.669634,
India,NearBook,,book notes computer science,days,0,INR 100,https://nearbook.app/book/3920601,2026-05-03T22:44:20.988100,
India,NearBook,,E.V.S BOOK,,0,INR 240,https://nearbook.app/book/3920600,2026-05-03T22:44:21.324426,
India,NearBook,,science,Ncert,0,INR 100,https://nearbook.app/book/3920599,2026-05-03T22:44:22.962633,
India,NearBook,,sst,,0,INR 100,https://nearbook.app/book/3920598,2026-05-03T22:44:23.248106,
India,NearBook,,Statistics for Economics,,0,INR 300,https://nearbook.app/book/3920597,2026-05-03T22:44:23.577179,
India,NearBook,,general science practical work book,,0,INR 250,https://nearbook.app/book/3920596,2026-05-03T22:44:23.884029,
India,NearBook,,study material of physics and Sri Chaitanya techno School,,0,INR 140,https://nearbook.app/book/3920595,2026-05-03T22:44:24.191735,
India,NearBook,,shivani engineering student (complete set),,0,INR 250,https://nearbook.app/book/3920594,2026-05-03T22:44:24.499272,
India,NearBook,,life science,,0,INR 400,https://nearbook.app/book/3920593,2026-05-03T22:44:24.806009,
India,NearBook,,sample question paper,Arihant,0,INR 200,https://nearbook.app/book/3920592,2026-05-03T22:44:25.112607,
India,NearBook,,Chemistry part 2,,0,INR 149,https://nearbook.app/book/3920591,2026-05-03T22:44:25.420099,
India,NearBook,,Black pearl gerry arathoon isc english language,gerry arathoon,0,INR 170,https://nearbook.app/book/3920590,2026-05-03T22:44:25.727504,
India,NearBook,,English Vocabulary Book,,0,INR 120,https://nearbook.app/book/3920589,2026-05-03T22:44:26.035321,
India,NearBook,,lakhmir Singh physics class 10 cbse,,0,INR 140,https://nearbook.app/book/3920588,2026-05-03T22:44:26.315789,
India,NearBook,,CENGAGE PHYSICS JEE MAIN,,0,INR 200,https://nearbook.app/book/3920587,2026-05-03T22:44:28.798947,
India,NearBook,,cryptography and network sec6,800,0,INR 900,https://nearbook.app/book/3920586,2026-05-03T22:44:29.090347,
India,NearBook,,rajnitik vigyan sample paper book,arihant,0,INR 350,https://nearbook.app/book/3920585,2026-05-03T22:44:29.379802,
India,NearBook,,quicker math,M tyra K kundan,0,INR 80,https://nearbook.app/book/3920584,2026-05-03T22:44:29.722271,
India,NearBook,,Geography,"Apekshit 
Apekshit",0,INR 60,https://nearbook.app/book/3920582,2026-05-03T22:44:30.130098,
India,NearBook,,English literature,,0,INR 100,https://nearbook.app/book/3920581,2026-05-03T22:44:30.437990,
India,NearBook,,g.k book,,0,INR 135,https://nearbook.app/book/3920580,2026-05-03T22:44:30.744938,
India,NearBook,,book notes,days,0,INR 38,https://nearbook.app/book/3920579,2026-05-03T22:44:31.039546,
India,NearBook,,pw udaan class 10th science (phy+chem+bio) combo,,0,INR 300,https://nearbook.app/book/3920577,2026-05-03T22:44:31.328912,
India,NearBook,,Hornbill For H.S. 1st Year,,0,INR 85,https://nearbook.app/book/3920576,2026-05-03T22:44:31.617201,
India,NearBook,,easy note,,0,INR 0,https://nearbook.app/book/3920573,2026-05-03T22:44:31.973624,
India,NearBook,,books notes,days,0,INR 40,https://nearbook.app/book/3920572,2026-05-03T22:44:32.261144,
India,NearBook,,Poori class 8 English test book,,0,INR 85,https://nearbook.app/book/3920571,2026-05-03T22:44:33.919148,
India,NearBook,,general science practical work book,,0,INR 250,https://nearbook.app/book/3920570,2026-05-03T22:44:34.226348,
India,NearBook,,CLASS-XII COMPUTER SCIENCE with PYTHON,SUMITA ARORA,0,INR 600,https://nearbook.app/book/3920569,2026-05-03T22:44:34.537503,
India,NearBook,,AFCAT Practice Sets,Arihant Publication,0,INR 100,https://nearbook.app/book/3920568,2026-05-03T22:44:34.841488,
India,NearBook,,Geography,,0,INR 50,https://nearbook.app/book/3920567,2026-05-03T22:44:35.128227,
India,NearBook,,BIOTECHNOLOGY,BD singh,0,INR 100,https://nearbook.app/book/3920566,2026-05-03T22:44:35.455462,
India,NearBook,,general science practical work book,,0,INR 250,https://nearbook.app/book/3920564,2026-05-03T22:44:35.744410,
India,NearBook,,Hindi sample paper book,Oswal,0,INR 200,https://nearbook.app/book/3920562,2026-05-03T22:44:36.069605,
India,NearBook,,geography digest,,0,INR 70,https://nearbook.app/book/3920561,2026-05-03T22:44:36.376646,
India,NearBook,,navneet book,sanket suryawanshi,0,INR 70,https://nearbook.app/book/3920560,2026-05-03T22:44:36.664416,
India,NearBook,,Britanica Encyclopaedia,,0,INR 1000,https://nearbook.app/book/3920559,2026-05-03T22:44:36.992171,
India,NearBook,,navneet book,sanket suryawanshi,0,INR 70,https://nearbook.app/book/3920557,2026-05-03T22:44:37.298354,
India,NearBook,,Hindi Grammar,,0,INR 80,https://nearbook.app/book/3920556,2026-05-03T22:44:38.936285,
India,NearBook,,Treasure chest part 2 class 10 icse,,0,INR 50,https://nearbook.app/book/3920555,2026-05-03T22:44:39.228269,
India,NearBook,,book notes,days,0,INR 40,https://nearbook.app/book/3920554,2026-05-03T22:44:39.515046,
India,NearBook,,Hindi Grammar,,0,INR 80,https://nearbook.app/book/3920553,2026-05-03T22:44:39.803922,
India,NearBook,,education,mastermind,0,INR 100,https://nearbook.app/book/3920552,2026-05-03T22:44:40.089477,
India,NearBook,,study material of biology and Sri Chaitanya techno School book,,0,INR 150,https://nearbook.app/book/3920551,2026-05-03T22:44:40.373462,
India,NearBook,,history,,0,INR 300,https://nearbook.app/book/3920550,2026-05-03T22:44:40.658929,
India,NearBook,,Snapshots for H.S. 1st Year,,0,INR 50,https://nearbook.app/book/3920549,2026-05-03T22:44:40.943255,
India,NearBook,,classmate,,0,INR 0,https://nearbook.app/book/3920548,2026-05-03T22:44:41.292366,
India,NearBook,,"Math,wizard.",,0,INR 150,https://nearbook.app/book/3920547,2026-05-03T22:44:41.599770,
India,NearBook,,neet modules for 11th &12th,,0,INR 8000,https://nearbook.app/book/3920546,2026-05-03T22:44:41.906446,
India,NearBook,,pw udaan class 10th chemistry,,0,INR 100,https://nearbook.app/book/3920545,2026-05-03T22:44:42.316219,
India,NearBook,,BIOCHEMISTRY,,0,INR 100,https://nearbook.app/book/3920544,2026-05-03T22:44:43.955411,
India,NearBook,,Sanskrit class-5,,0,INR 40,https://nearbook.app/book/3920543,2026-05-03T22:44:44.262316,
India,NearBook,,navneet std lx book second semester,sanket,0,INR 70,https://nearbook.app/book/3920542,2026-05-03T22:44:44.569733,
India,NearBook,,Maths NCERT,,0,INR 150,https://nearbook.app/book/3920541,2026-05-03T22:44:44.876531,
India,NearBook,,maths margadarshika std 8th,,0,INR 50,https://nearbook.app/book/3920540,2026-05-03T22:44:45.183436,
India,NearBook,,sst,,0,INR 50,https://nearbook.app/book/3920539,2026-05-03T22:44:45.486619,
India,NearBook,,Book Notes,days,0,INR 45,https://nearbook.app/book/3920538,2026-05-03T22:44:45.797492,
India,NearBook,,english bal bharati,,0,INR 71,https://nearbook.app/book/3920537,2026-05-03T22:44:46.106126,
India,NearBook,,History 6th,,0,INR 50,https://nearbook.app/book/3920535,2026-05-03T22:44:46.411770,
India,NearBook,,MAT,,0,INR 100,https://nearbook.app/book/3920534,2026-05-03T22:44:46.702455,
India,NearBook,,Basic ICSE Physics lab manual class 9,,0,INR 330,https://nearbook.app/book/3920533,2026-05-03T22:44:46.990761,
India,NearBook,,English book,,0,INR 360,https://nearbook.app/book/3920532,2026-05-03T22:44:47.279960,
India,NearBook,,Mathematics for CDS entrance exam,S. Chand,0,INR 280,https://nearbook.app/book/3920531,2026-05-03T22:44:48.954982,
India,NearBook,,Navneet science std 10 biology,,0,INR 149,https://nearbook.app/book/3920530,2026-05-03T22:44:49.279410,
India,NearBook,,Plant physiology,V.K jain,0,INR 50,https://nearbook.app/book/3920529,2026-05-03T22:44:49.586823,
India,NearBook,,third language Kannada testbook of Sri Chaitanya techno School,,0,INR 110,https://nearbook.app/book/3920528,2026-05-03T22:44:49.893876,
India,NearBook,,अतीत से वर्त्तमान,,0,INR 160,https://nearbook.app/book/3920527,2026-05-03T22:44:50.182170,
India,NearBook,,examination guide,,0,INR 500,https://nearbook.app/book/3920525,2026-05-03T22:44:50.471695,
India,NearBook,,Sahitya Saurav,,0,INR 100,https://nearbook.app/book/3920524,2026-05-03T22:44:50.820352,
India,NearBook,,english bubble class -5,,0,INR 50,https://nearbook.app/book/3920523,2026-05-03T22:44:51.109928,
India,NearBook,,chemistry Navneet digest part 1,,0,INR 100,https://nearbook.app/book/3920522,2026-05-03T22:44:51.430452,
India,NearBook,,pw udaan class 10th maths part (A+B)both,,0,INR 250,https://nearbook.app/book/3920521,2026-05-03T22:44:51.737077,
India,NearBook,,paper 2 margadarshika std 8th,,0,INR 90,https://nearbook.app/book/3920520,2026-05-03T22:44:52.025574,
India,NearBook,,"Math,wizard.",,0,INR 150,https://nearbook.app/book/3920519,2026-05-03T22:44:52.313776,
India,NearBook,,std 7 english digest English medium,,0,INR 220,https://nearbook.app/book/3920518,2026-05-03T22:44:53.902793,
India,NearBook,,Together with Biology lab manual class 9,,0,INR 250,https://nearbook.app/book/3920517,2026-05-03T22:44:54.195968,
India,NearBook,,Hindi suman,,0,INR 360,https://nearbook.app/book/3920515,2026-05-03T22:44:54.502244,
India,NearBook,,Science Textbook for Class 7th,,0,INR 50,https://nearbook.app/book/3920514,2026-05-03T22:44:54.809408,
India,NearBook,,history and civics,,0,INR 100,https://nearbook.app/book/3920513,2026-05-03T22:44:55.116701,
India,NearBook,,Question bank of maths and FREE eng grammar work book for class 9 only new batch students at lowest price possible,,0,INR 50,https://nearbook.app/book/3920512,2026-05-03T22:44:55.414540,
India,NearBook,,पीयूषभू,,0,INR 150,https://nearbook.app/book/3920511,2026-05-03T22:44:55.731248,
India,NearBook,,plant Biotechnology,H.S chawla,0,INR 100,https://nearbook.app/book/3920510,2026-05-03T22:44:56.038691,
India,NearBook,,physics MTG,NCERT at your fingertips,0,INR 850,https://nearbook.app/book/3920509,2026-05-03T22:44:56.447560,
India,NearBook,,modern english,,0,INR 200,https://nearbook.app/book/3920508,2026-05-03T22:44:56.755263,
India,NearBook,,cursive writing book,,0,INR 30,https://nearbook.app/book/3920507,2026-05-03T22:44:57.062229,
India,NearBook,,Navneet Science (chemistry) std 10 digests,,0,INR 149,https://nearbook.app/book/3920506,2026-05-03T22:44:57.350180,
India,NearBook,,std 7 mathematics sem 1 digest English medium,,0,INR 90,https://nearbook.app/book/3920505,2026-05-03T22:44:58.954604,
India,NearBook,,pw udaan class 10th english,,0,INR 150,https://nearbook.app/book/3920504,2026-05-03T22:44:59.243389,
India,NearBook,,English study material of Sri Chaitanya techno School,,0,INR 135,https://nearbook.app/book/3920503,2026-05-03T22:44:59.621998,
India,NearBook,,kannada part1 textbook,,0,INR 50,https://nearbook.app/book/3920502,2026-05-03T22:44:59.929502,
India,NearBook,,Grammar hindi,,0,INR 80,https://nearbook.app/book/3920501,2026-05-03T22:45:00.236405,
India,NearBook,,honeydew,,0,INR 50,https://nearbook.app/book/3920500,2026-05-03T22:45:00.543183,
India,NearBook,,Sanjiv desk work,,0,INR 80,https://nearbook.app/book/3920499,2026-05-03T22:45:00.830639,
India,NearBook,,Our Past Class - 7,,0,INR 50,https://nearbook.app/book/3920498,2026-05-03T22:45:01.157623,
India,NearBook,,chemistry MTG,NCERT at your fingertips,0,INR 800,https://nearbook.app/book/3920497,2026-05-03T22:45:01.444711,
India,NearBook,,Grammer,ISCE SYLABALES BOOKS,0,INR 500,https://nearbook.app/book/3920495,2026-05-03T22:45:01.731442,
India,NearBook,,kannada part2 textbook,,0,INR 50,https://nearbook.app/book/3920494,2026-05-03T22:45:02.026790,
India,NearBook,,History old,,0,INR 50,https://nearbook.app/book/3920493,2026-05-03T22:45:02.387259,
India,NearBook,,pw udaan class 10th physics,,0,INR 100,https://nearbook.app/book/3920492,2026-05-03T22:45:04.025991,
India,NearBook,,the afternoon of life,findithe afternoon of life,0,INR 500,https://nearbook.app/book/3920490,2026-05-03T22:45:04.333043,
India,NearBook,,"paper 2 scholarship exam std 8th marathi medium 
2025",,0,INR 179,https://nearbook.app/book/3920489,2026-05-03T22:45:04.621271,
India,NearBook,,"mathematics and Statistics digest
part 2",,0,INR 210,https://nearbook.app/book/3920488,2026-05-03T22:45:04.929240,
India,NearBook,,"social science 
resources and developing",,0,INR 129,https://nearbook.app/book/3920487,2026-05-03T22:45:05.216621,
India,NearBook,,Physical Education  (CBSE),,0,INR 50,https://nearbook.app/book/3920486,2026-05-03T22:45:05.560833,
India,NearBook,,standard 7 social science digest English medium,,0,INR 200,https://nearbook.app/book/3920485,2026-05-03T22:45:05.849191,
India,NearBook,,maths,,0,INR 91,https://nearbook.app/book/3920484,2026-05-03T22:45:06.136415,
India,NearBook,,Social and Political Life Class - 7,,0,INR 50,https://nearbook.app/book/3920483,2026-05-03T22:45:06.465117,
India,NearBook,,"kukumuddin 
hindi",,0,INR 250,https://nearbook.app/book/3920482,2026-05-03T22:45:07.404216,
India,NearBook,,marathi व्याकरण भाषभ्यस,,0,INR 60,https://nearbook.app/book/3920481,2026-05-03T22:45:07.711783,
India,NearBook,,english part1 textbook,,0,INR 100,https://nearbook.app/book/3920480,2026-05-03T22:45:08.002055,
India,NearBook,,Gk encyclopaedia Class-5,,0,INR 40,https://nearbook.app/book/3920479,2026-05-03T22:45:09.657566,
India,NearBook,,KCET PYQ Physics chemistry maths,,0,INR 400,https://nearbook.app/book/3920478,2026-05-03T22:45:09.964823,
India,NearBook,,uniq competitive book for civil services,,0,INR 500,https://nearbook.app/book/3920477,2026-05-03T22:45:10.248047,
India,NearBook,,health and play,,0,INR 150,https://nearbook.app/book/3920476,2026-05-03T22:45:10.524877,
India,NearBook,,India and Contemporary World 2 ( history),,0,INR 50,https://nearbook.app/book/3920475,2026-05-03T22:45:10.804374,
India,NearBook,,oswaal sample paper class 10th sst,,0,INR 100,https://nearbook.app/book/3920474,2026-05-03T22:45:11.091825,
India,NearBook,,Hindi,,0,INR 50,https://nearbook.app/book/3920473,2026-05-03T22:45:11.372291,
India,NearBook,,RS Aggarwal Mathematics Book,,0,INR 885,https://nearbook.app/book/3920472,2026-05-03T22:45:11.705368,
India,NearBook,,Skill genie,my book,0,INR 30,https://nearbook.app/book/3920471,2026-05-03T22:45:12.006504,
India,NearBook,,english part2 textbook,,0,INR 100,https://nearbook.app/book/3920470,2026-05-03T22:45:12.298364,
India,NearBook,,health and play,,0,INR 150,https://nearbook.app/book/3920469,2026-05-03T22:45:12.627034,
India,NearBook,,Navneet Physics (science part-3) guide std 10,,0,INR 149,https://nearbook.app/book/3920468,2026-05-03T22:45:12.933818,
India,NearBook,,The Grammer Coach,,0,INR 350,https://nearbook.app/book/3920467,2026-05-03T22:45:14.508762,
India,NearBook,,Geography ( 2),,0,INR 50,https://nearbook.app/book/3920466,2026-05-03T22:45:14.805801,
India,NearBook,,rainbow,english,0,INR 170,https://nearbook.app/book/3920465,2026-05-03T22:45:15.133831,
India,NearBook,,RD SHARMA MATHEMATICS,"Ranjit
Ranjit",0,INR 199,https://nearbook.app/book/3920464,2026-05-03T22:45:15.495006,
India,NearBook,,Geography,ISCE SYLABALES BOOKS,0,INR 645,https://nearbook.app/book/3920463,2026-05-03T22:45:15.803565,
India,NearBook,,paper 2 scholarship std 8th Marathi medium,Navneet Edition,0,INR 159,https://nearbook.app/book/3920462,2026-05-03T22:45:16.109170,
India,NearBook,,Geography,,0,INR 50,https://nearbook.app/book/3920461,2026-05-03T22:45:16.415409,
India,NearBook,,hindi part1 textbook,,0,INR 100,https://nearbook.app/book/3920460,2026-05-03T22:45:16.725978,
India,NearBook,,biology MTG,NCERT at your fingertips,0,INR 980,https://nearbook.app/book/3920459,2026-05-03T22:45:17.029724,
India,NearBook,,"Support material of Sci,maths,Sst,eng of class 9.latest editions And each has sample papers and many more Quadra of support material at lowest price",,0,INR 79,https://nearbook.app/book/3920458,2026-05-03T22:45:17.319558,
India,NearBook,,Civics 7th,,0,INR 50,https://nearbook.app/book/3920457,2026-05-03T22:45:17.644970,
India,NearBook,,Honeydew,,0,INR 75,https://nearbook.app/book/3920456,2026-05-03T22:45:17.951584,
India,NearBook,,Honeydew,,0,INR 75,https://nearbook.app/book/3920456,2026-05-03T22:45:19.517904,
India,NearBook,,The English Coach,,0,INR 200,https://nearbook.app/book/3920455,2026-05-03T22:45:19.794893,
India,NearBook,,OSWAL BOOKS CBSE CLASS 10TH SOCIAL SCIENCE QUESTION BANK,oswal books,0,INR 600,https://nearbook.app/book/3920454,2026-05-03T22:45:20.102233,
India,NearBook,,Model Questions & Answers on HS 1st year Economics Part-A,,0,INR 50,https://nearbook.app/book/3920453,2026-05-03T22:45:20.409168,
India,NearBook,,"Concepts of physics, H C VERMA Part 1-2",,0,INR 500,https://nearbook.app/book/3920452,2026-05-03T22:45:20.715991,
India,NearBook,,hindi part2 textbook,,0,INR 60,https://nearbook.app/book/3920451,2026-05-03T22:45:21.024056,
India,NearBook,,Physical science Question Bank,DEVYANSHI,0,INR 260,https://nearbook.app/book/3920450,2026-05-03T22:45:21.303094,
India,NearBook,,भारत लोग और अर्थव्यवस्था,,0,INR 170,https://nearbook.app/book/3920449,2026-05-03T22:45:21.583953,
India,NearBook,,Biology,ISCE SYLABALES BOOKS,0,INR 150,https://nearbook.app/book/3920448,2026-05-03T22:45:21.945627,
India,NearBook,,Geography 8th,,0,INR 50,https://nearbook.app/book/3920447,2026-05-03T22:45:22.224098,
India,NearBook,,Oswaal Book Cbse Question Bank and Solved papers Science,,0,INR 700,https://nearbook.app/book/3920446,2026-05-03T22:45:22.557414,
India,NearBook,,Navneet Gujarati Digest std 10,,0,INR 99,https://nearbook.app/book/3920445,2026-05-03T22:45:22.835026,
India,NearBook,,Economic 10th,,0,INR 50,https://nearbook.app/book/3920444,2026-05-03T22:45:24.505023,
India,NearBook,,Srijan ICSE topo sheet,,0,INR 210,https://nearbook.app/book/3920443,2026-05-03T22:45:24.812502,
India,NearBook,,geography,"Ayan
Ayan
Ayan",0,INR 50,https://nearbook.app/book/3920442,2026-05-03T22:45:25.090655,
India,NearBook,,computer studies  Class-5,,0,INR 50,https://nearbook.app/book/3920441,2026-05-03T22:45:25.426224,
India,NearBook,,maths part1 textbook,,0,INR 100,https://nearbook.app/book/3920440,2026-05-03T22:45:25.702906,
India,NearBook,,Our Past 3rd ( history),,0,INR 50,https://nearbook.app/book/3920438,2026-05-03T22:45:26.040818,
India,NearBook,,chemistry part 2,Dr RP Singh,0,INR 299,https://nearbook.app/book/3920437,2026-05-03T22:45:26.348406,
India,NearBook,,Physics NCERT,,0,INR 150,https://nearbook.app/book/3920436,2026-05-03T22:45:26.655447,
India,NearBook,,physics chemistry narendra avasthi,,0,INR 300,https://nearbook.app/book/3920435,2026-05-03T22:45:26.932467,
India,NearBook,,Science and Technology,Surachita Roy Chowdhury,0,INR 660,https://nearbook.app/book/3920433,2026-05-03T22:45:27.211457,
India,NearBook,,Naruto vol 1,,0,INR 200,https://nearbook.app/book/3920430,2026-05-03T22:45:27.576342,
India,NearBook,,History (part 3),NCERT,0,INR 50,https://nearbook.app/book/3920429,2026-05-03T22:45:27.854097,
India,NearBook,,Model Questions & Answers on HS 1st Year English,,0,INR 50,https://nearbook.app/book/3920428,2026-05-03T22:45:29.424653,
India,NearBook,,scholarship std 8th paper 1 Marathi medium,,0,INR 169,https://nearbook.app/book/3920427,2026-05-03T22:45:29.711882,
India,NearBook,,health and body,,0,INR 100,https://nearbook.app/book/3920426,2026-05-03T22:45:30.034392,
India,NearBook,,History (part 3),NCERT,0,INR 50,https://nearbook.app/book/3920425,2026-05-03T22:45:30.312773,
India,NearBook,,physics neet,,0,INR 399,https://nearbook.app/book/3920424,2026-05-03T22:45:30.649007,
India,NearBook,,maths part2 textbook,,0,INR 80,https://nearbook.app/book/3920423,2026-05-03T22:45:30.928034,
India,NearBook,,hindi vyakran pravah,,0,INR 200,https://nearbook.app/book/3920422,2026-05-03T22:45:31.206628,
India,NearBook,,46 Years PYQ IIT JEE ADVANCE AND MAINS CHEMISTRY,,0,INR 600,https://nearbook.app/book/3920421,2026-05-03T22:45:31.490624,
India,NearBook,,Human Geography,NCERT,0,INR 50,https://nearbook.app/book/3920420,2026-05-03T22:45:31.775873,
India,NearBook,,general science,,0,INR 120,https://nearbook.app/book/3920419,2026-05-03T22:45:32.082334,
India,NearBook,,Uber karan verti,,0,INR 0,https://nearbook.app/book/3920418,2026-05-03T22:45:32.390409,
India,NearBook,,समष्टि अर्थशास्त्र एक परिचय,,0,INR 200,https://nearbook.app/book/3920417,2026-05-03T22:45:32.696872,
India,NearBook,,Sociology of Indian Economy,C.N. Shankar Rao,0,INR 300,https://nearbook.app/book/3920416,2026-05-03T22:45:34.271764,
India,NearBook,,Navneet Social Science Guide std 10,,0,INR 149,https://nearbook.app/book/3920415,2026-05-03T22:45:34.548936,
India,NearBook,,Mathematics,ISCE SYLABALES BOOKS,0,INR 280,https://nearbook.app/book/3920414,2026-05-03T22:45:34.826980,
India,NearBook,,Oswaal Book Cbse Question Bank and solved papers English Language & Literature,,0,INR 720,https://nearbook.app/book/3920413,2026-05-03T22:45:35.155745,
India,NearBook,,Civics 6th,NCERT,0,INR 50,https://nearbook.app/book/3920412,2026-05-03T22:45:35.463750,
India,NearBook,,science part1 textbook,,0,INR 80,https://nearbook.app/book/3920411,2026-05-03T22:45:35.741366,
India,NearBook,,2nd puc Hindi textbook,,0,INR 100,https://nearbook.app/book/3920410,2026-05-03T22:45:36.018279,
India,NearBook,,Mathematics Textbook for Class 7,,0,INR 50,https://nearbook.app/book/3920409,2026-05-03T22:45:36.295056,
India,NearBook,,pw udaan sst class 10th,,0,INR 200,https://nearbook.app/book/3920408,2026-05-03T22:45:36.571579,
India,NearBook,,Geography Practical book,,0,INR 100,https://nearbook.app/book/3920407,2026-05-03T22:45:36.849610,
India,NearBook,,Social Science Geography,,0,INR 50,https://nearbook.app/book/3920406,2026-05-03T22:45:37.165976,
India,NearBook,,Social Science Geography,,0,INR 50,https://nearbook.app/book/3920405,2026-05-03T22:45:37.511633,
India,NearBook,,ಪಲ್ಲವ Kannada,days,0,INR 31,https://nearbook.app/book/3920404,2026-05-03T22:45:39.102486,
India,NearBook,,OCM,"MELLO
MELLO",0,INR 70,https://nearbook.app/book/3920402,2026-05-03T22:45:39.455372,
India,NearBook,,Mathematics RD sharma,,0,INR 300,https://nearbook.app/book/3920401,2026-05-03T22:45:39.762964,
India,NearBook,,ಪಲ್ಲವ Kannada,days,0,INR 31,https://nearbook.app/book/3920400,2026-05-03T22:45:40.039939,
India,NearBook,,"navbodh new 2025 syllabus book
new book chemistry...",,0,INR 380,https://nearbook.app/book/3920399,2026-05-03T22:45:40.318033,
India,NearBook,,1st puc Hindi question bank,,0,INR 150,https://nearbook.app/book/3920398,2026-05-03T22:45:40.596063,
India,NearBook,,47 years IIT-JEE Physics and Mathematics PYQ,,0,INR 1200,https://nearbook.app/book/3920397,2026-05-03T22:45:40.877732,
India,NearBook,,Social And Political Life - 3,,0,INR 50,https://nearbook.app/book/3920396,2026-05-03T22:45:41.161094,
India,NearBook,,science part2 textbook,,0,INR 80,https://nearbook.app/book/3920395,2026-05-03T22:45:41.438838,
India,NearBook,,मूल्यवंधन,Vin,0,INR 0,https://nearbook.app/book/3920394,2026-05-03T22:45:41.716947,
India,NearBook,,MATHS 1,MELLO,0,INR 50,https://nearbook.app/book/3920393,2026-05-03T22:45:41.997496,
India,NearBook,,English grammar,prince,0,INR 70,https://nearbook.app/book/3920392,2026-05-03T22:45:42.274925,
India,NearBook,,Account ancy,,0,INR 695,https://nearbook.app/book/3920391,2026-05-03T22:45:43.856312,
India,NearBook,,Constitutional Development and National Movement of India,R.C. Agarwal,0,INR 300,https://nearbook.app/book/3920390,2026-05-03T22:45:44.134512,
India,NearBook,,pw udaan class 10th biology,,0,INR 200,https://nearbook.app/book/3920389,2026-05-03T22:45:44.473767,
India,NearBook,,Suprabhatham Sanskrit,,0,INR 200,https://nearbook.app/book/3920388,2026-05-03T22:45:44.750883,
India,NearBook,,Navneet 21 set chemistry,,0,INR 99,https://nearbook.app/book/3920387,2026-05-03T22:45:45.028937,
India,NearBook,,social science,,0,INR 0,https://nearbook.app/book/3920386,2026-05-03T22:45:45.884829,
India,NearBook,,Sociology,,0,INR 50,https://nearbook.app/book/3920385,2026-05-03T22:45:46.163360,
India,NearBook,,MATHS 2,MELLO,0,INR 55,https://nearbook.app/book/3920384,2026-05-03T22:45:46.442808,
India,NearBook,,sanskrit book,,0,INR 150,https://nearbook.app/book/3920383,2026-05-03T22:45:46.720571,
India,NearBook,,ENGLISH KUMARBHARTHI,,0,INR 40,https://nearbook.app/book/3920382,2026-05-03T22:45:47.008199,
India,NearBook,,2nd puc Hindi hand book,,0,INR 50,https://nearbook.app/book/3920381,2026-05-03T22:45:47.285591,
India,NearBook,,"Navneet Mathematics Practice Work+Digest std 10
₹349----->₹99",,0,INR 99,https://nearbook.app/book/3920380,2026-05-03T22:45:47.564293,
India,NearBook,,arihant succeed cbse 2026 15sample sample question papers english language and literature class 10,,0,INR 275,https://nearbook.app/book/3920379,2026-05-03T22:45:49.131699,
India,NearBook,,Science,,0,INR 300,https://nearbook.app/book/3920378,2026-05-03T22:45:49.490686,
India,NearBook,,2nd PUC English,days,0,INR 80,https://nearbook.app/book/3920375,2026-05-03T22:45:49.798203,
India,NearBook,,social science part1 textbook,,0,INR 100,https://nearbook.app/book/3920374,2026-05-03T22:45:50.104820,
India,NearBook,,Practical work in Geography (part1),,0,INR 50,https://nearbook.app/book/3920373,2026-05-03T22:45:50.413130,
India,NearBook,,rs Agarwal class 10th maths,,0,INR 250,https://nearbook.app/book/3920372,2026-05-03T22:45:50.688117,
India,NearBook,,भारतीय इतिहास  भाग 1,,0,INR 160,https://nearbook.app/book/3920371,2026-05-03T22:45:50.962359,
India,NearBook,,ECONOMICS,MELLO,0,INR 35,https://nearbook.app/book/3920370,2026-05-03T22:45:51.242447,
India,NearBook,,Blue beam books :core mathematics for class 7,,0,INR 350,https://nearbook.app/book/3920369,2026-05-03T22:45:51.538492,
India,NearBook,,বাংলা শিক্ষক,ড.আমল পাল,0,INR 400,https://nearbook.app/book/3920368,2026-05-03T22:45:51.814887,
India,NearBook,,pravah hindi vayakrad,,0,INR 425,https://nearbook.app/book/3920367,2026-05-03T22:45:52.090998,
India,NearBook,,Indian Economy,Ramesh Singh,0,INR 250,https://nearbook.app/book/3920366,2026-05-03T22:45:52.365137,
India,NearBook,,Hindi,"MELLO
MELLO",0,INR 55,https://nearbook.app/book/3920365,2026-05-03T22:45:53.931640,
India,NearBook,,Indian Society ( Sociology ),,0,INR 50,https://nearbook.app/book/3920364,2026-05-03T22:45:54.303980,
India,NearBook,,Sahitya Saurav Sahayika,,0,INR 150,https://nearbook.app/book/3920363,2026-05-03T22:45:54.611764,
India,NearBook,,Srijan ICSE Chemistry,V P Tyagi,0,INR 390,https://nearbook.app/book/3920362,2026-05-03T22:45:54.918165,
India,NearBook,,CSCE 2nd PUC,days,0,INR 300,https://nearbook.app/book/3920361,2026-05-03T22:45:55.225832,
India,NearBook,,social science part2 textbook,,0,INR 100,https://nearbook.app/book/3920359,2026-05-03T22:45:55.501194,
India,NearBook,,R.D Sharma For class 9 combo of both mcq and questions,,0,INR 299,https://nearbook.app/book/3920358,2026-05-03T22:45:55.777027,
India,NearBook,,Mathematics part 1,,0,INR 40,https://nearbook.app/book/3920357,2026-05-03T22:45:56.149709,
India,NearBook,,INDIAN ECONOMIC DEVELOPMENT,,0,INR 150,https://nearbook.app/book/3920356,2026-05-03T22:45:56.425455,
India,NearBook,,ENGLISH,MELLO,0,INR 55,https://nearbook.app/book/3920355,2026-05-03T22:45:56.700946,
India,NearBook,,skt,Prince,0,INR 90,https://nearbook.app/book/3920354,2026-05-03T22:45:56.976537,
India,NearBook,,NCERT fingertips,,0,INR 999,https://nearbook.app/book/3920353,2026-05-03T22:45:57.275048,
India,NearBook,,r.d.sharma for class 9 ( mcq),,0,INR 120,https://nearbook.app/book/3920352,2026-05-03T22:45:58.911778,
India,NearBook,,HV Verma concept of physics 2,HC VERMA,0,INR 250,https://nearbook.app/book/3920351,2026-05-03T22:45:59.187929,
India,NearBook,,r.d.sharma for class 9 ( mcq),,0,INR 120,https://nearbook.app/book/3920350,2026-05-03T22:45:59.464994,
India,NearBook,,Mathematics Guide Navneet part-2 std 10,,0,INR 149,https://nearbook.app/book/3920349,2026-05-03T22:45:59.742152,
India,NearBook,,Millennium Science,,0,INR 150,https://nearbook.app/book/3920348,2026-05-03T22:46:00.022320,
India,NearBook,,physics education part1 textbook,,0,INR 60,https://nearbook.app/book/3920347,2026-05-03T22:46:00.346358,
India,NearBook,,Introductory Microeconomics,,0,INR 50,https://nearbook.app/book/3920346,2026-05-03T22:46:00.653404,
India,NearBook,,भाषा अधिगम एवं व्याकरण,,0,INR 350,https://nearbook.app/book/3920345,2026-05-03T22:46:00.928615,
India,NearBook,,Oswaal Book Cbse Question Bank and solved papers social science,,0,INR 720,https://nearbook.app/book/3920344,2026-05-03T22:46:01.203334,
India,NearBook,,Science and technology part 2,,0,INR 44,https://nearbook.app/book/3920343,2026-05-03T22:46:01.574679,
India,NearBook,,chemistry part 1,Dr RP Singh,0,INR 399,https://nearbook.app/book/3920342,2026-05-03T22:46:01.886930,
India,NearBook,,ANALYSIS OF FINANCIAL STATEMENTS,,0,INR 300,https://nearbook.app/book/3920341,2026-05-03T22:46:02.185154,
India,NearBook,,A Handy Guide To ENGLISH,GBD,0,INR 200,https://nearbook.app/book/3920340,2026-05-03T22:46:03.827550,
India,NearBook,,Srijan ICSE Biology,Veer Balaji Rastogi,0,INR 390,https://nearbook.app/book/3920339,2026-05-03T22:46:04.137049,
India,NearBook,,Social studies (Question Bank),,0,INR 90,https://nearbook.app/book/3920338,2026-05-03T22:46:04.442187,
India,NearBook,,class 10 sanchayan hindi b bagh 2 book,,0,INR 25,https://nearbook.app/book/3920337,2026-05-03T22:46:04.750572,
India,NearBook,,"Pearson , chemistry NEEt book",,0,INR 730,https://nearbook.app/book/3920336,2026-05-03T22:46:05.056800,
India,NearBook,,Telugu Hindi English 3 languages book,,0,INR 99,https://nearbook.app/book/3920335,2026-05-03T22:46:05.333730,
India,NearBook,,"mathematics highly important for class 11th and 12th [ key notes,terms,definition &formulas]",,0,INR 155,https://nearbook.app/book/3920334,2026-05-03T22:46:05.613472,
India,NearBook,,Social Change and Development in India,,0,INR 60,https://nearbook.app/book/3920333,2026-05-03T22:46:05.894528,
India,NearBook,,R.D. sharma for class 9,om pradhan,0,INR 350,https://nearbook.app/book/3920332,2026-05-03T22:46:06.170025,
India,NearBook,,HC Verma concept of physics 1,,0,INR 250,https://nearbook.app/book/3920331,2026-05-03T22:46:06.444235,
India,NearBook,,"navbodh physics book 
fresh condition",nagendra sahu,0,INR 100,https://nearbook.app/book/3920330,2026-05-03T22:46:06.754399,
India,NearBook,,maths,,0,INR 300,https://nearbook.app/book/3920329,2026-05-03T22:46:07.103927,
India,NearBook,,BOOK KEEPING DOUBLE ENTRY,,0,INR 300,https://nearbook.app/book/3920328,2026-05-03T22:46:08.742043,
India,NearBook,,Target,,0,INR 280,https://nearbook.app/book/3920327,2026-05-03T22:46:09.048911,
India,NearBook,,maths,,0,INR 300,https://nearbook.app/book/3920326,2026-05-03T22:46:09.337984,
India,NearBook,,Accountancy 2nd PUC,days,0,INR 120,https://nearbook.app/book/3920325,2026-05-03T22:46:09.611731,
India,NearBook,,English For Communication and Pleasure,"G.Venkateshsalu M.A.,M.Phil.,PGDJ",0,INR 80,https://nearbook.app/book/3920324,2026-05-03T22:46:09.886505,
India,NearBook,,Target,,0,INR 340,https://nearbook.app/book/3920323,2026-05-03T22:46:10.176639,
India,NearBook,,Themes in Indian History 2,NCERT,0,INR 50,https://nearbook.app/book/3920322,2026-05-03T22:46:10.452212,
India,NearBook,,Sanskrit class 7 guide,actual price 300 selling price 150 fully new book in very good condition,0,INR 150,https://nearbook.app/book/3920321,2026-05-03T22:46:10.738965,
India,NearBook,,MATHEMATICS,,0,INR 100,https://nearbook.app/book/3920320,2026-05-03T22:46:11.086398,
India,NearBook,,Children Encyclopedia,,0,INR 750,https://nearbook.app/book/3920319,2026-05-03T22:46:11.361412,
India,NearBook,,2nd PUC Accountancy,days,0,INR 0,https://nearbook.app/book/3920318,2026-05-03T22:46:11.661301,
India,NearBook,,RS Aggarwal,,0,INR 450,https://nearbook.app/book/3920317,2026-05-03T22:46:11.935943,
India,NearBook,,physics education part2 textbook,,0,INR 60,https://nearbook.app/book/3920316,2026-05-03T22:46:13.501756,
India,NearBook,,Mathematics Guide part-1 Navneet Std 10,,0,INR 149,https://nearbook.app/book/3920315,2026-05-03T22:46:13.862688,
India,NearBook,,Our Past 1,,0,INR 20,https://nearbook.app/book/3920314,2026-05-03T22:46:14.171627,
India,NearBook,,Hamari pirthavi,,0,INR 200,https://nearbook.app/book/3920313,2026-05-03T22:46:14.476997,
India,NearBook,,Target,,0,INR 200,https://nearbook.app/book/3920312,2026-05-03T22:46:14.784696,
India,NearBook,,A realm of english selection,,0,INR 200,https://nearbook.app/book/3920311,2026-05-03T22:46:15.063018,
India,NearBook,,footprints without feet,arish,0,INR 200,https://nearbook.app/book/3920310,2026-05-03T22:46:15.398146,
India,NearBook,,chemistry,"almost new , cbse class 9th s chand book",0,INR 499,https://nearbook.app/book/3920309,2026-05-03T22:46:15.705216,
India,NearBook,,Pradeep's Chemistry Vol 1and 2,"Dr S.N Dhawan , Dr SC Kheterpal",0,INR 900,https://nearbook.app/book/3920308,2026-05-03T22:46:15.980187,
India,NearBook,,Democratic politics,,0,INR 50,https://nearbook.app/book/3920307,2026-05-03T22:46:16.257374,
India,NearBook,,NCERT EXAMPLER,,0,INR 100,https://nearbook.app/book/3920305,2026-05-03T22:46:16.571990,
India,NearBook,,ಸಾಹಿತ್ಯ ಸಂಪದ 2nd PUC,days 2,0,INR 80,https://nearbook.app/book/3920304,2026-05-03T22:46:16.933908,
India,NearBook,,Mathematics part 2,,0,INR 150,https://nearbook.app/book/3920303,2026-05-03T22:46:18.573876,
India,NearBook,,Model Questions & Answers on HS 2nd Year Economics,,0,INR 50,https://nearbook.app/book/3920302,2026-05-03T22:46:18.886060,
India,NearBook,,Flight general english,,0,INR 50,https://nearbook.app/book/3920301,2026-05-03T22:46:19.162459,
India,NearBook,,"Morning Star, Total English","Xavier Pinto,Pamela Pinto,Dr Avanti Nisha",0,INR 180,https://nearbook.app/book/3920300,2026-05-03T22:46:19.437500,
India,NearBook,,Artificial intelligence code 417,Dr. Sandeep Saini & Manpreet Kaur,0,INR 200,https://nearbook.app/book/3920299,2026-05-03T22:46:19.727316,
India,NearBook,,Political Theory,S. Chand,0,INR 300,https://nearbook.app/book/3920298,2026-05-03T22:46:20.006187,
India,NearBook,,Pradeep Physics vol 2,,0,INR 350,https://nearbook.app/book/3920297,2026-05-03T22:46:20.289196,
India,NearBook,,science part 2,,0,INR 120,https://nearbook.app/book/3920296,2026-05-03T22:46:20.564560,
India,NearBook,,Social science,Rihan,0,INR 300,https://nearbook.app/book/3920295,2026-05-03T22:46:20.840810,
India,NearBook,,vistas (english),ncert,0,INR 50,https://nearbook.app/book/3920294,2026-05-03T22:46:21.124081,
India,NearBook,,Stars,,0,INR 150,https://nearbook.app/book/3920292,2026-05-03T22:46:21.401999,
India,NearBook,,Target,,0,INR 190,https://nearbook.app/book/3920291,2026-05-03T22:46:21.677783,
India,NearBook,,PW SAMPLE PAPERS and PYQ for class 10th HINDI A,Physics Wallah,0,INR 199,https://nearbook.app/book/3920290,2026-05-03T22:46:23.252206,
India,NearBook,,Siri Kannada,"Khushi 

Khushi",0,INR 70,https://nearbook.app/book/3920288,2026-05-03T22:46:24.187993,
India,NearBook,,1 St PUC English,My Days 2,0,INR 50,https://nearbook.app/book/3920287,2026-05-03T22:46:24.512033,
India,NearBook,,Model Question & Answers on HS 2nd Year Political Science,,0,INR 50,https://nearbook.app/book/3920286,2026-05-03T22:46:24.819170,
India,NearBook,,question paper ssc,,0,INR 100,https://nearbook.app/book/3920284,2026-05-03T22:46:25.126096,
India,NearBook,,Our Universe,,0,INR 150,https://nearbook.app/book/3920283,2026-05-03T22:46:25.433248,
India,NearBook,,"ICSE,Understanding Computer Applications,Bluej",Vijay Kumar pandey Dilip Kumar Dey,0,INR 300,https://nearbook.app/book/3920282,2026-05-03T22:46:25.741023,
India,NearBook,,Mathematics Guide (NAVNEET) std 9 ₹299----->₹149,,0,INR 149,https://nearbook.app/book/3920281,2026-05-03T22:46:26.022091,
India,NearBook,,maths class 9 guide,,0,INR 249,https://nearbook.app/book/3920280,2026-05-03T22:46:26.303724,
India,NearBook,,INDIAN ECONOMIC DEVELOPMENT,,0,INR 75,https://nearbook.app/book/3920279,2026-05-03T22:46:26.583845,
India,NearBook,,TELUGU HINDI ENGLISH 3 LANGUAGES BOOK,,0,INR 99,https://nearbook.app/book/3920278,2026-05-03T22:46:26.865676,
India,NearBook,,double entry book keeping,ts grewal,0,INR 150,https://nearbook.app/book/3920277,2026-05-03T22:46:27.144615,
India,NearBook,,double entry book keeping,ts grewal,0,INR 150,https://nearbook.app/book/3920277,2026-05-03T22:46:28.813756,
India,NearBook,,English all grammer book,,0,INR 150,https://nearbook.app/book/3920276,2026-05-03T22:46:29.094034,
India,NearBook,,Mathematics,BK Singh,0,INR 500,https://nearbook.app/book/3920275,2026-05-03T22:46:29.374312,
India,NearBook,,Contemporary India 1 ( geography),,0,INR 50,https://nearbook.app/book/3920274,2026-05-03T22:46:29.734195,
India,NearBook,,పెద్ద బాల శిక్ష 1,thota sushanth,0,INR 250,https://nearbook.app/book/3920273,2026-05-03T22:46:30.012666,
India,NearBook,,Oswaal Books SAMPLE PAPERS AND PYQ for class 10th SCIENCE,Oswaal Books,0,INR 249,https://nearbook.app/book/3920272,2026-05-03T22:46:30.292790,
India,NearBook,,sandeep garg,sandeep garg,0,INR 150,https://nearbook.app/book/3920271,2026-05-03T22:46:30.655809,
India,NearBook,,Economic 9th,,0,INR 50,https://nearbook.app/book/3920270,2026-05-03T22:46:30.963374,
India,NearBook,,Hindi vyakaran,,0,INR 400,https://nearbook.app/book/3920269,2026-05-03T22:46:31.241744,
India,NearBook,,thili kannada 10th std ( state board ) kannada guide,,0,INR 90,https://nearbook.app/book/3920268,2026-05-03T22:46:31.577647,
India,NearBook,,Navneet 21set Hindi YuvakBharti,,0,INR 50,https://nearbook.app/book/3920267,2026-05-03T22:46:31.858066,
India,NearBook,,Board papers (science),,0,INR 70,https://nearbook.app/book/3920266,2026-05-03T22:46:32.187322,
India,NearBook,,Model Question & Answers on HS 1st year Political Science,,0,INR 50,https://nearbook.app/book/3920265,2026-05-03T22:46:33.801363,
India,NearBook,,Mathematics class 12th part 1,,0,INR 75,https://nearbook.app/book/3920264,2026-05-03T22:46:34.137501,
India,NearBook,,Mayur gujarati textbook for class3,,0,INR 100,https://nearbook.app/book/3920263,2026-05-03T22:46:34.416722,
India,NearBook,,physics,"almost new ,cbse s chand class 9th physics book",0,INR 499,https://nearbook.app/book/3920262,2026-05-03T22:46:34.752611,
India,NearBook,,Political Theory,,0,INR 50,https://nearbook.app/book/3920261,2026-05-03T22:46:35.058812,
India,NearBook,,blue and black pen,pen set,0,INR 40,https://nearbook.app/book/3920260,2026-05-03T22:46:35.336447,
India,NearBook,,Pradeep  Physics vol 1,,0,INR 300,https://nearbook.app/book/3920259,2026-05-03T22:46:35.673552,
India,NearBook,,Atomic Habits,James Clear,0,INR 100,https://nearbook.app/book/3920258,2026-05-03T22:46:35.952028,
India,NearBook,,Sanskrit Prerna,,0,INR 0,https://nearbook.app/book/3920257,2026-05-03T22:46:36.288551,
India,NearBook,,RD Sharma,,0,INR 600,https://nearbook.app/book/3920256,2026-05-03T22:46:36.570730,
India,NearBook,,Together With Cbse Question Bank English language literature book,,0,INR 550,https://nearbook.app/book/3920255,2026-05-03T22:46:36.847725,
India,NearBook,,vitaan,ncert,0,INR 50,https://nearbook.app/book/3920254,2026-05-03T22:46:37.126280,
India,NearBook,,English (digest),,0,INR 110,https://nearbook.app/book/3920253,2026-05-03T22:46:38.707884,
India,NearBook,,1St PUC Kannada,2My Days,0,INR 90,https://nearbook.app/book/3920252,2026-05-03T22:46:38.988125,
India,NearBook,,PW QUESTION and CONCEPT BANK for class 1pth S.ST,Physics Wallah,0,INR 349,https://nearbook.app/book/3920251,2026-05-03T22:46:39.290274,
India,NearBook,,Vyakarana Manjari,,0,INR 175,https://nearbook.app/book/3920250,2026-05-03T22:46:39.667050,
India,NearBook,,Indian Constitution at work ( political science),,0,INR 50,https://nearbook.app/book/3920249,2026-05-03T22:46:39.974804,
India,NearBook,,Bengali,Monoranjan Biswas,0,INR 280,https://nearbook.app/book/3920248,2026-05-03T22:46:40.281654,
India,NearBook,,Good Vibes Good Life,VEX KING,0,INR 350,https://nearbook.app/book/3920247,2026-05-03T22:46:40.559157,
India,NearBook,,English language and literature guide ₹700---->₹249,,0,INR 249,https://nearbook.app/book/3920246,2026-05-03T22:46:40.862964,
India,NearBook,,Good Vibes Good Life,VEX KING,0,INR 350,https://nearbook.app/book/3920245,2026-05-03T22:46:41.204721,
India,NearBook,,business studies,ncert,0,INR 50,https://nearbook.app/book/3920243,2026-05-03T22:46:41.482603,
India,NearBook,,Encyclopedia Old,,0,INR 80,https://nearbook.app/book/3920242,2026-05-03T22:46:41.762587,
India,NearBook,,Mathematics Part2 (digest),,0,INR 100,https://nearbook.app/book/3920241,2026-05-03T22:46:42.040411,
India,NearBook,,Practical book,,0,INR 40,https://nearbook.app/book/3920240,2026-05-03T22:46:43.660671,
India,NearBook,,mini english learning book.,,0,INR 49,https://nearbook.app/book/3920239,2026-05-03T22:46:43.968417,
India,NearBook,,Happy face art and craft book,,0,INR 250,https://nearbook.app/book/3920238,2026-05-03T22:46:44.247290,
India,NearBook,,Oswaal Books One for all QUESTION and concept BANK for class 10th SCIENCE,Oswaal Books,0,INR 399,https://nearbook.app/book/3920237,2026-05-03T22:46:44.526039,
India,NearBook,,JEE MAIN CHEMISTRY,,0,INR 550,https://nearbook.app/book/3920236,2026-05-03T22:46:44.806732,
India,NearBook,,made easy 10th std ( state board ) Hindi guide,,0,INR 75,https://nearbook.app/book/3920235,2026-05-03T22:46:45.088323,
India,NearBook,,Dog Man Part- 1,Dav Pilkey,0,INR 550,https://nearbook.app/book/3920234,2026-05-03T22:46:45.401926,
India,NearBook,,Atlas,Oxford school atlas,0,INR 200,https://nearbook.app/book/3920233,2026-05-03T22:46:45.680006,
India,NearBook,,class cbse 10 hindi b anmol hindi vyavaharik vyakaran(grammar) book,,0,INR 125,https://nearbook.app/book/3920232,2026-05-03T22:46:45.965662,
India,NearBook,,Politics in India since Independence,,0,INR 300,https://nearbook.app/book/3920231,2026-05-03T22:46:46.247145,
India,NearBook,,Navneet,,0,INR 100,https://nearbook.app/book/3920230,2026-05-03T22:46:46.525378,
India,NearBook,,aaroh,ncert,0,INR 50,https://nearbook.app/book/3920229,2026-05-03T22:46:46.804470,
India,NearBook,,English Yuvakbharti,,0,INR 80,https://nearbook.app/book/3920228,2026-05-03T22:46:48.473956,
India,NearBook,,Element of mathematics,"M.L Bhargava , volume -1/volume -2",0,INR 500,https://nearbook.app/book/3920227,2026-05-03T22:46:48.753796,
India,NearBook,,Mathematics part 1,,0,INR 120,https://nearbook.app/book/3920226,2026-05-03T22:46:49.088696,
India,NearBook,,science,,0,INR 275,https://nearbook.app/book/3920225,2026-05-03T22:46:49.395648,
India,NearBook,,U-like social science CBSE,,0,INR 150,https://nearbook.app/book/3920224,2026-05-03T22:46:49.674630,
India,NearBook,,Marathi yuvakbharati 12th standard,,0,INR 72,https://nearbook.app/book/3920222,2026-05-03T22:46:50.010299,
India,NearBook,,physics fundamental,pradeep,0,INR 550,https://nearbook.app/book/3920221,2026-05-03T22:46:50.300525,
India,NearBook,,our past - 2,,0,INR 20,https://nearbook.app/book/3920220,2026-05-03T22:46:50.579327,
India,NearBook,,grammer question bunch,,0,INR 325,https://nearbook.app/book/3920218,2026-05-03T22:46:50.931963,
India,NearBook,,science,,0,INR 640,https://nearbook.app/book/3920217,2026-05-03T22:46:51.238407,
India,NearBook,,made easy 10th std ( state board ) science guide,,0,INR 105,https://nearbook.app/book/3920216,2026-05-03T22:46:51.516999,
India,NearBook,,Impressions,,0,INR 100,https://nearbook.app/book/3920215,2026-05-03T22:46:51.853243,
India,NearBook,,analysis of financial statements,t.s Grewal,0,INR 100,https://nearbook.app/book/3920214,2026-05-03T22:46:53.458960,
India,NearBook,,Politics in India since independence,,0,INR 50,https://nearbook.app/book/3920213,2026-05-03T22:46:53.736890,
India,NearBook,,Dapon model question & answers,,0,INR 300,https://nearbook.app/book/3920212,2026-05-03T22:46:54.068361,
India,NearBook,,Chetana,,0,INR 40,https://nearbook.app/book/3920211,2026-05-03T22:46:54.412841,
India,NearBook,,Basic Mathematics k scheme diploma,,0,INR 180,https://nearbook.app/book/3920210,2026-05-03T22:46:54.720007,
India,NearBook,,Oswaal Books english question bank for class 10th,Oswaal Books,0,INR 399,https://nearbook.app/book/3920208,2026-05-03T22:46:55.028670,
India,NearBook,,hindi lokbharti( digest),,0,INR 105,https://nearbook.app/book/3920207,2026-05-03T22:46:55.310832,
India,NearBook,,biology cet,,0,INR 400,https://nearbook.app/book/3920206,2026-05-03T22:46:55.642053,
India,NearBook,,science,,0,INR 510,https://nearbook.app/book/3920205,2026-05-03T22:46:55.927087,
India,NearBook,,science,,0,INR 510,https://nearbook.app/book/3920204,2026-05-03T22:46:56.250565,
India,NearBook,,new madhyamik grammar and composition,"Dr. Joseph ,Banerjee, Mukherjee",0,INR 100,https://nearbook.app/book/3920203,2026-05-03T22:46:56.563300,
India,NearBook,,biology,"almost new, cbse s chand, dr.ps verma,dr.vk agarwal book",0,INR 499,https://nearbook.app/book/3920202,2026-05-03T22:46:56.842172,
India,NearBook,,General Test,,0,INR 50,https://nearbook.app/book/3920201,2026-05-03T22:46:58.415262,
India,NearBook,,Navneet,,0,INR 90,https://nearbook.app/book/3920200,2026-05-03T22:46:58.713661,
India,NearBook,,Biology science work book,,0,INR 300,https://nearbook.app/book/3920199,2026-05-03T22:46:58.993753,
India,NearBook,,knowledge generation,,0,INR 415,https://nearbook.app/book/3920198,2026-05-03T22:46:59.271832,
India,NearBook,,Standard dictionary (Kannada and English),,0,INR 200,https://nearbook.app/book/3920197,2026-05-03T22:46:59.635790,
India,NearBook,,made easy 10th std ( state board ) science guide,,0,INR 105,https://nearbook.app/book/3920196,2026-05-03T22:46:59.914327,
India,NearBook,,History 1,,0,INR 50,https://nearbook.app/book/3920195,2026-05-03T22:47:00.256497,
India,NearBook,,History political science (Digest),,0,INR 75,https://nearbook.app/book/3920194,2026-05-03T22:47:00.557933,
India,NearBook,,Navneet,,0,INR 220,https://nearbook.app/book/3920193,2026-05-03T22:47:00.837066,
India,NearBook,,indian economics,sandeep garg,0,INR 150,https://nearbook.app/book/3920192,2026-05-03T22:47:01.172005,
India,NearBook,,PW Sample papers for english class 10th,Physics Wallah,0,INR 199,https://nearbook.app/book/3920191,2026-05-03T22:47:02.255026,
India,NearBook,,computer,,0,INR 349,https://nearbook.app/book/3920190,2026-05-03T22:47:02.535965,
India,NearBook,,project report book,finance ai chatbot,0,INR 150,https://nearbook.app/book/3920189,2026-05-03T22:47:04.140916,
India,NearBook,,english helpbook,,0,INR 50,https://nearbook.app/book/3920188,2026-05-03T22:47:04.447931,
India,NearBook,,History Practice set,,0,INR 100,https://nearbook.app/book/3920187,2026-05-03T22:47:04.755141,
India,NearBook,,Navneet,,0,INR 250,https://nearbook.app/book/3920186,2026-05-03T22:47:05.164941,
India,NearBook,,English text book,,0,INR 250,https://nearbook.app/book/3920185,2026-05-03T22:47:05.472605,
India,NearBook,,व्याकरण,,0,INR 30,https://nearbook.app/book/3920184,2026-05-03T22:47:05.779343,
India,NearBook,,hindi,,0,INR 65,https://nearbook.app/book/3920183,2026-05-03T22:47:06.086902,
India,NearBook,,Mathematics English Medium,,0,INR 210,https://nearbook.app/book/3920182,2026-05-03T22:47:06.369772,
India,NearBook,,Question Bank For HS 2nd year Examination (Arts),R.G. Publications,0,INR 500,https://nearbook.app/book/3920181,2026-05-03T22:47:06.652451,
India,NearBook,,physics part (I+II),NCERT,0,INR 80,https://nearbook.app/book/3920180,2026-05-03T22:47:06.948595,
India,NearBook,,C programming,,0,INR 120,https://nearbook.app/book/3920179,2026-05-03T22:47:07.228294,
India,NearBook,,Political Science practice set,,0,INR 100,https://nearbook.app/book/3920178,2026-05-03T22:47:07.520133,
India,NearBook,,Oxford English grammar book,Sanghita Sen,0,INR 240,https://nearbook.app/book/3920177,2026-05-03T22:47:09.159305,
India,NearBook,,Physics S.L. Arora,S.L. Arora,0,INR 200,https://nearbook.app/book/3920176,2026-05-03T22:47:09.438058,
India,NearBook,,संस्कृत व्याकरण,,0,INR 30,https://nearbook.app/book/3920175,2026-05-03T22:47:09.772564,
India,NearBook,,science Textbook for class 7,,0,INR 30,https://nearbook.app/book/3920174,2026-05-03T22:47:10.080525,
India,NearBook,,history,Kuldeep,0,INR 50,https://nearbook.app/book/3920173,2026-05-03T22:47:10.387823,
India,NearBook,,Target,,0,INR 250,https://nearbook.app/book/3920172,2026-05-03T22:47:10.696939,
India,NearBook,,Concepts of Physics part-1,H.C Verma sir,0,INR 250,https://nearbook.app/book/3920171,2026-05-03T22:47:11.002135,
India,NearBook,,Made easy 10th ( state board ) 1st language English guide,,0,INR 120,https://nearbook.app/book/3920170,2026-05-03T22:47:11.283220,
India,NearBook,,Total Geography,,0,INR 325,https://nearbook.app/book/3920168,2026-05-03T22:47:11.617235,
India,NearBook,,hindi work book,,0,INR 300,https://nearbook.app/book/3920167,2026-05-03T22:47:11.906294,
India,NearBook,,Science part 1,,0,INR 110,https://nearbook.app/book/3920166,2026-05-03T22:47:12.230623,
India,NearBook,,Target,,0,INR 250,https://nearbook.app/book/3920165,2026-05-03T22:47:12.510340,
India,NearBook,,cbse class 10 science educart one shot book,,0,INR 215,https://nearbook.app/book/3920163,2026-05-03T22:47:14.148663,
India,NearBook,,resource and development,R.n bhardwaj,0,INR 50,https://nearbook.app/book/3920162,2026-05-03T22:47:14.424728,
India,NearBook,,economic,Kuldeep,0,INR 40,https://nearbook.app/book/3920161,2026-05-03T22:47:14.701619,
India,NearBook,,English work book,,0,INR 400,https://nearbook.app/book/3920160,2026-05-03T22:47:14.995684,
India,NearBook,,cbse class 10 science educart one shot book,,0,INR 215,https://nearbook.app/book/3920159,2026-05-03T22:47:15.302554,
India,NearBook,,gulmohar,,0,INR 90,https://nearbook.app/book/3920158,2026-05-03T22:47:15.582621,
India,NearBook,,CUET - UG  Geography/ Geology,evidya,0,INR 100,https://nearbook.app/book/3920157,2026-05-03T22:47:15.919888,
India,NearBook,,Target,,0,INR 180,https://nearbook.app/book/3920156,2026-05-03T22:47:16.224219,
India,NearBook,,physics S.L ARORA VOLUME 1,S.L ARORA,0,INR 1500,https://nearbook.app/book/3920155,2026-05-03T22:47:16.531645,
India,NearBook,,mathematics,RD. sharma,0,INR 250,https://nearbook.app/book/3920154,2026-05-03T22:47:16.838753,
India,NearBook,,literature companion   first flight,Anil Kumar MA Punjab,0,INR 50,https://nearbook.app/book/3920153,2026-05-03T22:47:17.123243,
India,NearBook,,double entry book keeping,ts grewal sultan chand,0,INR 150,https://nearbook.app/book/3920152,2026-05-03T22:47:17.402779,
India,NearBook,,Hindi (Lokbharti),,0,INR 26,https://nearbook.app/book/3920151,2026-05-03T22:47:18.982058,
India,NearBook,,Navneet 21sets (geography),,0,INR 49,https://nearbook.app/book/3920150,2026-05-03T22:47:19.261960,
India,NearBook,,Objective MHT CET Physics Class XI & XII,mtG,0,INR 549,https://nearbook.app/book/3920149,2026-05-03T22:47:19.542292,
India,NearBook,,moments ncert english,,0,INR 20,https://nearbook.app/book/3920148,2026-05-03T22:47:19.822531,
India,NearBook,,Target,,0,INR 220,https://nearbook.app/book/3920147,2026-05-03T22:47:20.116866,
India,NearBook,,vigyan ek khoj,"himanshu 
Himanshu 
HIMANSHU LOVEKUSH 
lovekush",0,INR 50,https://nearbook.app/book/3920146,2026-05-03T22:47:20.423852,
India,NearBook,,Sample paper for class 10th,Oswaal books,0,INR 300,https://nearbook.app/book/3920144,2026-05-03T22:47:20.703704,
India,NearBook,,DIGICODE AI,,0,INR 90,https://nearbook.app/book/3920142,2026-05-03T22:47:20.986219,
India,NearBook,,mathematics examplar,VP Singh,0,INR 45,https://nearbook.app/book/3920141,2026-05-03T22:47:21.265813,
India,NearBook,,গণিত প্রকাশ,,0,INR 300,https://nearbook.app/book/3920140,2026-05-03T22:47:21.549423,
India,NearBook,,Target,,0,INR 200,https://nearbook.app/book/3920139,2026-05-03T22:47:21.828390,
India,NearBook,,Arihant geography,,0,INR 100,https://nearbook.app/book/3920138,2026-05-03T22:47:22.109229,
India,NearBook,,Arihant geography,,0,INR 100,https://nearbook.app/book/3920138,2026-05-03T22:47:23.802431,
India,NearBook,,science,Kuldeep,0,INR 50,https://nearbook.app/book/3920137,2026-05-03T22:47:24.082639,
India,NearBook,,All Allen Modules,Allen,0,INR 1500,https://nearbook.app/book/3920136,2026-05-03T22:47:24.417085,
India,NearBook,,general knowledge,,0,INR 90,https://nearbook.app/book/3920135,2026-05-03T22:47:24.723987,
India,NearBook,,"طعروفے ‌‌آردو 
چھٹی جماعت",,0,INR 42,https://nearbook.app/book/3920134,2026-05-03T22:47:25.031167,
India,NearBook,,third language hindi gide,,0,INR 180,https://nearbook.app/book/3920133,2026-05-03T22:47:25.338941,
India,NearBook,,DEMOCRATIC POLITICS 1,,0,INR 90,https://nearbook.app/book/3920132,2026-05-03T22:47:25.620637,
India,NearBook,,संस्कृत व्याकरण,,0,INR 130,https://nearbook.app/book/3920131,2026-05-03T22:47:25.953089,
India,NearBook,,Physics,S chand academy,0,INR 400,https://nearbook.app/book/3920130,2026-05-03T22:47:26.262436,
India,NearBook,,beehive english helpbook,,0,INR 50,https://nearbook.app/book/3920129,2026-05-03T22:47:26.554609,
India,NearBook,,financial accounting,s. chand,0,INR 150,https://nearbook.app/book/3920128,2026-05-03T22:47:26.879928,
India,NearBook,,Physics 1,Hc verma,0,INR 449,https://nearbook.app/book/3920127,2026-05-03T22:47:27.170622,
India,NearBook,,Contemporary World Politics,,0,INR 300,https://nearbook.app/book/3920126,2026-05-03T22:47:28.747027,
India,NearBook,,Target,,0,INR 150,https://nearbook.app/book/3920125,2026-05-03T22:47:29.026160,
India,NearBook,,Jharkhand Polytechnic,,0,INR 275,https://nearbook.app/book/3920124,2026-05-03T22:47:29.332275,
India,NearBook,,malhar,,0,INR 90,https://nearbook.app/book/3920123,2026-05-03T22:47:29.639911,
India,NearBook,,Chemistry,s chand academy,0,INR 400,https://nearbook.app/book/3920122,2026-05-03T22:47:29.946754,
India,NearBook,,India : Physical Environment,,0,INR 50,https://nearbook.app/book/3920121,2026-05-03T22:47:30.254201,
India,NearBook,,social science,,0,INR 100,https://nearbook.app/book/3920120,2026-05-03T22:47:30.561037,
India,NearBook,,beehive,Kuldeep,0,INR 50,https://nearbook.app/book/3920119,2026-05-03T22:47:30.868405,
India,NearBook,,kriti,,0,INR 90,https://nearbook.app/book/3920116,2026-05-03T22:47:31.147972,
India,NearBook,,Malayalam,,0,INR 250,https://nearbook.app/book/3920115,2026-05-03T22:47:31.484367,
India,NearBook,,Web Page Designing,,0,INR 170,https://nearbook.app/book/3920113,2026-05-03T22:47:31.790593,
India,NearBook,,maths basic 15 best sqp,,0,INR 130,https://nearbook.app/book/3920112,2026-05-03T22:47:32.070996,
India,NearBook,,MARATHI,,0,INR 40,https://nearbook.app/book/3920111,2026-05-03T22:47:33.654524,
India,NearBook,,Biology,S chand academy,0,INR 400,https://nearbook.app/book/3920110,2026-05-03T22:47:33.936839,
India,NearBook,,Navneet,Aparna,0,INR 100,https://nearbook.app/book/3920109,2026-05-03T22:47:34.248903,
India,NearBook,,statistics for economics,v.k ohri,0,INR 150,https://nearbook.app/book/3920108,2026-05-03T22:47:34.554871,
India,NearBook,,"طعروفے ‌‌آردو 
آٹھویں جماعت",,0,INR 42,https://nearbook.app/book/3920107,2026-05-03T22:47:34.866812,
India,NearBook,,cbse class 10 hindi b educart one shot book,,0,INR 170,https://nearbook.app/book/3920106,2026-05-03T22:47:35.169916,
India,NearBook,,history and civics,,0,INR 75,https://nearbook.app/book/3920105,2026-05-03T22:47:35.483501,
India,NearBook,,computer,,0,INR 100,https://nearbook.app/book/3920104,2026-05-03T22:47:35.783281,
India,NearBook,,Basic Electronics K scheme diploma,,0,INR 140,https://nearbook.app/book/3920103,2026-05-03T22:47:36.064652,
India,NearBook,,Themes in world history ( Class 11),,0,INR 50,https://nearbook.app/book/3920102,2026-05-03T22:47:36.346084,
India,NearBook,,sociology,,0,INR 250,https://nearbook.app/book/3920101,2026-05-03T22:47:36.705481,
India,NearBook,,khel yatra,,0,INR 100,https://nearbook.app/book/3920100,2026-05-03T22:47:36.983362,
India,NearBook,,Hindi vyakaran,,0,INR 400,https://nearbook.app/book/3920099,2026-05-03T22:47:38.650972,
India,NearBook,,English exam tutor,Kuldeep,0,INR 150,https://nearbook.app/book/3920098,2026-05-03T22:47:38.958488,
India,NearBook,,math,,0,INR 95,https://nearbook.app/book/3920097,2026-05-03T22:47:39.238015,
India,NearBook,,khel yatra,,0,INR 100,https://nearbook.app/book/3920096,2026-05-03T22:47:39.572816,
India,NearBook,,Start,,0,INR 495,https://nearbook.app/book/3920095,2026-05-03T22:47:39.879977,
India,NearBook,,Algebra,,0,INR 90,https://nearbook.app/book/3920093,2026-05-03T22:47:40.187230,
India,NearBook,,vasundhra,,0,INR 100,https://nearbook.app/book/3920092,2026-05-03T22:47:41.091242,
India,NearBook,,Oxford English Mini Dictionary,,0,INR 149,https://nearbook.app/book/3920091,2026-05-03T22:47:41.421478,
India,NearBook,,Question and answer bank For HS Final Year Examination (Arts),,0,INR 500,https://nearbook.app/book/3920090,2026-05-03T22:47:41.723418,
India,NearBook,,english 10th material,,0,INR 150,https://nearbook.app/book/3920089,2026-05-03T22:47:42.018184,
India,NearBook,,English grammar,,0,INR 365,https://nearbook.app/book/3920088,2026-05-03T22:47:42.337460,
India,NearBook,,micro economics,"sandeep garg
sandeep garg
sandeep garg",0,INR 150,https://nearbook.app/book/3920087,2026-05-03T22:47:42.644827,
India,NearBook,,MATHEMATICS PART2,,0,INR 50,https://nearbook.app/book/3920086,2026-05-03T22:47:44.283951,
India,NearBook,,APC ICSE History & Civics (class 10),,0,INR 120,https://nearbook.app/book/3920085,2026-05-03T22:47:44.577733,
India,NearBook,,social gide,,0,INR 350,https://nearbook.app/book/3920084,2026-05-03T22:47:44.897738,
India,NearBook,,oswal books science,,0,INR 449,https://nearbook.app/book/3920083,2026-05-03T22:47:45.204834,
India,NearBook,,hindi class 9 guide NCERT,,0,INR 250,https://nearbook.app/book/3920082,2026-05-03T22:47:45.499242,
India,NearBook,,maths ek adhyan,HIMANSHU,0,INR 100,https://nearbook.app/book/3920081,2026-05-03T22:47:45.818788,
India,NearBook,,Byjus science imp concepts,,0,INR 100,https://nearbook.app/book/3920080,2026-05-03T22:47:46.126180,
India,NearBook,,Navneet 21sets(English Yuvakbharti),,0,INR 77,https://nearbook.app/book/3920078,2026-05-03T22:47:46.433542,
India,NearBook,,hitihas or rajy sastr,kartik ashok rill,0,INR 50,https://nearbook.app/book/3920077,2026-05-03T22:47:46.726767,
India,NearBook,,Hindi language cbse board,,0,INR 350,https://nearbook.app/book/3920076,2026-05-03T22:47:47.019352,
India,NearBook,,ACE prime,Abhishek Chaubey,0,INR 400,https://nearbook.app/book/3920075,2026-05-03T22:47:47.319650,
India,NearBook,,Applied Mathematics K scheme diploma,,0,INR 170,https://nearbook.app/book/3920074,2026-05-03T22:47:47.624693,
India,NearBook,,mathematics,,0,INR 510,https://nearbook.app/book/3920073,2026-05-03T22:47:49.301142,
India,NearBook,,Computer science o level,,0,INR 1299,https://nearbook.app/book/3920072,2026-05-03T22:47:49.608268,
India,NearBook,,MATHEMATICS NCERT,,0,INR 150,https://nearbook.app/book/3920071,2026-05-03T22:47:49.917297,
India,NearBook,,cities Hindi,Kuldeep,0,INR 50,https://nearbook.app/book/3920070,2026-05-03T22:47:50.212764,
India,NearBook,,oswal book.sanskritam,,0,INR 300,https://nearbook.app/book/3920069,2026-05-03T22:47:50.530144,
India,NearBook,,mathematics,,0,INR 465,https://nearbook.app/book/3920067,2026-05-03T22:47:50.836824,
India,NearBook,,IT so happend,,0,INR 90,https://nearbook.app/book/3920066,2026-05-03T22:47:51.130015,
India,NearBook,,baal mahabharat katha class 7 hindi book,,0,INR 25,https://nearbook.app/book/3920065,2026-05-03T22:47:51.424724,
India,NearBook,,SCIENCE AND TECHNOLOGY,,0,INR 50,https://nearbook.app/book/3920064,2026-05-03T22:47:51.758499,
India,NearBook,,english balbharati digest,,0,INR 100,https://nearbook.app/book/3920063,2026-05-03T22:47:52.066981,
India,NearBook,,सामाजिक विज्ञान,Nasir ahmed,0,INR 200,https://nearbook.app/book/3920061,2026-05-03T22:47:52.360360,
India,NearBook,,Oswaal Icse Question bank (Class 10) History & Civics latest edition (2025),,0,INR 150,https://nearbook.app/book/3920060,2026-05-03T22:47:52.652478,
India,NearBook,,Linux Basics K Scheme Diploma,,0,INR 140,https://nearbook.app/book/3920059,2026-05-03T22:47:54.254941,
India,NearBook,,Contemporary World Poltics ( Political Science),,0,INR 50,https://nearbook.app/book/3920058,2026-05-03T22:47:54.626011,
India,NearBook,,hindi,rajiv Parkashan,0,INR 85,https://nearbook.app/book/3920057,2026-05-03T22:47:54.932991,
India,NearBook,,Think mathematics 4A textbook,,0,INR 600,https://nearbook.app/book/3920056,2026-05-03T22:47:55.227836,
India,NearBook,,geography social science,,0,INR 90,https://nearbook.app/book/3920054,2026-05-03T22:47:55.547418,
India,NearBook,,vasant,,0,INR 90,https://nearbook.app/book/3920053,2026-05-03T22:47:55.856143,
India,NearBook,,Mathematics,,0,INR 250,https://nearbook.app/book/3920052,2026-05-03T22:47:56.149263,
India,NearBook,,workshop calculation and science,mehta gupta,0,INR 300,https://nearbook.app/book/3920051,2026-05-03T22:47:56.442024,
India,NearBook,,geography helpbook,,0,INR 50,https://nearbook.app/book/3920050,2026-05-03T22:47:56.735141,
India,NearBook,,Think mathematics 3A workbook,,0,INR 250,https://nearbook.app/book/3920049,2026-05-03T22:47:57.084534,
India,NearBook,,India and the contemporary world 1,NCERT,0,INR 50,https://nearbook.app/book/3920048,2026-05-03T22:47:57.390692,
India,NearBook,,English book class -7,Geeta  Mathur,0,INR 100,https://nearbook.app/book/3920047,2026-05-03T22:47:57.698127,
India,NearBook,,"طعروفے ‌‌آردو 
ساتویں جماعت",,0,INR 42,https://nearbook.app/book/3920046,2026-05-03T22:47:59.324505,
India,NearBook,,class 9 science guide,,0,INR 269,https://nearbook.app/book/3920045,2026-05-03T22:47:59.616464,
India,NearBook,,social science,"Kuldeep 
Kuldeep 

Kuldeep",0,INR 200,https://nearbook.app/book/3920043,2026-05-03T22:47:59.950294,
India,NearBook,,Oswaal Icse Question bank (Class 10) Geography latest edition (2025),,0,INR 150,https://nearbook.app/book/3920042,2026-05-03T22:48:00.258042,
India,NearBook,,Basic Science Chemistry K scheme Diploma,,0,INR 150,https://nearbook.app/book/3920041,2026-05-03T22:48:00.564821,
India,NearBook,,RS Aggarwal  Mathematics,,0,INR 350,https://nearbook.app/book/3920040,2026-05-03T22:48:00.872484,
India,NearBook,,OSWALL BOOKS | CLASS 10 | BASIC BOOK 2026,Mr. Naresh Jain,0,INR 200,https://nearbook.app/book/3920039,2026-05-03T22:48:01.178899,
India,NearBook,,computer,rajiv Parkashan,0,INR 100,https://nearbook.app/book/3920038,2026-05-03T22:48:01.473620,
India,NearBook,,English book class -7,Geeta Mathur,0,INR 100,https://nearbook.app/book/3920037,2026-05-03T22:48:01.793125,
India,NearBook,,class 10 sparsh bagh2 hindi textbook,,0,INR 40,https://nearbook.app/book/3920036,2026-05-03T22:48:02.087502,
India,NearBook,,NMMS PRACTICE BOOK,ujjawal ray,0,INR 200,https://nearbook.app/book/3920035,2026-05-03T22:48:02.384098,
India,NearBook,,English,Nasir ahmed,0,INR 200,https://nearbook.app/book/3920034,2026-05-03T22:48:02.715327,
India,NearBook,,history,,0,INR 65,https://nearbook.app/book/3920033,2026-05-03T22:48:04.353696,
India,NearBook,,Navneet 21 set of mathematics,,0,INR 150,https://nearbook.app/book/3920032,2026-05-03T22:48:04.661329,
India,NearBook,,1st language English gibe,,0,INR 280,https://nearbook.app/book/3920031,2026-05-03T22:48:04.955924,
India,NearBook,,Rich dad poor dad,,0,INR 250,https://nearbook.app/book/3920030,2026-05-03T22:48:05.248101,
India,NearBook,,DIGICODE AI,,0,INR 300,https://nearbook.app/book/3920029,2026-05-03T22:48:05.583051,
India,NearBook,,Class 12 PCM question bank,,0,INR 650,https://nearbook.app/book/3920028,2026-05-03T22:48:05.878503,
India,NearBook,,Together With Icse (Class 10) English Literature Question bank Latest edition (2026),Rachna Sagar,0,INR 150,https://nearbook.app/book/3920027,2026-05-03T22:48:06.172092,
India,NearBook,,Panoramic,,0,INR 50,https://nearbook.app/book/3920026,2026-05-03T22:48:06.503741,
India,NearBook,,kritika helpbook,,0,INR 10,https://nearbook.app/book/3920025,2026-05-03T22:48:06.811841,
India,NearBook,,NCERT MATHEMATICS(1&2) CLASS 12,,0,INR 200,https://nearbook.app/book/3920024,2026-05-03T22:48:07.105713,
India,NearBook,,Vasant,,0,INR 62,https://nearbook.app/book/3920023,2026-05-03T22:48:07.425796,
India,NearBook,,physics,,0,INR 250,https://nearbook.app/book/3920022,2026-05-03T22:48:07.733221,
India,NearBook,,R.D Sharma,,0,INR 200,https://nearbook.app/book/3920021,2026-05-03T22:48:09.358421,
India,NearBook,,All in one,Arihant,0,INR 400,https://nearbook.app/book/3920020,2026-05-03T22:48:09.677779,
India,NearBook,,RMO module,,0,INR 100,https://nearbook.app/book/3920019,2026-05-03T22:48:09.986464,
India,NearBook,,chitij ncert,,0,INR 30,https://nearbook.app/book/3920018,2026-05-03T22:48:10.293173,
India,NearBook,,Class 12 Physics and chemistry question bank,,0,INR 409,https://nearbook.app/book/3920017,2026-05-03T22:48:10.600459,
India,NearBook,,Kriti,,0,INR 40,https://nearbook.app/book/3920016,2026-05-03T22:48:10.907347,
India,NearBook,,Grammar book class -7,Geeta Mathur,0,INR 100,https://nearbook.app/book/3920015,2026-05-03T22:48:11.214686,
India,NearBook,,NCERT TEXT BOOK,,0,INR 100,https://nearbook.app/book/3920013,2026-05-03T22:48:11.522543,
India,NearBook,,Hindi vyakaran,,0,INR 400,https://nearbook.app/book/3920012,2026-05-03T22:48:11.814481,
India,NearBook,,secretarial practice (21 sets),,0,INR 80,https://nearbook.app/book/3920011,2026-05-03T22:48:12.138213,
India,NearBook,,ruchika sanskrit,,0,INR 65,https://nearbook.app/book/3920010,2026-05-03T22:48:12.432063,
India,NearBook,,maths,Nasir ahmed,0,INR 200,https://nearbook.app/book/3920009,2026-05-03T22:48:12.750440,
India,NearBook,,Physics question bank,Xam idea,0,INR 249,https://nearbook.app/book/3920008,2026-05-03T22:48:14.376558,
India,NearBook,,hindi,8879136060,0,INR 300,https://nearbook.app/book/3920007,2026-05-03T22:48:14.670365,
India,NearBook,,R.D Sharma,,0,INR 100,https://nearbook.app/book/3920006,2026-05-03T22:48:15.004153,
India,NearBook,,Creative Writing A Beginner's Manual,"Anjana Neira Dev, Anuradha Marwah, Swati Pal",0,INR 360,https://nearbook.app/book/3920005,2026-05-03T22:48:15.311807,
India,NearBook,,book keeping & accountancy (21 sets),,0,INR 100,https://nearbook.app/book/3920004,2026-05-03T22:48:15.617667,
India,NearBook,,hindi kritika ncert book,,0,INR 15,https://nearbook.app/book/3920003,2026-05-03T22:48:15.925719,
India,NearBook,,All in one english language and literature,,0,INR 300,https://nearbook.app/book/3920002,2026-05-03T22:48:16.232694,
India,NearBook,,arihant all in one sanskritam,,0,INR 300,https://nearbook.app/book/3920001,2026-05-03T22:48:16.539665,
India,NearBook,,Think mathematics textbook 3B,,0,INR 250,https://nearbook.app/book/3920000,2026-05-03T22:48:16.846540,
India,NearBook,,R.D.shrama class 9,,0,INR 450,https://nearbook.app/book/3919999,2026-05-03T22:48:17.154849,
India,NearBook,,"Khel Yatra,Physical Education and Well-being || Class 7",,0,INR 40,https://nearbook.app/book/3919998,2026-05-03T22:48:17.446957,
India,NearBook,,science,,0,INR 65,https://nearbook.app/book/3919997,2026-05-03T22:48:17.744307,
India,NearBook,,Science book class - 7,Lisa John,0,INR 200,https://nearbook.app/book/3919996,2026-05-03T22:48:19.405883,
India,NearBook,,Pariksha Adhyayn English,Arun,0,INR 50,https://nearbook.app/book/3919995,2026-05-03T22:48:19.713496,
India,NearBook,,R.S Aggarwal,,0,INR 199,https://nearbook.app/book/3919993,2026-05-03T22:48:20.924398,
India,NearBook,,"target publication 
science and technology part 1 digest",ujjawal ray,0,INR 180,https://nearbook.app/book/3919992,2026-05-03T22:48:21.242474,
India,NearBook,,"Score 100 books ( Social science, maths, science, English) with free work books , 10 previous year solved papers class 10 CBSE Diksha publication it's original price is 490 per book but I sell in discount it's a new books.",Kriti Sharma,0,INR 1500,https://nearbook.app/book/3919991,2026-05-03T22:48:21.556560,
India,NearBook,,camputers with Ai,Tripti Sharma,0,INR 295,https://nearbook.app/book/3919990,2026-05-03T22:48:21.864110,
India,NearBook,,STREAMS ENGLISH WORKBOOK SECOND PUC,,0,INR 40,https://nearbook.app/book/3919989,2026-05-03T22:48:22.148933,
India,NearBook,,economics (21 sets),,0,INR 70,https://nearbook.app/book/3919988,2026-05-03T22:48:22.478350,
India,NearBook,,english,arihant,0,INR 200,https://nearbook.app/book/3919987,2026-05-03T22:48:22.761780,
India,NearBook,,camputers with Ai,Tripti Sharma,0,INR 295,https://nearbook.app/book/3919986,2026-05-03T22:48:23.091993,
India,NearBook,,kannada gide,,0,INR 200,https://nearbook.app/book/3919985,2026-05-03T22:48:23.378730,
India,NearBook,,विज्ञान,Nasir ahmed,0,INR 200,https://nearbook.app/book/3919984,2026-05-03T22:48:23.706645,
India,NearBook,,kannada grammar and composition,,0,INR 200,https://nearbook.app/book/3919983,2026-05-03T22:48:25.345829,
India,NearBook,,NEET ADVISOR,,0,INR 40,https://nearbook.app/book/3919982,2026-05-03T22:48:25.629587,
India,NearBook,,JEE Advanced+ Mains Physics 47 year,Arihant,0,INR 400,https://nearbook.app/book/3919981,2026-05-03T22:48:25.959761,
India,NearBook,,Think mathematics 3B,,0,INR 200,https://nearbook.app/book/3919980,2026-05-03T22:48:26.268239,
India,NearBook,,PANORAMA,"HARSH
Harsh kumar",0,INR 50,https://nearbook.app/book/3919979,2026-05-03T22:48:26.574603,
India,NearBook,,oswal mathematics basics,,0,INR 449,https://nearbook.app/book/3919978,2026-05-03T22:48:26.886018,
India,NearBook,,Chemistry question bank,Xam idea,0,INR 249,https://nearbook.app/book/3919977,2026-05-03T22:48:27.188059,
India,NearBook,,kritika hindi,,0,INR 35,https://nearbook.app/book/3919976,2026-05-03T22:48:27.495528,
India,NearBook,,mathematics,,0,INR 65,https://nearbook.app/book/3919975,2026-05-03T22:48:27.802699,
India,NearBook,,social and political,,0,INR 65,https://nearbook.app/book/3919974,2026-05-03T22:48:28.109651,
India,NearBook,,marathi (21 set),,0,INR 50,https://nearbook.app/book/3919973,2026-05-03T22:48:28.417446,
India,NearBook,,Information technology,,0,INR 305,https://nearbook.app/book/3919972,2026-05-03T22:48:28.724569,
India,NearBook,,SAHITYA GAURAV TEXTBOOK AND WORKBOOK,,0,INR 100,https://nearbook.app/book/3919971,2026-05-03T22:48:30.316257,
India,NearBook,,Think mathematics normal academics 3A,,0,INR 200,https://nearbook.app/book/3919970,2026-05-03T22:48:30.670348,
India,NearBook,,S. S. T  book class-7,S. Madhavan,0,INR 150,https://nearbook.app/book/3919969,2026-05-03T22:48:30.978013,
India,NearBook,,Maths Question bank,Arihant,0,INR 179,https://nearbook.app/book/3919967,2026-05-03T22:48:31.285308,
India,NearBook,,english first flight,,0,INR 90,https://nearbook.app/book/3919966,2026-05-03T22:48:31.592081,
India,NearBook,,Prabodh biology English book,Biology,0,INR 300,https://nearbook.app/book/3919964,2026-05-03T22:48:31.899089,
India,NearBook,,honeycomb,,0,INR 65,https://nearbook.app/book/3919963,2026-05-03T22:48:32.206243,
India,NearBook,,S.Chand,,0,INR 300,https://nearbook.app/book/3919962,2026-05-03T22:48:32.502545,
India,NearBook,,RS Aggarwal maths book || Class 7,RS Aggarwal,0,INR 200,https://nearbook.app/book/3919961,2026-05-03T22:48:32.792210,
India,NearBook,,English grammar worksheet,Nasir Ahmed,0,INR 100,https://nearbook.app/book/3919960,2026-05-03T22:48:33.077521,
India,NearBook,,reliable of secretarial practice,,0,INR 280,https://nearbook.app/book/3919959,2026-05-03T22:48:33.359733,
India,NearBook,,"jee Advanced chemistry PYQ 57 year


jee Advanced chemistry PYQ 47 year",Arihant,0,INR 400,https://nearbook.app/book/3919958,2026-05-03T22:48:33.742337,
India,NearBook,,Fundamentals of Political Theory For Bhattadev University,,0,INR 290,https://nearbook.app/book/3919957,2026-05-03T22:48:35.359951,
India,NearBook,,navneet science and technology part 1digest,ujjawal ray,0,INR 150,https://nearbook.app/book/3919956,2026-05-03T22:48:35.641428,
India,NearBook,,Class 10th English Manufactured in 2025,,0,INR 50,https://nearbook.app/book/3919954,2026-05-03T22:48:35.926422,
India,NearBook,,school bag,backbencher bagschool bag,0,INR 400,https://nearbook.app/book/3919952,2026-05-03T22:48:36.210810,
India,NearBook,,science,,0,INR 150,https://nearbook.app/book/3919951,2026-05-03T22:48:36.507288,
India,NearBook,,science,rajiv Parkashan,0,INR 165,https://nearbook.app/book/3919950,2026-05-03T22:48:36.790533,
India,NearBook,,our environment,,0,INR 65,https://nearbook.app/book/3919949,2026-05-03T22:48:37.122009,
India,NearBook,,S.Chand Physics,,0,INR 300,https://nearbook.app/book/3919948,2026-05-03T22:48:37.405088,
India,NearBook,,Physical education,,0,INR 49,https://nearbook.app/book/3919947,2026-05-03T22:48:37.687612,
India,NearBook,,arihant all in one social si,"Krita arora
 subhasis swain",0,INR 100,https://nearbook.app/book/3919946,2026-05-03T22:48:37.976018,
India,NearBook,,+2 Botany revised edition(ncert),,0,INR 155,https://nearbook.app/book/3919945,2026-05-03T22:48:38.271630,
India,NearBook,,organisation of commerce and management (OCM),,0,INR 90,https://nearbook.app/book/3919944,2026-05-03T22:48:38.571814,
India,NearBook,,Jee Advanced Mathematics pyq 47 year,Arihant,0,INR 400,https://nearbook.app/book/3919943,2026-05-03T22:48:40.193940,
India,NearBook,,RPF CONSTABLE AND SI,Arun,0,INR 300,https://nearbook.app/book/3919942,2026-05-03T22:48:40.484219,
India,NearBook,,oswal mathematics standard,,0,INR 449,https://nearbook.app/book/3919941,2026-05-03T22:48:40.807620,
India,NearBook,,NCERT PHYSICS TEXTBOOK (1&2) CLASS 12,,0,INR 230,https://nearbook.app/book/3919940,2026-05-03T22:48:41.093236,
India,NearBook,,Vistas,,0,INR 9,https://nearbook.app/book/3919939,2026-05-03T22:48:41.381037,
India,NearBook,,Computer book class - 7,Jahanvi Bansal,0,INR 150,https://nearbook.app/book/3919938,2026-05-03T22:48:41.736173,
India,NearBook,,english,,0,INR 40,https://nearbook.app/book/3919937,2026-05-03T22:48:42.023766,
India,NearBook,,navneet science and technology part 2 digest,ujjawal ray,0,INR 100,https://nearbook.app/book/3919936,2026-05-03T22:48:42.307969,
India,NearBook,,English yuvakbharti,,0,INR 100,https://nearbook.app/book/3919935,2026-05-03T22:48:42.651034,
India,NearBook,,RD Sharma,RD Sharma,0,INR 700,https://nearbook.app/book/3919934,2026-05-03T22:48:42.937505,
India,NearBook,,Supplementary Reader in English for class ix,,0,INR 20,https://nearbook.app/book/3919933,2026-05-03T22:48:43.265666,
India,NearBook,,logic,,0,INR 50,https://nearbook.app/book/3919932,2026-05-03T22:48:43.572506,
India,NearBook,,chemistry part 1 class9,Shreeraj ranjane,0,INR 100,https://nearbook.app/book/3919931,2026-05-03T22:48:45.188430,
India,NearBook,,Computer Studies,,0,INR 79,https://nearbook.app/book/3919930,2026-05-03T22:48:45.478515,
India,NearBook,,chemistry,lakhmir Singh and Manjit Kaur,0,INR 549,https://nearbook.app/book/3919928,2026-05-03T22:48:45.825561,
India,NearBook,,economics,,0,INR 60,https://nearbook.app/book/3919926,2026-05-03T22:48:46.132675,
India,NearBook,,english support material,,0,INR 25,https://nearbook.app/book/3919925,2026-05-03T22:48:46.418233,
India,NearBook,,udip,,0,INR 100,https://nearbook.app/book/3919924,2026-05-03T22:48:46.702937,
India,NearBook,,S.Chand Biology,,0,INR 300,https://nearbook.app/book/3919923,2026-05-03T22:48:46.986895,
India,NearBook,,NCERT CHEMISTRY (1&2) CLASS 12,,0,INR 230,https://nearbook.app/book/3919922,2026-05-03T22:48:47.362816,
India,NearBook,,samkalin Bharat,,0,INR 110,https://nearbook.app/book/3919921,2026-05-03T22:48:47.645832,
India,NearBook,,Flamingo,,0,INR 9,https://nearbook.app/book/3919920,2026-05-03T22:48:47.936392,
India,NearBook,,full marks English literature and language,,0,INR 200,https://nearbook.app/book/3919919,2026-05-03T22:48:48.219497,
India,NearBook,,sanchayan bhaag 2,NCERT,0,INR 50,https://nearbook.app/book/3919918,2026-05-03T22:48:48.502753,
India,NearBook,,sanchayan bhaag 2,NCERT,0,INR 50,https://nearbook.app/book/3919918,2026-05-03T22:48:50.099956,
India,NearBook,,creative connect,swaroop sampat Rawal,0,INR 50,https://nearbook.app/book/3919917,2026-05-03T22:48:50.383072,
India,NearBook,,samkalin Bharat,,0,INR 110,https://nearbook.app/book/3919916,2026-05-03T22:48:50.725078,
India,NearBook,,physics jee main,,0,INR 650,https://nearbook.app/book/3919915,2026-05-03T22:48:51.048341,
India,NearBook,,BASIC ELECTRICITY ENGINEERING,D P KOTHARI  ।J NAGRATH,0,INR 0,https://nearbook.app/book/3919914,2026-05-03T22:48:51.354893,
India,NearBook,,sanskrit digest sem 2,,0,INR 50,https://nearbook.app/book/3919913,2026-05-03T22:48:51.664243,
India,NearBook,,arihant all in one science,"Heena sharma 
Shubhakar vats 
Rashmi Gupta",0,INR 100,https://nearbook.app/book/3919912,2026-05-03T22:48:51.948414,
India,NearBook,,आर्थिक विकास की समझ,"Nasir ahmed
Nasir ahmed",0,INR 190,https://nearbook.app/book/3919911,2026-05-03T22:48:52.277781,
India,NearBook,,navneet mathematics part 2 digest,ujjawal ray,0,INR 90,https://nearbook.app/book/3919910,2026-05-03T22:48:52.560198,
India,NearBook,,cheat sheet for Social science,,0,INR 200,https://nearbook.app/book/3919909,2026-05-03T22:48:52.880584,
India,NearBook,,Social Science gseb,,0,INR 50,https://nearbook.app/book/3919908,2026-05-03T22:48:53.198526,
India,NearBook,,dnyandeeps handbook biology 9th,Shreeraj ranjane,0,INR 65,https://nearbook.app/book/3919907,2026-05-03T22:48:53.482912,
India,NearBook,,marathi,,0,INR 100,https://nearbook.app/book/3919906,2026-05-03T22:48:55.144077,
India,NearBook,,Math book class -7,Y. K Sahni,0,INR 250,https://nearbook.app/book/3919905,2026-05-03T22:48:55.451156,
India,NearBook,,Educart Sample paper,,0,INR 149,https://nearbook.app/book/3919904,2026-05-03T22:48:55.758446,
India,NearBook,,secretarial practice,,0,INR 80,https://nearbook.app/book/3919903,2026-05-03T22:48:56.065702,
India,NearBook,,Beehive class 9 textbook,,0,INR 35,https://nearbook.app/book/3919901,2026-05-03T22:48:56.349454,
India,NearBook,,Artificial intelligence,,0,INR 290,https://nearbook.app/book/3919900,2026-05-03T22:48:56.630979,
India,NearBook,,sample papers of all subjects,ooswal,0,INR 499,https://nearbook.app/book/3919899,2026-05-03T22:48:56.922384,
India,NearBook,,English reader,,0,INR 39,https://nearbook.app/book/3919898,2026-05-03T22:48:57.204309,
India,NearBook,,udip,,0,INR 100,https://nearbook.app/book/3919897,2026-05-03T22:48:57.490768,
India,NearBook,,English 1 Digest,,0,INR 125,https://nearbook.app/book/3919896,2026-05-03T22:48:57.775220,
India,NearBook,,Hindi Grammar and Essay,,0,INR 100,https://nearbook.app/book/3919895,2026-05-03T22:48:58.115035,
India,NearBook,,sst,rajiv Parkash,0,INR 165,https://nearbook.app/book/3919894,2026-05-03T22:48:59.025880,
India,NearBook,,English reader,,0,INR 39,https://nearbook.app/book/3919893,2026-05-03T22:49:00.661150,
India,NearBook,,Hindi first PUC guide,,0,INR 150,https://nearbook.app/book/3919891,2026-05-03T22:49:00.967749,
India,NearBook,,"Yoga, Health and physical education",,0,INR 25,https://nearbook.app/book/3919889,2026-05-03T22:49:01.288996,
India,NearBook,,mai aur mera vyakaran course B,Dr Ravi Prakash Gupta and Dr Urmila Sharma,0,INR 365,https://nearbook.app/book/3919887,2026-05-03T22:49:01.580746,
India,NearBook,,"CBSE Solved Papers year wise
ECONOMICS, ENGLISH, ACCOUNTS, BUSINESS STUDIES",OSWAAL,0,INR 750,https://nearbook.app/book/3919885,2026-05-03T22:49:01.882741,
India,NearBook,,history and politics (marathi medium),ujjawal ray,0,INR 100,https://nearbook.app/book/3919884,2026-05-03T22:49:02.173677,
India,NearBook,,alaukik Shakti ke Chamatkar,,0,INR 195,https://nearbook.app/book/3919883,2026-05-03T22:49:02.517762,
India,NearBook,,Class 10th Sanskrit Manufactured in 2025,,0,INR 30,https://nearbook.app/book/3919882,2026-05-03T22:49:02.811192,
India,NearBook,,s. s Digest std 7,,0,INR 300,https://nearbook.app/book/3919881,2026-05-03T22:49:03.103548,
India,NearBook,,full marks Hindi course b complete study material,,0,INR 150,https://nearbook.app/book/3919880,2026-05-03T22:49:03.392709,
India,NearBook,,Maths,,0,INR 150,https://nearbook.app/book/3919877,2026-05-03T22:49:03.751788,
India,NearBook,,democratic politics,NCERT,0,INR 100,https://nearbook.app/book/3919876,2026-05-03T22:49:04.054130,
India,NearBook,,100,,0,INR 0,https://nearbook.app/book/3919875,2026-05-03T22:49:05.652767,
India,NearBook,,Sanskrit book  class - 7,रमाशंकर वत्स,0,INR 100,https://nearbook.app/book/3919873,2026-05-03T22:49:05.998968,
India,NearBook,,Oswaal books,,0,INR 300,https://nearbook.app/book/3919872,2026-05-03T22:49:06.306215,
India,NearBook,,mathematics,NCERT,0,INR 200,https://nearbook.app/book/3919871,2026-05-03T22:49:06.614152,
India,NearBook,,Oswaal sample papers,,0,INR 399,https://nearbook.app/book/3919870,2026-05-03T22:49:06.921223,
India,NearBook,,Madip Hindi phadmala |NEP 2020 |,,0,INR 235,https://nearbook.app/book/3919868,2026-05-03T22:49:07.228349,
India,NearBook,,एक साधारण सी जिन्दगी,अशोक लवासा,0,INR 0,https://nearbook.app/book/3919867,2026-05-03T22:49:07.518460,
India,NearBook,,pradeep's physics,dr. KL gomber and Surinder Lal,0,INR 440,https://nearbook.app/book/3919866,2026-05-03T22:49:07.809974,
India,NearBook,,I.t,,0,INR 50,https://nearbook.app/book/3919865,2026-05-03T22:49:08.098828,
India,NearBook,,प्रेमचन्द चुनिंदा कहानियां,munshi premchan,0,INR 30,https://nearbook.app/book/3919864,2026-05-03T22:49:08.388170,
India,NearBook,,Moments (English) gseb,,0,INR 20,https://nearbook.app/book/3919863,2026-05-03T22:49:08.677764,
India,NearBook,,First Flight,,0,INR 30,https://nearbook.app/book/3919862,2026-05-03T22:49:08.971174,
India,NearBook,,thaanesh publications,creating young minds,0,INR 100,https://nearbook.app/book/3919861,2026-05-03T22:49:10.589226,
India,NearBook,,+2 Zoology revised edition (ncert),,0,INR 150,https://nearbook.app/book/3919860,2026-05-03T22:49:10.879428,
India,NearBook,,Science curiosity NCERT book session 2025-2026 class 8th good condition with invisible cover only (CASH),,0,INR 42,https://nearbook.app/book/3919859,2026-05-03T22:49:11.221777,
India,NearBook,,Footprints without Feet,,0,INR 15,https://nearbook.app/book/3919857,2026-05-03T22:49:11.512364,
India,NearBook,,economic,,0,INR 50,https://nearbook.app/book/3919856,2026-05-03T22:49:11.836447,
India,NearBook,,mathematics,,0,INR 60,https://nearbook.app/book/3919855,2026-05-03T22:49:12.130069,
India,NearBook,,english,mr,0,INR 250,https://nearbook.app/book/3919854,2026-05-03T22:49:12.421040,
India,NearBook,,new millennium chemistry,dr. sourabh monga,0,INR 629,https://nearbook.app/book/3919853,2026-05-03T22:49:12.710756,
India,NearBook,,Bharatborsor Itihas-Harappar Sabhyatar Pora 1206 For Bhattadev University 1st Semester,"Bhrigumani Nath, Dipamjyoti Burhagohain",0,INR 150,https://nearbook.app/book/3919852,2026-05-03T22:49:13.065293,
India,NearBook,,Maths class 12 sample paper,,0,INR 235,https://nearbook.app/book/3919851,2026-05-03T22:49:13.355106,
India,NearBook,,english,mr,0,INR 250,https://nearbook.app/book/3919850,2026-05-03T22:49:13.643849,
India,NearBook,,ગણિત પાઠ્યપુસ્તક,,0,INR 100,https://nearbook.app/book/3919849,2026-05-03T22:49:13.987383,
India,NearBook,,hindi,,0,INR 60,https://nearbook.app/book/3919848,2026-05-03T22:49:15.624427,
India,NearBook,,Oswaal books,,0,INR 350,https://nearbook.app/book/3919847,2026-05-03T22:49:15.914198,
India,NearBook,,science,north science,0,INR 100,https://nearbook.app/book/3919846,2026-05-03T22:49:16.239456,
India,NearBook,,MATHEMATICS R.D SHARMA CLASS 9 26/27,R.D SHARMA,0,INR 200,https://nearbook.app/book/3919845,2026-05-03T22:49:16.528943,
India,NearBook,,எழுச்சிப் பூக்கள்,R.paramadayalan,0,INR 50,https://nearbook.app/book/3919844,2026-05-03T22:49:16.853786,
India,NearBook,,Beehive (English) gseb,,0,INR 40,https://nearbook.app/book/3919843,2026-05-03T22:49:17.142819,
India,NearBook,,ગાલા કમ્પ્યુટર  અધ્યયન,,0,INR 300,https://nearbook.app/book/3919842,2026-05-03T22:49:17.435119,
India,NearBook,,navneet science and technology digest,ujjawal ray,0,INR 200,https://nearbook.app/book/3919841,2026-05-03T22:49:17.723829,
India,NearBook,,civic,,0,INR 85,https://nearbook.app/book/3919840,2026-05-03T22:49:18.082906,
India,NearBook,,science,north science,0,INR 100,https://nearbook.app/book/3919839,2026-05-03T22:49:18.389601,
India,NearBook,,biology,"lakhmir singh, manjit kaur",0,INR 549,https://nearbook.app/book/3919838,2026-05-03T22:49:18.683412,
India,NearBook,,Sparsh Bhag-2,,0,INR 50,https://nearbook.app/book/3919837,2026-05-03T22:49:18.974664,
India,NearBook,,MANGA DEMON SLAYER Volume. 1 (DEMON SLAYER: KIMETSU NO YAIBA) Vol.1,,0,INR 160,https://nearbook.app/book/3919836,2026-05-03T22:49:20.595370,
India,NearBook,,science,,0,INR 50,https://nearbook.app/book/3919835,2026-05-03T22:49:20.886159,
India,NearBook,,सरल विज्ञान,Nasir ahmed,0,INR 350,https://nearbook.app/book/3919834,2026-05-03T22:49:21.175398,
India,NearBook,,rs agarwal mathematics class 6,R S Aggarwal,0,INR 250,https://nearbook.app/book/3919833,2026-05-03T22:49:21.554956,
India,NearBook,,helpmate in english,,0,INR 50,https://nearbook.app/book/3919832,2026-05-03T22:49:21.844523,
India,NearBook,,footprints without feet,NCERT,0,INR 40,https://nearbook.app/book/3919831,2026-05-03T22:49:22.134569,
India,NearBook,,Oswaal books,,0,INR 350,https://nearbook.app/book/3919830,2026-05-03T22:49:22.486218,
India,NearBook,,information technology,"arihant
arihant",0,INR 170,https://nearbook.app/book/3919827,2026-05-03T22:49:22.793749,
India,NearBook,,Ananda,,0,INR 280,https://nearbook.app/book/3919826,2026-05-03T22:49:23.100349,
India,NearBook,,સંસ્કૃત પાઠ્યપુસ્તક,,0,INR 30,https://nearbook.app/book/3919825,2026-05-03T22:49:23.389670,
India,NearBook,,Hindi viyakarn class 7th | NEP 2020 | New Sarswati House,,0,INR 380,https://nearbook.app/book/3919824,2026-05-03T22:49:23.687440,
India,NearBook,,Sanchayan Bhag -2,,0,INR 15,https://nearbook.app/book/3919823,2026-05-03T22:49:24.022216,
India,NearBook,,Computer Studies gseb,,0,INR 41,https://nearbook.app/book/3919822,2026-05-03T22:49:25.660524,
India,NearBook,,full marks social science class 9 complete study material,,0,INR 149,https://nearbook.app/book/3919821,2026-05-03T22:49:25.951005,
India,NearBook,,science,NCERT,0,INR 165,https://nearbook.app/book/3919819,2026-05-03T22:49:26.275135,
India,NearBook,,English,,0,INR 60,https://nearbook.app/book/3919818,2026-05-03T22:49:26.582261,
India,NearBook,,Class 10th English footprint without feet Manufactured in 2025,,0,INR 35,https://nearbook.app/book/3919817,2026-05-03T22:49:26.889437,
India,NearBook,,Environmental studies,,0,INR 45,https://nearbook.app/book/3919816,2026-05-03T22:49:27.180076,
India,NearBook,,question Bank,class 10 question bank with splve,0,INR 200,https://nearbook.app/book/3919815,2026-05-03T22:49:27.469931,
India,NearBook,,Saraswati Activity Manual Mathematics Class 10th,,0,INR 120,https://nearbook.app/book/3919814,2026-05-03T22:49:27.771041,
India,NearBook,,u like sample paper of science,u like,0,INR 330,https://nearbook.app/book/3919813,2026-05-03T22:49:28.117163,
India,NearBook,,maths,moradabad RBA children Academy school ke samne,0,INR 250,https://nearbook.app/book/3919812,2026-05-03T22:49:28.424551,
India,NearBook,,"Dragon Ball, Vol. 1,2",,0,INR 680,https://nearbook.app/book/3919811,2026-05-03T22:49:28.731397,
India,NearBook,,the grammar connect,,0,INR 320,https://nearbook.app/book/3919810,2026-05-03T22:49:29.038531,
India,NearBook,,social science,samaj ka adhayan : bharat aur uske asamaj ka adhyan:bharatauruskeange,0,INR 300,https://nearbook.app/book/3919809,2026-05-03T22:49:30.676971,
India,NearBook,,ગુજરાતી પાઠ્યપુસ્તક,,0,INR 40,https://nearbook.app/book/3919808,2026-05-03T22:49:30.966749,
India,NearBook,,mathematics,,0,INR 60,https://nearbook.app/book/3919807,2026-05-03T22:49:31.292469,
India,NearBook,,Gujarati (second language) gseb,,0,INR 30,https://nearbook.app/book/3919806,2026-05-03T22:49:31.599159,
India,NearBook,,NCERT,,0,INR 200,https://nearbook.app/book/3919805,2026-05-03T22:49:31.906165,
India,NearBook,,Saraswati Mathematics Activity Manual Class 10th,,0,INR 99,https://nearbook.app/book/3919804,2026-05-03T22:49:32.197609,
India,NearBook,,science textbook,,0,INR 30,https://nearbook.app/book/3919803,2026-05-03T22:49:32.520512,
India,NearBook,,science journal,,0,INR 30,https://nearbook.app/book/3919802,2026-05-03T22:49:32.827715,
India,NearBook,,shoes class 9 main book,,0,INR 30,https://nearbook.app/book/3919801,2026-05-03T22:49:33.134806,
India,NearBook,,first flight,NCERT,0,INR 70,https://nearbook.app/book/3919800,2026-05-03T22:49:33.425629,
India,NearBook,,art and craft,,0,INR 220,https://nearbook.app/book/3919799,2026-05-03T22:49:33.749497,
India,NearBook,,Class 10th hindi Chitij Manufactured in 2025,,0,INR 30,https://nearbook.app/book/3919798,2026-05-03T22:49:34.056271,
India,NearBook,,எழுச்சிப்  பூக்கள்,இரா. பரமதயாளன்,0,INR 50,https://nearbook.app/book/3919797,2026-05-03T22:49:35.695232,
India,NearBook,,science,,0,INR 50,https://nearbook.app/book/3919796,2026-05-03T22:49:36.002183,
India,NearBook,,history,j b Garg,0,INR 95,https://nearbook.app/book/3919795,2026-05-03T22:49:36.309445,
India,NearBook,,new Millenium biology,K. Kumar,0,INR 629,https://nearbook.app/book/3919794,2026-05-03T22:49:36.598518,
India,NearBook,,science workbook sem 2,,0,INR 70,https://nearbook.app/book/3919793,2026-05-03T22:49:36.928602,
India,NearBook,,ગુજરાતી Navneet,,0,INR 150,https://nearbook.app/book/3919792,2026-05-03T22:49:37.230791,
India,NearBook,,Jeevith Publications,,0,INR 259,https://nearbook.app/book/3919791,2026-05-03T22:49:37.537704,
India,NearBook,,learn well smart class 3,,0,INR 200,https://nearbook.app/book/3919790,2026-05-03T22:49:38.413271,
India,NearBook,,15 Sample Question Papers Class 10th,,0,INR 150,https://nearbook.app/book/3919789,2026-05-03T22:49:38.694522,
India,NearBook,,maths-2a babay bullet,,0,INR 50,https://nearbook.app/book/3919788,2026-05-03T22:49:38.994021,
India,NearBook,,Themes in world History,,0,INR 140,https://nearbook.app/book/3919786,2026-05-03T22:49:39.280804,
India,NearBook,,Hindi book class -7,rampal sharma,0,INR 100,https://nearbook.app/book/3919785,2026-05-03T22:49:39.586306,
India,NearBook,,our past,,0,INR 40,https://nearbook.app/book/3919784,2026-05-03T22:49:41.184646,
India,NearBook,,S. s workbook sem 2,,0,INR 100,https://nearbook.app/book/3919783,2026-05-03T22:49:41.532492,
India,NearBook,,math,"Rajiv Parkash 
Rajiv Parkash",0,INR 140,https://nearbook.app/book/3919782,2026-05-03T22:49:41.811913,
India,NearBook,,15 Sample Question Papers Class 10th,,0,INR 150,https://nearbook.app/book/3919781,2026-05-03T22:49:42.089991,
India,NearBook,,जीवन क्या है?,ओसो,0,INR 120,https://nearbook.app/book/3919780,2026-05-03T22:49:42.398662,
India,NearBook,,sparsh bhaag 2,NCERT,0,INR 80,https://nearbook.app/book/3919778,2026-05-03T22:49:42.677720,
India,NearBook,,Telugu Fl,,0,INR 300,https://nearbook.app/book/3919777,2026-05-03T22:49:42.965173,
India,NearBook,,explore GK,,0,INR 200,https://nearbook.app/book/3919776,2026-05-03T22:49:43.272623,
India,NearBook,,English,,0,INR 60,https://nearbook.app/book/3919775,2026-05-03T22:49:43.579559,
India,NearBook,,વિજ્ઞાન,,0,INR 20,https://nearbook.app/book/3919774,2026-05-03T22:49:43.857017,
India,NearBook,,15 Sample Question Papers Class 10th,,0,INR 150,https://nearbook.app/book/3919773,2026-05-03T22:49:44.194434,
India,NearBook,,Gujarati workbook sem 2,,0,INR 75,https://nearbook.app/book/3919771,2026-05-03T22:49:44.472818,
India,NearBook,,Gujarati workbook sem 2,,0,INR 75,https://nearbook.app/book/3919771,2026-05-03T22:49:46.072413,
India,NearBook,,Communicative English: Business Communication For Bhattadev University 1st Semester AEC Course,Dr. Ataur Rahman,0,INR 195,https://nearbook.app/book/3919770,2026-05-03T22:49:46.446848,
India,NearBook,,Fundamentals of Physical Geography,,0,INR 100,https://nearbook.app/book/3919769,2026-05-03T22:49:46.755144,
India,NearBook,,Moment,YASH KAUSHIK,0,INR 30,https://nearbook.app/book/3919768,2026-05-03T22:49:47.061503,
India,NearBook,,"AFM
CONCEPT BOOK",,0,INR 300,https://nearbook.app/book/3919767,2026-05-03T22:49:47.338225,
India,NearBook,,click connect,,0,INR 250,https://nearbook.app/book/3919766,2026-05-03T22:49:47.614396,
India,NearBook,,"સામાજિક વિજ્ઞાન 
NAVNEET",,0,INR 200,https://nearbook.app/book/3919765,2026-05-03T22:49:47.982508,
India,NearBook,,Physics class 12 sample paper,,0,INR 219,https://nearbook.app/book/3919764,2026-05-03T22:49:48.259820,
India,NearBook,,English 1 workbook sem 2,,0,INR 70,https://nearbook.app/book/3919763,2026-05-03T22:49:48.597599,
India,NearBook,,Mathematics Class 10,,0,INR 80,https://nearbook.app/book/3919762,2026-05-03T22:49:48.904333,
India,NearBook,,"AFM
ADVANCE FINANCIAL MANAGEMENT",,0,INR 300,https://nearbook.app/book/3919761,2026-05-03T22:49:49.211651,
India,NearBook,,India: Physical Environment,,0,INR 55,https://nearbook.app/book/3919760,2026-05-03T22:49:49.518984,
India,NearBook,,"computer application (sem-2) , chinmoy guho, ashutash paul",,0,INR 150,https://nearbook.app/book/3919758,2026-05-03T22:49:51.157299,
India,NearBook,,English Grammar (Excellent),,0,INR 100,https://nearbook.app/book/3919757,2026-05-03T22:49:51.465484,
India,NearBook,,geometry,,0,INR 100,https://nearbook.app/book/3919756,2026-05-03T22:49:51.742339,
India,NearBook,,samkaleen,Nasir Ahmed,0,INR 200,https://nearbook.app/book/3919755,2026-05-03T22:49:52.024338,
India,NearBook,,Hindi workbook sem 2,,0,INR 50,https://nearbook.app/book/3919753,2026-05-03T22:49:52.308347,
India,NearBook,,સામાજિક વિજ્ઞાન,સામાજિક વિજ્ઞાન,0,INR 40,https://nearbook.app/book/3919752,2026-05-03T22:49:52.589575,
India,NearBook,,Physics new edition,,0,INR 159,https://nearbook.app/book/3919751,2026-05-03T22:49:52.898091,
India,NearBook,,Class 10th hindi Manufactured in 2025,,0,INR 40,https://nearbook.app/book/3919750,2026-05-03T22:49:53.174985,
India,NearBook,,arabic,,0,INR 100,https://nearbook.app/book/3919749,2026-05-03T22:49:53.464625,
India,NearBook,,RD Sharma (2pc),,0,INR 400,https://nearbook.app/book/3919748,2026-05-03T22:49:53.820060,
India,NearBook,,"Problems in Inorganic Chemistry for NEET -3rd Edition, 2020  by V.K Jaiswal",,0,INR 290,https://nearbook.app/book/3919747,2026-05-03T22:49:54.127899,
India,NearBook,,Hindi digest sem 2,,0,INR 80,https://nearbook.app/book/3919746,2026-05-03T22:49:54.438514,
India,NearBook,,સુગમ ચિત્રકલા,"સુરગમ ચિત્રકલા 
સુગમ ચિત્રકલા",0,INR 140,https://nearbook.app/book/3919744,2026-05-03T22:49:56.072432,
India,NearBook,,Reasoning Book By Sona mam,,0,INR 300,https://nearbook.app/book/3919742,2026-05-03T22:49:56.380912,
India,NearBook,,ICSE class 9 Mathematics ML Agarwal,,0,INR 300,https://nearbook.app/book/3919741,2026-05-03T22:49:56.686963,
India,NearBook,,"isc class 12th maths question paper, solved paper",,0,INR 250,https://nearbook.app/book/3919740,2026-05-03T22:49:56.994230,
India,NearBook,,HINDI VYAKARAN,,0,INR 80,https://nearbook.app/book/3919739,2026-05-03T22:49:57.301803,
India,NearBook,,Fundamentals of physical Geography,,0,INR 100,https://nearbook.app/book/3919738,2026-05-03T22:49:57.579596,
India,NearBook,,Megha,,0,INR 0,https://nearbook.app/book/3919737,2026-05-03T22:49:57.858475,
India,NearBook,,MATHEMATICS,NCERT,0,INR 100,https://nearbook.app/book/3919736,2026-05-03T22:49:58.135790,
India,NearBook,,Living Maths Class 7th | Ratna Sagar | NCF 2023,,0,INR 350,https://nearbook.app/book/3919735,2026-05-03T22:49:58.412646,
India,NearBook,,computer std 7,,0,INR 200,https://nearbook.app/book/3919734,2026-05-03T22:49:58.735396,
India,NearBook,,General Studies,,0,INR 1100,https://nearbook.app/book/3919733,2026-05-03T22:49:59.013199,
India,NearBook,,India and the Contemporary World-ll,,0,INR 70,https://nearbook.app/book/3919732,2026-05-03T22:49:59.350656,
India,NearBook,,MARATHI VYAKRAN,,0,INR 70,https://nearbook.app/book/3919731,2026-05-03T22:50:00.957715,
India,NearBook,,English Grammar (Radhika Publication),,0,INR 100,https://nearbook.app/book/3919730,2026-05-03T22:50:01.296064,
India,NearBook,,Computer Science with Python,Sumita Arora,0,INR 625,https://nearbook.app/book/3919729,2026-05-03T22:50:01.574185,
India,NearBook,,9th Health and Physical Education (jeevandeep),,0,INR 110,https://nearbook.app/book/3919728,2026-05-03T22:50:01.909503,
India,NearBook,,Class 10th Economics in hindi Manufactured in 2025,,0,INR 40,https://nearbook.app/book/3919727,2026-05-03T22:50:02.185643,
India,NearBook,,science workbook sem 1,,0,INR 80,https://nearbook.app/book/3919726,2026-05-03T22:50:02.465896,
India,NearBook,,DS,,0,INR 80,https://nearbook.app/book/3919725,2026-05-03T22:50:02.831367,
India,NearBook,,ENGLISH GRAMMAR STD 7,,0,INR 60,https://nearbook.app/book/3919724,2026-05-03T22:50:03.107971,
India,NearBook,,DK Bhattacharya Mathematics Class 10 (like New condition),,0,INR 120,https://nearbook.app/book/3919723,2026-05-03T22:50:03.384458,
India,NearBook,,flamingo textbook for class 12th,,0,INR 95,https://nearbook.app/book/3919722,2026-05-03T22:50:03.662153,
India,NearBook,,isc physics nootan  part 1,kumar mittal,0,INR 500,https://nearbook.app/book/3919721,2026-05-03T22:50:03.942157,
India,NearBook,,MATHEMATICS -IB,,0,INR 150,https://nearbook.app/book/3919720,2026-05-03T22:50:04.218740,
India,NearBook,,MATHEMATICS RD SHARMA CLASS 9 26/27,RD SHARMA,0,INR 350,https://nearbook.app/book/3919719,2026-05-03T22:50:05.800760,
India,NearBook,,My Canvas,,0,INR 100,https://nearbook.app/book/3919718,2026-05-03T22:50:06.107832,
India,NearBook,,English grammar Vikas,English grammar Vikas,0,INR 170,https://nearbook.app/book/3919717,2026-05-03T22:50:06.405087,
India,NearBook,,Objective General English,,0,INR 300,https://nearbook.app/book/3919716,2026-05-03T22:50:06.681787,
India,NearBook,,Hindi textbook sem 2,,0,INR 20,https://nearbook.app/book/3919715,2026-05-03T22:50:06.959959,
India,NearBook,,Aditi,,0,INR 300,https://nearbook.app/book/3919714,2026-05-03T22:50:07.323714,
India,NearBook,,Balaji Physical Chemistry for neet by narendra avasthi,Narendra avasthi physical chemistry,0,INR 150,https://nearbook.app/book/3919713,2026-05-03T22:50:07.643994,
India,NearBook,,Science Practical Notebook (2 pc),,0,INR 100,https://nearbook.app/book/3919712,2026-05-03T22:50:07.951505,
India,NearBook,,water security,,0,INR 100,https://nearbook.app/book/3919711,2026-05-03T22:50:08.258498,
India,NearBook,,Mathematics (Unnati Publication),,0,INR 170,https://nearbook.app/book/3919710,2026-05-03T22:50:08.565488,
India,NearBook,,Holiday Homework,,0,INR 0,https://nearbook.app/book/3919709,2026-05-03T22:50:08.842522,
India,NearBook,,Water Security Std 9,excellent condition,0,INR 34,https://nearbook.app/book/3919707,2026-05-03T22:50:09.180225,
India,NearBook,,HINDI NAVNEET,Hindi Navneet,0,INR 180,https://nearbook.app/book/3919706,2026-05-03T22:50:10.819387,
India,NearBook,,10th std 6 in 1 guide english medium,,0,INR 740,https://nearbook.app/book/3919705,2026-05-03T22:50:11.125531,
India,NearBook,,Hornbill,,0,INR 50,https://nearbook.app/book/3919704,2026-05-03T22:50:11.434942,
India,NearBook,,Practical Skills In Science,,0,INR 300,https://nearbook.app/book/3919702,2026-05-03T22:50:11.746884,
India,NearBook,,ncert class 12 mathematics part 1 gujarati medium,,0,INR 50,https://nearbook.app/book/3919701,2026-05-03T22:50:12.026908,
India,NearBook,,physics based by ncert,D C. pandey,0,INR 400,https://nearbook.app/book/3919700,2026-05-03T22:50:12.354425,
India,NearBook,,next maths examplar,hewanti kushwaha,0,INR 150,https://nearbook.app/book/3919699,2026-05-03T22:50:12.633950,
India,NearBook,,physics based by ncert,D C. pandey,0,INR 400,https://nearbook.app/book/3919697,2026-05-03T22:50:12.918620,
India,NearBook,,Class 10th Civics in hindi Manufactured in 2025,,0,INR 40,https://nearbook.app/book/3919696,2026-05-03T22:50:13.276005,
India,NearBook,,Social Science (Unnati Publication),,0,INR 180,https://nearbook.app/book/3919695,2026-05-03T22:50:13.583066,
India,NearBook,,social and political life II,,0,INR 50,https://nearbook.app/book/3919694,2026-05-03T22:50:13.890412,
India,NearBook,,inorganic chemistry bsc part-1,,0,INR 210,https://nearbook.app/book/3919693,2026-05-03T22:50:14.167609,
India,NearBook,,Oswaal Icse Question bank (Class 10) Mathematics latest edition (2025),,0,INR 150,https://nearbook.app/book/3919692,2026-05-03T22:50:15.836820,
India,NearBook,,std 7 s.s textbook,,0,INR 40,https://nearbook.app/book/3919691,2026-05-03T22:50:16.143648,
India,NearBook,,account,,0,INR 500,https://nearbook.app/book/3919690,2026-05-03T22:50:16.450580,
India,NearBook,,science educart,Mr Prashant kirad,0,INR 449,https://nearbook.app/book/3919689,2026-05-03T22:50:17.373176,
India,NearBook,,Understanding Economic Development,,0,INR 60,https://nearbook.app/book/3919688,2026-05-03T22:50:17.679313,
India,NearBook,,grammar and composition vibes,,0,INR 0,https://nearbook.app/book/3919687,2026-05-03T22:50:17.961655,
India,NearBook,,marathi,,0,INR 80,https://nearbook.app/book/3919686,2026-05-03T22:50:18.293719,
India,NearBook,,Hindi textbook,"Hindi text 
Hindi textbook",0,INR 30,https://nearbook.app/book/3919685,2026-05-03T22:50:18.574029,
India,NearBook,,BSM,,0,INR 215,https://nearbook.app/book/3919684,2026-05-03T22:50:18.855102,
India,NearBook,,Gujarati digest,,0,INR 200,https://nearbook.app/book/3919683,2026-05-03T22:50:19.139429,
India,NearBook,,BMS,,0,INR 235,https://nearbook.app/book/3919682,2026-05-03T22:50:19.418713,
India,NearBook,,vyakaran parichaya,,0,INR 280,https://nearbook.app/book/3919681,2026-05-03T22:50:19.697648,
India,NearBook,,Science (Unnati Publication),,0,INR 180,https://nearbook.app/book/3919680,2026-05-03T22:50:21.272059,
India,NearBook,,physics for class 11 specially jee prepartion and writer S. L arrora,sl arrora,0,INR 600,https://nearbook.app/book/3919679,2026-05-03T22:50:21.547728,
India,NearBook,,sanskrit textbook sem 1,,0,INR 20,https://nearbook.app/book/3919677,2026-05-03T22:50:21.827181,
India,NearBook,,English,,0,INR 260,https://nearbook.app/book/3919676,2026-05-03T22:50:22.104803,
India,NearBook,,English textbook,English textbook,0,INR 30,https://nearbook.app/book/3919675,2026-05-03T22:50:22.390681,
India,NearBook,,zhxy,,0,INR 15,https://nearbook.app/book/3919674,2026-05-03T22:50:22.697554,
India,NearBook,,organic chemistry,Dr.J.M.sehgal,0,INR 120,https://nearbook.app/book/3919673,2026-05-03T22:50:22.976398,
India,NearBook,,BMS,,0,INR 0,https://nearbook.app/book/3919672,2026-05-03T22:50:23.257298,
India,NearBook,,ncert class 11 physics english medium,,0,INR 90,https://nearbook.app/book/3919671,2026-05-03T22:50:23.545794,
India,NearBook,,Snapshots,,0,INR 35,https://nearbook.app/book/3919670,2026-05-03T22:50:23.926576,
India,NearBook,,Democratic Politics-ll,,0,INR 50,https://nearbook.app/book/3919669,2026-05-03T22:50:24.233886,
India,NearBook,,hindi sem 2 textbook,,0,INR 50,https://nearbook.app/book/3919668,2026-05-03T22:50:24.512416,
India,NearBook,,Objective Physics for NEET Vol 2 2021-2022 DC PANDEY,,0,INR 530,https://nearbook.app/book/3919667,2026-05-03T22:50:26.160200,
India,NearBook,,BSM,,0,INR 180,https://nearbook.app/book/3919666,2026-05-03T22:50:26.442446,
India,NearBook,,hindi वीणा,नीलकंठ कुमार,0,INR 50,https://nearbook.app/book/3919664,2026-05-03T22:50:26.721457,
India,NearBook,,urdu,docter. sunil magar,0,INR 120,https://nearbook.app/book/3919663,2026-05-03T22:50:27.000517,
India,NearBook,,cost accounting,,0,INR 165,https://nearbook.app/book/3919662,2026-05-03T22:50:27.276026,
India,NearBook,,Tamil (அங்காடியியல்),Kathiresan & ratha,0,INR 100,https://nearbook.app/book/3919661,2026-05-03T22:50:27.615540,
India,NearBook,,Random thoughts of a random teenager,taarushi singh,0,INR 50,https://nearbook.app/book/3919660,2026-05-03T22:50:27.920454,
India,NearBook,,Mathematics archit book,,0,INR 30,https://nearbook.app/book/3919659,2026-05-03T22:50:28.221513,
India,NearBook,,Class 10th Geography in hindi Manufactured in 2025,,0,INR 40,https://nearbook.app/book/3919658,2026-05-03T22:50:28.534304,
India,NearBook,,7th Std general science practical book ( Navneet),,0,INR 50,https://nearbook.app/book/3919657,2026-05-03T22:50:28.843568,
India,NearBook,,class 10 ncert exemplar latest edition 2026-27 SCIENCE+MATHS,Arihant,0,INR 400,https://nearbook.app/book/3919656,2026-05-03T22:50:29.149224,
India,NearBook,,accountancy,,0,INR 225,https://nearbook.app/book/3919655,2026-05-03T22:50:29.428767,
India,NearBook,,ENGLISH NAVNEET,"angreji navmi 
ENGLISH NAVNEET",0,INR 250,https://nearbook.app/book/3919654,2026-05-03T22:50:31.066686,
India,NearBook,,Drawing & Coloring,vikas Drawing,0,INR 90,https://nearbook.app/book/3919653,2026-05-03T22:50:31.344356,
India,NearBook,,PC Wren’s Grammer class 7,,0,INR 280,https://nearbook.app/book/3919652,2026-05-03T22:50:31.708745,
India,NearBook,,inter 1st year chemistry tb,,0,INR 350,https://nearbook.app/book/3919651,2026-05-03T22:50:32.015791,
India,NearBook,,RD Sharma math,,0,INR 300,https://nearbook.app/book/3919650,2026-05-03T22:50:32.314610,
India,NearBook,,oswal book,,0,INR 200,https://nearbook.app/book/3919649,2026-05-03T22:50:32.630298,
India,NearBook,,Mathematics practice book,,0,INR 100,https://nearbook.app/book/3919648,2026-05-03T22:50:32.909563,
India,NearBook,,RD Sharma math,,0,INR 300,https://nearbook.app/book/3919647,2026-05-03T22:50:33.245316,
India,NearBook,,ICSE COMPUTERS CLASS 10TH,,0,INR 250,https://nearbook.app/book/3919646,2026-05-03T22:50:33.524520,
India,NearBook,,Hydraulic and Hydraulic Machines,Saiful Islam,0,INR 90,https://nearbook.app/book/3919645,2026-05-03T22:50:33.803490,
India,NearBook,,inter 1st year physics tb,,0,INR 350,https://nearbook.app/book/3919644,2026-05-03T22:50:34.120978,
India,NearBook,,Social and Political Life - ll,,0,INR 40,https://nearbook.app/book/3919642,2026-05-03T22:50:34.401894,
India,NearBook,,Science (Study Well),M.S. Chauhan,0,INR 230,https://nearbook.app/book/3919641,2026-05-03T22:50:35.982653,
India,NearBook,,Mathematics,,0,INR 50,https://nearbook.app/book/3919640,2026-05-03T22:50:36.266140,
India,NearBook,,history civics,docter.dunil magar,0,INR 80,https://nearbook.app/book/3919639,2026-05-03T22:50:36.553100,
India,NearBook,,inter 1st year botany tb,,0,INR 250,https://nearbook.app/book/3919638,2026-05-03T22:50:36.831019,
India,NearBook,,most likely,,0,INR 200,https://nearbook.app/book/3919637,2026-05-03T22:50:37.135509,
India,NearBook,,rudra naagu,,0,INR 150,https://nearbook.app/book/3919636,2026-05-03T22:50:37.442875,
India,NearBook,,Business studies,,0,INR 550,https://nearbook.app/book/3919635,2026-05-03T22:50:37.749816,
India,NearBook,,TEDEd,,0,INR 30,https://nearbook.app/book/3919634,2026-05-03T22:50:38.061058,
India,NearBook,,raff notes,sai,0,INR 10,https://nearbook.app/book/3919633,2026-05-03T22:50:38.365142,
India,NearBook,,पूर्व माध्यमिक शिष्यवृत्ती परीक्षा नवनीत इयत्ता आठवी,"Navneet
Navneet
Navneet",0,INR 300,https://nearbook.app/book/3919631,2026-05-03T22:50:38.644487,
India,NearBook,,EAPCET Chapter-wise&topics-wise,EAPCET,0,INR 50,https://nearbook.app/book/3919630,2026-05-03T22:50:38.978569,
India,NearBook,,CUET UG-2023 Common University Entrance Test Science Domain Class-XII,,0,INR 480,https://nearbook.app/book/3919629,2026-05-03T22:50:39.259918,
India,NearBook,,"Momentum booster class 12
Chemistry",,0,INR 100,https://nearbook.app/book/3919628,2026-05-03T22:50:40.924975,
India,NearBook,,economics,dhremender,0,INR 40,https://nearbook.app/book/3919627,2026-05-03T22:50:41.231440,
India,NearBook,,sanjiv english cource,,0,INR 300,https://nearbook.app/book/3919626,2026-05-03T22:50:41.510722,
India,NearBook,,class 12th cbse English question bank,oswal publication,0,INR 400,https://nearbook.app/book/3919625,2026-05-03T22:50:41.798553,
India,NearBook,,isc class 12th sample question papers,,0,INR 250,https://nearbook.app/book/3919624,2026-05-03T22:50:42.153329,
India,NearBook,,corporate accounting,Dr.A. Murthy,0,INR 100,https://nearbook.app/book/3919623,2026-05-03T22:50:42.460350,
India,NearBook,,8th english work book,,0,INR 80,https://nearbook.app/book/3919622,2026-05-03T22:50:42.738225,
India,NearBook,,inter 1st year zoology tb,,0,INR 250,https://nearbook.app/book/3919621,2026-05-03T22:50:43.075747,
India,NearBook,,chaturnethrudu,,0,INR 100,https://nearbook.app/book/3919620,2026-05-03T22:50:43.357052,
India,NearBook,,mathematics,,0,INR 100,https://nearbook.app/book/3919619,2026-05-03T22:50:43.637044,
India,NearBook,,Our Past,,0,INR 40,https://nearbook.app/book/3919618,2026-05-03T22:50:43.916072,
India,NearBook,,Deepak sankrit standard 6th,,0,INR 65,https://nearbook.app/book/3919617,2026-05-03T22:50:44.202932,
India,NearBook,,Class 10th History in hindi Manufactured in 2025,,0,INR 40,https://nearbook.app/book/3919616,2026-05-03T22:50:45.840077,
India,NearBook,,hindi vyakaran,"dr. veena chawla, manjulika ghosh, vimal sharma",0,INR 300,https://nearbook.app/book/3919615,2026-05-03T22:50:46.147396,
India,NearBook,,Sanskrit,,0,INR 270,https://nearbook.app/book/3919614,2026-05-03T22:50:46.454321,
India,NearBook,,chaturnethrudu 1,,0,INR 100,https://nearbook.app/book/3919612,2026-05-03T22:50:46.733270,
India,NearBook,,hindi vyakaran,"dr. veena chawla, manjulika ghosh, vimal sharma",0,INR 300,https://nearbook.app/book/3919611,2026-05-03T22:50:47.018572,
India,NearBook,,ICSE HISTORY AND CIVICS CLASS 10TH,,0,INR 100,https://nearbook.app/book/3919610,2026-05-03T22:50:47.376709,
India,NearBook,,Hindi,,0,INR 249,https://nearbook.app/book/3919609,2026-05-03T22:50:47.655681,
India,NearBook,,Our Environment,,0,INR 40,https://nearbook.app/book/3919608,2026-05-03T22:50:47.989990,
India,NearBook,,Hindi,,0,INR 249,https://nearbook.app/book/3919607,2026-05-03T22:50:48.297151,
India,NearBook,,biology questions bank part-5 NEET,,0,INR 50,https://nearbook.app/book/3919606,2026-05-03T22:50:48.604646,
India,NearBook,,thor,,0,INR 100,https://nearbook.app/book/3919605,2026-05-03T22:50:48.884123,
India,NearBook,,kritika,,0,INR 30,https://nearbook.app/book/3919604,2026-05-03T22:50:49.218975,
India,NearBook,,Maths,,0,INR 60,https://nearbook.app/book/3919603,2026-05-03T22:50:50.857223,
India,NearBook,,Maths,,0,INR 60,https://nearbook.app/book/3919602,2026-05-03T22:50:51.136320,
India,NearBook,,Science Ncert class 7,,0,INR 40,https://nearbook.app/book/3919601,2026-05-03T22:50:51.471931,
India,NearBook,,Jee Chemistry Pyq book,Disha,0,INR 500,https://nearbook.app/book/3919600,2026-05-03T22:50:51.749927,
India,NearBook,,Biology questions bank part-6 Neet,,0,INR 50,https://nearbook.app/book/3919599,2026-05-03T22:50:52.086746,
India,NearBook,,Science book,,0,INR 100,https://nearbook.app/book/3919597,2026-05-03T22:50:52.378383,
India,NearBook,,All in one,,0,INR 300,https://nearbook.app/book/3919596,2026-05-03T22:50:52.659157,
India,NearBook,,Maths,Rs Agarwal,0,INR 139,https://nearbook.app/book/3919595,2026-05-03T22:50:53.007855,
India,NearBook,,social science,NCERT,0,INR 90,https://nearbook.app/book/3919594,2026-05-03T22:50:53.315009,
India,NearBook,,SOCIAL SCIENCE,S CHAND,0,INR 500,https://nearbook.app/book/3919593,2026-05-03T22:50:53.593128,
India,NearBook,,physics part 1,,0,INR 100,https://nearbook.app/book/3919591,2026-05-03T22:50:53.929784,
India,NearBook,,Vasant,,0,INR 40,https://nearbook.app/book/3919590,2026-05-03T22:50:54.237503,
India,NearBook,,exploring society: india and beyond:social science,,0,INR 80,https://nearbook.app/book/3919589,2026-05-03T22:50:56.602336,
India,NearBook,,social science,NCERT,0,INR 125,https://nearbook.app/book/3919588,2026-05-03T22:50:56.883497,
India,NearBook,,askarayagnam,,0,INR 150,https://nearbook.app/book/3919587,2026-05-03T22:50:57.187174,
India,NearBook,,ICSE CHEMISTRY TEXTBOOK CLASS 10TH,,0,INR 180,https://nearbook.app/book/3919586,2026-05-03T22:50:57.513459,
India,NearBook,,civics class 9,,0,INR 50,https://nearbook.app/book/3919585,2026-05-03T22:50:57.795986,
India,NearBook,,Honeycomb,,0,INR 40,https://nearbook.app/book/3919584,2026-05-03T22:50:58.148428,
India,NearBook,,English grammar,,0,INR 300,https://nearbook.app/book/3919583,2026-05-03T22:50:58.435501,
India,NearBook,,concise physics ICSE Class 10,,0,INR 250,https://nearbook.app/book/3919582,2026-05-03T22:50:58.759813,
India,NearBook,,vsant,,0,INR 100,https://nearbook.app/book/3919581,2026-05-03T22:50:59.043846,
India,NearBook,,vsant,,0,INR 100,https://nearbook.app/book/3919580,2026-05-03T22:50:59.322327,
India,NearBook,,PW MODULE YAKEEN  new condition module,PW MODULE,0,INR 3500,https://nearbook.app/book/3919579,2026-05-03T22:50:59.666763,
India,NearBook,,Class 10th Science in english Manufactured 2025,,0,INR 60,https://nearbook.app/book/3919578,2026-05-03T22:50:59.970831,
India,NearBook,,Honeycomb English 1,,0,INR 80,https://nearbook.app/book/3919577,2026-05-03T22:51:01.544138,
India,NearBook,,Honey Dew,,0,INR 20,https://nearbook.app/book/3919576,2026-05-03T22:51:01.822289,
India,NearBook,,English grammar,,0,INR 250,https://nearbook.app/book/3919575,2026-05-03T22:51:02.101202,
India,NearBook,,civics class 10,,0,INR 50,https://nearbook.app/book/3919573,2026-05-03T22:51:02.383993,
India,NearBook,,veduranithi,,0,INR 120,https://nearbook.app/book/3919572,2026-05-03T22:51:02.665246,
India,NearBook,,An Alien Hand,,0,INR 20,https://nearbook.app/book/3919571,2026-05-03T22:51:02.943676,
India,NearBook,,Mathematics (Study Well),Dishi Agarwal,0,INR 140,https://nearbook.app/book/3919570,2026-05-03T22:51:03.220945,
India,NearBook,,maths class 10,,0,INR 50,https://nearbook.app/book/3919569,2026-05-03T22:51:03.554958,
India,NearBook,,Biology,,0,INR 160,https://nearbook.app/book/3919568,2026-05-03T22:51:03.862229,
India,NearBook,,economic development,NCERT,0,INR 90,https://nearbook.app/book/3919567,2026-05-03T22:51:04.169546,
India,NearBook,,physical education,,0,INR 100,https://nearbook.app/book/3919566,2026-05-03T22:51:04.476704,
India,NearBook,,economic class 10th new condition,,0,INR 50,https://nearbook.app/book/3919565,2026-05-03T22:51:04.753627,
India,NearBook,,economic class 10th new condition,,0,INR 50,https://nearbook.app/book/3919565,2026-05-03T22:51:06.394427,
India,NearBook,,dictionary,,0,INR 300,https://nearbook.app/book/3919564,2026-05-03T22:51:06.672412,
India,NearBook,,sanchitra hindi vyakaran,,0,INR 405,https://nearbook.app/book/3919562,2026-05-03T22:51:06.951026,
India,NearBook,,dictionary,,0,INR 300,https://nearbook.app/book/3919561,2026-05-03T22:51:07.241789,
India,NearBook,,chemistry,,0,INR 200,https://nearbook.app/book/3919560,2026-05-03T22:51:07.519266,
India,NearBook,,Physics part 2 text book,,0,INR 100,https://nearbook.app/book/3919559,2026-05-03T22:51:07.855669,
India,NearBook,,History book new condition,,0,INR 50,https://nearbook.app/book/3919558,2026-05-03T22:51:08.133724,
India,NearBook,,social science,,0,INR 300,https://nearbook.app/book/3919556,2026-05-03T22:51:08.411277,
India,NearBook,,Agnipravesam,,0,INR 70,https://nearbook.app/book/3919555,2026-05-03T22:51:08.692674,
India,NearBook,,sample paper of social science,ooswal,0,INR 299,https://nearbook.app/book/3919554,2026-05-03T22:51:08.969220,
India,NearBook,,Physics class 11,,0,INR 120,https://nearbook.app/book/3919553,2026-05-03T22:51:09.248836,
India,NearBook,,GRANTH Sample paper,Prem Sharma,0,INR 600,https://nearbook.app/book/3919552,2026-05-03T22:51:09.546553,
India,NearBook,,SL Arora - Class 11 - Lab Manual - Set of 1 Book  - 2025/Ed. for 2026 Exams [ORIGINAL BOOKS - TOP GRADE PAPER & PRINT],,0,INR 360,https://nearbook.app/book/3919551,2026-05-03T22:51:11.235016,
India,NearBook,,ಕನ್ನಡ work book,Besila,0,INR 50,https://nearbook.app/book/3919550,2026-05-03T22:51:11.515203,
India,NearBook,,"icse 10th class question paper,solved papers book",,0,INR 100,https://nearbook.app/book/3919549,2026-05-03T22:51:11.795047,
India,NearBook,,kaushal bodh,,0,INR 70,https://nearbook.app/book/3919548,2026-05-03T22:51:12.075730,
India,NearBook,,art,,0,INR 300,https://nearbook.app/book/3919547,2026-05-03T22:51:12.361432,
India,NearBook,,ICSE PHYSICS TEXTBOOK CLASS 10TH,,0,INR 150,https://nearbook.app/book/3919546,2026-05-03T22:51:12.638700,
India,NearBook,,S CHAND CLASS 9TH NEW CONDITION,,0,INR 150,https://nearbook.app/book/3919545,2026-05-03T22:51:12.977076,
India,NearBook,,Mathematics 2 puc part 1,,0,INR 110,https://nearbook.app/book/3919544,2026-05-03T22:51:13.283506,
India,NearBook,,note Book,"soham rane
sarthak rane",0,INR 50,https://nearbook.app/book/3919543,2026-05-03T22:51:13.590416,
India,NearBook,,RS Aggarwal,,0,INR 700,https://nearbook.app/book/3919542,2026-05-03T22:51:13.867996,
India,NearBook,,gujarati,,0,INR 50,https://nearbook.app/book/3919541,2026-05-03T22:51:14.145594,
India,NearBook,,Physics part 1 text book,,0,INR 150,https://nearbook.app/book/3919540,2026-05-03T22:51:14.423322,
India,NearBook,,class 11 corse,,0,INR 1400,https://nearbook.app/book/3919539,2026-05-03T22:51:16.047914,
India,NearBook,,computer programming,Ramesh babu,0,INR 200,https://nearbook.app/book/3919538,2026-05-03T22:51:16.356662,
India,NearBook,,math,,0,INR 300,https://nearbook.app/book/3919537,2026-05-03T22:51:16.662977,
India,NearBook,,Class 10th Mathematics in English Manufactured in 2025,,0,INR 50,https://nearbook.app/book/3919536,2026-05-03T22:51:16.969607,
India,NearBook,,accountancy,saisruti das,0,INR 225,https://nearbook.app/book/3919535,2026-05-03T22:51:17.277208,
India,NearBook,,accountancy part 2,Besila,0,INR 50,https://nearbook.app/book/3919534,2026-05-03T22:51:17.555205,
India,NearBook,,S Chand Class 9th,"lakhmir singh , manjit kaur",0,INR 200,https://nearbook.app/book/3919533,2026-05-03T22:51:17.834240,
India,NearBook,,SL Arora - Class 11 - New Simplified Physics - Vol 2 - Set of 1 Book - 2025/Ed. for 2026 Exams [ORIGINAL BOOKS - TOP GRADE PAPER & PRINT],,0,INR 380,https://nearbook.app/book/3919532,2026-05-03T22:51:18.198366,
India,NearBook,,rule book,,0,INR 20,https://nearbook.app/book/3919531,2026-05-03T22:51:18.506365,
India,NearBook,,science,,0,INR 300,https://nearbook.app/book/3919529,2026-05-03T22:51:18.785398,
India,NearBook,,Social Science (Vidya Publication),Dr Rajesh Sethi,0,INR 120,https://nearbook.app/book/3919528,2026-05-03T22:51:19.120293,
India,NearBook,,sanskrit sem 2,,0,INR 50,https://nearbook.app/book/3919527,2026-05-03T22:51:19.399410,
India,NearBook,,ಕನ್ನಡ textbook,Besila,0,INR 100,https://nearbook.app/book/3919526,2026-05-03T22:51:21.066063,
India,NearBook,,geogeraphy,,0,INR 100,https://nearbook.app/book/3919525,2026-05-03T22:51:21.344362,
India,NearBook,,political science,,0,INR 120,https://nearbook.app/book/3919524,2026-05-03T22:51:21.659228,
India,NearBook,,vuporicoio O poribas,"sultan Ali Khan 
sultan Ali Khan",0,INR 200,https://nearbook.app/book/3919523,2026-05-03T22:51:21.987157,
India,NearBook,,political science,,0,INR 120,https://nearbook.app/book/3919522,2026-05-03T22:51:22.265261,
India,NearBook,,PW Prayas Batch 2025 All modules PCM,Physics Wallah,0,INR 1100,https://nearbook.app/book/3919521,2026-05-03T22:51:22.543717,
India,NearBook,,ICSE HINDI COMPLETE COURSE,,0,INR 250,https://nearbook.app/book/3919520,2026-05-03T22:51:22.908797,
India,NearBook,,hindi,,0,INR 300,https://nearbook.app/book/3919519,2026-05-03T22:51:23.195825,
India,NearBook,,jawahar navodaya vidyalaya entrance exam,R.Gupta,0,INR 250,https://nearbook.app/book/3919518,2026-05-03T22:51:23.477413,
India,NearBook,,physics,,0,INR 495,https://nearbook.app/book/3919517,2026-05-03T22:51:23.756437,
India,NearBook,,chemistry part 2 text book,,0,INR 110,https://nearbook.app/book/3919516,2026-05-03T22:51:24.035382,
India,NearBook,,political science,,0,INR 120,https://nearbook.app/book/3919515,2026-05-03T22:51:24.313993,
India,NearBook,,ICSE Class 10th Saraswati Vyakaran Suman,Dr. Madhuri Srivastava,0,INR 350,https://nearbook.app/book/3919513,2026-05-03T22:51:25.981042,
India,NearBook,,Jeev vigyan Ncert,Dr.Vinod Bhardwaj Dr.Prashant saxsena Dr.Surbi Singhal,0,INR 250,https://nearbook.app/book/3919512,2026-05-03T22:51:26.260730,
India,NearBook,,sanchayan,NCERT,0,INR 50,https://nearbook.app/book/3919511,2026-05-03T22:51:26.539009,
India,NearBook,,Rd Sharma vol-1,Rd Sharma,0,INR 200,https://nearbook.app/book/3919509,2026-05-03T22:51:26.825930,
India,NearBook,,Elements of Applied Mathematics,M.L. Bhargava,0,INR 700,https://nearbook.app/book/3919508,2026-05-03T22:51:27.107332,
India,NearBook,,Chemistry part 1 text book,,0,INR 120,https://nearbook.app/book/3919507,2026-05-03T22:51:27.383884,
India,NearBook,,vasant bhaag 3,NCERT,0,INR 80,https://nearbook.app/book/3919506,2026-05-03T22:51:27.711476,
India,NearBook,,English,,0,INR 300,https://nearbook.app/book/3919505,2026-05-03T22:51:27.991387,
India,NearBook,,ICSE HINDI NAYA RAATA TEXTBOOK AND WORKBOOK CLASS 9&10,,0,INR 150,https://nearbook.app/book/3919504,2026-05-03T22:51:28.278184,
India,NearBook,,computer science textbook,Besila,0,INR 150,https://nearbook.app/book/3919503,2026-05-03T22:51:28.558171,
India,NearBook,,Demon slayer kimetsu no yaiba,koyoharu gotouge,0,INR 199,https://nearbook.app/book/3919502,2026-05-03T22:51:28.835498,
India,NearBook,,English work book,Besila,0,INR 80,https://nearbook.app/book/3919499,2026-05-03T22:51:29.155312,
India,NearBook,,artificial intelligence,,0,INR 470,https://nearbook.app/book/3919498,2026-05-03T22:51:30.764395,
India,NearBook,,Oxford Illustrated Primary English Dictionary,,0,INR 200,https://nearbook.app/book/3919497,2026-05-03T22:51:31.048676,
India,NearBook,,chemistry part 2 text book,,0,INR 110,https://nearbook.app/book/3919496,2026-05-03T22:51:31.325233,
India,NearBook,,honeydew,NCERT,0,INR 100,https://nearbook.app/book/3919495,2026-05-03T22:51:31.612854,
India,NearBook,,english book,english book,0,INR 150,https://nearbook.app/book/3919494,2026-05-03T22:51:31.890687,
India,NearBook,,ICSE HINDI CLASS 9&10,,0,INR 2,https://nearbook.app/book/3919492,2026-05-03T22:51:32.227949,
India,NearBook,,Madhya Pradesh ekikrit Bal Vikas Seva,"Naman 
naman malviya",0,INR 200,https://nearbook.app/book/3919491,2026-05-03T22:51:32.506053,
India,NearBook,,accountancy,Besila,0,INR 200,https://nearbook.app/book/3919489,2026-05-03T22:51:32.782967,
India,NearBook,,Together With Icse (Class 10) Biology Question bank Latest edition (2026),Rachna Sagar,0,INR 130,https://nearbook.app/book/3919488,2026-05-03T22:51:33.865700,
India,NearBook,,Mathematics H.M publication NCERT,unao gate under sarai maholla,0,INR 240,https://nearbook.app/book/3919486,2026-05-03T22:51:34.148549,
India,NearBook,,Physics part 2 text book,,0,INR 130,https://nearbook.app/book/3919484,2026-05-03T22:51:34.429706,
India,NearBook,,social science,NCERT,0,INR 150,https://nearbook.app/book/3919483,2026-05-03T22:51:34.732609,
India,NearBook,,Indian economic development,Besila,0,INR 80,https://nearbook.app/book/3919482,2026-05-03T22:51:36.414046,
India,NearBook,,अंतराल भाग-2,,0,INR 100,https://nearbook.app/book/3919481,2026-05-03T22:51:36.707967,
India,NearBook,,"dc pandey book , in new condition, session 2025- 2026",dc pandey,0,INR 2200,https://nearbook.app/book/3919480,2026-05-03T22:51:37.040261,
India,NearBook,,RD Sharma Class 10 (Latest 2025 Edition)new condition high demand.combo pack,Dr. R.D Sharma,0,INR 400,https://nearbook.app/book/3919479,2026-05-03T22:51:37.347430,
India,NearBook,,social and Political Life - III,Piyush,0,INR 50,https://nearbook.app/book/3919478,2026-05-03T22:51:37.626958,
India,NearBook,,Oswal Class 10 Question bank Mathematics,,0,INR 500,https://nearbook.app/book/3919476,2026-05-03T22:51:37.961781,
India,NearBook,,statistics for economy,Besila,0,INR 60,https://nearbook.app/book/3919474,2026-05-03T22:51:38.269195,
India,NearBook,,vyakaran parichay,dr. urmila gupta,0,INR 300,https://nearbook.app/book/3919473,2026-05-03T22:51:38.549413,
India,NearBook,,pearson foundation biology,trishna,0,INR 350,https://nearbook.app/book/3919472,2026-05-03T22:51:38.883102,
India,NearBook,,Oswaal Icse Question bank (Class 10) Chemistry latest edition (2025),,0,INR 150,https://nearbook.app/book/3919471,2026-05-03T22:51:39.164346,
India,NearBook,,R.D. sharma class 10th mathematics,,0,INR 450,https://nearbook.app/book/3919470,2026-05-03T22:51:39.497674,
India,NearBook,,intermediate physics,,0,INR 300,https://nearbook.app/book/3919469,2026-05-03T22:51:39.776753,
India,NearBook,,chemistry,,0,INR 550,https://nearbook.app/book/3919468,2026-05-03T22:51:41.416876,
India,NearBook,,social science,NCERT,0,INR 150,https://nearbook.app/book/3919467,2026-05-03T22:51:41.701964,
India,NearBook,,SL Arora - Class 11 - New Simplified Physics - Vol 1 - Set of 1 Book - 2025/Ed. for 2026 Exams [ORIGINAL BOOKS - TOP GRADE PAPER & PRINT],,0,INR 380,https://nearbook.app/book/3919466,2026-05-03T22:51:41.985127,
India,NearBook,,Physics Digest 2025 latest part 2,,0,INR 200,https://nearbook.app/book/3919465,2026-05-03T22:51:42.264065,
India,NearBook,,ಶ್ರೀ ಮದ್ಭಗವದ್ಗೀತಾ,॥ಯಥಾರ್ಥ ಗೀತಾ।।,0,INR 200,https://nearbook.app/book/3919464,2026-05-03T22:51:42.570099,
India,NearBook,,Oswal Class 10 Question bank English,,0,INR 200,https://nearbook.app/book/3919463,2026-05-03T22:51:42.853748,
India,NearBook,,Oswaal Icse Question bank (Class 10) Biology Latest edition (2025),,0,INR 150,https://nearbook.app/book/3919462,2026-05-03T22:51:43.134185,
India,NearBook,,s.st,"Razak ansari 
Razak ansari 
Razak ansari",0,INR 200,https://nearbook.app/book/3919460,2026-05-03T22:51:43.491665,
India,NearBook,,ICSE Class 10 Saraswati Physical Education,Dr. V K Sharma,0,INR 260,https://nearbook.app/book/3919459,2026-05-03T22:51:43.775627,
India,NearBook,,mathematics,NCERT,0,INR 200,https://nearbook.app/book/3919458,2026-05-03T22:51:44.055820,
India,NearBook,,Oswaal Icse Question bank (Class 10) Physics latest edition (2025),,0,INR 150,https://nearbook.app/book/3919456,2026-05-03T22:51:44.334982,
India,NearBook,,english textbook,Besila,0,INR 100,https://nearbook.app/book/3919455,2026-05-03T22:51:44.620584,
India,NearBook,,ALLEN career institute IIT-JEE Modules,,0,INR 5500,https://nearbook.app/book/3919454,2026-05-03T22:51:46.234042,
India,NearBook,,SL Arora - Class 11 - New Simplified Physics - Vol 1 + 2 + Lab Manual - Combo Set of 3 Books - 2025/Ed. for 2026 Exams [ORIGINAL BOOKS - TOP GRADE PAPER & PRINT],,0,INR 1160,https://nearbook.app/book/3919453,2026-05-03T22:51:46.516024,
India,NearBook,,Arihant All in One,"Kriti Arora and Subhashis Swain
Kriti Arora and subhasis swain",0,INR 350,https://nearbook.app/book/3919452,2026-05-03T22:51:46.870424,
India,NearBook,,democratic politics-1,NCERT,0,INR 150,https://nearbook.app/book/3919451,2026-05-03T22:51:47.177791,
India,NearBook,,chemistry textbook,,0,INR 99,https://nearbook.app/book/3919450,2026-05-03T22:51:47.488093,
India,NearBook,,nta,"chaudhari diya
chaudhari diya",0,INR 200,https://nearbook.app/book/3919448,2026-05-03T22:51:47.768921,
India,NearBook,,Mathematics & Statistics part 1 Xl,,0,INR 50,https://nearbook.app/book/3919447,2026-05-03T22:51:48.051442,
India,NearBook,,english work book,Besila,0,INR 80,https://nearbook.app/book/3919446,2026-05-03T22:51:48.332977,
India,NearBook,,engineering physics,dr.S.B.SINGH,0,INR 200,https://nearbook.app/book/3919445,2026-05-03T22:51:48.612129,
India,NearBook,,S.Chand Physics & Chemistry,Lakhmir Singh & Manjit Kaur,0,INR 530,https://nearbook.app/book/3919444,2026-05-03T22:51:48.924446,
India,NearBook,,ICSE MATHEMATICS TEXTBOOK CLASS TEN,,0,INR 20,https://nearbook.app/book/3919442,2026-05-03T22:51:49.204703,
India,NearBook,,Arihant All in One Information Technology Code-402 Book class 10,,0,INR 500,https://nearbook.app/book/3919441,2026-05-03T22:51:49.496160,
India,NearBook,,biology textbook,,0,INR 99,https://nearbook.app/book/3919440,2026-05-03T22:51:51.080356,
India,NearBook,,SSLC EXAM STUDY PLANNER MATHEMATICS.,,0,INR 80,https://nearbook.app/book/3919439,2026-05-03T22:51:51.359404,
India,NearBook,,physics,"lakhmir singh, manjit kaur",0,INR 499,https://nearbook.app/book/3919438,2026-05-03T22:51:51.642003,
India,NearBook,,Mathematics & Statistics Part 2 Xl,,0,INR 68,https://nearbook.app/book/3919437,2026-05-03T22:51:51.921785,
India,NearBook,,11th Business studies book,,0,INR 98,https://nearbook.app/book/3919435,2026-05-03T22:51:52.203128,
India,NearBook,,Jeevith publication Chemistry hand book,,0,INR 150,https://nearbook.app/book/3919434,2026-05-03T22:51:52.484678,
India,NearBook,,IIT foundation,trishna,0,INR 350,https://nearbook.app/book/3919433,2026-05-03T22:51:52.764335,
India,NearBook,,maths,,0,INR 150,https://nearbook.app/book/3919432,2026-05-03T22:51:53.045698,
India,NearBook,,Path finder,srishti  Agrawal,0,INR 350,https://nearbook.app/book/3919431,2026-05-03T22:51:53.429331,
India,NearBook,,Biology text book,,0,INR 235,https://nearbook.app/book/3919430,2026-05-03T22:51:53.708513,
India,NearBook,,Arihant All in One Science Book class 10,,0,INR 585,https://nearbook.app/book/3919429,2026-05-03T22:51:54.000203,
India,NearBook,,accounts,,0,INR 75,https://nearbook.app/book/3919428,2026-05-03T22:51:54.292086,
India,NearBook,,11th Economics book,,0,INR 84,https://nearbook.app/book/3919427,2026-05-03T22:51:55.881982,
India,NearBook,,Biology handbook spr publication 2md puc,,0,INR 120,https://nearbook.app/book/3919426,2026-05-03T22:51:56.164212,
India,NearBook,,Together With Icse (Class 10) Chemistry Question bank Latest edition (2026),Rachna Sagar,0,INR 130,https://nearbook.app/book/3919425,2026-05-03T22:51:56.500277,
India,NearBook,,STORY BOOK,,0,INR 65,https://nearbook.app/book/3919424,2026-05-03T22:51:56.803933,
India,NearBook,,chemistry sample paper 2026,,0,INR 400,https://nearbook.app/book/3919422,2026-05-03T22:51:57.085833,
India,NearBook,,Xl Economics,,0,INR 40,https://nearbook.app/book/3919421,2026-05-03T22:51:57.366254,
India,NearBook,,Kannada guide 2nd puc,,0,INR 120,https://nearbook.app/book/3919420,2026-05-03T22:51:57.646341,
India,NearBook,,11th Accountancy book,,0,INR 99,https://nearbook.app/book/3919419,2026-05-03T22:51:57.929405,
India,NearBook,,gk std 5th,,0,INR 0,https://nearbook.app/book/3919418,2026-05-03T22:51:58.209145,
India,NearBook,,Business studies,Besila,0,INR 200,https://nearbook.app/book/3919417,2026-05-03T22:51:58.490791,
India,NearBook,,hindi book for 4th class first language,monu,0,INR 70,https://nearbook.app/book/3919416,2026-05-03T22:51:58.771390,
India,NearBook,,chemistey text book,,0,INR 220,https://nearbook.app/book/3919415,2026-05-03T22:51:59.051502,
India,NearBook,,environmental education,,0,INR 199,https://nearbook.app/book/3919414,2026-05-03T22:52:00.672952,
India,NearBook,,Ncert solutions physics 2nd puc,,0,INR 100,https://nearbook.app/book/3919413,2026-05-03T22:52:00.954115,
India,NearBook,,Mathematics paper-AI,Sathish,0,INR 300,https://nearbook.app/book/3919412,2026-05-03T22:52:01.234516,
India,NearBook,,ICSE class 10th सरस्वती व्याकरण सुमन,Dr. Madhuri Srivastava,0,INR 300,https://nearbook.app/book/3919411,2026-05-03T22:52:01.515455,
India,NearBook,,Maharashtra board class 5th EVS 1 text book (eng medium),,0,INR 0,https://nearbook.app/book/3919410,2026-05-03T22:52:01.799839,
India,NearBook,,FOOTPRLNTSWLTHOUTFEET,,0,INR 100,https://nearbook.app/book/3919409,2026-05-03T22:52:02.088084,
India,NearBook,,ICSE GEOGRAPHY CLASS TEN,,0,INR 150,https://nearbook.app/book/3919408,2026-05-03T22:52:02.436480,
India,NearBook,,GST COMPACT BOOK,,0,INR 800,https://nearbook.app/book/3919406,2026-05-03T22:52:02.742922,
India,NearBook,,Applied English Grammar,,0,INR 450,https://nearbook.app/book/3919405,2026-05-03T22:52:03.022730,
India,NearBook,,Physics Digest 2025 part 1,,0,INR 250,https://nearbook.app/book/3919404,2026-05-03T22:52:03.357378,
India,NearBook,,Navneet Economics Digest Xl,,0,INR 70,https://nearbook.app/book/3919403,2026-05-03T22:52:03.638602,
India,NearBook,,Economics,,0,INR 150,https://nearbook.app/book/3919401,2026-05-03T22:52:03.919472,
India,NearBook,,Ncert solutions chemistry 2nd puc,Arihant,0,INR 150,https://nearbook.app/book/3919400,2026-05-03T22:52:05.501138,
India,NearBook,,Vangi,,0,INR 150,https://nearbook.app/book/3919399,2026-05-03T22:52:05.781367,
India,NearBook,,Together with Sanskrit x,,0,INR 100,https://nearbook.app/book/3919398,2026-05-03T22:52:06.064867,
India,NearBook,,class 10th english text book,,0,INR 199,https://nearbook.app/book/3919397,2026-05-03T22:52:06.344744,
India,NearBook,,cyber code,tarun arora,0,INR 100,https://nearbook.app/book/3919396,2026-05-03T22:52:06.630082,
India,NearBook,,First flight,,0,INR 100,https://nearbook.app/book/3919395,2026-05-03T22:52:06.942906,
India,NearBook,,MCQ INDIRECT TAXATION,,0,INR 600,https://nearbook.app/book/3919394,2026-05-03T22:52:07.224467,
India,NearBook,,FOOTPRINTSWITHOUTFEET,,0,INR 100,https://nearbook.app/book/3919393,2026-05-03T22:52:07.555762,
India,NearBook,,Xl Navneet English Yuvakbharati Digest,,0,INR 140,https://nearbook.app/book/3919392,2026-05-03T22:52:07.862716,
India,NearBook,,a class book of biology for 1st puc,,0,INR 219,https://nearbook.app/book/3919391,2026-05-03T22:52:08.144183,
India,NearBook,,Physics text book,very useful for 11th grade students,0,INR 155,https://nearbook.app/book/3919389,2026-05-03T22:52:08.424110,
India,NearBook,,world bicycle day,,0,INR 150,https://nearbook.app/book/3919388,2026-05-03T22:52:08.707833,
India,NearBook,,2nd PUC English guide,,0,INR 80,https://nearbook.app/book/3919387,2026-05-03T22:52:10.320537,
India,NearBook,,Kannada Gaadhe Book for School / PUC,,0,INR 49,https://nearbook.app/book/3919386,2026-05-03T22:52:10.608826,
India,NearBook,,class 10th words and expressions,,0,INR 199,https://nearbook.app/book/3919385,2026-05-03T22:52:10.941153,
India,NearBook,,"vistas,",,0,INR 30,https://nearbook.app/book/3919384,2026-05-03T22:52:11.226092,
India,NearBook,,platinum,"7090422534

afwan",0,INR 0,https://nearbook.app/book/3919382,2026-05-03T22:52:12.113131,
India,NearBook,,RD Sharma Class 11 Maths 2025-26 CBSE Examinations (Latest Edition of RD Maths Class 11 MCQs Book) Set of 1 Book,,0,INR 410,https://nearbook.app/book/3919381,2026-05-03T22:52:12.400708,
India,NearBook,,hornbill,,0,INR 40,https://nearbook.app/book/3919380,2026-05-03T22:52:12.693380,
India,NearBook,,Marigold English book,"aarish malik 
aayanmalik",0,INR 199,https://nearbook.app/book/3919379,2026-05-03T22:52:12.979956,
India,NearBook,,hornbill,,0,INR 40,https://nearbook.app/book/3919378,2026-05-03T22:52:13.264581,
India,NearBook,,class 10th hindi text book,,0,INR 199,https://nearbook.app/book/3919377,2026-05-03T22:52:13.550352,
India,NearBook,,poetry publication,,0,INR 250,https://nearbook.app/book/3919376,2026-05-03T22:52:13.836138,
India,NearBook,,mathematics,"afwan
afwan",0,INR 0,https://nearbook.app/book/3919375,2026-05-03T22:52:14.123284,
India,NearBook,,aspiring maths,,0,INR 300,https://nearbook.app/book/3919373,2026-05-03T22:52:15.711144,
India,NearBook,,marigold English,ek number book hai bhai,0,INR 250,https://nearbook.app/book/3919372,2026-05-03T22:52:15.992120,
India,NearBook,,ICSE CHEMISTRY CLASS TEN,,0,INR 120,https://nearbook.app/book/3919371,2026-05-03T22:52:16.273429,
India,NearBook,,Mathematics textbook,,0,INR 200,https://nearbook.app/book/3919370,2026-05-03T22:52:16.567342,
India,NearBook,,economic sample paper,,0,INR 150,https://nearbook.app/book/3919369,2026-05-03T22:52:16.849116,
India,NearBook,,Science,,0,INR 200,https://nearbook.app/book/3919368,2026-05-03T22:52:17.132147,
India,NearBook,,RD Sharma Class 11 Maths 2025-26 CBSE Examinations (Latest Edition of RD Maths Class 11 ) Set of 1 Book,,0,INR 410,https://nearbook.app/book/3919367,2026-05-03T22:52:17.490320,
India,NearBook,,BLACKROCK,"Dr. Honey Makhija
Dr. Honey Makhija 

vansh
vansh",0,INR 300,https://nearbook.app/book/3919366,2026-05-03T22:52:17.772616,
India,NearBook,,physics text book part 2,,0,INR 199,https://nearbook.app/book/3919365,2026-05-03T22:52:18.055690,
India,NearBook,,Hindi vyakran,D.R Ashok Banna,0,INR 137,https://nearbook.app/book/3919364,2026-05-03T22:52:18.337388,
India,NearBook,,Bloom with colours,,0,INR 200,https://nearbook.app/book/3919363,2026-05-03T22:52:18.619686,
India,NearBook,,economic ixam Idea,,0,INR 200,https://nearbook.app/book/3919362,2026-05-03T22:52:18.902160,
India,NearBook,,sleeper,,0,INR 200,https://nearbook.app/book/3919361,2026-05-03T22:52:20.490105,
India,NearBook,,भारत के राज्य (States of India),,0,INR 90,https://nearbook.app/book/3919360,2026-05-03T22:52:20.769407,
India,NearBook,,THE PSYCHOLOGY OF MONEY,,0,INR 200,https://nearbook.app/book/3919358,2026-05-03T22:52:21.052762,
India,NearBook,,Class 9th maths book (NCERT) Bihar board,Bihar board 9th book,0,INR 147,https://nearbook.app/book/3919357,2026-05-03T22:52:21.335181,
India,NearBook,,sclence,"naseemafarook37@gmail.co

afwan",0,INR 0,https://nearbook.app/book/3919355,2026-05-03T22:52:21.622546,
India,NearBook,,ssc gd,Ankit Bhati rwa,0,INR 399,https://nearbook.app/book/3919354,2026-05-03T22:52:21.907441,
India,NearBook,,mathemagic,,0,INR 150,https://nearbook.app/book/3919353,2026-05-03T22:52:22.199576,
India,NearBook,,chemistry text book,,0,INR 199,https://nearbook.app/book/3919352,2026-05-03T22:52:22.506701,
India,NearBook,,Business studies,,0,INR 200,https://nearbook.app/book/3919351,2026-05-03T22:52:22.816710,
India,NearBook,,do you know,,0,INR 200,https://nearbook.app/book/3919350,2026-05-03T22:52:23.097160,
India,NearBook,,business oswaal simple paper,roy,0,INR 350,https://nearbook.app/book/3919349,2026-05-03T22:52:23.380030,
India,NearBook,,Business Economics ( CA foundation),Bcom / CA foundation Book/ Economics,0,INR 149,https://nearbook.app/book/3919348,2026-05-03T22:52:23.661535,
India,NearBook,,Heart And Mind,,0,INR 50,https://nearbook.app/book/3919347,2026-05-03T22:52:25.245403,
India,NearBook,,pearlsOf knowledge,,0,INR 350,https://nearbook.app/book/3919346,2026-05-03T22:52:25.529727,
India,NearBook,,ICSE BIOLOGY CLASS TEN,,0,INR 120,https://nearbook.app/book/3919345,2026-05-03T22:52:25.811273,
India,NearBook,,maths,gunjan,0,INR 150,https://nearbook.app/book/3919344,2026-05-03T22:52:26.094341,
India,NearBook,,BANKING & INSURANCE,,0,INR 200,https://nearbook.app/book/3919343,2026-05-03T22:52:26.375643,
India,NearBook,,physics text book part 1,,0,INR 199,https://nearbook.app/book/3919342,2026-05-03T22:52:26.705544,
India,NearBook,,Microeconomics,,0,INR 300,https://nearbook.app/book/3919340,2026-05-03T22:52:26.988818,
India,NearBook,,All in one,,0,INR 80,https://nearbook.app/book/3919339,2026-05-03T22:52:27.271436,
India,NearBook,,DK,"DK
DK",0,INR 500,https://nearbook.app/book/3919338,2026-05-03T22:52:27.552654,
India,NearBook,,DK,"DK
DK",0,INR 500,https://nearbook.app/book/3919337,2026-05-03T22:52:27.834156,
India,NearBook,,DK,"DK
DK",0,INR 500,https://nearbook.app/book/3919336,2026-05-03T22:52:28.116576,
India,NearBook,,civics ncert,,0,INR 90,https://nearbook.app/book/3919335,2026-05-03T22:52:28.447668,
India,NearBook,,hello English,,0,INR 500,https://nearbook.app/book/3919334,2026-05-03T22:52:30.034641,
India,NearBook,,Read Now,"angus maciver
Angus Maciver",0,INR 65,https://nearbook.app/book/3919333,2026-05-03T22:52:30.391184,
India,NearBook,,Statistics,,0,INR 350,https://nearbook.app/book/3919332,2026-05-03T22:52:30.698671,
India,NearBook,,English grammer - pikaso,"prem chandra singh , ritu dheer",0,INR 200,https://nearbook.app/book/3919331,2026-05-03T22:52:30.982657,
India,NearBook,,general knowledge,,0,INR 199,https://nearbook.app/book/3919330,2026-05-03T22:52:31.265232,
India,NearBook,,class 7 math,,0,INR 250,https://nearbook.app/book/3919329,2026-05-03T22:52:31.547280,
India,NearBook,,"KVPY COMPLETE SET WITH SUBJECT WISE , PREVIOUS YEAR QUESTIONS AND MOCK TEST PAPERS",,0,INR 2300,https://nearbook.app/book/3919328,2026-05-03T22:52:31.828447,
India,NearBook,,Maharashtra board class 5th evs2 textbook,,0,INR 20,https://nearbook.app/book/3919327,2026-05-03T22:52:32.109779,
India,NearBook,,CBSE last 10 year sample paper,,0,INR 600,https://nearbook.app/book/3919326,2026-05-03T22:52:32.392763,
India,NearBook,,Hindi grammar,Archana Bansal,0,INR 70,https://nearbook.app/book/3919325,2026-05-03T22:52:32.737811,
India,NearBook,,BlUEBIRD,,0,INR 50,https://nearbook.app/book/3919324,2026-05-03T22:52:33.020700,
India,NearBook,,reasoning,neetu singh,0,INR 250,https://nearbook.app/book/3919323,2026-05-03T22:52:33.331811,
India,NearBook,,General Knowledge,sarmila Parihar,0,INR 200,https://nearbook.app/book/3919322,2026-05-03T22:52:35.000430,
India,NearBook,,RD Sharma Class 11 Maths 2025-26 CBSE Examinations (Latest Edition of RD Mathematics Class 11 with MCQs Book) Set of 2 Books,,0,INR 860,https://nearbook.app/book/3919321,2026-05-03T22:52:35.284399,
India,NearBook,,sslc mathametics,,0,INR 90,https://nearbook.app/book/3919320,2026-05-03T22:52:35.566183,
India,NearBook,,learn with funny pictures,,0,INR 199,https://nearbook.app/book/3919319,2026-05-03T22:52:35.849943,
India,NearBook,,reasoning,,0,INR 300,https://nearbook.app/book/3919318,2026-05-03T22:52:36.161578,
India,NearBook,,Hindi grammar,Archana Bansal,0,INR 70,https://nearbook.app/book/3919317,2026-05-03T22:52:36.443140,
India,NearBook,,Economics NCERT,,0,INR 50,https://nearbook.app/book/3919316,2026-05-03T22:52:36.740414,
India,NearBook,,chitij,,0,INR 60,https://nearbook.app/book/3919315,2026-05-03T22:52:37.047273,
India,NearBook,,Maharashtra board class 5th english textbook (eng medium),,0,INR 20,https://nearbook.app/book/3919314,2026-05-03T22:52:37.328692,
India,NearBook,,Accountany APC,,0,INR 400,https://nearbook.app/book/3919312,2026-05-03T22:52:37.610905,
India,NearBook,,morning star,morning star,0,INR 415,https://nearbook.app/book/3919311,2026-05-03T22:52:37.896412,
India,NearBook,,sslc science,,0,INR 90,https://nearbook.app/book/3919310,2026-05-03T22:52:38.178701,
India,NearBook,,math,,0,INR 147,https://nearbook.app/book/3919309,2026-05-03T22:52:39.812925,
India,NearBook,,Hindi part 1,shaik Afiya,0,INR 20,https://nearbook.app/book/3919308,2026-05-03T22:52:40.098384,
India,NearBook,,Dinesh physics science,,0,INR 300,https://nearbook.app/book/3919307,2026-05-03T22:52:40.388317,
India,NearBook,,hindi all answer with pyq,,0,INR 320,https://nearbook.app/book/3919306,2026-05-03T22:52:40.676113,
India,NearBook,,history & science,sultan Ali Khan,0,INR 200,https://nearbook.app/book/3919304,2026-05-03T22:52:40.958143,
India,NearBook,,सिमूशी,deep,0,INR 59,https://nearbook.app/book/3919303,2026-05-03T22:52:41.246408,
India,NearBook,,Hindi part 2,shaik Afiya,0,INR 20,https://nearbook.app/book/3919302,2026-05-03T22:52:41.529895,
India,NearBook,,Rd Sharma mathematics,User,0,INR 500,https://nearbook.app/book/3919300,2026-05-03T22:52:41.823837,
India,NearBook,,SST,faishal,0,INR 65,https://nearbook.app/book/3919299,2026-05-03T22:52:42.107003,
India,NearBook,,Topographical Book Of Maps,,0,INR 50,https://nearbook.app/book/3919298,2026-05-03T22:52:42.388782,
India,NearBook,,chemistry,,0,INR 150,https://nearbook.app/book/3919297,2026-05-03T22:52:42.672349,
India,NearBook,,Business studies,new condition book,0,INR 300,https://nearbook.app/book/3919296,2026-05-03T22:52:42.954525,
India,NearBook,,Hindi,Shaik Afiya,0,INR 35,https://nearbook.app/book/3919295,2026-05-03T22:52:44.540103,
India,NearBook,,Rd Sharma MCQ +extra questions practice book mathematics,,,INR 500,https://nearbook.app/book/3919294,2026-05-03T22:52:44.824728,
India,NearBook,,Science class 10 all pyq with ncert answer,,0,INR 420,https://nearbook.app/book/3919293,2026-05-03T22:52:45.106041,
India,NearBook,,A simple study of Chemistry,VP Tyagi,0,INR 200,https://nearbook.app/book/3919292,2026-05-03T22:52:45.388523,
India,NearBook,,David copper field,Charles dickens,0,INR 25,https://nearbook.app/book/3919291,2026-05-03T22:52:45.673929,
India,NearBook,,PHYSICS WALLAH 12TH NEET (UNUSED),,0,INR 1500,https://nearbook.app/book/3919290,2026-05-03T22:52:45.956292,
India,NearBook,,Geography (social),shaik Afiya,0,INR 70,https://nearbook.app/book/3919289,2026-05-03T22:52:46.263741,
India,NearBook,,computer,"faishal



faishal",0,INR 293,https://nearbook.app/book/3919288,2026-05-03T22:52:46.549006,
India,NearBook,,madhyamik,,0,INR 300,https://nearbook.app/book/3919287,2026-05-03T22:52:46.831680,
India,NearBook,,Hind,,0,INR 70,https://nearbook.app/book/3919285,2026-05-03T22:52:47.184775,
India,NearBook,,know your aptitude,,0,INR 250,https://nearbook.app/book/3919284,2026-05-03T22:52:47.476612,
India,NearBook,,Navneet Digest std 5th marathi,,0,INR 35,https://nearbook.app/book/3919283,2026-05-03T22:52:47.757437,
India,NearBook,,CURSIVE WRITING BOOK,Avani,0,INR 200,https://nearbook.app/book/3919282,2026-05-03T22:52:50.027526,
India,NearBook,,Economics (social),shaik Afiya,0,INR 80,https://nearbook.app/book/3919281,2026-05-03T22:52:50.305747,
India,NearBook,,Educart social science question bank,User,0,INR 500,https://nearbook.app/book/3919280,2026-05-03T22:52:50.585646,
India,NearBook,,Biology science class 10,,0,INR 300,https://nearbook.app/book/3919279,2026-05-03T22:52:50.865432,
India,NearBook,,সংস্কৃত,,0,INR 20,https://nearbook.app/book/3919278,2026-05-03T22:52:51.185062,
India,NearBook,,costing and taxation first semester,,0,INR 100,https://nearbook.app/book/3919277,2026-05-03T22:52:51.470353,
India,NearBook,,class 10th english all answer with pyq,,0,INR 420,https://nearbook.app/book/3919276,2026-05-03T22:52:51.749462,
India,NearBook,,Pradeep's New Course Chemistry - Class 11 ( Set of 1 Volume ),,0,INR 980,https://nearbook.app/book/3919275,2026-05-03T22:52:52.027670,
India,NearBook,,BIOLOGY NEET AND KCET BOOK,,0,INR 400,https://nearbook.app/book/3919274,2026-05-03T22:52:52.304603,
India,NearBook,,chemistry practical manual,,0,INR 250,https://nearbook.app/book/3919273,2026-05-03T22:52:52.578921,
India,NearBook,,Together With Icse History Question bank (Class 10) latest edition (2025),Rachna Sagar,0,INR 125,https://nearbook.app/book/3919272,2026-05-03T22:52:52.855834,
India,NearBook,,history (social),Shaik Afiya,0,INR 100,https://nearbook.app/book/3919271,2026-05-03T22:52:53.128898,
India,NearBook,,NCERT MATHS PHYSIC CHEMISTRY,,0,INR 600,https://nearbook.app/book/3919270,2026-05-03T22:52:54.732113,
India,NearBook,,Std-Xl Marathi,,0,INR 80,https://nearbook.app/book/3919269,2026-05-03T22:52:55.008527,
India,NearBook,,Pradeep's New Course Chemistry - Class 11 ( Set of 1 Volume  ),,0,INR 980,https://nearbook.app/book/3919268,2026-05-03T22:52:55.290139,
India,NearBook,,MTG Cbsc,,0,INR 250,https://nearbook.app/book/3919267,2026-05-03T22:52:55.567361,
India,NearBook,,Educart science question bank,User,0,INR 500,https://nearbook.app/book/3919266,2026-05-03T22:52:55.843129,
India,NearBook,,science,,0,INR 600,https://nearbook.app/book/3919265,2026-05-03T22:52:56.119002,
India,NearBook,,business study 1st semester,,0,INR 130,https://nearbook.app/book/3919264,2026-05-03T22:52:56.401727,
India,NearBook,,first flight,deep,0,INR 90,https://nearbook.app/book/3919263,2026-05-03T22:52:56.679507,
India,NearBook,,acurite,,0,INR 0,https://nearbook.app/book/3919262,2026-05-03T22:52:56.956806,
India,NearBook,,politics ( social)new book,shaik Afiya,0,INR 60,https://nearbook.app/book/3919261,2026-05-03T22:52:57.235951,
India,NearBook,,my best friend,,0,INR 75,https://nearbook.app/book/3919260,2026-05-03T22:52:57.514304,
India,NearBook,,Pradeep's New Course Chemistry - Class 11 ( Set of 2 Volumes ),,0,INR 1980,https://nearbook.app/book/3919259,2026-05-03T22:52:57.834765,
India,NearBook,,Book-Keeping &Accountancy,,0,INR 200,https://nearbook.app/book/3919258,2026-05-03T22:52:59.411048,
India,NearBook,,VOGEL'S QUALITATIVE INORGANIC ANALYSIS,G. Svehla & B. Sivasankar,0,INR 350,https://nearbook.app/book/3919257,2026-05-03T22:52:59.686607,
India,NearBook,,accountancy 1st semester,,0,INR 130,https://nearbook.app/book/3919256,2026-05-03T22:52:59.962850,
India,NearBook,,Educart english question bank (language and literature),User,0,INR 500,https://nearbook.app/book/3919255,2026-05-03T22:53:00.240216,
India,NearBook,,કુકકુટ,,0,INR 100,https://nearbook.app/book/3919254,2026-05-03T22:53:00.516544,
India,NearBook,,Diwal mein khidki rahti thi,Vinod Kumar Shukla,0,INR 89,https://nearbook.app/book/3919253,2026-05-03T22:53:00.805159,
India,NearBook,,Formula Book,Aditya Ranjan Sir,0,INR 160,https://nearbook.app/book/3919252,2026-05-03T22:53:01.082336,
India,NearBook,,Class 10th English Grammar Textbook (NCERT),,0,INR 300,https://nearbook.app/book/3919251,2026-05-03T22:53:01.418771,
India,NearBook,,science,,0,INR 100,https://nearbook.app/book/3919250,2026-05-03T22:53:01.722557,
India,NearBook,,accountancy,,0,INR 190,https://nearbook.app/book/3919249,2026-05-03T22:53:02.001498,
India,NearBook,,RD Sharma,,0,INR 300,https://nearbook.app/book/3919248,2026-05-03T22:53:02.277914,
India,NearBook,,Educart mathematics question bank,User,0,INR 500,https://nearbook.app/book/3919247,2026-05-03T22:53:02.553003,
India,NearBook,,Drawing,,0,INR 50,https://nearbook.app/book/3919246,2026-05-03T22:53:04.130729,
India,NearBook,,accountancy,,0,INR 190,https://nearbook.app/book/3919245,2026-05-03T22:53:04.409002,
India,NearBook,,understanding economic development,,0,INR 50,https://nearbook.app/book/3919244,2026-05-03T22:53:04.685647,
India,NearBook,,Maths,,0,INR 2000,https://nearbook.app/book/3919243,2026-05-03T22:53:04.962300,
India,NearBook,,Class 10th Economics Textbook (NCERT),,0,INR 250,https://nearbook.app/book/3919242,2026-05-03T22:53:05.239011,
India,NearBook,,sanskrit,,0,INR 100,https://nearbook.app/book/3919241,2026-05-03T22:53:05.515155,
India,NearBook,,Maharashtra board class 6th geography textbook (Eng medium),,0,INR 0,https://nearbook.app/book/3919240,2026-05-03T22:53:05.790841,
India,NearBook,,Educart mathematics one shot book (standard maths),User,0,INR 300,https://nearbook.app/book/3919239,2026-05-03T22:53:06.067357,
India,NearBook,,costing and taxation,,0,INR 150,https://nearbook.app/book/3919238,2026-05-03T22:53:06.352166,
India,NearBook,,Class 10th Geography Textbook (NCERT),,0,INR 250,https://nearbook.app/book/3919237,2026-05-03T22:53:06.632742,
India,NearBook,,computer bytes,,0,INR 400,https://nearbook.app/book/3919236,2026-05-03T22:53:06.909734,
India,NearBook,,costing and taxation,,0,INR 150,https://nearbook.app/book/3919235,2026-05-03T22:53:07.193973,
India,NearBook,,Telugu tb,shaik Afiya,0,INR 80,https://nearbook.app/book/3919233,2026-05-03T22:53:08.769326,
India,NearBook,,English,,0,INR 100,https://nearbook.app/book/3919232,2026-05-03T22:53:09.045758,
India,NearBook,,Class 10th Atlas SST book (NCERT),,0,INR 250,https://nearbook.app/book/3919231,2026-05-03T22:53:09.322249,
India,NearBook,,Maharashtra board class 6th english medium english textbook,,0,INR 46,https://nearbook.app/book/3919230,2026-05-03T22:53:09.600539,
India,NearBook,,democratic politics 2,,0,INR 50,https://nearbook.app/book/3919229,2026-05-03T22:53:09.877270,
India,NearBook,,physics 12th part 2 (CBSE),,0,INR 350,https://nearbook.app/book/3919228,2026-05-03T22:53:10.156581,
India,NearBook,,social economic development,vasudev,0,INR 100,https://nearbook.app/book/3919226,2026-05-03T22:53:10.433000,
India,NearBook,,Edcart Class 10th SST reference book,,0,INR 300,https://nearbook.app/book/3919225,2026-05-03T22:53:10.712592,
India,NearBook,,Educart science one shot book,User,0,INR 300,https://nearbook.app/book/3919224,2026-05-03T22:53:10.989106,
India,NearBook,,Mathematics  MCQ Class 10,User,0,INR 200,https://nearbook.app/book/3919223,2026-05-03T22:53:11.265835,
India,NearBook,,contemporary ENGLISH,,0,INR 300,https://nearbook.app/book/3919222,2026-05-03T22:53:11.542589,
India,NearBook,,environment looking around,,0,INR 200,https://nearbook.app/book/3919221,2026-05-03T22:53:11.821467,
India,NearBook,,Telugu part1,Shaik Afiya,0,INR 20,https://nearbook.app/book/3919220,2026-05-03T22:53:13.394297,
India,NearBook,,business study,,0,INR 100,https://nearbook.app/book/3919219,2026-05-03T22:53:13.671152,
India,NearBook,,Maharashtra board class 6th hindi textbook,,0,INR 27,https://nearbook.app/book/3919218,2026-05-03T22:53:13.947707,
India,NearBook,,Artificial Intelligence,,0,INR 450,https://nearbook.app/book/3919217,2026-05-03T22:53:14.308433,
India,NearBook,,Class 10th SST Refrence book,,0,INR 500,https://nearbook.app/book/3919216,2026-05-03T22:53:14.589038,
India,NearBook,,arihant cuet ug gat,,0,INR 215,https://nearbook.app/book/3919215,2026-05-03T22:53:14.870033,
India,NearBook,,Sanskrit TextBook,20 rupeesotherwise 15 rupees,0,INR 20,https://nearbook.app/book/3919214,2026-05-03T22:53:15.151353,
India,NearBook,,Hindi  Manthan,,0,INR 490,https://nearbook.app/book/3919213,2026-05-03T22:53:15.427604,
India,NearBook,,Class 9th & 10th Hindi Grammer Textbook (NCERT),,0,INR 450,https://nearbook.app/book/3919212,2026-05-03T22:53:15.704039,
India,NearBook,,Telugu part2,shaik Afiya,0,INR 20,https://nearbook.app/book/3919211,2026-05-03T22:53:15.980652,
India,NearBook,,physical education,Anuj pathak,0,INR 300,https://nearbook.app/book/3919210,2026-05-03T22:53:16.256948,
India,NearBook,,Maharashtra board class 6th history and civics textbook,,0,INR 37,https://nearbook.app/book/3919209,2026-05-03T22:53:16.533188,
India,NearBook,,Mathematics,User,0,INR 600,https://nearbook.app/book/3919208,2026-05-03T22:53:18.110821,
India,NearBook,,polycet,sandhya,0,INR 423,https://nearbook.app/book/3919207,2026-05-03T22:53:18.386801,
India,NearBook,,ವಿದ್ಯಾರ್ಥಿ ಕೈಪಿಡಿ,,0,INR 150,https://nearbook.app/book/3919206,2026-05-03T22:53:18.665005,
India,NearBook,,Xl Organisation of Commerce and Management (OCM),,0,INR 90,https://nearbook.app/book/3919205,2026-05-03T22:53:18.943730,
India,NearBook,,New Millennium Chemistry ( science),Dr Sourabh Monga,0,INR 300,https://nearbook.app/book/3919204,2026-05-03T22:53:19.220085,
India,NearBook,,Class 10th Hindi Sanchayan Texbook (NCERT),,0,INR 250,https://nearbook.app/book/3919203,2026-05-03T22:53:19.504782,
India,NearBook,,Educart - Social science one shot,,,INR 300,https://nearbook.app/book/3919201,2026-05-03T22:53:19.782042,
India,NearBook,,Class 10th Hindi Sparsh Textbook (NCERT),,0,INR 250,https://nearbook.app/book/3919199,2026-05-03T22:53:20.058293,
India,NearBook,,Hindi grammar,kavita vasu,0,INR 40,https://nearbook.app/book/3919198,2026-05-03T22:53:20.334087,
India,NearBook,,std 6th mathematics Maharashtra board textbook,,0,INR 41,https://nearbook.app/book/3919197,2026-05-03T22:53:20.611018,
India,NearBook,,English grammar and composition,p malwar    M. joseph,0,INR 390,https://nearbook.app/book/3919196,2026-05-03T22:53:20.891420,
India,NearBook,,shemushi,,0,INR 30,https://nearbook.app/book/3919195,2026-05-03T22:53:21.182980,
India,NearBook,,footprints without feet (supplementary reader),shaik Afiya,0,INR 30,https://nearbook.app/book/3919194,2026-05-03T22:53:22.766674,
India,NearBook,,HC Verma,"harish Chandra 
harish Chandra",0,INR 560,https://nearbook.app/book/3919193,2026-05-03T22:53:23.042650,
India,NearBook,,Words And Expressions 2,NCERT,0,INR 100,https://nearbook.app/book/3919192,2026-05-03T22:53:23.319918,
India,NearBook,,The psychology of money,User,0,INR 100,https://nearbook.app/book/3919191,2026-05-03T22:53:23.595550,
India,NearBook,,Sslc social science question paper with answere,,0,INR 40,https://nearbook.app/book/3919190,2026-05-03T22:53:23.871061,
India,NearBook,,GEOGRAPHY,,0,INR 50,https://nearbook.app/book/3919189,2026-05-03T22:53:24.146967,
India,NearBook,,poetry Publication,,0,INR 190,https://nearbook.app/book/3919188,2026-05-03T22:53:24.422719,
India,NearBook,,Class 10th English reference book (Edcart),,0,INR 200,https://nearbook.app/book/3919187,2026-05-03T22:53:24.709500,
India,NearBook,,Navneet,dhgzhh,0,INR 50,https://nearbook.app/book/3919186,2026-05-03T22:53:25.073978,
India,NearBook,,MTG CBSE Chapterwise Question Bank Class 12 Chemistry  For 2026 Board Exam | As Per Latest CBSE Syllabus (Set of 1 Book),,0,INR 310,https://nearbook.app/book/3919185,2026-05-03T22:53:25.970735,
India,NearBook,,2nd puc english,question bank,0,INR 100,https://nearbook.app/book/3919184,2026-05-03T22:53:26.273775,
India,NearBook,,Class 9th Science Textbook(NCERT),,0,INR 200,https://nearbook.app/book/3919183,2026-05-03T22:53:26.568031,
India,NearBook,,Poetry Publication,,0,INR 290,https://nearbook.app/book/3919182,2026-05-03T22:53:28.182669,
India,NearBook,,Hindi Support Material,,0,INR 49,https://nearbook.app/book/3919181,2026-05-03T22:53:28.473811,
India,NearBook,,English Support Material,,0,INR 49,https://nearbook.app/book/3919180,2026-05-03T22:53:28.764822,
India,NearBook,,MTG CBSE Chapterwise Question Bank Class 12 Mathematics For 2026 Board Exam | As Per Latest CBSE Syllabus (Set of 1 book ),,0,INR 310,https://nearbook.app/book/3919179,2026-05-03T22:53:29.068144,
India,NearBook,,mission 100,,0,INR 0,https://nearbook.app/book/3919178,2026-05-03T22:53:29.361153,
India,NearBook,,Class 10th Mathematics Textbook,,0,INR 200,https://nearbook.app/book/3919177,2026-05-03T22:53:29.650288,
India,NearBook,,question and answer book,,0,INR 40,https://nearbook.app/book/3919175,2026-05-03T22:53:29.936117,
India,NearBook,,poetry Publication,,0,INR 350,https://nearbook.app/book/3919174,2026-05-03T22:53:30.222791,
India,NearBook,,India and contemporary world 2,,0,INR 90,https://nearbook.app/book/3919173,2026-05-03T22:53:30.511887,
India,NearBook,,hindi kislay,mayank,0,INR 50,https://nearbook.app/book/3919172,2026-05-03T22:53:30.808890,
India,NearBook,,marathi,,0,INR 100,https://nearbook.app/book/3919171,2026-05-03T22:53:31.104749,
India,NearBook,,marathi sulabh bharati std 6th Maharashtra board textbook,,0,INR 27,https://nearbook.app/book/3919170,2026-05-03T22:53:31.423431,
India,NearBook,,Advanced problems in Organic Chemistry for JEE,M.S Chauhan,0,INR 350,https://nearbook.app/book/3919168,2026-05-03T22:53:33.045823,
India,NearBook,,ROBOTICS.  Uolo,,0,INR 350,https://nearbook.app/book/3919167,2026-05-03T22:53:33.364600,
India,NearBook,,question and answer book,,0,INR 50,https://nearbook.app/book/3919166,2026-05-03T22:53:33.654046,
India,NearBook,,ROBOTICS.  Uolo,,0,INR 350,https://nearbook.app/book/3919165,2026-05-03T22:53:33.942853,
India,NearBook,,Class 10th History Textbook,,0,INR 200,https://nearbook.app/book/3919164,2026-05-03T22:53:34.233298,
India,NearBook,,english notes,no,0,INR 150,https://nearbook.app/book/3919163,2026-05-03T22:53:34.586516,
India,NearBook,,English textbook (first flight),shaik Afiya,0,INR 40,https://nearbook.app/book/3919162,2026-05-03T22:53:34.905297,
India,NearBook,,poetry Publication,,0,INR 200,https://nearbook.app/book/3919161,2026-05-03T22:53:35.194735,
India,NearBook,,mathematics and statistics part 1,,0,INR 140,https://nearbook.app/book/3919160,2026-05-03T22:53:35.485295,
India,NearBook,,Accountancy,K C sinha,0,INR 100,https://nearbook.app/book/3919159,2026-05-03T22:53:35.779508,
India,NearBook,,Chemistry 11th,"Sian_Devil
SiaSian Devil
Sian_Devil",0,INR 150,https://nearbook.app/book/3919158,2026-05-03T22:53:36.133918,
India,NearBook,,science,,0,INR 100,https://nearbook.app/book/3919156,2026-05-03T22:53:36.440773,
India,NearBook,,math,,0,INR 90,https://nearbook.app/book/3919155,2026-05-03T22:53:38.064410,
India,NearBook,,MTG CBSE Chapterwise Question Bank Class 12 Chemistry & Mathematics For 2026 Board Exam | As Per Latest CBSE Syllabus  (Set of 2 Books ),,0,INR 620,https://nearbook.app/book/3919154,2026-05-03T22:53:38.386836,
India,NearBook,,Maharashtra board class 6th general science textbook,,0,INR 31,https://nearbook.app/book/3919153,2026-05-03T22:53:38.678030,
India,NearBook,,English part 1,Shaik Afiya,0,INR 30,https://nearbook.app/book/3919152,2026-05-03T22:53:38.968239,
India,NearBook,,Kritika,,0,INR 25,https://nearbook.app/book/3919151,2026-05-03T22:53:39.259705,
India,NearBook,,Computer Science Python 11,,0,INR 350,https://nearbook.app/book/3919150,2026-05-03T22:53:39.615570,
India,NearBook,,Biology 11th,Om Hile,0,INR 110,https://nearbook.app/book/3919149,2026-05-03T22:53:39.923033,
India,NearBook,,class 12 mathematics,Daksh,0,INR 200,https://nearbook.app/book/3919148,2026-05-03T22:53:40.230162,
India,NearBook,,"prayas jee module set(chemistry , mathematics, physics)setfor dropper jee(mains &advance) student",Amarjeet kumar,0,INR 2400,https://nearbook.app/book/3919147,2026-05-03T22:53:40.522024,
India,NearBook,,physics,,0,INR 120,https://nearbook.app/book/3919146,2026-05-03T22:53:40.844910,
India,NearBook,,English,shaik Afiya,0,INR 30,https://nearbook.app/book/3919145,2026-05-03T22:53:41.151533,
India,NearBook,,Operating System Concepts Sixth Edition WINDOWS XP Update,"Abraham Silberschatz, Peter Baer Galvin, Greg Gagne",0,INR 400,https://nearbook.app/book/3919144,2026-05-03T22:53:41.458884,
India,NearBook,,mathematics and statistics (art and science) part 2,Om Hile,0,INR 140,https://nearbook.app/book/3919143,2026-05-03T22:53:43.080985,
India,NearBook,,Navneet Digest std 6th general science,,0,INR 50,https://nearbook.app/book/3919142,2026-05-03T22:53:43.370375,
India,NearBook,,ମାଧମିକ ଜ୍ୟାମିତି,Debanshu Behuria,0,INR 90,https://nearbook.app/book/3919141,2026-05-03T22:53:43.711457,
India,NearBook,,physics 12th (CBSE),,0,INR 350,https://nearbook.app/book/3919139,2026-05-03T22:53:44.021496,
India,NearBook,,physics 12th (CBSE),,0,INR 350,https://nearbook.app/book/3919138,2026-05-03T22:53:44.325642,
India,NearBook,,Bhramadtra Booklet (Nexttoppers),,0,INR 200,https://nearbook.app/book/3919137,2026-05-03T22:53:44.615881,
India,NearBook,,Cengage Calculus,G. Tewani,0,INR 750,https://nearbook.app/book/3919136,2026-05-03T22:53:44.941831,
India,NearBook,,ARIHANT PYQ+CBQ [NEW],,0,INR 150,https://nearbook.app/book/3919135,2026-05-03T22:53:45.232966,
India,NearBook,,Cengage Coordinate Geometry,G. Tewani,0,INR 600,https://nearbook.app/book/3919134,2026-05-03T22:53:45.526150,
India,NearBook,,English textbook,,0,INR 100,https://nearbook.app/book/3919133,2026-05-03T22:53:45.861963,
India,NearBook,,FULLMARKS [HINDI],,0,INR 300,https://nearbook.app/book/3919132,2026-05-03T22:53:46.152771,
India,NearBook,,chemistry,govenment teachers,0,INR 200,https://nearbook.app/book/3919129,2026-05-03T22:53:46.442974,
India,NearBook,,CHEMISTRY,,0,INR 200,https://nearbook.app/book/3919128,2026-05-03T22:53:48.057746,
India,NearBook,,student exam tutor,,0,INR 140,https://nearbook.app/book/3919127,2026-05-03T22:53:48.411177,
India,NearBook,,chemistry part 1  12th (CBSE),,0,INR 400,https://nearbook.app/book/3919126,2026-05-03T22:53:48.729719,
India,NearBook,,GOLDEN SST. [NEW],,0,INR 400,https://nearbook.app/book/3919125,2026-05-03T22:53:49.038271,
India,NearBook,,Arihant English and Hindi,,0,INR 200,https://nearbook.app/book/3919124,2026-05-03T22:53:49.333414,
India,NearBook,,Bharat ke Rajya,Kiran  Publication,0,INR 89,https://nearbook.app/book/3919123,2026-05-03T22:53:49.650981,
India,NearBook,,biology,government teachers,0,INR 200,https://nearbook.app/book/3919122,2026-05-03T22:53:49.958244,
India,NearBook,,physical education,DR VK Sharma,0,INR 150,https://nearbook.app/book/3919121,2026-05-03T22:53:50.265356,
India,NearBook,,civics,,0,INR 300,https://nearbook.app/book/3919119,2026-05-03T22:53:50.572688,
India,NearBook,,Hindi guide Deepak,,0,INR 100,https://nearbook.app/book/3919118,2026-05-03T22:53:50.876807,
India,NearBook,,accounts,mohit,0,INR 500,https://nearbook.app/book/3919117,2026-05-03T22:53:51.169688,
India,NearBook,,physics,andhrapradesh government writers,0,INR 300,https://nearbook.app/book/3919116,2026-05-03T22:53:51.494436,
India,NearBook,,Cengage Vectors and 3D Geometry,G. Tewani,0,INR 400,https://nearbook.app/book/3919115,2026-05-03T22:53:53.132954,
India,NearBook,,hindi margadarshak (hindi digest) navneet std 6th,,0,INR 55,https://nearbook.app/book/3919114,2026-05-03T22:53:53.425048,
India,NearBook,,English Digest,NAVNEET,0,INR 30,https://nearbook.app/book/3919113,2026-05-03T22:53:53.718006,
India,NearBook,,chemistry,andhra pradesh govt writets,0,INR 300,https://nearbook.app/book/3919112,2026-05-03T22:53:54.054758,
India,NearBook,,India And Contemporary World-l,,0,INR 50,https://nearbook.app/book/3919111,2026-05-03T22:53:54.345222,
India,NearBook,,MTG CBSE 10 Years (2025-2016) Chapterwise Topicwise Solved Papers Class 12 Mathematics - CBSE Champion For 2026 Exam | Free Video Solution of PYQs (As Per Latest CBSE Syllabus ),,0,INR 240,https://nearbook.app/book/3919110,2026-05-03T22:53:54.633153,
India,NearBook,,Navneet Digest std 6th mathematics,,0,INR 40,https://nearbook.app/book/3919108,2026-05-03T22:53:54.975692,
India,NearBook,,English Maharashtra board textbook,Maharashtra state board Yuvakbharati,0,INR 75,https://nearbook.app/book/3919107,2026-05-03T22:53:55.266287,
India,NearBook,,mathematics &statistics,s,0,INR 155,https://nearbook.app/book/3919106,2026-05-03T22:53:55.590536,
India,NearBook,,oswaal 10 years solved paper,,0,INR 580,https://nearbook.app/book/3919104,2026-05-03T22:53:55.897936,
India,NearBook,,हमारा पर्यावरण book class 7th,,0,INR 68,https://nearbook.app/book/3919103,2026-05-03T22:53:56.204515,
India,NearBook,,science,,0,INR 150,https://nearbook.app/book/3919102,2026-05-03T22:53:56.492950,
India,NearBook,,Vikas mathematics workbook standard 8 part 2,publisher,0,INR 60,https://nearbook.app/book/3919101,2026-05-03T22:53:58.132743,
India,NearBook,,Arihant Cbse Physics term 1,,0,INR 100,https://nearbook.app/book/3919100,2026-05-03T22:53:58.453819,
India,NearBook,,world facts,terry o'Brien,0,INR 149,https://nearbook.app/book/3919099,2026-05-03T22:53:58.748088,
India,NearBook,,kartika,,0,INR 20,https://nearbook.app/book/3919098,2026-05-03T22:53:59.072490,
India,NearBook,,Economic,,0,INR 0,https://nearbook.app/book/3919097,2026-05-03T22:53:59.363235,
India,NearBook,,Vikas social science workbook standard 8 part 2,"publisher 
publisher",0,INR 90,https://nearbook.app/book/3919096,2026-05-03T22:53:59.654755,
India,NearBook,,biology,"s
s",0,INR 145,https://nearbook.app/book/3919095,2026-05-03T22:53:59.993063,
India,NearBook,,BIOLOGY [new condition],LAKHMIR SINGH,0,INR 200,https://nearbook.app/book/3919094,2026-05-03T22:54:00.300507,
India,NearBook,,Udaan social science,,0,INR 220,https://nearbook.app/book/3919092,2026-05-03T22:54:00.590632,
India,NearBook,,oswal gurukul physics question bank,,0,INR 130,https://nearbook.app/book/3919091,2026-05-03T22:54:00.880351,
India,NearBook,,"Class 10 cbse all books for Ace your preperation!! 
Contact-9461155663
★Note-individual book also available.","RD Sharma, Oawaal experts etc.",0,INR 4000,https://nearbook.app/book/3919089,2026-05-03T22:54:01.221922,
India,NearBook,,first flight,,0,INR 50,https://nearbook.app/book/3919087,2026-05-03T22:54:01.529236,
India,NearBook,,shritiz,,0,INR 50,https://nearbook.app/book/3919086,2026-05-03T22:54:03.167558,
India,NearBook,,social science,,0,INR 150,https://nearbook.app/book/3919085,2026-05-03T22:54:03.475354,
India,NearBook,,RD Sharma mcq,,0,INR 245,https://nearbook.app/book/3919084,2026-05-03T22:54:03.782230,
India,NearBook,,Vikas science workbook standard 8 part 2,publisher,0,INR 90,https://nearbook.app/book/3919083,2026-05-03T22:54:04.088977,
India,NearBook,,MTG CBSE 10 Years (2025-2016) Chapterwise Topicwise Solved Papers Class 12 Physics - CBSE Champion For 2026 Exam | Free Video Solution of PYQs | CBSE Sample Papers (As Per Latest Pattern),,0,INR 270,https://nearbook.app/book/3919082,2026-05-03T22:54:04.396953,
India,NearBook,,Mechanics,D C Pandey,0,INR 200,https://nearbook.app/book/3919081,2026-05-03T22:54:05.522348,
India,NearBook,,social science book,,0,INR 95,https://nearbook.app/book/3919080,2026-05-03T22:54:05.830092,
India,NearBook,,INCOME TAX ACT 2025,,0,INR 1200,https://nearbook.app/book/3919078,2026-05-03T22:54:06.117742,
India,NearBook,,social economics,cbse writers,0,INR 297,https://nearbook.app/book/3919077,2026-05-03T22:54:06.407696,
India,NearBook,,oswal gurukul chemisty question bank,,0,INR 175,https://nearbook.app/book/3919076,2026-05-03T22:54:06.703878,
India,NearBook,,English,,0,INR 70,https://nearbook.app/book/3919075,2026-05-03T22:54:06.990192,
India,NearBook,,Vikas Hani Deo workbook standard 8 part 2,publisher,0,INR 50,https://nearbook.app/book/3919074,2026-05-03T22:54:07.274188,
India,NearBook,,Navneet English (hl) grammer and writing skills (for english medium schools) std 6th,,0,INR 35,https://nearbook.app/book/3919073,2026-05-03T22:54:08.877738,
India,NearBook,,Full Marks,,0,INR 400,https://nearbook.app/book/3919072,2026-05-03T22:54:09.159710,
India,NearBook,,gomant prasun (hindi textbook class IX),,0,INR 77,https://nearbook.app/book/3919071,2026-05-03T22:54:09.520139,
India,NearBook,,social history,cbse writers,0,INR 297,https://nearbook.app/book/3919070,2026-05-03T22:54:09.801299,
India,NearBook,,mathematics & statistics part 2,s,0,INR 150,https://nearbook.app/book/3919069,2026-05-03T22:54:10.106261,
India,NearBook,,Hindi,,0,INR 50,https://nearbook.app/book/3919068,2026-05-03T22:54:10.437400,
India,NearBook,,digest vigyan,,0,INR 250,https://nearbook.app/book/3919067,2026-05-03T22:54:10.744771,
India,NearBook,,General Science Digest,NAVNEET,0,INR 40,https://nearbook.app/book/3919066,2026-05-03T22:54:11.029352,
India,NearBook,,MCQs in MATHEMATICS,,0,INR 200,https://nearbook.app/book/3919065,2026-05-03T22:54:11.312688,
India,NearBook,,record book,cbse activiti writers,0,INR 70,https://nearbook.app/book/3919064,2026-05-03T22:54:11.593760,
India,NearBook,,science and technology digest,Navneet,0,INR 270,https://nearbook.app/book/3919063,2026-05-03T22:54:11.877472,
India,NearBook,,maths goyal brother's publishers,,0,INR 400,https://nearbook.app/book/3919062,2026-05-03T22:54:12.160698,
India,NearBook,,gomant bharti,,0,INR 64,https://nearbook.app/book/3919061,2026-05-03T22:54:13.818006,
India,NearBook,,Footprints without Feet,,0,INR 60,https://nearbook.app/book/3919060,2026-05-03T22:54:14.124831,
India,NearBook,,MTG CBSE 10 Years (2025-2016) Chapterwise Topicwise Solved Papers Class 12 Chemistry - CBSE Champion For 2026 Exam | Free Video Solution of PYQs | CBSE Sample Papers (As Per Latest Pattern),,0,INR 210,https://nearbook.app/book/3919059,2026-05-03T22:54:14.431100,
India,NearBook,,physics S -chand,lakhmir singh and Manjit Kaur,0,INR 550,https://nearbook.app/book/3919058,2026-05-03T22:54:14.716432,
India,NearBook,,Physics Reference,,0,INR 500,https://nearbook.app/book/3919057,2026-05-03T22:54:15.045778,
India,NearBook,,Class 10 Final Revision Book,Prem Sharma,0,INR 700,https://nearbook.app/book/3919056,2026-05-03T22:54:15.330938,
India,NearBook,,Home Science,,0,INR 150,https://nearbook.app/book/3919055,2026-05-03T22:54:15.614106,
India,NearBook,,SST support material,,0,INR 50,https://nearbook.app/book/3919054,2026-05-03T22:54:15.897897,
India,NearBook,,social geography,cbse writers,0,INR 297,https://nearbook.app/book/3919053,2026-05-03T22:54:16.275127,
India,NearBook,,Navneet Digest std 6th (marathi sulabh bharati),,0,INR 30,https://nearbook.app/book/3919052,2026-05-03T22:54:16.559668,
India,NearBook,,Vikas english grammar & writing,,0,INR 60,https://nearbook.app/book/3919051,2026-05-03T22:54:16.841272,
India,NearBook,,Biology Reference book,,0,INR 500,https://nearbook.app/book/3919050,2026-05-03T22:54:17.195962,
India,NearBook,,supw book vol 2 pitambar,,0,INR 150,https://nearbook.app/book/3919049,2026-05-03T22:54:18.834128,
India,NearBook,,Science textbook for class IX,,0,INR 163,https://nearbook.app/book/3919048,2026-05-03T22:54:19.124185,
India,NearBook,,Vikas Gujarati workbook standard 8 part 2,"publisher
publisher",0,INR 90,https://nearbook.app/book/3919047,2026-05-03T22:54:19.406839,
India,NearBook,,social civis,cbse writers,0,INR 297,https://nearbook.app/book/3919046,2026-05-03T22:54:19.688060,
India,NearBook,,physical science textbook,,0,INR 122,https://nearbook.app/book/3919045,2026-05-03T22:54:20.063235,
India,NearBook,,English Language Pull-Out worksheets,,0,INR 500,https://nearbook.app/book/3919044,2026-05-03T22:54:20.348580,
India,NearBook,,for railway zone textbook question and answer,,0,INR 50,https://nearbook.app/book/3919043,2026-05-03T22:54:20.630287,
India,NearBook,,english,,0,INR 40,https://nearbook.app/book/3919042,2026-05-03T22:54:20.915943,
India,NearBook,,Statistics for Economics,,0,INR 50,https://nearbook.app/book/3919041,2026-05-03T22:54:21.196876,
India,NearBook,,Chemistry 21 set 2023,Navneet,0,INR 60,https://nearbook.app/book/3919040,2026-05-03T22:54:21.488827,
India,NearBook,,English grammar,,0,INR 240,https://nearbook.app/book/3919039,2026-05-03T22:54:21.770946,
India,NearBook,,Vikas Sanskrit workbook standard 8 part 2,publisher,0,INR 85,https://nearbook.app/book/3919038,2026-05-03T22:54:22.111295,
India,NearBook,,General Science Digest,NAVNEET,0,INR 80,https://nearbook.app/book/3919037,2026-05-03T22:54:23.727694,
India,NearBook,,english,,0,INR 30,https://nearbook.app/book/3919036,2026-05-03T22:54:24.061592,
India,NearBook,,Beehive English Literature,,0,INR 155,https://nearbook.app/book/3919035,2026-05-03T22:54:24.364657,
India,NearBook,,Telugu textbook,,0,INR 99,https://nearbook.app/book/3919034,2026-05-03T22:54:24.647230,
India,NearBook,,physical educatio book osswal,,0,INR 250,https://nearbook.app/book/3919033,2026-05-03T22:54:24.929513,
India,NearBook,,IMUCET,,0,INR 1700,https://nearbook.app/book/3919032,2026-05-03T22:54:25.285318,
India,NearBook,,MATHEMATICS,,0,INR 110,https://nearbook.app/book/3919031,2026-05-03T22:54:25.594152,
India,NearBook,,mathematics,,0,INR 80,https://nearbook.app/book/3919030,2026-05-03T22:54:25.876945,
India,NearBook,,physics book,antonie,0,INR 600,https://nearbook.app/book/3919028,2026-05-03T22:54:26.158837,
India,NearBook,,upgrade repair your pc,Wayne N. lawamoto,0,INR 100,https://nearbook.app/book/3919027,2026-05-03T22:54:26.514137,
India,NearBook,,Moments English Literature,,0,INR 100,https://nearbook.app/book/3919026,2026-05-03T22:54:26.810203,
India,NearBook,,Vikas Hindi workbook standard 8 part 2,"publisher 
publisher",0,INR 90,https://nearbook.app/book/3919025,2026-05-03T22:54:27.113122,
India,NearBook,,studio shot,,0,INR 200,https://nearbook.app/book/3919024,2026-05-03T22:54:28.702695,
India,NearBook,,Democratic Politics Civics,,0,INR 250,https://nearbook.app/book/3919023,2026-05-03T22:54:28.989900,
India,NearBook,,MATHEMATICS,,0,INR 80,https://nearbook.app/book/3919022,2026-05-03T22:54:29.272476,
India,NearBook,,athma kathe nana sathyanvashna gandhiji story book,,0,INR 50,https://nearbook.app/book/3919020,2026-05-03T22:54:29.589783,
India,NearBook,,English navneet,,0,INR 85,https://nearbook.app/book/3919019,2026-05-03T22:54:29.893767,
India,NearBook,,Social and Political life -lll,,0,INR 100,https://nearbook.app/book/3919018,2026-05-03T22:54:30.176600,
India,NearBook,,Economics,,0,INR 100,https://nearbook.app/book/3919017,2026-05-03T22:54:30.462418,
India,NearBook,,festival of india,sonali chaidhry,0,INR 50,https://nearbook.app/book/3919016,2026-05-03T22:54:30.749656,
India,NearBook,,Navneet manovigyan (psychology),misba,0,INR 120,https://nearbook.app/book/3919015,2026-05-03T22:54:31.036992,
India,NearBook,,social science,,0,INR 480,https://nearbook.app/book/3919014,2026-05-03T22:54:31.324912,
India,NearBook,,information technology class 9,Sumita Arora,0,INR 450,https://nearbook.app/book/3919013,2026-05-03T22:54:31.607941,
India,NearBook,,Kritika Hindi,,0,INR 50,https://nearbook.app/book/3919012,2026-05-03T22:54:31.941833,
India,NearBook,,The Diary Of A Young Girl,Anne Frank,0,INR 100,https://nearbook.app/book/3919011,2026-05-03T22:54:33.555261,
India,NearBook,,Indian Economic Development,,0,INR 50,https://nearbook.app/book/3919010,2026-05-03T22:54:33.886905,
India,NearBook,,Interactive Social Studies,,0,INR 100,https://nearbook.app/book/3919009,2026-05-03T22:54:34.167908,
India,NearBook,,Shritij Hindi,,0,INR 50,https://nearbook.app/book/3919008,2026-05-03T22:54:34.501659,
India,NearBook,,Physics 21 set 2023,Navneet,0,INR 70,https://nearbook.app/book/3919006,2026-05-03T22:54:34.809014,
India,NearBook,,vitna,,0,INR 150,https://nearbook.app/book/3919005,2026-05-03T22:54:35.117387,
India,NearBook,,Navneet sanskrit,misba,0,INR 110,https://nearbook.app/book/3919004,2026-05-03T22:54:35.423272,
India,NearBook,,mahabharat for children,,0,INR 50,https://nearbook.app/book/3919003,2026-05-03T22:54:35.705019,
India,NearBook,,mathematics,,0,INR 350,https://nearbook.app/book/3919002,2026-05-03T22:54:35.986672,
India,NearBook,,MATHEMATICS,,0,INR 70,https://nearbook.app/book/3919001,2026-05-03T22:54:36.344954,
India,NearBook,,mathematics icse,soumya,0,INR 590,https://nearbook.app/book/3919000,2026-05-03T22:54:36.628490,
India,NearBook,,Navi Nuhar,,0,INR 100,https://nearbook.app/book/3918998,2026-05-03T22:54:36.959479,
India,NearBook,,mathematics textbook,,0,INR 200,https://nearbook.app/book/3918997,2026-05-03T22:54:38.598233,
India,NearBook,,contemporary,,0,INR 45,https://nearbook.app/book/3918996,2026-05-03T22:54:38.904809,
India,NearBook,,oswal books biology question bank,,0,INR 200,https://nearbook.app/book/3918995,2026-05-03T22:54:39.187151,
India,NearBook,,lapwing,,0,INR 18,https://nearbook.app/book/3918994,2026-05-03T22:54:39.519549,
India,NearBook,,Navneet english,misba,0,INR 120,https://nearbook.app/book/3918993,2026-05-03T22:54:39.826461,
India,NearBook,,RS Aggarwal Maths,,0,INR 500,https://nearbook.app/book/3918992,2026-05-03T22:54:40.133892,
India,NearBook,,Active maths,Anmol yadav,0,INR 10,https://nearbook.app/book/3918991,2026-05-03T22:54:40.440843,
India,NearBook,,Udaan mathematics part b,,0,INR 220,https://nearbook.app/book/3918990,2026-05-03T22:54:40.748397,
India,NearBook,,Mathematics question bank,,0,INR 70,https://nearbook.app/book/3918989,2026-05-03T22:54:41.055385,
India,NearBook,,cbse bangla mentor class 9,"alok bordhon
olok bordhon",0,INR 300,https://nearbook.app/book/3918988,2026-05-03T22:54:41.337159,
India,NearBook,,Semi English scholarship book ( English & entelligence text ),NAVNEET,0,INR 50,https://nearbook.app/book/3918987,2026-05-03T22:54:41.619001,
India,NearBook,,Kshitij,,0,INR 50,https://nearbook.app/book/3918986,2026-05-03T22:54:41.903450,
India,NearBook,,mtg cbse chapterwise - topicwise 10 solved papers for 2026 exam,,0,INR 1070,https://nearbook.app/book/3918985,2026-05-03T22:54:43.512798,
India,NearBook,,blight flight,,0,INR 10,https://nearbook.app/book/3918984,2026-05-03T22:54:44.599706,
India,NearBook,,Expert,,0,INR 315,https://nearbook.app/book/3918983,2026-05-03T22:54:44.946767,
India,NearBook,,social textbook,,0,INR 200,https://nearbook.app/book/3918982,2026-05-03T22:54:45.228758,
India,NearBook,,Democratic Politics Civics,,0,INR 100,https://nearbook.app/book/3918981,2026-05-03T22:54:45.510758,
India,NearBook,,Udaan mathematics part a,,0,INR 220,https://nearbook.app/book/3918980,2026-05-03T22:54:45.793069,
India,NearBook,,BTSC JE,,0,INR 500,https://nearbook.app/book/3918979,2026-05-03T22:54:46.277953,
India,NearBook,,21st Century English(Second Edition),,0,INR 100,https://nearbook.app/book/3918977,2026-05-03T22:54:46.559498,
India,NearBook,,social science companion,ocean publication,0,INR 500,https://nearbook.app/book/3918976,2026-05-03T22:54:46.844876,
India,NearBook,,Physics ISCE,,0,INR 400,https://nearbook.app/book/3918975,2026-05-03T22:54:47.126021,
India,NearBook,,ncert exemplar maths,,0,INR 75,https://nearbook.app/book/3918974,2026-05-03T22:54:47.419409,
India,NearBook,,Brahmastra booklet 10th class all subject,,0,INR 400,https://nearbook.app/book/3918973,2026-05-03T22:54:47.698604,
India,NearBook,,bhagawan Sri Sathya Sai Baba,,0,INR 0,https://nearbook.app/book/3918972,2026-05-03T22:54:49.283207,
India,NearBook,,science +board question paper 2026,"Arihant 
arihant",0,INR 299,https://nearbook.app/book/3918971,2026-05-03T22:54:49.560566,
India,NearBook,,Samajik adhyayan,,0,INR 100,https://nearbook.app/book/3918970,2026-05-03T22:54:49.840604,
India,NearBook,,strange worlds,mary devine,0,INR 375,https://nearbook.app/book/3918969,2026-05-03T22:54:50.120953,
India,NearBook,,Biology Reference book,,0,INR 350,https://nearbook.app/book/3918968,2026-05-03T22:54:50.402132,
India,NearBook,,Navneet bhugod (geography),misba,0,INR 80,https://nearbook.app/book/3918967,2026-05-03T22:54:50.682941,
India,NearBook,,Living Maths,Monika Capoor,0,INR 100,https://nearbook.app/book/3918966,2026-05-03T22:54:50.967488,
India,NearBook,,conversation book,Anmol yadav,0,INR 20,https://nearbook.app/book/3918965,2026-05-03T22:54:51.248516,
India,NearBook,,social science one shotboard question paper 2026,,0,INR 199,https://nearbook.app/book/3918964,2026-05-03T22:54:51.529925,
India,NearBook,,Mathematics ISCE ML Aggarwal,,0,INR 350,https://nearbook.app/book/3918963,2026-05-03T22:54:51.809801,
India,NearBook,,udaan english,,0,INR 220,https://nearbook.app/book/3918962,2026-05-03T22:54:52.088048,
India,NearBook,,english sample paperboard question paper 2026,,0,INR 149,https://nearbook.app/book/3918961,2026-05-03T22:54:52.368351,
India,NearBook,,vyakran course A,,0,INR 360,https://nearbook.app/book/3918960,2026-05-03T22:54:53.950684,
India,NearBook,,english work book,306,0,INR 0,https://nearbook.app/book/3918959,2026-05-03T22:54:54.232047,
India,NearBook,,Collins English Grammar And Composition,,0,INR 100,https://nearbook.app/book/3918958,2026-05-03T22:54:54.510591,
India,NearBook,,Ranthambore,,0,INR 100,https://nearbook.app/book/3918957,2026-05-03T22:54:54.790531,
India,NearBook,,Semi English scholarship book ( Marathi & Mathematics ),NAVNEET,0,INR 50,https://nearbook.app/book/3918956,2026-05-03T22:54:55.084592,
India,NearBook,,Sugandha,,0,INR 80,https://nearbook.app/book/3918955,2026-05-03T22:54:55.391410,
India,NearBook,,educart sample paperboard question paper 2026,,0,INR 49,https://nearbook.app/book/3918954,2026-05-03T22:54:55.670602,
India,NearBook,,social science question bank,,0,INR 550,https://nearbook.app/book/3918953,2026-05-03T22:54:56.006208,
India,NearBook,,kannada dictionary,,0,INR 20,https://nearbook.app/book/3918952,2026-05-03T22:54:56.286296,
India,NearBook,,children's treasury,"sudha moorthy
sudha moorthy",0,INR 375,https://nearbook.app/book/3918951,2026-05-03T22:54:56.621503,
India,NearBook,,Artificial intelligence,,0,INR 500,https://nearbook.app/book/3918950,2026-05-03T22:54:56.901311,
India,NearBook,,RAPID REVISION IN ACCOUNTANCY,,0,INR 200,https://nearbook.app/book/3918949,2026-05-03T22:54:57.234692,
India,NearBook,,English work book,306,0,INR 0,https://nearbook.app/book/3918948,2026-05-03T22:54:58.872820,
India,NearBook,,THEMES IN WORLD HISTORY,,0,INR 100,https://nearbook.app/book/3918947,2026-05-03T22:54:59.159651,
India,NearBook,,Navneet smajshashtra (sociology),Misba,0,INR 100,https://nearbook.app/book/3918946,2026-05-03T22:54:59.439618,
India,NearBook,,Rd sharma class 10 Mathematics + MCQ book,,0,INR 525,https://nearbook.app/book/3918945,2026-05-03T22:54:59.718088,
India,NearBook,,Aakash NEET LONG-TERM BOOKS (including M-CAPS),,0,INR 3000,https://nearbook.app/book/3918944,2026-05-03T22:54:59.997513,
India,NearBook,,Shemushi,,0,INR 90,https://nearbook.app/book/3918943,2026-05-03T22:55:00.287752,
India,NearBook,,Chemistry Reference book,,0,INR 400,https://nearbook.app/book/3918942,2026-05-03T22:55:00.614558,
India,NearBook,,mathematics one shot,,0,INR 219,https://nearbook.app/book/3918941,2026-05-03T22:55:00.899259,
India,NearBook,,Sugam Hindi Vyakaran,,0,INR 100,https://nearbook.app/book/3918940,2026-05-03T22:55:01.180402,
India,NearBook,,children's trrasury,sudha moorthy,0,INR 375,https://nearbook.app/book/3918939,2026-05-03T22:55:01.535292,
India,NearBook,,GANITA PRAKASH,,0,INR 60,https://nearbook.app/book/3918938,2026-05-03T22:55:01.844453,
India,NearBook,,human values in Tibetan tradition,mhathma gandhiji,0,INR 30,https://nearbook.app/book/3918937,2026-05-03T22:55:02.149948,
India,NearBook,,geography,,0,INR 95,https://nearbook.app/book/3918936,2026-05-03T22:55:03.788305,
India,NearBook,,science textbook for class 9th,,0,INR 350,https://nearbook.app/book/3918935,2026-05-03T22:55:04.071340,
India,NearBook,,Biology textbook,Bhagat Singh,0,INR 112,https://nearbook.app/book/3918934,2026-05-03T22:55:04.403000,
India,NearBook,,Oswaal cbse question bank Hindi A,,0,INR 450,https://nearbook.app/book/3918933,2026-05-03T22:55:04.710229,
India,NearBook,,Physics question bank,,0,INR 70,https://nearbook.app/book/3918932,2026-05-03T22:55:04.990296,
India,NearBook,,Micro economics,Sandeep Garg,0,INR 300,https://nearbook.app/book/3918929,2026-05-03T22:55:05.324593,
India,NearBook,,total geography,,0,INR 150,https://nearbook.app/book/3918928,2026-05-03T22:55:05.611158,
India,NearBook,,question bank,,0,INR 350,https://nearbook.app/book/3918927,2026-05-03T22:55:05.939341,
India,NearBook,,Contemporary India - 1,,0,INR 250,https://nearbook.app/book/3918926,2026-05-03T22:55:06.235012,
India,NearBook,,history,,0,INR 100,https://nearbook.app/book/3918925,2026-05-03T22:55:06.515202,
India,NearBook,,LAKHMIR SINGH chemistry 2023,,0,INR 320,https://nearbook.app/book/3918924,2026-05-03T22:55:06.865301,
India,NearBook,,Oswaal cbse question bank English language and literature,,0,INR 500,https://nearbook.app/book/3918923,2026-05-03T22:55:07.167429,
India,NearBook,,Oswaal cbse question bank English language and literature,,0,INR 500,https://nearbook.app/book/3918923,2026-05-03T22:55:08.758296,
India,NearBook,,John Elia,,0,INR 200,https://nearbook.app/book/3918922,2026-05-03T22:55:09.113186,
India,NearBook,,udaan biology,,0,INR 220,https://nearbook.app/book/3918921,2026-05-03T22:55:09.421149,
India,NearBook,,XAMIDEA ACCOUNTANCY guide,,0,INR 200,https://nearbook.app/book/3918920,2026-05-03T22:55:09.702920,
India,NearBook,,know your body,,0,INR 100,https://nearbook.app/book/3918919,2026-05-03T22:55:10.034551,
India,NearBook,,Udaan chemistry,,0,INR 220,https://nearbook.app/book/3918916,2026-05-03T22:55:10.341938,
India,NearBook,,economics,,0,INR 75,https://nearbook.app/book/3918915,2026-05-03T22:55:10.649454,
India,NearBook,,Mathematics question bank,,0,INR 40,https://nearbook.app/book/3918914,2026-05-03T22:55:10.957127,
India,NearBook,,sanjiv dask work,jaswant singh,0,INR 150,https://nearbook.app/book/3918913,2026-05-03T22:55:11.239294,
India,NearBook,,Oswaal cbse question bank Social Science,,0,INR 500,https://nearbook.app/book/3918912,2026-05-03T22:55:11.570961,
India,NearBook,,Nootan-ISC Physics Class 12 25/26,Nageen Prakashan,0,INR 400,https://nearbook.app/book/3918911,2026-05-03T22:55:11.884063,
India,NearBook,,cbse question bank class 10 sst,PW,0,INR 350,https://nearbook.app/book/3918910,2026-05-03T22:55:12.185226,
India,NearBook,,ভূগোল ও পরিবেশ ছায়া,,0,INR 250,https://nearbook.app/book/3918909,2026-05-03T22:55:13.824095,
India,NearBook,,udaan physics,,0,INR 220,https://nearbook.app/book/3918908,2026-05-03T22:55:14.103676,
India,NearBook,,science,,0,INR 100,https://nearbook.app/book/3918907,2026-05-03T22:55:14.392072,
India,NearBook,,Oswaal cbse question bank Maths Standard,,0,INR 500,https://nearbook.app/book/3918906,2026-05-03T22:55:14.671097,
India,NearBook,,10th third language Hindi guide,,0,INR 50,https://nearbook.app/book/3918905,2026-05-03T22:55:14.951776,
India,NearBook,,History,"TarunPanwar
Tarunpanwar",0,INR 130.00,https://nearbook.app/book/3918904,2026-05-03T22:55:15.257452,
India,NearBook,,IIT foundation math Pearson,Trisha's books.,0,INR 100,https://nearbook.app/book/3918903,2026-05-03T22:55:15.543684,
India,NearBook,,children jokes in kannada,,0,INR 20,https://nearbook.app/book/3918902,2026-05-03T22:55:15.872125,
India,NearBook,,LEVEL UP BEFORE 18,SAJID AHMED,0,INR 99,https://nearbook.app/book/3918900,2026-05-03T22:55:16.179720,
India,NearBook,,Kritika,,0,INR 30,https://nearbook.app/book/3918899,2026-05-03T22:55:16.460912,
India,NearBook,,cbse question and cbse cbse question and concept bank by physics  wallah,Ritik Mishra,0,INR 500,https://nearbook.app/book/3918898,2026-05-03T22:55:16.742249,
India,NearBook,,Sanjiv refresher (maths),sanjiv publishing,0,INR 200,https://nearbook.app/book/3918897,2026-05-03T22:55:17.100297,
India,NearBook,,all in one geography,,0,INR 150,https://nearbook.app/book/3918896,2026-05-03T22:55:18.738777,
India,NearBook,,IKIGAI,Hector garcia anm Francesc mirlles,0,INR 250,https://nearbook.app/book/3918895,2026-05-03T22:55:19.020233,
India,NearBook,,telugu book,225,0,INR 0,https://nearbook.app/book/3918894,2026-05-03T22:55:19.299718,
India,NearBook,,Oswaal cbse question bank Science,,0,INR 500,https://nearbook.app/book/3918893,2026-05-03T22:55:19.660741,
India,NearBook,,social science as per new syllabus guide,,0,INR 100,https://nearbook.app/book/3918892,2026-05-03T22:55:19.968102,
India,NearBook,,total history and civics,,0,INR 150,https://nearbook.app/book/3918891,2026-05-03T22:55:20.250504,
India,NearBook,,social science as per new syllabus guide,,0,INR 100,https://nearbook.app/book/3918889,2026-05-03T22:55:20.530209,
India,NearBook,,chane your birth control,"lady diana
lady diana",0,INR 10,https://nearbook.app/book/3918888,2026-05-03T22:55:20.811971,
India,NearBook,,NCERT MAPS ZOOLOGY NEET REVISION,,0,INR 150,https://nearbook.app/book/3918886,2026-05-03T22:55:21.111301,
India,NearBook,,Chemistry question bank,,0,INR 50,https://nearbook.app/book/3918885,2026-05-03T22:55:21.401321,
India,NearBook,,all in one history and civics,,0,INR 150,https://nearbook.app/book/3918883,2026-05-03T22:55:22.399994,
India,NearBook,,science based in CRT syllabus,,0,INR 100,https://nearbook.app/book/3918882,2026-05-03T22:55:22.680042,
India,NearBook,,NCERT MAPS BOTANY  NEET REVISION,,0,INR 150,https://nearbook.app/book/3918881,2026-05-03T22:55:24.269691,
India,NearBook,,"SCIENCE 
FULL MODULE 1 with 2nd MODULE",ACP OFFICIAL,0,INR 350,https://nearbook.app/book/3918880,2026-05-03T22:55:24.549071,
India,NearBook,,"Joni, An autobiography",Joni Eareckson Tada,0,INR 150,https://nearbook.app/book/3918879,2026-05-03T22:55:24.883353,
India,NearBook,,স্বাস্থ্য ও শারীরশিক্ষা,,0,INR 100,https://nearbook.app/book/3918878,2026-05-03T22:55:25.160911,
India,NearBook,,account part 2,,0,INR 60,https://nearbook.app/book/3918877,2026-05-03T22:55:25.497291,
India,NearBook,,prathmik ganit 2,,0,INR 200,https://nearbook.app/book/3918876,2026-05-03T22:55:25.779444,
India,NearBook,,English grammar redefined,,0,INR 150,https://nearbook.app/book/3918875,2026-05-03T22:55:26.053644,
India,NearBook,,the i love eat diet,"vanessa mae
vanessa mae",0,INR 10,https://nearbook.app/book/3918874,2026-05-03T22:55:26.418880,
India,NearBook,,15 sample questions papers,,0,INR 100,https://nearbook.app/book/3918873,2026-05-03T22:55:26.693913,
India,NearBook,,MULBERRY English Course,"Anahita Lee
Ashima Bath",0,INR 300,https://nearbook.app/book/3918872,2026-05-03T22:55:26.969272,
India,NearBook,,computer application practical,,0,INR 80,https://nearbook.app/book/3918871,2026-05-03T22:55:27.340561,
India,NearBook,,মাধ্যমিক নির্বাচন পরীক্ষার প্রশ্নপত্র সংকলন ২০২৫ --২৬,,0,INR 200,https://nearbook.app/book/3918870,2026-05-03T22:55:27.648095,
India,NearBook,,Sanjiv refresher (Hindi),Sanjiv publishing,0,INR 200,https://nearbook.app/book/3918869,2026-05-03T22:55:29.286153,
India,NearBook,,প্রিয় মাহাদ,hardcover and have a author s signature,0,INR 450,https://nearbook.app/book/3918867,2026-05-03T22:55:29.593238,
India,NearBook,,supplementary,,0,INR 60,https://nearbook.app/book/3918866,2026-05-03T22:55:29.880647,
India,NearBook,,engineering physics-II practical,,0,INR 60,https://nearbook.app/book/3918865,2026-05-03T22:55:30.162566,
India,NearBook,,gala assignment 12th commerce,,0,INR 280,https://nearbook.app/book/3918864,2026-05-03T22:55:30.617364,
India,NearBook,,night time fairytale,,0,INR 100,https://nearbook.app/book/3918863,2026-05-03T22:55:30.924667,
India,NearBook,,"MATHEMATICS 
STANDARD 
SELF-STUDY","CBSE Official 
EVEN GREEN",0,INR 250,https://nearbook.app/book/3918862,2026-05-03T22:55:31.231780,
India,NearBook,,science textbook,,0,INR 0,https://nearbook.app/book/3918860,2026-05-03T22:55:31.538929,
India,NearBook,,Sanjiv refresher (Science),Sanjiv publishing,0,INR 200,https://nearbook.app/book/3918859,2026-05-03T22:55:31.813336,
India,NearBook,,let's learn English,"shikha sharma, arun sharma
arun sharma",0,INR 400,https://nearbook.app/book/3918858,2026-05-03T22:55:32.153405,
India,NearBook,,madhyamik test paper 2026,,0,INR 100,https://nearbook.app/book/3918857,2026-05-03T22:55:32.428130,
India,NearBook,,science textbook,,0,INR 0,https://nearbook.app/book/3918856,2026-05-03T22:55:32.704228,
India,NearBook,,political,,0,INR 60,https://nearbook.app/book/3918855,2026-05-03T22:55:34.303634,
India,NearBook,,chemistry,,0,INR 800,https://nearbook.app/book/3918854,2026-05-03T22:55:34.611072,
India,NearBook,,sahitya Sagar,,0,INR 200,https://nearbook.app/book/3918853,2026-05-03T22:55:34.918103,
India,NearBook,,Science textbook,NCERT,0,INR 80,https://nearbook.app/book/3918852,2026-05-03T22:55:35.192572,
India,NearBook,,Secretarial Practice,,0,INR 80,https://nearbook.app/book/3918851,2026-05-03T22:55:35.466746,
India,NearBook,,robotics,,0,INR 350,https://nearbook.app/book/3918850,2026-05-03T22:55:35.741728,
India,NearBook,,ganita Prakash test book of mathematics,,0,INR 0,https://nearbook.app/book/3918849,2026-05-03T22:55:36.016319,
India,NearBook,,121 science experiment,,0,INR 100,https://nearbook.app/book/3918848,2026-05-03T22:55:36.351799,
India,NearBook,,ogatuu,narayana aiyangr,0,INR 90,https://nearbook.app/book/3918847,2026-05-03T22:55:36.626253,
India,NearBook,,Sanjiv refresher (Social science),Sanjiv book publishing,0,INR 200,https://nearbook.app/book/3918846,2026-05-03T22:55:36.966580,
India,NearBook,,history,,0,INR 65,https://nearbook.app/book/3918845,2026-05-03T22:55:37.244440,
India,NearBook,,engineering chemistry-II practical,,0,INR 60,https://nearbook.app/book/3918844,2026-05-03T22:55:37.517549,
India,NearBook,,robotics,,0,INR 350,https://nearbook.app/book/3918843,2026-05-03T22:55:39.116891,
India,NearBook,,political,,0,INR 75,https://nearbook.app/book/3918842,2026-05-03T22:55:39.424244,
India,NearBook,,I don't love you anymore,rithvik singh,0,INR 270,https://nearbook.app/book/3918841,2026-05-03T22:55:39.731646,
India,NearBook,,total English,,0,INR 200,https://nearbook.app/book/3918840,2026-05-03T22:55:40.007618,
India,NearBook,,political,,0,INR 75,https://nearbook.app/book/3918839,2026-05-03T22:55:40.346030,
India,NearBook,,new technologies cars,Elizabeth,0,INR 10,https://nearbook.app/book/3918838,2026-05-03T22:55:40.621672,
India,NearBook,,geography,,0,INR 35,https://nearbook.app/book/3918837,2026-05-03T22:55:40.904808,
India,NearBook,,"PROBLEMS ON PHYSICS , SS KROTOV
CONDITION  :- BRAND NEW",,0,INR 90,https://nearbook.app/book/3918836,2026-05-03T22:55:41.181700,
India,NearBook,,engineering graphic-II,,0,INR 60,https://nearbook.app/book/3918835,2026-05-03T22:55:41.472167,
India,NearBook,,Nature scape,Anjali Kumar,0,INR 365,https://nearbook.app/book/3918834,2026-05-03T22:55:41.746153,
India,NearBook,,ARTS MODEL PAPER,,0,INR 300,https://nearbook.app/book/3918833,2026-05-03T22:55:42.021205,
India,NearBook,,mathematics,moradabad RBA children Academy school ke samne,0,INR 350,https://nearbook.app/book/3918832,2026-05-03T22:55:42.495894,
India,NearBook,,economic,,0,INR 35,https://nearbook.app/book/3918831,2026-05-03T22:55:44.123942,
India,NearBook,,Sanskrit path pustika,,0,INR 80,https://nearbook.app/book/3918830,2026-05-03T22:55:44.404439,
India,NearBook,,Red rose,ফারহানা নিঝুম,0,INR 450,https://nearbook.app/book/3918828,2026-05-03T22:55:44.680266,
India,NearBook,,Mathematics-I,Ankush Pawar,0,INR 170,https://nearbook.app/book/3918827,2026-05-03T22:55:44.954095,
India,NearBook,,engineering graphic-I,,0,INR 60,https://nearbook.app/book/3918826,2026-05-03T22:55:45.228149,
India,NearBook,,Red rose,ফারহানা নিঝুম,0,INR 450,https://nearbook.app/book/3918825,2026-05-03T22:55:45.567994,
India,NearBook,,10 class telugu guide,"kadiri police line 
kadiri police line",0,INR 300,https://nearbook.app/book/3918824,2026-05-03T22:55:45.878276,
India,NearBook,,history,,0,INR 60,https://nearbook.app/book/3918823,2026-05-03T22:55:46.170314,
India,NearBook,,self study in history and civics,,0,INR 200,https://nearbook.app/book/3918822,2026-05-03T22:55:46.489955,
India,NearBook,,history,,0,INR 60,https://nearbook.app/book/3918821,2026-05-03T22:55:46.768097,
India,NearBook,,"AFM
ADVANCED FINANCIAL MANAGEMENT",,0,INR 300,https://nearbook.app/book/3918820,2026-05-03T22:55:47.042389,
India,NearBook,,classmate graph book,subhash,0,INR 38,https://nearbook.app/book/3918819,2026-05-03T22:55:47.316749,
India,NearBook,,PW lakshay class 12th mathematics modules for jee main and advanced with solutions combo set of 5 modules,,0,INR 1000,https://nearbook.app/book/3918818,2026-05-03T22:55:48.896535,
India,NearBook,,SOLVED NCERT EXEMPLAR 11TH BIOLOGY,,0,INR 150,https://nearbook.app/book/3918817,2026-05-03T22:55:49.171991,
India,NearBook,,English Book  Frictional,CBSE Official,0,INR 250,https://nearbook.app/book/3918816,2026-05-03T22:55:49.459343,
India,NearBook,,statistics navneet,,0,INR 150,https://nearbook.app/book/3918815,2026-05-03T22:55:49.734817,
India,NearBook,,"DIFFERENTIAL AND INTEGRAL CALCULUS FOR JEE MAINS & ADVANCED, AMIT M AGARWAL",,0,INR 500,https://nearbook.app/book/3918814,2026-05-03T22:55:50.016819,
India,NearBook,,Kotuk app book,Suryanath Singh,0,INR 60,https://nearbook.app/book/3918813,2026-05-03T22:55:50.292486,
India,NearBook,,sanskriti,,0,INR 40,https://nearbook.app/book/3918812,2026-05-03T22:55:50.567751,
India,NearBook,,physics,,0,INR 175,https://nearbook.app/book/3918811,2026-05-03T22:55:50.902670,
India,NearBook,,Science Textbook (Student Advisor (short theory),Mr Sunil kushwaha,0,INR 200,https://nearbook.app/book/3918810,2026-05-03T22:55:51.199909,
India,NearBook,,ARIHANT PYQ+CBQ[new],,0,INR 150,https://nearbook.app/book/3918808,2026-05-03T22:55:51.512638,
India,NearBook,,sanskriti,,0,INR 40,https://nearbook.app/book/3918807,2026-05-03T22:55:51.799779,
India,NearBook,,BIOLOGY PAPER WITH SOLUTION [UTTAMS],,0,INR 200,https://nearbook.app/book/3918806,2026-05-03T22:55:52.123476,
India,NearBook,,engineering drawing,,0,INR 80,https://nearbook.app/book/3918805,2026-05-03T22:55:53.738652,
India,NearBook,,kannada guide,,0,INR 95,https://nearbook.app/book/3918803,2026-05-03T22:55:54.014482,
India,NearBook,,Mathematics Part -1,,0,INR 0,https://nearbook.app/book/3918802,2026-05-03T22:55:54.304060,
India,NearBook,,hindi part 1,,0,INR 50,https://nearbook.app/book/3918801,2026-05-03T22:55:54.578633,
India,NearBook,,NCERT MATHEMATICS TEXTBOOK,,0,INR 150,https://nearbook.app/book/3918800,2026-05-03T22:55:54.852543,
India,NearBook,,allinone,,0,INR 350,https://nearbook.app/book/3918799,2026-05-03T22:55:55.194094,
India,NearBook,,all subjects,,0,INR 200,https://nearbook.app/book/3918798,2026-05-03T22:55:55.471951,
India,NearBook,,concise biology,,0,INR 200,https://nearbook.app/book/3918797,2026-05-03T22:55:55.808215,
India,NearBook,,CHEMISTRY PAPER WITH SOLUTION [UTTAMS],,0,INR 200,https://nearbook.app/book/3918796,2026-05-03T22:55:56.115567,
India,NearBook,,engineering chemistry-II,,0,INR 50,https://nearbook.app/book/3918795,2026-05-03T22:55:56.391516,
India,NearBook,,ENGLISH Practice PAPER,CBSE Official,0,INR 350,https://nearbook.app/book/3918794,2026-05-03T22:55:56.735503,
India,NearBook,,shitij,,0,INR 150,https://nearbook.app/book/3918793,2026-05-03T22:55:57.013660,
India,NearBook,,moments english,,0,INR 0,https://nearbook.app/book/3918792,2026-05-03T22:55:58.675375,
India,NearBook,,"SK GOYAL ALGEBRA FOR JEE MAINS & ADVANCED
CONDITION :- BRAND NEW",,0,INR 350,https://nearbook.app/book/3918791,2026-05-03T22:55:58.950485,
India,NearBook,,physics part 2 textbook,,0,INR 120,https://nearbook.app/book/3918790,2026-05-03T22:55:59.289885,
India,NearBook,,Discrete Mathematics and its application,,0,INR 1000,https://nearbook.app/book/3918789,2026-05-03T22:55:59.564317,
India,NearBook,,ml aggarwal,,0,INR 300,https://nearbook.app/book/3918788,2026-05-03T22:55:59.911356,
India,NearBook,,neladapada,"chandarashekar 
chandrashekar",0,INR 90,https://nearbook.app/book/3918787,2026-05-03T22:56:00.200185,
India,NearBook,,ENGLISH TEXTBOOK,,0,INR 50,https://nearbook.app/book/3918786,2026-05-03T22:56:01.314277,
India,NearBook,,RD sharma [MCQ] [newcondition],,0,INR 100,https://nearbook.app/book/3918785,2026-05-03T22:56:01.595552,
India,NearBook,,PHYSICS PAPER WITH SOLUTION [UTTAMS],,0,INR 200,https://nearbook.app/book/3918784,2026-05-03T22:56:01.952282,
India,NearBook,,engineering physics-I I,,0,INR 70,https://nearbook.app/book/3918783,2026-05-03T22:56:02.235884,
India,NearBook,,mathematics,,0,INR 150,https://nearbook.app/book/3918782,2026-05-03T22:56:02.554402,
India,NearBook,,beehive english,,0,INR 0,https://nearbook.app/book/3918781,2026-05-03T22:56:02.835133,
India,NearBook,,beehive,,0,INR 70,https://nearbook.app/book/3918779,2026-05-03T22:56:04.513037,
India,NearBook,,Kotak app book,Suryanath Singh,0,INR 80,https://nearbook.app/book/3918778,2026-05-03T22:56:04.791736,
India,NearBook,,ENGLISH WORKBOOK,,0,INR 50,https://nearbook.app/book/3918777,2026-05-03T22:56:05.066367,
India,NearBook,,PW lakshay jee class12th physics module for jee main and advanced with solutions combo set of 5 modules,,0,INR 1000,https://nearbook.app/book/3918776,2026-05-03T22:56:05.341164,
India,NearBook,,RD sharma mathematics text book of class 10 only mcq and case based questions 2027,,0,INR 200,https://nearbook.app/book/3918775,2026-05-03T22:56:05.639012,
India,NearBook,,saras Hindi,,0,INR 200,https://nearbook.app/book/3918774,2026-05-03T22:56:05.915252,
India,NearBook,,first flight,,0,INR 60,https://nearbook.app/book/3918773,2026-05-03T22:56:06.257791,
India,NearBook,,NCERT PHYSICS -2,,0,INR 70,https://nearbook.app/book/3918772,2026-05-03T22:56:06.540220,
India,NearBook,,engineering mathematics-I,,0,INR 80,https://nearbook.app/book/3918771,2026-05-03T22:56:06.823697,
India,NearBook,,cyber quest(computer) class.8,,0,INR 30,https://nearbook.app/book/3918770,2026-05-03T22:56:07.176259,
India,NearBook,,"SL ARORA CLASS 11TH , PHYSICS, SET OF 2 BOOKS
CONDITION :- BRAND NEW
EDITION :-2023",,0,INR 1200,https://nearbook.app/book/3918769,2026-05-03T22:56:07.452599,
India,NearBook,,pariksha adhyayan maths,,0,INR 65,https://nearbook.app/book/3918768,2026-05-03T22:56:07.738300,
India,NearBook,,pariksha adhyayan maths,,0,INR 65,https://nearbook.app/book/3918768,2026-05-03T22:56:09.396665,
India,NearBook,,which vitamin do you really need,Celine Dion,0,INR 20,https://nearbook.app/book/3918766,2026-05-03T22:56:09.684210,
India,NearBook,,Grammar,moradabad RBA children Academy  school ke samne,0,INR 200,https://nearbook.app/book/3918765,2026-05-03T22:56:10.041769,
India,NearBook,,chemistry part 2 text book,,0,INR 95,https://nearbook.app/book/3918764,2026-05-03T22:56:10.324693,
India,NearBook,,Julius Caesar,,0,INR 200,https://nearbook.app/book/3918763,2026-05-03T22:56:10.656077,
India,NearBook,,NCERT PHYSICS -1,,0,INR 90,https://nearbook.app/book/3918762,2026-05-03T22:56:10.965876,
India,NearBook,,history of the punjab,,0,INR 700,https://nearbook.app/book/3918761,2026-05-03T22:56:11.270566,
India,NearBook,,engineering physics-I,,0,INR 60,https://nearbook.app/book/3918760,2026-05-03T22:56:11.547423,
India,NearBook,,Grammar,moradabad RBA children Academy  school ke samne,0,INR 250,https://nearbook.app/book/3918758,2026-05-03T22:56:11.886954,
India,NearBook,,English and Grammar,NCERT,0,INR 140,https://nearbook.app/book/3918757,2026-05-03T22:56:12.192171,
India,NearBook,,pariksha adhyayan sanskriti,,0,INR 60,https://nearbook.app/book/3918756,2026-05-03T22:56:12.468669,
India,NearBook,,RD sharma,DR. RD sharma,0,INR 250,https://nearbook.app/book/3918755,2026-05-03T22:56:12.750262,
India,NearBook,,communication skills practical,,0,INR 50,https://nearbook.app/book/3918752,2026-05-03T22:56:14.447575,
India,NearBook,,total English,,0,INR 200,https://nearbook.app/book/3918751,2026-05-03T22:56:14.725614,
India,NearBook,,English grammer (Student Advisor),Mr Viveknand,0,INR 120,https://nearbook.app/book/3918750,2026-05-03T22:56:15.004399,
India,NearBook,,"ENGLISH YUVAKBHARTI  
Textbook",,0,INR 90,https://nearbook.app/book/3918749,2026-05-03T22:56:15.282425,
India,NearBook,,PHYICS GALAXY JEE ADVANCED,,0,INR 300,https://nearbook.app/book/3918748,2026-05-03T22:56:15.563307,
India,NearBook,,shiritij,,0,INR 50,https://nearbook.app/book/3918747,2026-05-03T22:56:15.841641,
India,NearBook,,chemistry part 1textbook,,0,INR 155,https://nearbook.app/book/3918746,2026-05-03T22:56:16.185934,
India,NearBook,,RD SHARMA MATHEMATICS,RD,0,INR 200,https://nearbook.app/book/3918745,2026-05-03T22:56:16.463006,
India,NearBook,,treasure chest work book,,0,INR 150,https://nearbook.app/book/3918744,2026-05-03T22:56:16.744154,
India,NearBook,,engineering chemistry-I practical,,0,INR 40,https://nearbook.app/book/3918743,2026-05-03T22:56:17.019525,
India,NearBook,,THE ORIGIN OF SPECIES,,0,INR 450,https://nearbook.app/book/3918742,2026-05-03T22:56:17.295760,
India,NearBook,,Hindi and vyakaran,Krishna Bhakt Sharma,0,INR 125,https://nearbook.app/book/3918741,2026-05-03T22:56:17.575345,
India,NearBook,,science pariksha adhyayan,,0,INR 50,https://nearbook.app/book/3918740,2026-05-03T22:56:19.227796,
India,NearBook,,"English YUVAKBHARTI 
Navneet Digest",,0,INR 200,https://nearbook.app/book/3918739,2026-05-03T22:56:19.504163,
India,NearBook,,NCERT CHEMISTRY -2,,0,INR 80,https://nearbook.app/book/3918738,2026-05-03T22:56:19.779847,
India,NearBook,,health,"bruse willis
bruse willis",0,INR 10,https://nearbook.app/book/3918737,2026-05-03T22:56:20.056921,
India,NearBook,,engineering physics-I practical,,0,INR 40,https://nearbook.app/book/3918736,2026-05-03T22:56:20.333602,
India,NearBook,,"MODERN ABC (CLASS 11TH CHEMISTRY), SET OF 2 BOOKS
CONDITION:- BRAND NEW",,0,INR 1200,https://nearbook.app/book/3918735,2026-05-03T22:56:20.699138,
India,NearBook,,kiritika,kiritika,0,INR 50,https://nearbook.app/book/3918734,2026-05-03T22:56:20.976346,
India,NearBook,,physical education,,0,INR 200,https://nearbook.app/book/3918733,2026-05-03T22:56:21.311275,
India,NearBook,,English yuvakharati,Harsh,0,INR 120,https://nearbook.app/book/3918731,2026-05-03T22:56:21.613210,
India,NearBook,,so.science,vaishnavi,0,INR 70,https://nearbook.app/book/3918729,2026-05-03T22:56:21.888737,
India,NearBook,,best question bank for amu jmi and bhu 11 entrance examination for all streams 2027,,0,INR 699,https://nearbook.app/book/3918728,2026-05-03T22:56:22.228057,
India,NearBook,,NCERT CHEMISTRY -1,,0,INR 120,https://nearbook.app/book/3918727,2026-05-03T22:56:22.505711,
India,NearBook,,Hindi Navneet,Sheikh Sabir,0,INR 100,https://nearbook.app/book/3918726,2026-05-03T22:56:24.110344,
India,NearBook,,English (literature) Student advisor,Mr Viveknand.,0,INR 100,https://nearbook.app/book/3918724,2026-05-03T22:56:24.386843,
India,NearBook,,concise chemistry,,0,INR 150,https://nearbook.app/book/3918723,2026-05-03T22:56:24.685189,
India,NearBook,,physics [new condition],Lakhmir singh,0,INR 200,https://nearbook.app/book/3918722,2026-05-03T22:56:24.993527,
India,NearBook,,snaskrat,rathod rudra,0,INR 20,https://nearbook.app/book/3918721,2026-05-03T22:56:25.272386,
India,NearBook,,communicative english-I,,0,INR 100,https://nearbook.app/book/3918720,2026-05-03T22:56:25.607222,
India,NearBook,,snaskrat,rathod rudra,0,INR 20,https://nearbook.app/book/3918719,2026-05-03T22:56:25.913584,
India,NearBook,,geography,yash pal Singh,0,INR 250,https://nearbook.app/book/3918718,2026-05-03T22:56:26.221881,
India,NearBook,,Class 12 Maths RS Agarwal,,0,INR 500,https://nearbook.app/book/3918716,2026-05-03T22:56:26.630762,
India,NearBook,,"best module for amu jmi and bhu 11 science entrance examination 2027 
subject. GK English and Indo islamic",,0,INR 799,https://nearbook.app/book/3918715,2026-05-03T22:56:26.938588,
India,NearBook,,PHYSICAL EDUCATION CLASS 12TH (SOLUTION BOOK INCLUDED),,0,INR 250,https://nearbook.app/book/3918714,2026-05-03T22:56:27.216080,
India,NearBook,,engineering chemistry-I,,0,INR 70,https://nearbook.app/book/3918713,2026-05-03T22:56:27.552340,
India,NearBook,,12NCERT BIOLOGY,,0,INR 70,https://nearbook.app/book/3918710,2026-05-03T22:56:29.144779,
India,NearBook,,English supplementary,vaishnavi,0,INR 30,https://nearbook.app/book/3918709,2026-05-03T22:56:29.498829,
India,NearBook,,LAB MANUAL CLASS IX,,0,INR 100,https://nearbook.app/book/3918708,2026-05-03T22:56:29.775683,
India,NearBook,,math,,0,INR 200,https://nearbook.app/book/3918707,2026-05-03T22:56:30.214811,
India,NearBook,,Hindi grammer (Student advisor),Mr Mahesh Sharma,0,INR 120,https://nearbook.app/book/3918706,2026-05-03T22:56:30.492761,
India,NearBook,,PW 7 Years PYQ Book Physics,,0,INR 250,https://nearbook.app/book/3918705,2026-05-03T22:56:30.773308,
India,NearBook,,ruchira,ruchira sanskrit,0,INR 65,https://nearbook.app/book/3918704,2026-05-03T22:56:31.136787,
India,NearBook,,frark economics,,0,INR 400,https://nearbook.app/book/3918703,2026-05-03T22:56:31.443579,
India,NearBook,,PHYSICAL EDUCATION CLASS 12TH,,0,INR 250,https://nearbook.app/book/3918702,2026-05-03T22:56:31.720585,
India,NearBook,,PW lakshya jee class 12th chemistry modules for jee main and advance with solutions combo set of 5 modules,,0,INR 1000,https://nearbook.app/book/3918701,2026-05-03T22:56:32.041404,
India,NearBook,,Grammar galaxy,ms surabhi dua,0,INR 500,https://nearbook.app/book/3918700,2026-05-03T22:56:32.319314,
India,NearBook,,PW 7 Years PYQ Book Chemistry,,0,INR 300,https://nearbook.app/book/3918699,2026-05-03T22:56:32.625034,
India,NearBook,,India and the contemporary world -1,Moradabad RBA children Academy ke school samne,0,INR 100,https://nearbook.app/book/3918698,2026-05-03T22:56:34.281189,
India,NearBook,,best books for amu jmi and bhu 11 science entrance examination 2027,,0,INR 499,https://nearbook.app/book/3918697,2026-05-03T22:56:34.559578,
India,NearBook,,kratika hindi part 1,vaishnavi,0,INR 30,https://nearbook.app/book/3918696,2026-05-03T22:56:34.930614,
India,NearBook,,PW 7 Years Jee Mains PYQ Maths,,0,INR 300,https://nearbook.app/book/3918695,2026-05-03T22:56:35.233051,
India,NearBook,,ALLEN Officia Chemestry Book,ALLEN OFFICIAL BOOK,0,INR 150,https://nearbook.app/book/3918694,2026-05-03T22:56:35.539641,
India,NearBook,,together with science,,0,INR 300,https://nearbook.app/book/3918693,2026-05-03T22:56:35.826226,
India,NearBook,,sanskrit,,0,INR 90,https://nearbook.app/book/3918692,2026-05-03T22:56:36.256487,
India,NearBook,,communicative english-II,,0,INR 120,https://nearbook.app/book/3918691,2026-05-03T22:56:36.563829,
India,NearBook,,National Geography kids,,0,INR 200,https://nearbook.app/book/3918690,2026-05-03T22:56:36.841066,
India,NearBook,,Best module of biology for amu jmi and bhu 11 entrance examination 2027,,0,INR 499,https://nearbook.app/book/3918689,2026-05-03T22:56:37.178196,
India,NearBook,,English Footprint without feet,,0,INR 60,https://nearbook.app/book/3918688,2026-05-03T22:56:37.454737,
India,NearBook,,treasure chest,,0,INR 10,https://nearbook.app/book/3918687,2026-05-03T22:56:37.792688,
India,NearBook,,physical education,,0,INR 250-300,https://nearbook.app/book/3918686,2026-05-03T22:56:39.434007,
India,NearBook,,Urdu riazi 1,,0,INR 100,https://nearbook.app/book/3918684,2026-05-03T22:56:39.711138,
India,NearBook,,Social Spectrum - Alpha,,0,INR 200,https://nearbook.app/book/3918683,2026-05-03T22:56:40.660879,
India,NearBook,,National Geography,,0,INR 150,https://nearbook.app/book/3918682,2026-05-03T22:56:40.967068,
India,NearBook,,engineering graphic practical,,0,INR 150,https://nearbook.app/book/3918681,2026-05-03T22:56:41.252793,
India,NearBook,,hindi ( shitij ),,0,INR 90,https://nearbook.app/book/3918680,2026-05-03T22:56:41.582763,
India,NearBook,,SUPER SIMPLIFIED BIOLOGY CLASS 10TH,,0,INR 200,https://nearbook.app/book/3918679,2026-05-03T22:56:41.894747,
India,NearBook,,sahitya sagar,,0,INR 5,https://nearbook.app/book/3918678,2026-05-03T22:56:42.182399,
India,NearBook,,Social Spectrum,,0,INR 200,https://nearbook.app/book/3918677,2026-05-03T22:56:42.504091,
India,NearBook,,Maths 1,maths,0,INR 30,https://nearbook.app/book/3918676,2026-05-03T22:56:42.791062,
India,NearBook,,grammar,Preeti sharma,0,INR 120,https://nearbook.app/book/3918675,2026-05-03T22:56:43.117679,
India,NearBook,,isc commerce,,0,INR 500,https://nearbook.app/book/3918674,2026-05-03T22:56:43.424624,
India,NearBook,,physical science,,0,INR 100,https://nearbook.app/book/3918673,2026-05-03T22:56:45.045902,
India,NearBook,,ekanki sanchay,,0,INR 5,https://nearbook.app/book/3918672,2026-05-03T22:56:45.331162,
India,NearBook,,"practical 
physical education",,0,INR 150,https://nearbook.app/book/3918671,2026-05-03T22:56:45.677466,
India,NearBook,,an alien hand,,0,INR 20,https://nearbook.app/book/3918670,2026-05-03T22:56:45.961875,
India,NearBook,,CBSE question bank Science,Oswaal books,0,INR 599,https://nearbook.app/book/3918669,2026-05-03T22:56:46.292718,
India,NearBook,,Arthshastri,,0,INR 49,https://nearbook.app/book/3918668,2026-05-03T22:56:46.585732,
India,NearBook,,engineering mathematics-II,,0,INR 120,https://nearbook.app/book/3918667,2026-05-03T22:56:46.870625,
India,NearBook,,CBSE English,Oswaal books,0,INR 799,https://nearbook.app/book/3918666,2026-05-03T22:56:47.213541,
India,NearBook,,Best Module for mathematics  3000+mcq for Amu/JMI/BHU 11 entrance 2027,R and D department,0,INR 999,https://nearbook.app/book/3918664,2026-05-03T22:56:47.496838,
India,NearBook,,robot windows 10 and MS office 2013,,0,INR 100,https://nearbook.app/book/3918663,2026-05-03T22:56:47.784502,
India,NearBook,,ICSE class 10th 10 years,"Oswaal books
oswaal book",0,INR 400,https://nearbook.app/book/3918662,2026-05-03T22:56:48.070190,
India,NearBook,,total English,Xavier pinto,0,INR 300,https://nearbook.app/book/3918661,2026-05-03T22:56:48.442728,
India,NearBook,,computer science with also practical book,sumita arora,0,INR 599,https://nearbook.app/book/3918660,2026-05-03T22:56:50.080839,
India,NearBook,,Bharat aur Samkalin Vishva 1 History  Book,,0,INR 90,https://nearbook.app/book/3918659,2026-05-03T22:56:50.368663,
India,NearBook,,MTG CBSE Maths (chapterwise & topicwise ),,0,INR 495,https://nearbook.app/book/3918658,2026-05-03T22:56:50.696882,
India,NearBook,,"number 
players",,0,INR 150,https://nearbook.app/book/3918657,2026-05-03T22:56:51.002396,
India,NearBook,,Excellent class 10 (English),Mr.Viveknand,0,INR 250,https://nearbook.app/book/3918656,2026-05-03T22:56:51.286355,
India,NearBook,,Physics NCERT Textbook,DINESH,0,INR 120,https://nearbook.app/book/3918655,2026-05-03T22:56:51.570760,
India,NearBook,,General English and Grammar,"Anand Prakash Tank and
Anand Prakash",0,INR 150,https://nearbook.app/book/3918654,2026-05-03T22:56:51.923912,
India,NearBook,,"number 
players",,0,INR 150,https://nearbook.app/book/3918653,2026-05-03T22:56:52.231065,
India,NearBook,,Mathematics part 2,,0,INR 150,https://nearbook.app/book/3918652,2026-05-03T22:56:52.518362,
India,NearBook,,General Encyclopedia -Book 5,,0,INR 360,https://nearbook.app/book/3918651,2026-05-03T22:56:52.845584,
India,NearBook,,ROLLINS ENGLISH GRAMMAR,,0,INR 150,https://nearbook.app/book/3918650,2026-05-03T22:56:53.152821,
India,NearBook,,isc 12 vayakaran,,0,INR 200,https://nearbook.app/book/3918649,2026-05-03T22:56:53.459842,
India,NearBook,,icon 10,,0,INR 100,https://nearbook.app/book/3918648,2026-05-03T22:56:55.054972,
India,NearBook,,"OSWALL CLAS 12TH QUESTION BANK (PHYSICS& CHEMISTRY)
EDITION :- 2024",,0,INR 400,https://nearbook.app/book/3918647,2026-05-03T22:56:55.351187,
India,NearBook,,General Encyclopedia -Book 4,,0,INR 360,https://nearbook.app/book/3918646,2026-05-03T22:56:55.636077,
India,NearBook,,MATHEMATICS,R.D. Sharma,0,INR 400,https://nearbook.app/book/3918645,2026-05-03T22:56:56.021937,
India,NearBook,,MISSION NDA,,0,INR 1000,https://nearbook.app/book/3918644,2026-05-03T22:56:56.307120,
India,NearBook,,Accounts Smart notes,,0,INR 350,https://nearbook.app/book/3918643,2026-05-03T22:56:56.634464,
India,NearBook,,Statistics for Economics (T.R. Jain V.K Ohri),Vishal Prajapat,0,INR 430,https://nearbook.app/book/3918641,2026-05-03T22:56:56.949906,
India,NearBook,,social science social and political life text book,,0,INR 10,https://nearbook.app/book/3918640,2026-05-03T22:56:57.248756,
India,NearBook,,R.D. Sharma class 10 [CBSE] New edition,R.D. Sharma,0,INR 450,https://nearbook.app/book/3918639,2026-05-03T22:56:57.532357,
India,NearBook,,CBSE Science ( chapterwise question bank ),,0,INR 695,https://nearbook.app/book/3918638,2026-05-03T22:56:57.863163,
India,NearBook,,General Encyclopedia -Book 2,,0,INR 360,https://nearbook.app/book/3918637,2026-05-03T22:56:58.147155,
India,NearBook,,Hindi textbook 10th class,,0,INR 40,https://nearbook.app/book/3918636,2026-05-03T22:56:58.447237,
India,NearBook,,Hindi textbook 10th class,,0,INR 40,https://nearbook.app/book/3918636,2026-05-03T22:57:00.055287,
India,NearBook,,advance GK,,0,INR 100,https://nearbook.app/book/3918635,2026-05-03T22:57:00.425121,
India,NearBook,,Books keeping and accountancy,,0,INR 300,https://nearbook.app/book/3918634,2026-05-03T22:57:00.712305,
India,NearBook,,tamil language practice,,0,INR 50,https://nearbook.app/book/3918633,2026-05-03T22:57:01.037948,
India,NearBook,,principal and practice of accounting module 1 of 2 and 2 of 2,,0,INR 600,https://nearbook.app/book/3918632,2026-05-03T22:57:01.344795,
India,NearBook,,English,tulsi,0,INR 50,https://nearbook.app/book/3918631,2026-05-03T22:57:01.628554,
India,NearBook,,mathematics semester 2 10th class test book,,0,INR 50,https://nearbook.app/book/3918629,2026-05-03T22:57:01.959910,
India,NearBook,,CBSE question bank Mathematics,Oswaal books,0,INR 599,https://nearbook.app/book/3918628,2026-05-03T22:57:02.246359,
India,NearBook,,GREATEST RUSSIAN STORIES,,0,INR 200,https://nearbook.app/book/3918627,2026-05-03T22:57:02.531090,
India,NearBook,,Sarthak Hindi vyakaran,,0,INR 300,https://nearbook.app/book/3918626,2026-05-03T22:57:02.880823,
India,NearBook,,account,,0,INR 150,https://nearbook.app/book/3918625,2026-05-03T22:57:03.164774,
India,NearBook,,Fundamental of physical geography,,0,INR 150,https://nearbook.app/book/3918624,2026-05-03T22:57:03.496442,
India,NearBook,,Organization of commerce and management,,0,INR 150,https://nearbook.app/book/3918623,2026-05-03T22:57:05.214331,
India,NearBook,,a pact  with the sun,,0,INR 15,https://nearbook.app/book/3918622,2026-05-03T22:57:05.543640,
India,NearBook,,ganit kaksha 10,धर्मेन्द्र विश्नोई एम०एस-सी०,0,INR 100,https://nearbook.app/book/3918621,2026-05-03T22:57:05.833407,
India,NearBook,,BALAI,physical chemistry,0,INR 700,https://nearbook.app/book/3918620,2026-05-03T22:57:06.158227,
India,NearBook,,social science work book  english,,0,INR 190,https://nearbook.app/book/3918619,2026-05-03T22:57:06.465322,
India,NearBook,,Economics ( hindi medium ),,0,INR 120,https://nearbook.app/book/3918618,2026-05-03T22:57:06.749140,
India,NearBook,,together with science practical subject enrichment activity,,0,INR 150,https://nearbook.app/book/3918617,2026-05-03T22:57:07.079358,
India,NearBook,,Mathematics 10th class volume 1,,0,INR 40,https://nearbook.app/book/3918616,2026-05-03T22:57:07.366246,
India,NearBook,,isc accountancy vol 2,dk goel,0,INR 350-400,https://nearbook.app/book/3918615,2026-05-03T22:57:07.693761,
India,NearBook,,विज्ञान,,0,INR 140,https://nearbook.app/book/3918614,2026-05-03T22:57:07.977657,
India,NearBook,,mastering grammar English a book of English grammar and composition,,0,INR 150,https://nearbook.app/book/3918613,2026-05-03T22:57:08.308177,
India,NearBook,,A TO Z PHYSICS NEET CLASS 12,,0,INR 450,https://nearbook.app/book/3918611,2026-05-03T22:57:08.615438,
India,NearBook,,All in one (geography)Arihant,,0,INR 380,https://nearbook.app/book/3918610,2026-05-03T22:57:10.230799,
India,NearBook,,Geography ( hindi medium ),,0,INR 120,https://nearbook.app/book/3918609,2026-05-03T22:57:10.514268,
India,NearBook,,THE TRUE GUIDE for amu 11 entrance 2027,DrParvez AlamDr bushra shafaat and Adv Dr parvez Alam,0,INR 259,https://nearbook.app/book/3918608,2026-05-03T22:57:10.802577,
India,NearBook,,tamil language practice,,0,INR 65,https://nearbook.app/book/3918607,2026-05-03T22:57:11.088599,
India,NearBook,,Biology activitys Record book,,0,INR 20,https://nearbook.app/book/3918605,2026-05-03T22:57:11.380740,
India,NearBook,,chemistry,tulsi,0,INR 100,https://nearbook.app/book/3918604,2026-05-03T22:57:11.687769,
India,NearBook,,english text book std 8,,0,INR 40,https://nearbook.app/book/3918603,2026-05-03T22:57:11.972811,
India,NearBook,,isc accountancy vol 1,dk goel,0,INR 350-400,https://nearbook.app/book/3918602,2026-05-03T22:57:12.256217,
India,NearBook,,science textbook,,0,INR 50,https://nearbook.app/book/3918601,2026-05-03T22:57:12.609293,
India,NearBook,,A TO Z CHEMISTRY NEET CLASS 12,,0,INR 370,https://nearbook.app/book/3918600,2026-05-03T22:57:12.896029,
India,NearBook,,UPGET,"Meenakshi Panwar
Meeenaksji Panwar",0,INR 350,https://nearbook.app/book/3918599,2026-05-03T22:57:13.223349,
India,NearBook,,Accountancy (Not for Profit organisation and Partnership Accounts,Vishal Prajapat,0,INR 80,https://nearbook.app/book/3918598,2026-05-03T22:57:13.523621,
India,NearBook,,All in one (political science)Arihant,,0,INR 400,https://nearbook.app/book/3918597,2026-05-03T22:57:15.169026,
India,NearBook,,GENERAL ENCYCLOPEDIA- Book 1,,0,INR 360,https://nearbook.app/book/3918596,2026-05-03T22:57:15.476205,
India,NearBook,,Allinone हिंदी 'अ' CBSE कक्षा 10,,0,INR 200,https://nearbook.app/book/3918594,2026-05-03T22:57:15.783614,
India,NearBook,,Focus-lN science,Priyanshu,0,INR 100,https://nearbook.app/book/3918593,2026-05-03T22:57:16.090716,
India,NearBook,,"SHIV DAS CLASS 10TH OAST 7 YERS BOARD PAPERS + SAMPLE PAPERS 
4 SUBJECTS SET :- SCIENCE ,MATHS, ENGLISH , SOCIAL SCIENCE",,0,INR 700,https://nearbook.app/book/3918592,2026-05-03T22:57:16.397853,
India,NearBook,,BIOLOGY BOOK,"Dr.P.S.Verma
Dr.V.K.Agarwal",0,INR 450,https://nearbook.app/book/3918591,2026-05-03T22:57:16.681928,
India,NearBook,,arihant ncert physics,,0,INR 120,https://nearbook.app/book/3918590,2026-05-03T22:57:16.968712,
India,NearBook,,Hindi volume 2 10th class,,0,INR 30,https://nearbook.app/book/3918589,2026-05-03T22:57:17.253394,
India,NearBook,,Physical education,"Prof. (dr.) D.P sharma 
Dr. Vijay kumar",0,INR 220,https://nearbook.app/book/3918588,2026-05-03T22:57:17.538491,
India,NearBook,,“Nawa-e-Urdu,,0,INR 150,https://nearbook.app/book/3918587,2026-05-03T22:57:17.824268,
India,NearBook,,History ( hindi medium ),,0,INR 120,https://nearbook.app/book/3918586,2026-05-03T22:57:18.138745,
India,NearBook,,together with science lab practical subject enrichment,science lab manual,0,INR 150,https://nearbook.app/book/3918585,2026-05-03T22:57:19.265231,
India,NearBook,,BIOLOGY JEEVITH PUBLICATION,,0,INR 80,https://nearbook.app/book/3918584,2026-05-03T22:57:20.876184,
India,NearBook,,together with science lab practical subject enrichment,science lab manual,0,INR 150,https://nearbook.app/book/3918583,2026-05-03T22:57:21.168432,
India,NearBook,,English,,0,INR 150,https://nearbook.app/book/3918582,2026-05-03T22:57:21.462240,
India,NearBook,,Physics,Er. Sunil Batra,0,INR 410,https://nearbook.app/book/3918581,2026-05-03T22:57:21.813174,
India,NearBook,,amjmasi,Rathod rudra,0,INR 50,https://nearbook.app/book/3918580,2026-05-03T22:57:22.132305,
India,NearBook,,English grammar,Tulsi,0,INR 80,https://nearbook.app/book/3918579,2026-05-03T22:57:22.424042,
India,NearBook,,Science for Tenth Class Part 1 PHYSICS,,0,INR 200,https://nearbook.app/book/3918578,2026-05-03T22:57:22.849360,
India,NearBook,,geography,,0,INR 30,https://nearbook.app/book/3918577,2026-05-03T22:57:23.156428,
India,NearBook,,RD sharma,,0,INR 595,https://nearbook.app/book/3918576,2026-05-03T22:57:23.463436,
India,NearBook,,A TO Z CHEMISTRY NEET,,0,INR 400,https://nearbook.app/book/3918575,2026-05-03T22:57:23.771485,
India,NearBook,,Information Technology,,0,INR 150,https://nearbook.app/book/3918574,2026-05-03T22:57:24.078235,
India,NearBook,,"Allinone
Science CBSE Class 10",,0,INR 200,https://nearbook.app/book/3918573,2026-05-03T22:57:24.385912,
India,NearBook,,Pol.Sci. ( hindi medium ),,0,INR 120,https://nearbook.app/book/3918572,2026-05-03T22:57:26.023971,
India,NearBook,,Educart one shot(science)[2025],Mr Prashant Kirad,0,INR 250,https://nearbook.app/book/3918571,2026-05-03T22:57:26.350623,
India,NearBook,,India physical environment (geography ),,0,INR 100,https://nearbook.app/book/3918570,2026-05-03T22:57:26.638231,
India,NearBook,,HC Verma Concept Of Physics Part 1 and 2,HC Verma,0,INR 600,https://nearbook.app/book/3918569,2026-05-03T22:57:26.925555,
India,NearBook,,"inspiring souls 
a book of moral values and life skills",value education,0,INR 100,https://nearbook.app/book/3918568,2026-05-03T22:57:27.252535,
India,NearBook,,Social Science and NCERT basic,Tulika Bhatnagar,0,INR 235,https://nearbook.app/book/3918566,2026-05-03T22:57:27.559579,
India,NearBook,,"inspiring souls 
a book of moral values and life skills",value education,0,INR 100,https://nearbook.app/book/3918565,2026-05-03T22:57:27.866970,
India,NearBook,,english grammar and composition,,0,INR 54,https://nearbook.app/book/3918564,2026-05-03T22:57:28.174005,
India,NearBook,,A TO Z PHYSICS NEET CLASS 11,,0,INR 400,https://nearbook.app/book/3918563,2026-05-03T22:57:28.481259,
India,NearBook,,"Bhartiya Bhavan bhugol Bhag 1 
director Bhai Suresh Prasad",ashish raza,0,INR 99,https://nearbook.app/book/3918562,2026-05-03T22:57:28.788459,
India,NearBook,,समकालीन,,0,INR 50,https://nearbook.app/book/3918560,2026-05-03T22:57:29.076766,
India,NearBook,,Kritika,,0,INR 25,https://nearbook.app/book/3918559,2026-05-03T22:57:29.403267,
India,NearBook,,history,,0,INR 40,https://nearbook.app/book/3918558,2026-05-03T22:57:31.041652,
India,NearBook,,Snapshot,,0,INR 70,https://nearbook.app/book/3918557,2026-05-03T22:57:31.349736,
India,NearBook,,english grammar and composition,,0,INR 59,https://nearbook.app/book/3918556,2026-05-03T22:57:31.638231,
India,NearBook,,science NCERT textbook,,0,INR 65,https://nearbook.app/book/3918555,2026-05-03T22:57:31.925136,
India,NearBook,,Marathi,,0,INR 50,https://nearbook.app/book/3918554,2026-05-03T22:57:32.270587,
India,NearBook,,macbeth text book,shakespeare,0,INR 200,https://nearbook.app/book/3918553,2026-05-03T22:57:32.582303,
India,NearBook,,PHYSICS PART 1,,0,INR 40,https://nearbook.app/book/3918552,2026-05-03T22:57:32.871111,
India,NearBook,,Dinesh new millennium physics,,0,INR 1500,https://nearbook.app/book/3918551,2026-05-03T22:57:33.158265,
India,NearBook,,Science Policy 2020 for Tenth Class Part 2 CHEMISTRY,lakhnir singh,0,INR 200,https://nearbook.app/book/3918550,2026-05-03T22:57:33.607715,
India,NearBook,,kshitiz,,0,INR 50,https://nearbook.app/book/3918549,2026-05-03T22:57:33.894214,
India,NearBook,,Hornbill,,0,INR 80,https://nearbook.app/book/3918548,2026-05-03T22:57:34.182530,
India,NearBook,,model paper (Target),Rehan Ansari,0,INR 150,https://nearbook.app/book/3918547,2026-05-03T22:57:34.522899,
India,NearBook,,Economic,,0,INR 70,https://nearbook.app/book/3918546,2026-05-03T22:57:36.122177,
India,NearBook,,भारत और समकालीन,,0,INR 115,https://nearbook.app/book/3918545,2026-05-03T22:57:36.468557,
India,NearBook,,together with science lab practical subject enrichment activities,science lab manual,0,INR 150,https://nearbook.app/book/3918544,2026-05-03T22:57:36.755803,
India,NearBook,,CHEMISTRY PART 2,,0,INR 40,https://nearbook.app/book/3918543,2026-05-03T22:57:37.186223,
India,NearBook,,chemistry companian part 2,,0,INR 500,https://nearbook.app/book/3918542,2026-05-03T22:57:37.492605,
India,NearBook,,all in one,,0,INR 100,https://nearbook.app/book/3918541,2026-05-03T22:57:37.799678,
India,NearBook,,CHEMISTRY NCERT Class 12th Part 1 & 2,,0,INR 160,https://nearbook.app/book/3918540,2026-05-03T22:57:38.106952,
India,NearBook,,Maths important concepts ( class 10th ),,0,INR 100,https://nearbook.app/book/3918539,2026-05-03T22:57:38.415613,
India,NearBook,,MACROECONOMICS,,0,INR 50,https://nearbook.app/book/3918538,2026-05-03T22:57:38.722209,
India,NearBook,,PW Lakshay JEE Module Class 12 Physics Chemistry And Maths,,0,INR 999,https://nearbook.app/book/3918537,2026-05-03T22:57:39.029400,
India,NearBook,,english grammar and composition,,0,INR 59,https://nearbook.app/book/3918535,2026-05-03T22:57:39.317736,
India,NearBook,,Beehive,,0,INR 50,https://nearbook.app/book/3918534,2026-05-03T22:57:39.605314,
India,NearBook,,Bhartiya Bhavan itihaas director by kameshwar Prasad,Ashish raza,0,INR 99,https://nearbook.app/book/3918533,2026-05-03T22:57:41.261329,
India,NearBook,,chemistry companian  part 1,,0,INR 500,https://nearbook.app/book/3918532,2026-05-03T22:57:41.588680,
India,NearBook,,विज्ञान,,0,INR 250,https://nearbook.app/book/3918531,2026-05-03T22:57:41.895710,
India,NearBook,,BIOLOGY NCERT,,0,INR 30,https://nearbook.app/book/3918530,2026-05-03T22:57:42.204402,
India,NearBook,,geography class 10,,0,INR 20,https://nearbook.app/book/3918529,2026-05-03T22:57:42.511037,
India,NearBook,,Oxford Connect with Science Biology class 7,Sangeeta Sinha,0,INR 200,https://nearbook.app/book/3918528,2026-05-03T22:57:42.797293,
India,NearBook,,general knowledge,,0,INR 200,https://nearbook.app/book/3918527,2026-05-03T22:57:43.124656,
India,NearBook,,Educart one shot question bank maths(standard)[2025],Mrs. Mansi Sharma,0,INR 250,https://nearbook.app/book/3918526,2026-05-03T22:57:43.410167,
India,NearBook,,class 9 maths ncert,ansh,0,INR 90,https://nearbook.app/book/3918524,2026-05-03T22:57:43.700526,
India,NearBook,,STATISTICS FOR ECONOMIC,,0,INR 50,https://nearbook.app/book/3918523,2026-05-03T22:57:44.046194,
India,NearBook,,English (snapshots),ncert,0,INR 100,https://nearbook.app/book/3918522,2026-05-03T22:57:44.354103,
India,NearBook,,History,,0,INR 180,https://nearbook.app/book/3918521,2026-05-03T22:57:44.660900,
India,NearBook,,English Kumarbharati,,0,INR 70,https://nearbook.app/book/3918520,2026-05-03T22:57:46.299152,
India,NearBook,,Science and NCERT basic,"Pradhan Kumar and Martin Manoj Kumar





major Kumar

Manoj Kumar",0,INR 260,https://nearbook.app/book/3918519,2026-05-03T22:57:46.606096,
India,NearBook,,"Science for Tenth Class

Part 3

BIOLOGY

Lakhmir Singh

Manjit Kaur",lakhnir singh,0,INR 200,https://nearbook.app/book/3918518,2026-05-03T22:57:46.900609,
India,NearBook,,CBSE Question Bank ( Science) class 10th,,0,INR 150,https://nearbook.app/book/3918517,2026-05-03T22:57:47.220636,
India,NearBook,,CHEMISTRY PART 2,,0,INR 30,https://nearbook.app/book/3918516,2026-05-03T22:57:47.528137,
India,NearBook,,PW Arjuna JEE Module Physics Chemistry And Maths,,0,INR 999,https://nearbook.app/book/3918515,2026-05-03T22:57:47.822668,
India,NearBook,,English,ncert,0,INR 100,https://nearbook.app/book/3918514,2026-05-03T22:57:48.109877,
India,NearBook,,CHEMISTRY NCERT,,0,INR 30,https://nearbook.app/book/3918513,2026-05-03T22:57:48.450078,
India,NearBook,,Grih Vigyan,,0,INR 50,https://nearbook.app/book/3918511,2026-05-03T22:57:48.738201,
India,NearBook,,Hindi grammar,,0,INR 350,https://nearbook.app/book/3918510,2026-05-03T22:57:49.064779,
India,NearBook,,Chemistry,Dr B.B. Arora and A.K. Sabharwal,0,INR 400,https://nearbook.app/book/3918509,2026-05-03T22:57:49.371435,
India,NearBook,,everything,,0,INR 200,https://nearbook.app/book/3918508,2026-05-03T22:57:49.665006,
India,NearBook,,BUSINESS STUDIES poinam gandhi,,0,INR 100,https://nearbook.app/book/3918507,2026-05-03T22:57:51.317351,
India,NearBook,,SCIENCE,,0,INR 160,https://nearbook.app/book/3918506,2026-05-03T22:57:51.610443,
India,NearBook,,arthshastra bhartiya bhawan bhag 1 direct by Tej Pratap Singh,ashish raza,0,INR 49,https://nearbook.app/book/3918505,2026-05-03T22:57:51.931571,
India,NearBook,,Class 10th Maths NCERT 2019,,0,INR 100,https://nearbook.app/book/3918504,2026-05-03T22:57:52.219008,
India,NearBook,,सामाजिक विज्ञान,,0,INR 300,https://nearbook.app/book/3918502,2026-05-03T22:57:52.506509,
India,NearBook,,All in one(history)Arihant,,0,INR 300,https://nearbook.app/book/3918501,2026-05-03T22:57:52.853989,
India,NearBook,,ncert fingerprints physics,,0,INR 500,https://nearbook.app/book/3918500,2026-05-03T22:57:53.159985,
India,NearBook,,CBSE Question Bank ( Science) class 10th,,0,INR 200,https://nearbook.app/book/3918499,2026-05-03T22:57:53.467287,
India,NearBook,,ALTERNATIVE DISPUTE RESOLUTION SYSTEM,,0,INR 300,https://nearbook.app/book/3918498,2026-05-03T22:57:53.754329,
India,NearBook,,statistics for economic,,0,INR 50,https://nearbook.app/book/3918497,2026-05-03T22:57:54.087979,
India,NearBook,,अथेशारूऋ,,0,INR 50,https://nearbook.app/book/3918496,2026-05-03T22:57:54.373990,
India,NearBook,,notes,aruns,0,INR 30,https://nearbook.app/book/3918495,2026-05-03T22:57:54.660345,
India,NearBook,,English Sample papers class 10,,0,INR 100,https://nearbook.app/book/3918494,2026-05-03T22:57:56.334239,
India,NearBook,,business studies,Poonam Gandhi,0,INR 150,https://nearbook.app/book/3918493,2026-05-03T22:57:56.624052,
India,NearBook,,विज्ञान,,0,INR 200,https://nearbook.app/book/3918492,2026-05-03T22:57:56.948738,
India,NearBook,,Oswaal question bank (Science)[2026],Oswaal experts,0,INR 450,https://nearbook.app/book/3918491,2026-05-03T22:57:57.261922,
India,NearBook,,All in one(biology)arihant,,0,INR 460,https://nearbook.app/book/3918490,2026-05-03T22:57:57.547584,
India,NearBook,,maths class 10 pyqs,,0,INR 120,https://nearbook.app/book/3918489,2026-05-03T22:57:57.835807,
India,NearBook,,english grammar and composition,,0,INR 35,https://nearbook.app/book/3918488,2026-05-03T22:57:58.123054,
India,NearBook,,Social Science Sample paper,,0,INR 150,https://nearbook.app/book/3918487,2026-05-03T22:57:59.099336,
India,NearBook,,BRAINY WITH HTML AND FLASH,,0,INR 100,https://nearbook.app/book/3918486,2026-05-03T22:57:59.393788,
India,NearBook,,Indian constitution at work,,0,INR 100,https://nearbook.app/book/3918485,2026-05-03T22:57:59.720847,
India,NearBook,,Bhartiya bhawan rajnitik shastr,ashish Raza,0,INR 99,https://nearbook.app/book/3918483,2026-05-03T22:58:00.020970,
India,NearBook,,Sanskrit navnit,,0,INR 50,https://nearbook.app/book/3918482,2026-05-03T22:58:00.315896,
India,NearBook,,Class 12th Hindi NCERT,,0,INR 60,https://nearbook.app/book/3918481,2026-05-03T22:58:01.967470,
India,NearBook,,statistics (for economic),"T R.jain
V.K.ohri",0,INR 100,https://nearbook.app/book/3918480,2026-05-03T22:58:02.273825,
India,NearBook,,social studies reader,,0,INR 50,https://nearbook.app/book/3918479,2026-05-03T22:58:02.568556,
India,NearBook,,MATHEMATICS,,0,INR 125,https://nearbook.app/book/3918478,2026-05-03T22:58:02.856592,
India,NearBook,,"PW JEE MAINS 2026 14 TEST PAPERS
CONDITION :- BRAND NEW",,0,INR 250,https://nearbook.app/book/3918477,2026-05-03T22:58:03.149097,
India,NearBook,,aruns,adrora,0,INR 40,https://nearbook.app/book/3918476,2026-05-03T22:58:03.442117,
India,NearBook,,Oswaal question bank(Social science)[2026],Oswaal experts,0,INR 450,https://nearbook.app/book/3918475,2026-05-03T22:58:03.736577,
India,NearBook,,Themes in world history,,0,INR 165,https://nearbook.app/book/3918474,2026-05-03T22:58:04.028561,
India,NearBook,,note book activity book,,0,INR 40,https://nearbook.app/book/3918473,2026-05-03T22:58:04.322237,
India,NearBook,,hidden treasure,,0,INR 150,https://nearbook.app/book/3918472,2026-05-03T22:58:04.614142,
India,NearBook,,English,,0,INR 270,https://nearbook.app/book/3918471,2026-05-03T22:58:04.906251,
India,NearBook,,SENECA LETTERS FROM A STOIC,,0,INR 300,https://nearbook.app/book/3918470,2026-05-03T22:58:05.204334,
India,NearBook,,गीणत,,0,INR 120,https://nearbook.app/book/3918469,2026-05-03T22:58:06.867533,
India,NearBook,,all in one science based on new NCERT curiosity released in April 2025 class 7th,,0,INR 240,https://nearbook.app/book/3918468,2026-05-03T22:58:07.161363,
India,NearBook,,physics reference book for 2nd PUC part 2,,0,INR 500,https://nearbook.app/book/3918467,2026-05-03T22:58:07.453330,
India,NearBook,,HC Verma part 2 physics,,0,INR 200,https://nearbook.app/book/3918466,2026-05-03T22:58:07.804000,
India,NearBook,,microeconomics,"T.R.jain
V.K.ohri",0,INR 200,https://nearbook.app/book/3918465,2026-05-03T22:58:08.110284,
India,NearBook,,Mathematics NCERT and other extra question,Dr. Sushi restaurant Kumar Pundit,0,INR 240,https://nearbook.app/book/3918464,2026-05-03T22:58:08.417356,
India,NearBook,,english grammar and composition workbook for matriculation school,,0,INR 73,https://nearbook.app/book/3918463,2026-05-03T22:58:08.724716,
India,NearBook,,Political theory,,0,INR 100,https://nearbook.app/book/3918462,2026-05-03T22:58:09.037380,
India,NearBook,,Business Studies Class 12 R.K. Singla,R.K. Singla,0,INR 400,https://nearbook.app/book/3918461,2026-05-03T22:58:09.343038,
India,NearBook,,"PW 47 YEARS (2024 TO 1978) JEE ADV SOLVED PAPERS 
COMPLETE SET PCM 
CONDITION :- BRAND NEW",,0,INR 1000,https://nearbook.app/book/3918460,2026-05-03T22:58:09.636107,
India,NearBook,,हिन्दी,,0,INR 220,https://nearbook.app/book/3918459,2026-05-03T22:58:09.930066,
India,NearBook,,physics HC Verma,,0,INR 200,https://nearbook.app/book/3918458,2026-05-03T22:58:10.261023,
India,NearBook,,science text book english medium,,0,INR 60,https://nearbook.app/book/3918457,2026-05-03T22:58:11.885578,
India,NearBook,,Bhartiya bhawan ganit,ashish,0,INR 49,https://nearbook.app/book/3918456,2026-05-03T22:58:12.206271,
India,NearBook,,Science Question Bank,,0,INR 350,https://nearbook.app/book/3918455,2026-05-03T22:58:12.498872,
India,NearBook,,हिन्दी,,0,INR 120,https://nearbook.app/book/3918454,2026-05-03T22:58:12.821014,
India,NearBook,,physics reference book for class 2nd pu part 1,,0,INR 500,https://nearbook.app/book/3918453,2026-05-03T22:58:13.119638,
India,NearBook,,Oswaal question bank(English Lang.&Lit.)[2026],oswaal experts,0,INR 450,https://nearbook.app/book/3918452,2026-05-03T22:58:13.412432,
India,NearBook,,WORDS OF WISDOM,Fr. Jacob OA,0,INR 300,https://nearbook.app/book/3918451,2026-05-03T22:58:13.742811,
India,NearBook,,कूतिका,,0,INR 30,https://nearbook.app/book/3918450,2026-05-03T22:58:14.035229,
India,NearBook,,our world through english,,0,INR 70,https://nearbook.app/book/3918449,2026-05-03T22:58:14.328385,
India,NearBook,,English handwriting,"Advantage
Rita Beri",0,INR 185,https://nearbook.app/book/3918448,2026-05-03T22:58:14.620560,
India,NearBook,,rd Sharma. mathematics mcqs,,0,INR 400,https://nearbook.app/book/3918446,2026-05-03T22:58:14.971459,
India,NearBook,,Biology drawing book,,0,INR 20,https://nearbook.app/book/3918445,2026-05-03T22:58:15.263643,
India,NearBook,,advisor science textbook in good condition,Mayank verma,0,INR 450,https://nearbook.app/book/3918444,2026-05-03T22:58:16.878688,
India,NearBook,,accountancy,dr.r.k singh,0,INR 200,https://nearbook.app/book/3918443,2026-05-03T22:58:17.174198,
India,NearBook,,a one guess paper,,0,INR 300,https://nearbook.app/book/3918442,2026-05-03T22:58:17.532262,
India,NearBook,,Antral,,0,INR 35,https://nearbook.app/book/3918441,2026-05-03T22:58:17.825245,
India,NearBook,,"Macro Economics class 12th TR Jain, VK Ohri","T.R. Jain, V.K Ohri",0,INR 350,https://nearbook.app/book/3918439,2026-05-03T22:58:18.121401,
India,NearBook,,Physics volume 2,S.L.Arora,0,INR 500,https://nearbook.app/book/3918438,2026-05-03T22:58:18.415900,
India,NearBook,,English Question Bank,,0,INR 350,https://nearbook.app/book/3918437,2026-05-03T22:58:18.760601,
India,NearBook,,English Question Bank,,0,INR 350,https://nearbook.app/book/3918436,2026-05-03T22:58:19.054167,
India,NearBook,,mathematics english medium reader,,0,INR 100,https://nearbook.app/book/3918435,2026-05-03T22:58:19.374962,
India,NearBook,,गृह विज्ञान,,0,INR 280,https://nearbook.app/book/3918434,2026-05-03T22:58:19.683396,
India,NearBook,,english grammar and composition,,0,INR 55,https://nearbook.app/book/3918433,2026-05-03T22:58:19.976735,
India,NearBook,,r.s.agarwal Maths class 9th,Ashish raza,0,INR 249,https://nearbook.app/book/3918432,2026-05-03T22:58:20.270250,
India,NearBook,,r.s.agarwal Maths class 9th,Ashish raza,0,INR 249,https://nearbook.app/book/3918431,2026-05-03T22:58:21.883533,
India,NearBook,,श्रितिज,,0,INR 90,https://nearbook.app/book/3918430,2026-05-03T22:58:22.178038,
India,NearBook,,Kritika (hindi) ncert,,0,INR 20,https://nearbook.app/book/3918428,2026-05-03T22:58:22.549559,
India,NearBook,,Antra,,0,INR 70,https://nearbook.app/book/3918427,2026-05-03T22:58:22.857500,
India,NearBook,,Lekha shatr,Dr.v.c.sinh,0,INR 150,https://nearbook.app/book/3918426,2026-05-03T22:58:23.163566,
India,NearBook,,kannada .. CBSE board model papers,,0,INR 150,https://nearbook.app/book/3918425,2026-05-03T22:58:23.455096,
India,NearBook,,venela 2 telugu vaachakam reader,,0,INR 20,https://nearbook.app/book/3918424,2026-05-03T22:58:23.787375,
India,NearBook,,आलेखन कला एवं आकृति चित्रण,,0,INR 180,https://nearbook.app/book/3918423,2026-05-03T22:58:24.086607,
India,NearBook,,English Question Bank,,0,INR 350,https://nearbook.app/book/3918422,2026-05-03T22:58:24.393271,
India,NearBook,,data entry operator book class 10 nios,,0,INR 150,https://nearbook.app/book/3918421,2026-05-03T22:58:24.685350,
India,NearBook,,learn to lead,Dr. Vandana Lula,0,INR 200,https://nearbook.app/book/3918420,2026-05-03T22:58:24.978885,
India,NearBook,,lekhak book,,0,INR 200,https://nearbook.app/book/3918419,2026-05-03T22:58:25.271214,
India,NearBook,,English Question Bank,,0,INR 350,https://nearbook.app/book/3918418,2026-05-03T22:58:26.937364,
India,NearBook,,words and experience,,0,INR 30,https://nearbook.app/book/3918417,2026-05-03T22:58:27.260134,
India,NearBook,,physics,S.L.Arora,0,INR 500,https://nearbook.app/book/3918416,2026-05-03T22:58:27.555994,
India,NearBook,,IT 402 Class 10,,0,INR 200,https://nearbook.app/book/3918415,2026-05-03T22:58:27.864274,
India,NearBook,,pradeep's scince .. chemistry,,0,INR 300,https://nearbook.app/book/3918414,2026-05-03T22:58:28.181210,
India,NearBook,,10th class physics LMR,mohd ishaq,0,INR 100,https://nearbook.app/book/3918413,2026-05-03T22:58:28.474748,
India,NearBook,,APS BOOK,ML AGGARWAL,0,INR 160,https://nearbook.app/book/3918412,2026-05-03T22:58:28.796045,
India,NearBook,,physical science drawing book,,0,INR 10,https://nearbook.app/book/3918411,2026-05-03T22:58:29.104099,
India,NearBook,,"PW 6 YEARS (2019 TO 2024) JEE MAINS ALL 124 SHIFTS SOLVED PAPERS 
COMPLETE SET PCM
CONDITION :- BRAND NEW",,0,INR 1200,https://nearbook.app/book/3918410,2026-05-03T22:58:29.396935,
India,NearBook,,Physics Lakhmir Singh,,0,INR 200,https://nearbook.app/book/3918409,2026-05-03T22:58:29.717513,
India,NearBook,,A to Z PHYSICS NEET,,0,INR 300,https://nearbook.app/book/3918408,2026-05-03T22:58:30.010287,
India,NearBook,,baal vasanth 2 hindi reader first language,,0,INR 35,https://nearbook.app/book/3918407,2026-05-03T22:58:30.331535,
India,NearBook,,ஞானகங்கை,ஜகத்குரு தத்வதர்ஷி சந்த்  ராம்பால்,0,INR 300,https://nearbook.app/book/3918406,2026-05-03T22:58:31.970047,
India,NearBook,,Business studies,dr. s. Kannan,0,INR 200,https://nearbook.app/book/3918405,2026-05-03T22:58:32.277528,
India,NearBook,,science book ncert,,0,INR 100,https://nearbook.app/book/3918404,2026-05-03T22:58:32.573661,
India,NearBook,,Double Entry Book Keeping-T.S GREWAL'S,T.S. GREWAL,0,INR 300,https://nearbook.app/book/3918403,2026-05-03T22:58:32.865960,
India,NearBook,,10th class english LMR,Mohd ishaq,0,INR 100,https://nearbook.app/book/3918402,2026-05-03T22:58:33.165171,
India,NearBook,,Mathematics,Goyal Brothers Prankashan,0,INR 485,https://nearbook.app/book/3918401,2026-05-03T22:58:33.462444,
India,NearBook,,Biology Lakhmir Singh,,0,INR 200,https://nearbook.app/book/3918400,2026-05-03T22:58:33.813169,
India,NearBook,,English,,0,INR 200,https://nearbook.app/book/3918399,2026-05-03T22:58:34.116918,
India,NearBook,,10th class biology LMR,mohd ishaq,0,INR 100,https://nearbook.app/book/3918398,2026-05-03T22:58:34.427817,
India,NearBook,,Hornbill,,0,INR 30,https://nearbook.app/book/3918397,2026-05-03T22:58:34.720368,
India,NearBook,,Hindi material sugand 2,,0,INR 500,https://nearbook.app/book/3918396,2026-05-03T22:58:35.042762,
India,NearBook,,Economics,,0,INR 50,https://nearbook.app/book/3918395,2026-05-03T22:58:35.349213,
India,NearBook,,biology textbook,,0,INR 145,https://nearbook.app/book/3918394,2026-05-03T22:58:36.988213,
India,NearBook,,"footprints without feet.l, english",,0,INR 50,https://nearbook.app/book/3918393,2026-05-03T22:58:37.294839,
India,NearBook,,baal vasanth 2 hindi reader first language,,0,INR 40,https://nearbook.app/book/3918392,2026-05-03T22:58:37.591355,
India,NearBook,,सामाजिक विज्ञान,,0,INR 300,https://nearbook.app/book/3918391,2026-05-03T22:58:38.714666,
India,NearBook,,Ganita Prakash (workbook),,0,INR 60,https://nearbook.app/book/3918390,2026-05-03T22:58:39.036015,
India,NearBook,,articulation,,0,INR 10,https://nearbook.app/book/3918389,2026-05-03T22:58:39.343077,
India,NearBook,,social science political science democracy politician,,0,INR 40,https://nearbook.app/book/3918388,2026-05-03T22:58:39.633991,
India,NearBook,,Footprints without feet,,0,INR 30,https://nearbook.app/book/3918387,2026-05-03T22:58:40.059550,
India,NearBook,,accountancy (financial accounting),L.N.Agarwal,0,INR 400,https://nearbook.app/book/3918386,2026-05-03T22:58:40.368851,
India,NearBook,,"R.D. sharma mathematics, self help .",rd Sharma,0,INR 450,https://nearbook.app/book/3918385,2026-05-03T22:58:40.674452,
India,NearBook,,10th class telugu LMR,mohd ishaq,0,INR 100,https://nearbook.app/book/3918384,2026-05-03T22:58:40.963655,
India,NearBook,,sahithya sanchalana and prayoga pranathi,,0,INR 30,https://nearbook.app/book/3918383,2026-05-03T22:58:41.251309,
India,NearBook,,हिंदी,,0,INR 0,https://nearbook.app/book/3918382,2026-05-03T22:58:42.927252,
India,NearBook,,LEGACY,,0,INR 250,https://nearbook.app/book/3918380,2026-05-03T22:58:43.234059,
India,NearBook,,tamil book practice,,0,INR 75,https://nearbook.app/book/3918379,2026-05-03T22:58:43.521058,
India,NearBook,,Our lifeline,,0,INR 60,https://nearbook.app/book/3918378,2026-05-03T22:58:43.849280,
India,NearBook,,Kshitij class 10,,0,INR 30,https://nearbook.app/book/3918377,2026-05-03T22:58:44.136923,
India,NearBook,,10th class Hindi LMR,mohd ishaq,0,INR 100,https://nearbook.app/book/3918376,2026-05-03T22:58:44.458506,
India,NearBook,,"brahmastra next
 topper Booklet",Next toppers,0,INR 300,https://nearbook.app/book/3918375,2026-05-03T22:58:44.744796,
India,NearBook,,quiz craft general knowledge book,,0,INR 200,https://nearbook.app/book/3918374,2026-05-03T22:58:45.077200,
India,NearBook,,social science economic,,0,INR 40,https://nearbook.app/book/3918373,2026-05-03T22:58:45.363546,
India,NearBook,,सामाजिक विज्ञान मानचित्रकन,,0,INR 150,https://nearbook.app/book/3918372,2026-05-03T22:58:45.651735,
India,NearBook,,Sahitya sanchayan,sunit,0,INR 100,https://nearbook.app/book/3918371,2026-05-03T22:58:45.941149,
India,NearBook,,"Indian Constitution, Human Rights, and Environment","Indian Constitution, Human Rights, and Environment,1st year kannada guide Mysore University",0,INR 350,https://nearbook.app/book/3918370,2026-05-03T22:58:46.230582,
India,NearBook,,praivaran adhyay,,0,INR 0,https://nearbook.app/book/3918369,2026-05-03T22:58:47.923926,
India,NearBook,,JEE mains physics chapterwise topicwise solved papers,Sri Chaitanya education institutions,0,INR 750,https://nearbook.app/book/3918368,2026-05-03T22:58:48.253292,
India,NearBook,,English books ncert,,0,INR 80,https://nearbook.app/book/3918367,2026-05-03T22:58:48.542490,
India,NearBook,,English grammar,Burlington,0,INR 375,https://nearbook.app/book/3918366,2026-05-03T22:58:48.828997,
India,NearBook,,10th class maths LMR,mohd ishaq,0,INR 100,https://nearbook.app/book/3918365,2026-05-03T22:58:49.142661,
India,NearBook,,"English 
knighis","My name Praveen Verma 
Praveen Verma",0,INR 200,https://nearbook.app/book/3918363,2026-05-03T22:58:49.480552,
India,NearBook,,sahithya sanchalana,,0,INR 50,https://nearbook.app/book/3918362,2026-05-03T22:58:49.787731,
India,NearBook,,sst all in one,"kriti sharma 
kriti sharma",0,INR 350,https://nearbook.app/book/3918361,2026-05-03T22:58:50.095063,
India,NearBook,,S.chand book,viggiyan,0,INR 349,https://nearbook.app/book/3918360,2026-05-03T22:58:50.401848,
India,NearBook,,Political science Democratic politics,,0,INR 70,https://nearbook.app/book/3918359,2026-05-03T22:58:50.710753,
India,NearBook,,our past -3,,0,INR 0,https://nearbook.app/book/3918358,2026-05-03T22:58:51.016533,
India,NearBook,,Maths EaJEE Notes Pw,Tarun Khandelwal,0,INR 300,https://nearbook.app/book/3918357,2026-05-03T22:58:51.303181,
India,NearBook,,IIT net Foundation chemistry,,0,INR 40,https://nearbook.app/book/3918356,2026-05-03T22:58:52.962610,
India,NearBook,,10th class social LMR,mohd ishaq,0,INR 100,https://nearbook.app/book/3918355,2026-05-03T22:58:53.253516,
India,NearBook,,social studies,,0,INR 180,https://nearbook.app/book/3918354,2026-05-03T22:58:53.541717,
India,NearBook,,notebook,,0,INR 90,https://nearbook.app/book/3918353,2026-05-03T22:58:53.885470,
India,NearBook,,resources and development,,0,INR 0,https://nearbook.app/book/3918351,2026-05-03T22:58:54.193103,
India,NearBook,,scrap book,"DP Bhanot
dp BH a not",0,INR 30,https://nearbook.app/book/3918350,2026-05-03T22:58:54.481598,
India,NearBook,,English first flight volume 2,,0,INR 40,https://nearbook.app/book/3918349,2026-05-03T22:58:54.805805,
India,NearBook,,English grammar,,0,INR 250,https://nearbook.app/book/3918347,2026-05-03T22:58:55.112615,
India,NearBook,,Mathematics Question Bank,,0,INR 350,https://nearbook.app/book/3918346,2026-05-03T22:58:55.401572,
India,NearBook,,maths textbook,,0,INR 130,https://nearbook.app/book/3918345,2026-05-03T22:58:55.689503,
India,NearBook,,English grammar,,0,INR 250,https://nearbook.app/book/3918344,2026-05-03T22:58:56.035727,
India,NearBook,,sarkar on evidence 15th edition reprint 2004,sudipto sarkar and v r manohar,0,INR 1500,https://nearbook.app/book/3918343,2026-05-03T22:58:56.322431,
India,NearBook,,"THE BHARATIYA SAKSHYA ADHINIYAM,2023",,0,INR 350,https://nearbook.app/book/3918342,2026-05-03T22:58:57.980012,
India,NearBook,,AMU BOOSTER for amu 11 science entrance 2027,Nawab saqib ibrahim and dr Maaz Hashmi,0,INR 500,https://nearbook.app/book/3918341,2026-05-03T22:58:58.287269,
India,NearBook,,Ganita Prakash,,0,INR 50,https://nearbook.app/book/3918340,2026-05-03T22:58:58.594261,
India,NearBook,,JEE mains chemistry chapterwise topicsise solved papers,Sri Chaitanya education institutions,0,INR 750,https://nearbook.app/book/3918339,2026-05-03T22:58:58.883492,
India,NearBook,,science,,0,INR 0,https://nearbook.app/book/3918337,2026-05-03T22:58:59.171775,
India,NearBook,,Economics,,0,INR 10,https://nearbook.app/book/3918336,2026-05-03T22:58:59.516046,
India,NearBook,,"ARJUNA JEE (CLASS 11) MODLUES 15 BOOKS COMPLETE SET PCM
EDITION :-2023 -2024
CONDITION :- BRAND NEW",,0,INR 2400,https://nearbook.app/book/3918335,2026-05-03T22:58:59.829088,
India,NearBook,,pariksha spurthi,,0,INR 200,https://nearbook.app/book/3918334,2026-05-03T22:59:00.131173,
India,NearBook,,Geography contemporary india,,0,INR 50,https://nearbook.app/book/3918333,2026-05-03T22:59:00.430744,
India,NearBook,,Inorganic Chemistry PW EaJEE Notes,Om Pandey,0,INR 250,https://nearbook.app/book/3918332,2026-05-03T22:59:00.852898,
India,NearBook,,full social science,,0,INR 200,https://nearbook.app/book/3918331,2026-05-03T22:59:01.154410,
India,NearBook,,natik yog khel ahv sararirk siksha,,0,INR 180,https://nearbook.app/book/3918330,2026-05-03T22:59:01.454812,
India,NearBook,,mental maths,,0,INR 0,https://nearbook.app/book/3918328,2026-05-03T22:59:03.198451,
India,NearBook,,singadi 2 telugu vachakam,,0,INR 90,https://nearbook.app/book/3918327,2026-05-03T22:59:03.495770,
India,NearBook,,social science history,,0,INR 30,https://nearbook.app/book/3918326,2026-05-03T22:59:03.817051,
India,NearBook,,Mathematics and statistics ( Part 1),,0,INR 15,https://nearbook.app/book/3918325,2026-05-03T22:59:04.104373,
India,NearBook,,Art & craft,Henu methani and pooja sharma,0,INR 100,https://nearbook.app/book/3918324,2026-05-03T22:59:04.396799,
India,NearBook,,CUET UG - 2023 COMMERCE,,0,INR 400,https://nearbook.app/book/3918323,2026-05-03T22:59:04.686393,
India,NearBook,,social book,,0,INR 150,https://nearbook.app/book/3918321,2026-05-03T22:59:05.147793,
India,NearBook,,Prachi Bhasha adhigam AVN vyakaran,,0,INR 430,https://nearbook.app/book/3918320,2026-05-03T22:59:05.442116,
India,NearBook,,Geography,,0,INR 20,https://nearbook.app/book/3918319,2026-05-03T22:59:05.743304,
India,NearBook,,"udaan, biology class 10 th",,0,INR 400,https://nearbook.app/book/3918318,2026-05-03T22:59:06.069746,
India,NearBook,,Social Studies volume 2,,0,INR 30,https://nearbook.app/book/3918317,2026-05-03T22:59:06.360510,
India,NearBook,,english grammar work book,,0,INR 0,https://nearbook.app/book/3918316,2026-05-03T22:59:06.683986,
India,NearBook,,JEE mains mathematics chapterwise topicsise solved papers,Sri Chaitanya education institutions,0,INR 695,https://nearbook.app/book/3918315,2026-05-03T22:59:08.424659,
India,NearBook,,Curiosity,,0,INR 80,https://nearbook.app/book/3918313,2026-05-03T22:59:08.732004,
India,NearBook,,english grammar work book,,0,INR 0,https://nearbook.app/book/3918312,2026-05-03T22:59:09.040464,
India,NearBook,,medicinal chemistry 1,,0,INR 200,https://nearbook.app/book/3918311,2026-05-03T22:59:09.346370,
India,NearBook,,science guide,,0,INR 200,https://nearbook.app/book/3918310,2026-05-03T22:59:09.634345,
India,NearBook,,navneet practice paper science,navneet education limited,0,INR 200,https://nearbook.app/book/3918309,2026-05-03T22:59:10.063749,
India,NearBook,,"icse history,civics",goyal brother prakashan,0,INR 250,https://nearbook.app/book/3918308,2026-05-03T22:59:10.370443,
India,NearBook,,KVPY SOLVED PAPERS,,0,INR 250,https://nearbook.app/book/3918306,2026-05-03T22:59:10.666042,
India,NearBook,,10th class biology textbook,mohd ishaq,0,INR 100,https://nearbook.app/book/3918305,2026-05-03T22:59:10.985322,
India,NearBook,,Biology volume 2,,0,INR 50,https://nearbook.app/book/3918304,2026-05-03T22:59:11.292447,
India,NearBook,,social and political life - 3,,0,INR 0,https://nearbook.app/book/3918303,2026-05-03T22:59:11.611053,
India,NearBook,,Mathematics and statistics (Part 2),,0,INR 25,https://nearbook.app/book/3918302,2026-05-03T22:59:11.924621,
India,NearBook,,mylestone mathematics class 8,,0,INR 450,https://nearbook.app/book/3918301,2026-05-03T22:59:13.647440,
India,NearBook,,MY ENGLISH COURSEBOOK With SCIENCE TECHNOLOGY And MATHEMATICS -1 and 2,Nikita PUBLICATION LATUR,0,INR 70,https://nearbook.app/book/3918300,2026-05-03T22:59:13.942942,
India,NearBook,,pharmaceuticals organic chemistry 3,,0,INR 150,https://nearbook.app/book/3918299,2026-05-03T22:59:14.261927,
India,NearBook,,10th class Hindi textbook,mohd ishaq,0,INR 100,https://nearbook.app/book/3918298,2026-05-03T22:59:14.569060,
India,NearBook,,Evergreen Saras Hindi Vyakaran book for ICSE Class 9-10.,evergreen publications,0,INR 280,https://nearbook.app/book/3918297,2026-05-03T22:59:14.863089,
India,NearBook,,creativity beyond art and craft book,,0,INR 358,https://nearbook.app/book/3918295,2026-05-03T22:59:15.184385,
India,NearBook,,ICT,,0,INR 0,https://nearbook.app/book/3918294,2026-05-03T22:59:15.491086,
India,NearBook,,mathematics,Anup kumar Rajput,0,INR 100,https://nearbook.app/book/3918293,2026-05-03T22:59:15.788505,
India,NearBook,,Pharmaceutics-2,,0,INR 200,https://nearbook.app/book/3918292,2026-05-03T22:59:16.096074,
India,NearBook,,10th class telugu textbook,mohd ishaq,0,INR 100,https://nearbook.app/book/3918291,2026-05-03T22:59:16.412366,
India,NearBook,,Organisation of commerce and management (ocm),,0,INR 20,https://nearbook.app/book/3918290,2026-05-03T22:59:16.712255,
India,NearBook,,political science guide,1st year political science kannada guide Mysore University,0,INR 250,https://nearbook.app/book/3918287,2026-05-03T22:59:17.026827,
India,NearBook,,icse commercial studies,goyal brother prakashan,0,INR 370,https://nearbook.app/book/3918286,2026-05-03T22:59:19.279212,
India,NearBook,,2 hindi books one sanskrit,,0,INR 100,https://nearbook.app/book/3918285,2026-05-03T22:59:19.560049,
India,NearBook,,singadi 2 telugu tevelu,,0,INR 500,https://nearbook.app/book/3918284,2026-05-03T22:59:19.850755,
India,NearBook,,think code ver. 2.0 (computer reader),,0,INR 300,https://nearbook.app/book/3918283,2026-05-03T22:59:20.201378,
India,NearBook,,Recruitment training material,competitive english,0,INR 200,https://nearbook.app/book/3918282,2026-05-03T22:59:20.508231,
India,NearBook,,vikas Gujarati workbook,,0,INR 200,https://nearbook.app/book/3918281,2026-05-03T22:59:20.815969,
India,NearBook,,mathematics,,0,INR 0,https://nearbook.app/book/3918280,2026-05-03T22:59:21.097984,
India,NearBook,,english guide,,0,INR 180,https://nearbook.app/book/3918279,2026-05-03T22:59:21.377369,
India,NearBook,,10th class english textbook,mohd ishaq,0,INR 100,https://nearbook.app/book/3918278,2026-05-03T22:59:21.737304,
India,NearBook,,Pharmacology 1,,0,INR 300,https://nearbook.app/book/3918277,2026-05-03T22:59:22.045562,
India,NearBook,,Biology,,0,INR 30,https://nearbook.app/book/3918275,2026-05-03T22:59:22.325718,
India,NearBook,,10th class maths textbook,mohd ishaq,0,INR 100,https://nearbook.app/book/3918274,2026-05-03T22:59:22.605598,
India,NearBook,,twisted Love,"ana huang
Ana huang",0,INR 300,https://nearbook.app/book/3918273,2026-05-03T22:59:24.399360,
India,NearBook,,Hindi,,0,INR 50,https://nearbook.app/book/3918272,2026-05-03T22:59:24.707283,
India,NearBook,,tamil guide,,0,INR 250,https://nearbook.app/book/3918271,2026-05-03T22:59:24.986190,
India,NearBook,,Analytical skills volume 1,,0,INR 250,https://nearbook.app/book/3918270,2026-05-03T22:59:25.265880,
India,NearBook,,bharat ki khoj,,0,INR 0,https://nearbook.app/book/3918269,2026-05-03T22:59:25.628183,
India,NearBook,,Sahitya Vaibhav textbook 1puc,,0,INR 70,https://nearbook.app/book/3918268,2026-05-03T22:59:25.916820,
India,NearBook,,Our past 3,,0,INR 65,https://nearbook.app/book/3918267,2026-05-03T22:59:26.196661,
India,NearBook,,apc isc accounts,"dk goel 
Rajesh  
Goel",0,INR 400,https://nearbook.app/book/3918265,2026-05-03T22:59:26.504646,
India,NearBook,,10th class social textbook,mohd ishaq,0,INR 100,https://nearbook.app/book/3918264,2026-05-03T22:59:26.858610,
India,NearBook,,Analytical skills volume 2,,0,INR 200,https://nearbook.app/book/3918263,2026-05-03T22:59:27.164451,
India,NearBook,,Gujarati,,0,INR 50,https://nearbook.app/book/3918262,2026-05-03T22:59:27.471820,
India,NearBook,,wasant,,0,INR 0,https://nearbook.app/book/3918261,2026-05-03T22:59:27.750679,
India,NearBook,,history guide,1st year history kannada guide Mysore University,0,INR 300,https://nearbook.app/book/3918260,2026-05-03T22:59:29.342175,
India,NearBook,,biology,by govt,0,INR 100,https://nearbook.app/book/3918259,2026-05-03T22:59:29.621514,
India,NearBook,,jeevith publication physics guide,D.N denish,0,INR 160,https://nearbook.app/book/3918258,2026-05-03T22:59:29.900836,
India,NearBook,,tamil guide,,0,INR 180,https://nearbook.app/book/3918257,2026-05-03T22:59:30.236536,
India,NearBook,,mental arithmetic,,0,INR 215,https://nearbook.app/book/3918256,2026-05-03T22:59:30.544149,
India,NearBook,,Exploring society India and beyond (NCERT),,0,INR 70,https://nearbook.app/book/3918255,2026-05-03T22:59:30.850958,
India,NearBook,,Geography,,0,INR 50,https://nearbook.app/book/3918253,2026-05-03T22:59:31.129139,
India,NearBook,,Sample paper,Tarun Rupani,0,INR 200,https://nearbook.app/book/3918252,2026-05-03T22:59:31.567642,
India,NearBook,,ruchira,naamwar singh,0,INR 0,https://nearbook.app/book/3918251,2026-05-03T22:59:31.846982,
India,NearBook,,mathematics textbook class 10 ncert,,0,INR 90,https://nearbook.app/book/3918250,2026-05-03T22:59:32.126065,
India,NearBook,,Biology s. chand school,,0,INR 200,https://nearbook.app/book/3918249,2026-05-03T22:59:32.489844,
India,NearBook,,Science,Arihant,0,INR 600,https://nearbook.app/book/3918248,2026-05-03T22:59:32.796893,
India,NearBook,,Xact super easy physics,,0,INR 600,https://nearbook.app/book/3918247,2026-05-03T22:59:34.434645,
India,NearBook,,1st year study material,,0,INR 149,https://nearbook.app/book/3918245,2026-05-03T22:59:34.741937,
India,NearBook,,संस्कृत,,0,INR 48,https://nearbook.app/book/3918244,2026-05-03T22:59:35.151495,
India,NearBook,,Sample paper,Tarun Rupani,0,INR 200,https://nearbook.app/book/3918243,2026-05-03T22:59:35.459165,
India,NearBook,,moments book englsh,,0,INR 150,https://nearbook.app/book/3918242,2026-05-03T22:59:35.739018,
India,NearBook,,kannada guide,1st year kannada guide Mysore University,0,INR 300,https://nearbook.app/book/3918241,2026-05-03T22:59:36.073786,
India,NearBook,,science English medium workbook,,0,INR 50,https://nearbook.app/book/3918240,2026-05-03T22:59:36.380891,
India,NearBook,,Mathematics,Oswal Books,0,INR 700,https://nearbook.app/book/3918239,2026-05-03T22:59:36.688541,
India,NearBook,,kirtia,Pune udara,0,INR 20,https://nearbook.app/book/3918238,2026-05-03T22:59:36.995476,
India,NearBook,,10th class maths QB,mohd ishaq,0,INR 150,https://nearbook.app/book/3918237,2026-05-03T22:59:37.274196,
India,NearBook,,Biology,pavan graphics,0,INR 250,https://nearbook.app/book/3918236,2026-05-03T22:59:37.552039,
India,NearBook,,Hindi,A,0,INR 100,https://nearbook.app/book/3918235,2026-05-03T22:59:37.916242,
India,NearBook,,Knowledge UNIVERSE,,0,INR 100,https://nearbook.app/book/3918234,2026-05-03T22:59:39.554819,
India,NearBook,,Hindi Textbook,,0,INR 60,https://nearbook.app/book/3918232,2026-05-03T22:59:39.833952,
India,NearBook,,Science,,0,INR 0,https://nearbook.app/book/3918231,2026-05-03T22:59:40.115405,
India,NearBook,,Political,,0,INR 60,https://nearbook.app/book/3918230,2026-05-03T22:59:40.394804,
India,NearBook,,10th class Hindi QB,mohd ishaq,0,INR 150,https://nearbook.app/book/3918228,2026-05-03T22:59:40.681399,
India,NearBook,,Social science,Oswal Books,0,INR 700,https://nearbook.app/book/3918227,2026-05-03T22:59:40.961405,
India,NearBook,,isxe foundation mathematics,rd Sharma,0,INR 500,https://nearbook.app/book/3918226,2026-05-03T22:59:41.295892,
India,NearBook,,social studies workbook,,0,INR 70,https://nearbook.app/book/3918225,2026-05-03T22:59:41.575298,
India,NearBook,,Environment Buzz,,0,INR 100,https://nearbook.app/book/3918224,2026-05-03T22:59:41.854042,
India,NearBook,,hornbill,,0,INR 70,https://nearbook.app/book/3918223,2026-05-03T22:59:42.219085,
India,NearBook,,PW ARJUNA CLASS 11TH 2023-24. ALL 15 MODULES,,0,INR 1500,https://nearbook.app/book/3918222,2026-05-03T22:59:42.525009,
India,NearBook,,science,,0,INR 200,https://nearbook.app/book/3918220,2026-05-03T22:59:42.831622,
India,NearBook,,NCERT books class 10 science book not avlaible footprint krtika book not available,,0,"INR ,250",https://nearbook.app/book/3918219,2026-05-03T22:59:44.440172,
India,NearBook,,hornbill,,0,INR 70,https://nearbook.app/book/3918218,2026-05-03T22:59:44.777953,
India,NearBook,,"ગણિત
ગમ્મ્ત",,0,INR 100,https://nearbook.app/book/3918215,2026-05-03T22:59:45.055773,
India,NearBook,,honey dew,"Michael Morpugo, Marjorie Kinnan Rawlings, Ruskin Bond, and Williams blake",0,INR 0,https://nearbook.app/book/3918214,2026-05-03T22:59:45.338478,
India,NearBook,,"oswaal books
class 10 hindi sample paper 
15 sample paper",,0,INR 400,https://nearbook.app/book/3918213,2026-05-03T22:59:45.698877,
India,NearBook,,OCM Textbook,,0,INR 70,https://nearbook.app/book/3918212,2026-05-03T22:59:46.006200,
India,NearBook,,Kritika text book of Hindi NCERT,,0,INR 30,https://nearbook.app/book/3918211,2026-05-03T22:59:46.313473,
India,NearBook,,Mathematics,Oswal Books,0,INR 400,https://nearbook.app/book/3918210,2026-05-03T22:59:46.620830,
India,NearBook,,Cyber Creators,,0,INR 30,https://nearbook.app/book/3918209,2026-05-03T22:59:47.030159,
India,NearBook,,Hindi poorka,naveen,0,INR 50,https://nearbook.app/book/3918207,2026-05-03T22:59:47.337665,
India,NearBook,,discovering the world,evergreen publications,0,INR 350,https://nearbook.app/book/3918206,2026-05-03T22:59:47.644743,
India,NearBook,,English,,0,INR 53,https://nearbook.app/book/3918205,2026-05-03T22:59:47.924075,
India,NearBook,,10th class telugu QB,mohd ishaq,0,INR 150,https://nearbook.app/book/3918204,2026-05-03T22:59:49.513434,
India,NearBook,,Mathematics & statistics part 2,,0,INR 140,https://nearbook.app/book/3918203,2026-05-03T22:59:49.795011,
India,NearBook,,10Years Solved Paper,Oswal Publication,0,INR 500,https://nearbook.app/book/3918202,2026-05-03T22:59:50.102244,
India,NearBook,,science,,0,INR 150,https://nearbook.app/book/3918201,2026-05-03T22:59:50.409374,
India,NearBook,,text book of economics NCERT,,0,INR 60,https://nearbook.app/book/3918200,2026-05-03T22:59:50.687770,
India,NearBook,,science,,0,INR 150,https://nearbook.app/book/3918199,2026-05-03T22:59:51.023830,
India,NearBook,,social guide,,0,INR 100,https://nearbook.app/book/3918198,2026-05-03T22:59:51.330916,
India,NearBook,,Hind 2,,0,INR 100,https://nearbook.app/book/3918197,2026-05-03T22:59:51.610152,
India,NearBook,,Competency based Questions,Oswal Books,0,INR 500,https://nearbook.app/book/3918196,2026-05-03T22:59:51.896929,
India,NearBook,,English Language,,0,INR 150,https://nearbook.app/book/3918195,2026-05-03T22:59:52.253055,
India,NearBook,,introducing society,,0,INR 50,https://nearbook.app/book/3918194,2026-05-03T22:59:52.559706,
India,NearBook,,History,,0,INR 69,https://nearbook.app/book/3918193,2026-05-03T22:59:52.872042,
India,NearBook,,communicative English,Krishna,0,INR 100,https://nearbook.app/book/3918192,2026-05-03T22:59:54.497593,
India,NearBook,,10th class social QB,mohd ishaq,0,INR 150,https://nearbook.app/book/3918191,2026-05-03T22:59:54.813808,
India,NearBook,,text book of geography NCERT,,0,INR 65,https://nearbook.app/book/3918190,2026-05-03T22:59:55.224235,
India,NearBook,,baal vasanth 2,,0,INR 60,https://nearbook.app/book/3918189,2026-05-03T22:59:55.529564,
India,NearBook,,Creative Drawing,,0,INR 20,https://nearbook.app/book/3918188,2026-05-03T22:59:55.836524,
India,NearBook,,10th class physics QB,mohd ishaq,0,INR 150,https://nearbook.app/book/3918187,2026-05-03T22:59:56.143394,
India,NearBook,,Secretarial Practice Digest,,0,INR 130,https://nearbook.app/book/3918186,2026-05-03T22:59:56.450935,
India,NearBook,,social guide,,0,INR 200,https://nearbook.app/book/3918185,2026-05-03T22:59:56.729370,
India,NearBook,,testbook of politics,,0,INR 90,https://nearbook.app/book/3918184,2026-05-03T22:59:57.771518,
India,NearBook,,rajyashastra,,0,INR 62,https://nearbook.app/book/3918183,2026-05-03T22:59:58.073567,
India,NearBook,,Exercise Book,,0,INR 250,https://nearbook.app/book/3918182,2026-05-03T22:59:58.397593,
India,NearBook,,"cbse 20 combined sample paper 
class 10 ( oswal books)",,0,INR 400,https://nearbook.app/book/3918181,2026-05-03T22:59:58.693973,
India,NearBook,,understanding society,,0,INR 40,https://nearbook.app/book/3918180,2026-05-03T23:00:00.322217,
India,NearBook,,Chemistry,Dr.Dalal's Simplified,0,INR 250,https://nearbook.app/book/3918179,2026-05-03T23:00:00.634945,
India,NearBook,,mathematics lab manual class 10,,0,INR 150,https://nearbook.app/book/3918178,2026-05-03T23:00:00.956529,
India,NearBook,,Science,Oswal Books,0,INR 400,https://nearbook.app/book/3918177,2026-05-03T23:00:01.263882,
India,NearBook,,tamil guide,,0,INR 200,https://nearbook.app/book/3918176,2026-05-03T23:00:01.571076,
India,NearBook,,Sahil meena,rajpali,0,INR 900,https://nearbook.app/book/3918175,2026-05-03T23:00:01.866561,
India,NearBook,,Arthshastra,,0,INR 78,https://nearbook.app/book/3918174,2026-05-03T23:00:02.193199,
India,NearBook,,test book of history class 9 NCERT,,0,INR 125,https://nearbook.app/book/3918173,2026-05-03T23:00:02.493615,
India,NearBook,,English digest,,0,INR 150,https://nearbook.app/book/3918171,2026-05-03T23:00:02.786661,
India,NearBook,,Exercise Book,,0,INR 280,https://nearbook.app/book/3918170,2026-05-03T23:00:03.080649,
India,NearBook,,political theory,,0,INR 40,https://nearbook.app/book/3918169,2026-05-03T23:00:03.414211,
India,NearBook,,economic,anaya,0,INR 100,https://nearbook.app/book/3918168,2026-05-03T23:00:03.722649,
India,NearBook,,"NEET COMPLETE BOOKSET ( MTG fingertips, PW yakeen modules, N AWASTHI, MS CHOUHAN and VK JAISWAL books",,0,INR 3999,https://nearbook.app/book/3918167,2026-05-03T23:00:05.359984,
India,NearBook,,English Guide,1st year  English Guide Mysore University,0,INR 400,https://nearbook.app/book/3918166,2026-05-03T23:00:05.657141,
India,NearBook,,10th class english QB,mohd ishaq,0,INR 175,https://nearbook.app/book/3918165,2026-05-03T23:00:05.949930,
India,NearBook,,english (hand book ),,0,INR 50,https://nearbook.app/book/3918163,2026-05-03T23:00:06.242965,
India,NearBook,,hindi pathmala,,0,INR 60,https://nearbook.app/book/3918162,2026-05-03T23:00:06.588600,
India,NearBook,,english guide,,0,INR 110,https://nearbook.app/book/3918161,2026-05-03T23:00:06.895723,
India,NearBook,,Biology,Selina,0,INR 250,https://nearbook.app/book/3918160,2026-05-03T23:00:07.202824,
India,NearBook,,Sahitya Vaibhav First PUC hindi workbook,,0,INR 40,https://nearbook.app/book/3918158,2026-05-03T23:00:07.510105,
India,NearBook,,Indian constitution at work,,0,INR 75,https://nearbook.app/book/3918155,2026-05-03T23:00:07.817255,
India,NearBook,,R.D sharma Book ClassIX with MCQ book,R.D.Sharma,0,INR 450,https://nearbook.app/book/3918154,2026-05-03T23:00:08.125192,
India,NearBook,,Economics (hand book ),,0,INR 50,https://nearbook.app/book/3918153,2026-05-03T23:00:08.419114,
India,NearBook,,sanskrit e divam,,0,INR 60,https://nearbook.app/book/3918152,2026-05-03T23:00:08.739115,
India,NearBook,,itihas,,0,INR 77,https://nearbook.app/book/3918151,2026-05-03T23:00:10.381122,
India,NearBook,,Mathematics,,0,INR 100,https://nearbook.app/book/3918150,2026-05-03T23:00:10.684938,
India,NearBook,,mathematics ncert exampler,EDUCART,0,INR 101,https://nearbook.app/book/3918149,2026-05-03T23:00:10.991882,
India,NearBook,,general knowledge,,0,INR 30,https://nearbook.app/book/3918148,2026-05-03T23:00:11.299628,
India,NearBook,,NCERT mathematics textbook,,0,INR 100,https://nearbook.app/book/3918147,2026-05-03T23:00:11.606177,
India,NearBook,,11th maths 1 textbook (Arts & science,Anike Chauhan,0,INR 99,https://nearbook.app/book/3918145,2026-05-03T23:00:11.899024,
India,NearBook,,Map book,,0,INR 80,https://nearbook.app/book/3918144,2026-05-03T23:00:12.205759,
India,NearBook,,Treasure Chest Vol II,Good Condition,0,INR 150,https://nearbook.app/book/3918143,2026-05-03T23:00:12.527659,
India,NearBook,,science,,0,INR 60,https://nearbook.app/book/3918141,2026-05-03T23:00:12.835189,
India,NearBook,,New model test papers in ssc,,0,INR 70,https://nearbook.app/book/3918140,2026-05-03T23:00:13.126638,
India,NearBook,,science part 1,,0,INR 90,https://nearbook.app/book/3918139,2026-05-03T23:00:13.449824,
India,NearBook,,arthshastra,pankaj,0,INR 50,https://nearbook.app/book/3918138,2026-05-03T23:00:13.756758,
India,NearBook,,first flight,,0,INR 40,https://nearbook.app/book/3918137,2026-05-03T23:00:15.395038,
India,NearBook,,marathi yuvakbharati,,0,INR 122,https://nearbook.app/book/3918136,2026-05-03T23:00:15.702918,
India,NearBook,,Business studies,,0,INR 75,https://nearbook.app/book/3918135,2026-05-03T23:00:16.010949,
India,NearBook,,springs english course book Government of Karnataka,,0,INR 30,https://nearbook.app/book/3918134,2026-05-03T23:00:16.317894,
India,NearBook,,mathematics part 2,,0,INR 40,https://nearbook.app/book/3918133,2026-05-03T23:00:16.624456,
India,NearBook,,vyakrand vibhor,,0,INR 50,https://nearbook.app/book/3918132,2026-05-03T23:00:16.921247,
India,NearBook,,English 21 set,,0,INR 110,https://nearbook.app/book/3918131,2026-05-03T23:00:17.213309,
India,NearBook,,DPP of all subjects,,0,INR 350,https://nearbook.app/book/3918130,2026-05-03T23:00:17.545748,
India,NearBook,,foot prints,,0,INR 40,https://nearbook.app/book/3918129,2026-05-03T23:00:17.852820,
India,NearBook,,geography,,0,INR 90,https://nearbook.app/book/3918128,2026-05-03T23:00:18.160439,
India,NearBook,,11th biology textbook,Aniket Chauhan,0,INR 99,https://nearbook.app/book/3918127,2026-05-03T23:00:18.461370,
India,NearBook,,shitij hindi,,0,INR 70,https://nearbook.app/book/3918126,2026-05-03T23:00:18.755797,
India,NearBook,,Physics- Kumar Mittal,,0,INR 600,https://nearbook.app/book/3918125,2026-05-03T23:00:20.372840,
India,NearBook,,political,,0,INR 40,https://nearbook.app/book/3918124,2026-05-03T23:00:20.720050,
India,NearBook,,mathematics part 2,,0,INR 120,https://nearbook.app/book/3918123,2026-05-03T23:00:21.027830,
India,NearBook,,Geography,Goyal Brother Prakashan,0,INR 300,https://nearbook.app/book/3918122,2026-05-03T23:00:21.321104,
India,NearBook,,science,,0,INR 65,https://nearbook.app/book/3918121,2026-05-03T23:00:21.613015,
India,NearBook,,RD Sharma,,0,INR 250,https://nearbook.app/book/3918120,2026-05-03T23:00:21.953951,
India,NearBook,,11th physics textbook,Aniket Chauhan,0,INR 99,https://nearbook.app/book/3918119,2026-05-03T23:00:22.247345,
India,NearBook,,business studies,,0,INR 85,https://nearbook.app/book/3918118,2026-05-03T23:00:22.563227,
India,NearBook,,biology uttams paper solutions,,0,INR 175,https://nearbook.app/book/3918117,2026-05-03T23:00:22.870490,
India,NearBook,,amit creative art,,0,INR 30,https://nearbook.app/book/3918116,2026-05-03T23:00:23.166365,
India,NearBook,,Sahkar,,0,INR 119,https://nearbook.app/book/3918115,2026-05-03T23:00:23.460495,
India,NearBook,,mathematics,,0,INR 50,https://nearbook.app/book/3918114,2026-05-03T23:00:23.792201,
India,NearBook,,english guide,,0,INR 110,https://nearbook.app/book/3918113,2026-05-03T23:00:25.417380,
India,NearBook,,11th hindi textbook,Aniket Chauhan,0,INR 49,https://nearbook.app/book/3918112,2026-05-03T23:00:25.738105,
India,NearBook,,Bharati Bhavan Rs Aggarwal,Bhushan da Fatehpur Road Katangi Kothi,0,INR 430,https://nearbook.app/book/3918111,2026-05-03T23:00:26.035732,
India,NearBook,,Social Science,Arihant,0,INR 450,https://nearbook.app/book/3918110,2026-05-03T23:00:26.327469,
India,NearBook,,social science part 2,,0,INR 150,https://nearbook.app/book/3918109,2026-05-03T23:00:26.659421,
India,NearBook,,(OSWAL CLASS 10th) previous 10 years old papers,OSWAL,0,INR 850,https://nearbook.app/book/3918108,2026-05-03T23:00:27.071671,
India,NearBook,,sitize,,0,INR 25,https://nearbook.app/book/3918107,2026-05-03T23:00:27.377811,
India,NearBook,,class 10 hindi ncert books *2*,,0,INR 100,https://nearbook.app/book/3918106,2026-05-03T23:00:27.683285,
India,NearBook,,OCM Navneet Digest,,0,INR 150,https://nearbook.app/book/3918105,2026-05-03T23:00:27.990799,
India,NearBook,,RD Sharma,,0,INR 250,https://nearbook.app/book/3918104,2026-05-03T23:00:28.297616,
India,NearBook,,class 10 hindi ncert books *2*,,0,INR 100,https://nearbook.app/book/3918103,2026-05-03T23:00:28.589684,
India,NearBook,,a spoonful of honey,,0,INR 40,https://nearbook.app/book/3918102,2026-05-03T23:00:28.883689,
India,NearBook,,chemistry part 2,,0,INR 100,https://nearbook.app/book/3918101,2026-05-03T23:00:30.503411,
India,NearBook,,Indian economic development,,0,INR 80,https://nearbook.app/book/3918100,2026-05-03T23:00:30.795845,
India,NearBook,,Karthika,,0,INR 30,https://nearbook.app/book/3918099,2026-05-03T23:00:31.162178,
India,NearBook,,Total History and Civics,Morning Star,0,INR 205,https://nearbook.app/book/3918098,2026-05-03T23:00:31.455922,
India,NearBook,,Mathematics Class 12 by RD Sharma Volume-1&2,R.D. SHARMA,0,INR 650,https://nearbook.app/book/3918097,2026-05-03T23:00:31.781609,
India,NearBook,,11th English textbook,Aniket Chauhan,0,INR 50,https://nearbook.app/book/3918096,2026-05-03T23:00:32.086663,
India,NearBook,,chemistry uttams paper solutions,,0,INR 175,https://nearbook.app/book/3918095,2026-05-03T23:00:32.378540,
India,NearBook,,English kumarbharti digest (mh board),,0,INR 150,https://nearbook.app/book/3918093,2026-05-03T23:00:32.670758,
India,NearBook,,Tamil,,0,INR 100,https://nearbook.app/book/3918092,2026-05-03T23:00:32.962593,
India,NearBook,,geography,,0,INR 40,https://nearbook.app/book/3918091,2026-05-03T23:00:33.254983,
India,NearBook,,mathematics part 2,,0,INR 96,https://nearbook.app/book/3918090,2026-05-03T23:00:33.546457,
India,NearBook,,mon passport french,,0,INR 60,https://nearbook.app/book/3918088,2026-05-03T23:00:33.850475,
India,NearBook,,तरंग हिंदी,,0,INR 100,https://nearbook.app/book/3918087,2026-05-03T23:00:35.567848,
India,NearBook,,Hindi,,0,INR 250,https://nearbook.app/book/3918086,2026-05-03T23:00:35.875432,
India,NearBook,,Hindi uttams paper solutions,,0,INR 150,https://nearbook.app/book/3918085,2026-05-03T23:00:36.183053,
India,NearBook,,Kvs/NVS,Sachin Chaudhary,0,INR 300,https://nearbook.app/book/3918084,2026-05-03T23:00:36.490100,
India,NearBook,,samushi,,0,INR 30,https://nearbook.app/book/3918083,2026-05-03T23:00:37.411948,
India,NearBook,,11th Science Chemistry textbook,Aniket Chauhan,0,INR 50,https://nearbook.app/book/3918082,2026-05-03T23:00:37.705261,
India,NearBook,,Fank science everywhere,Stalin Malhatra,0,INR 300,https://nearbook.app/book/3918080,2026-05-03T23:00:38.028289,
India,NearBook,,social science part 1,,0,INR 100,https://nearbook.app/book/3918079,2026-05-03T23:00:38.316681,
India,NearBook,,good with grammer,,0,INR 60,https://nearbook.app/book/3918078,2026-05-03T23:00:38.608682,
India,NearBook,,Economic,,0,INR 50,https://nearbook.app/book/3918077,2026-05-03T23:00:38.901554,
India,NearBook,,General knowledge book,Bhushan da Fatehpur Road Katangi Kothi,0,INR 200,https://nearbook.app/book/3918076,2026-05-03T23:00:39.192665,
India,NearBook,,Hindi 21 set,,0,INR 85,https://nearbook.app/book/3918075,2026-05-03T23:00:39.480828,
India,NearBook,,maths,,0,INR 120,https://nearbook.app/book/3918074,2026-05-03T23:00:41.101835,
India,NearBook,,science,,0,INR 200,https://nearbook.app/book/3918072,2026-05-03T23:00:41.389431,
India,NearBook,,Grammar Glitter Odyssey,,0,INR 50,https://nearbook.app/book/3918071,2026-05-03T23:00:41.675935,
India,NearBook,,hindi lokvani,,0,INR 0,https://nearbook.app/book/3918070,2026-05-03T23:00:41.963654,
India,NearBook,,social science part 2,,0,INR 120,https://nearbook.app/book/3918069,2026-05-03T23:00:42.327239,
India,NearBook,,maths ncert part 2,,0,INR 70,https://nearbook.app/book/3918068,2026-05-03T23:00:42.619731,
India,NearBook,,Science,,0,INR 400,https://nearbook.app/book/3918067,2026-05-03T23:00:42.941487,
India,NearBook,,history,,0,INR 40,https://nearbook.app/book/3918066,2026-05-03T23:00:43.229020,
India,NearBook,,12th maths 2 book (arts & science),Aniket Chauhan,0,INR 99,https://nearbook.app/book/3918065,2026-05-03T23:00:43.555490,
India,NearBook,,Mathematical foundation for AI,maths,0,INR 199,https://nearbook.app/book/3918064,2026-05-03T23:00:43.842008,
India,NearBook,,English kumarbharathi activity book,"Gladwyn
Gladwyn ferreira",0,INR 120,https://nearbook.app/book/3918063,2026-05-03T23:00:44.170441,
India,NearBook,,English grammar,Krishna,0,INR 100,https://nearbook.app/book/3918062,2026-05-03T23:00:44.457458,
India,NearBook,,grand success model papers physics,,0,INR 70,https://nearbook.app/book/3918061,2026-05-03T23:00:46.116458,
India,NearBook,,brainy bot computer,,0,INR 60,https://nearbook.app/book/3918060,2026-05-03T23:00:46.423139,
India,NearBook,,sst,,0,INR 0,https://nearbook.app/book/3918059,2026-05-03T23:00:46.711536,
India,NearBook,,english,,0,INR 110,https://nearbook.app/book/3918058,2026-05-03T23:00:47.003790,
India,NearBook,,Anand Sanskrit,,0,INR 50,https://nearbook.app/book/3918057,2026-05-03T23:00:47.292067,
India,NearBook,,maths ncert part 1,,0,INR 50,https://nearbook.app/book/3918056,2026-05-03T23:00:47.578681,
India,NearBook,,English uttams paper solutions,,0,INR 175,https://nearbook.app/book/3918055,2026-05-03T23:00:47.865187,
India,NearBook,,navbodh Biology,,0,INR 140,https://nearbook.app/book/3918053,2026-05-03T23:00:48.153761,
India,NearBook,,physics part 1,,0,INR 120,https://nearbook.app/book/3918052,2026-05-03T23:00:48.470914,
India,NearBook,,The Martian,,0,INR 350,https://nearbook.app/book/3918051,2026-05-03T23:00:48.761120,
India,NearBook,,English,,0,INR 0,https://nearbook.app/book/3918050,2026-05-03T23:00:49.048523,
India,NearBook,,Literary Journeys,,0,INR 50,https://nearbook.app/book/3918049,2026-05-03T23:00:49.392432,
India,NearBook,,golden leaves,barry o brien,0,INR 70,https://nearbook.app/book/3918048,2026-05-03T23:00:51.003996,
India,NearBook,,Hindi digest,,0,INR 190,https://nearbook.app/book/3918047,2026-05-03T23:00:51.291020,
India,NearBook,,12th maths 1 (arts & science),Aniket Chauhan,0,INR 99,https://nearbook.app/book/3918046,2026-05-03T23:00:51.582022,
India,NearBook,,Death's End. three body problem Book 3,,0,INR 300,https://nearbook.app/book/3918045,2026-05-03T23:00:51.867762,
India,NearBook,,CTET PYQ Science,kiran publication,0,INR 200,https://nearbook.app/book/3918044,2026-05-03T23:00:52.155545,
India,NearBook,,Mathematics,,0,INR 599,https://nearbook.app/book/3918043,2026-05-03T23:00:52.442003,
India,NearBook,,CTET PYQ Science,kiran publication,0,INR 200,https://nearbook.app/book/3918042,2026-05-03T23:00:52.772004,
India,NearBook,,mathematics,,0,INR 200,https://nearbook.app/book/3918041,2026-05-03T23:00:53.079975,
India,NearBook,,Effective Map Reading,Morning Star,0,INR 175,https://nearbook.app/book/3918040,2026-05-03T23:00:53.365935,
India,NearBook,,cuet ug english,,0,INR 50,https://nearbook.app/book/3918039,2026-05-03T23:00:53.693790,
India,NearBook,,English ARC,,0,INR 260,https://nearbook.app/book/3918038,2026-05-03T23:00:54.000298,
India,NearBook,,English yuvakbharati,"Marathi yuvakbharati
Marathi yuvakbharati",0,INR 122,https://nearbook.app/book/3918037,2026-05-03T23:00:54.287768,
India,NearBook,,physics ncert part 2,,0,INR 60,https://nearbook.app/book/3918036,2026-05-03T23:00:55.926784,
India,NearBook,,The dark forest . Three body problem Book 2,,0,INR 300,https://nearbook.app/book/3918035,2026-05-03T23:00:56.253556,
India,NearBook,,General English,,0,INR 200,https://nearbook.app/book/3918034,2026-05-03T23:00:56.560974,
India,NearBook,,English digest,,0,INR 240,https://nearbook.app/book/3918033,2026-05-03T23:00:56.867912,
India,NearBook,,hornbill,,0,INR 55,https://nearbook.app/book/3918032,2026-05-03T23:00:57.154550,
India,NearBook,,grand successmodel papers maths,,0,INR 80,https://nearbook.app/book/3918030,2026-05-03T23:00:57.445608,
India,NearBook,,telugu test book,A TEAM OF STATE LEVEL EXPERTS,0,INR 80,https://nearbook.app/book/3918029,2026-05-03T23:00:57.789278,
India,NearBook,,Snapshots NCERT,,0,INR 10,https://nearbook.app/book/3918028,2026-05-03T23:00:58.096294,
India,NearBook,,English,,0,INR 180,https://nearbook.app/book/3918027,2026-05-03T23:00:58.385318,
India,NearBook,,the three body problems complete set 3 books,,0,INR 900,https://nearbook.app/book/3918025,2026-05-03T23:00:58.711369,
India,NearBook,,CBSE Question Bank ( Maths ),,0,INR 200,https://nearbook.app/book/3918024,2026-05-03T23:00:58.998820,
India,NearBook,,chemistry ncert part 1,,0,INR 60,https://nearbook.app/book/3918023,2026-05-03T23:00:59.428176,
India,NearBook,,physics part 1,NCERT book,0,INR 60,https://nearbook.app/book/3918022,2026-05-03T23:01:01.047495,
India,NearBook,,Economics book,Bhushan da Fatehpur Road Katangi Kothi,0,INR 110,https://nearbook.app/book/3918021,2026-05-03T23:01:01.373351,
India,NearBook,,Information technology,,0,INR 60,https://nearbook.app/book/3918020,2026-05-03T23:01:01.680556,
India,NearBook,,Science,,0,INR 200,https://nearbook.app/book/3918019,2026-05-03T23:01:01.971979,
India,NearBook,,cuet ug gat,,0,INR 70,https://nearbook.app/book/3918018,2026-05-03T23:01:02.258994,
India,NearBook,,Ncert Notes Science,Arihant publication,0,INR 130,https://nearbook.app/book/3918017,2026-05-03T23:01:02.544669,
India,NearBook,,Hornbill NCERT,,0,INR 20,https://nearbook.app/book/3918016,2026-05-03T23:01:02.912788,
India,NearBook,,environment education and water security textbook,,0,INR 51,https://nearbook.app/book/3918015,2026-05-03T23:01:03.200665,
India,NearBook,,Ncert Notes Science,Arihant publication,0,INR 130,https://nearbook.app/book/3918014,2026-05-03T23:01:03.524105,
India,NearBook,,Naitik shiksha,,0,INR 50,https://nearbook.app/book/3918012,2026-05-03T23:01:03.812758,
India,NearBook,,MATHEMATICS PART 1 TEXTBOOK,,0,INR 40,https://nearbook.app/book/3918011,2026-05-03T23:01:04.138263,
India,NearBook,,chemistry part II,NCERT book,0,INR 50,https://nearbook.app/book/3918010,2026-05-03T23:01:04.440427,
India,NearBook,,"NSEJS Aakash modules (physics, chemistry and biology)",,0,INR 800,https://nearbook.app/book/3918009,2026-05-03T23:01:06.065965,
India,NearBook,,The Grammar Coach,Sarbani Mandal,0,INR 240,https://nearbook.app/book/3918008,2026-05-03T23:01:06.397471,
India,NearBook,,health and physical education textbook,,0,INR 74,https://nearbook.app/book/3918007,2026-05-03T23:01:06.698638,
India,NearBook,,living science,mukul sahagal,0,INR 80,https://nearbook.app/book/3918006,2026-05-03T23:01:07.002801,
India,NearBook,,10th Science book,,0,INR 130,https://nearbook.app/book/3918005,2026-05-03T23:01:07.291505,
India,NearBook,,chemistry class 11th part 1,,0,INR 80,https://nearbook.app/book/3918004,2026-05-03T23:01:07.585052,
India,NearBook,,Business studies NCERT,,0,INR 60,https://nearbook.app/book/3918003,2026-05-03T23:01:07.927080,
India,NearBook,,math,,0,INR 40,https://nearbook.app/book/3918002,2026-05-03T23:01:08.214734,
India,NearBook,,Mathematics,Rs aggarwal,0,INR 120,https://nearbook.app/book/3918001,2026-05-03T23:01:08.505139,
India,NearBook,,business studies part 1,Poonam Gandhi,0,INR 400,https://nearbook.app/book/3918000,2026-05-03T23:01:08.822207,
India,NearBook,,NCERT 11TH BIOLOGY(annotated for neetug),NCERT,0,INR 75,https://nearbook.app/book/3917999,2026-05-03T23:01:09.110581,
India,NearBook,,The story of my experiments with truth,,0,INR 150,https://nearbook.app/book/3917998,2026-05-03T23:01:09.398359,
India,NearBook,,Master the NCERT for NEET/ JEE,arihant,0,INR 200,https://nearbook.app/book/3917997,2026-05-03T23:01:11.101492,
India,NearBook,,11th arts & science maths 2 book,Aniket Chauhan,0,INR 79,https://nearbook.app/book/3917996,2026-05-03T23:01:11.511561,
India,NearBook,,Treasure Chest Poem and Short Stories,EVERGREEN PUBLICATION,0,INR 15,https://nearbook.app/book/3917995,2026-05-03T23:01:11.799308,
India,NearBook,,Hindi,,0,INR 150,https://nearbook.app/book/3917994,2026-05-03T23:01:12.096672,
India,NearBook,,English study material,,0,INR 90,https://nearbook.app/book/3917993,2026-05-03T23:01:12.387042,
India,NearBook,,Statistics for economics NCERT,,0,INR 20,https://nearbook.app/book/3917992,2026-05-03T23:01:12.692110,
India,NearBook,,English DIGEST,,0,INR 59,https://nearbook.app/book/3917991,2026-05-03T23:01:12.979283,
India,NearBook,,भारत और समकालीन विश्व भाग 2 सामाजिक विज्ञान,,0,INR 100,https://nearbook.app/book/3917990,2026-05-03T23:01:13.354773,
India,NearBook,,NCERT MCQ General science,Arihant publication,0,INR 100,https://nearbook.app/book/3917989,2026-05-03T23:01:13.641272,
India,NearBook,,Mathematics,RS aggarwal,0,INR 460,https://nearbook.app/book/3917988,2026-05-03T23:01:13.929453,
India,NearBook,,Sanskrit manika,,0,INR 470,https://nearbook.app/book/3917987,2026-05-03T23:01:14.275885,
India,NearBook,,maths digest part 2,,0,INR 350,https://nearbook.app/book/3917985,2026-05-03T23:01:14.583664,
India,NearBook,,NCERT MCQ General science,Arihant publication,0,INR 100,https://nearbook.app/book/3917984,2026-05-03T23:01:17.032450,
India,NearBook,,s.s.t,,0,INR 180,https://nearbook.app/book/3917983,2026-05-03T23:01:17.347895,
India,NearBook,,"introduction 
microeconomics",Dhanpat Rai Publication,0,INR 280,https://nearbook.app/book/3917982,2026-05-03T23:01:17.648067,
India,NearBook,,Sophie's World,,0,INR 250,https://nearbook.app/book/3917981,2026-05-03T23:01:17.942896,
India,NearBook,,secretarial practice,,0,INR 160,https://nearbook.app/book/3917980,2026-05-03T23:01:18.244258,
India,NearBook,,chemistry,,0,INR 100,https://nearbook.app/book/3917979,2026-05-03T23:01:18.549095,
India,NearBook,,MATHEMATICS PART 1 DIGEST,,0,INR 59,https://nearbook.app/book/3917978,2026-05-03T23:01:18.862721,
India,NearBook,,Rs aggarwal class 8,Ayan ali,0,INR 301,https://nearbook.app/book/3917976,2026-05-03T23:01:19.192253,
India,NearBook,,Accountancy part 1 NCERT,,0,INR 60,https://nearbook.app/book/3917975,2026-05-03T23:01:19.486621,
India,NearBook,,Wisdom Tree (G.k),,0,INR 190,https://nearbook.app/book/3917974,2026-05-03T23:01:19.805969,
India,NearBook,,Truth Without Apology Acharya prashant,,0,INR 300,https://nearbook.app/book/3917972,2026-05-03T23:01:20.115516,
India,NearBook,,Political Science,Bhushan da Fatehpur Road Katangi Kothi,0,INR 125,https://nearbook.app/book/3917971,2026-05-03T23:01:20.420484,
India,NearBook,,biology hand book,,0,INR 120,https://nearbook.app/book/3917970,2026-05-03T23:01:22.041024,
India,NearBook,,maths textbook part 2,,0,INR 150,https://nearbook.app/book/3917969,2026-05-03T23:01:22.365926,
India,NearBook,,living maths,Monica capoor,0,INR 70,https://nearbook.app/book/3917968,2026-05-03T23:01:22.673219,
India,NearBook,,"Indian economy 
development",Dhanpat Rai Publication,0,INR 270,https://nearbook.app/book/3917967,2026-05-03T23:01:22.966338,
India,NearBook,,balbharati,intregrated text book,0,INR 80,https://nearbook.app/book/3917966,2026-05-03T23:01:23.260506,
India,NearBook,,"Organic Chemistry by MS Chouhan (Solomons, Fryhle, Snyder) 2021",,0,INR 750,https://nearbook.app/book/3917965,2026-05-03T23:01:23.552983,
India,NearBook,,NCERT Notes Geography in Hindi,Arihant Publication,0,INR 150,https://nearbook.app/book/3917964,2026-05-03T23:01:23.900970,
India,NearBook,,sapiens yuval noah harari,,0,INR 270,https://nearbook.app/book/3917963,2026-05-03T23:01:24.208805,
India,NearBook,,PW Revision card,Pw,0,INR 150,https://nearbook.app/book/3917962,2026-05-03T23:01:24.618431,
India,NearBook,,MARATHI DIGEST,,0,INR 59,https://nearbook.app/book/3917961,2026-05-03T23:01:24.926316,
India,NearBook,,grand success model papers hindi,,0,INR 90,https://nearbook.app/book/3917960,2026-05-03T23:01:25.234308,
India,NearBook,,maths digest part 1,,0,INR 310,https://nearbook.app/book/3917959,2026-05-03T23:01:25.541113,
India,NearBook,,mental ability (for olympiads),,0,INR 100,https://nearbook.app/book/3917958,2026-05-03T23:01:27.178099,
India,NearBook,,balbharati,intregrated text book,0,INR 80,https://nearbook.app/book/3917957,2026-05-03T23:01:27.485630,
India,NearBook,,Mathematics,,0,INR 200,https://nearbook.app/book/3917956,2026-05-03T23:01:27.792838,
India,NearBook,,Que bee English,Arihant,0,INR 185,https://nearbook.app/book/3917955,2026-05-03T23:01:28.087389,
India,NearBook,,the subtle art of not giving a f***,,0,INR 250,https://nearbook.app/book/3917954,2026-05-03T23:01:28.401349,
India,NearBook,,neet ug previous 18 years solved papers,,0,INR 300,https://nearbook.app/book/3917953,2026-05-03T23:01:28.714631,
India,NearBook,,science,,0,INR 200,https://nearbook.app/book/3917952,2026-05-03T23:01:29.008481,
India,NearBook,,maths textbook part 1,,0,INR 146,https://nearbook.app/book/3917951,2026-05-03T23:01:29.304278,
India,NearBook,,icse foundation mathematics,"R.S. Aggarwal 
R.S. aggarwal",0,INR 200,https://nearbook.app/book/3917950,2026-05-03T23:01:29.608036,
India,NearBook,,atomic habits,,0,INR 300,https://nearbook.app/book/3917949,2026-05-03T23:01:29.898604,
India,NearBook,,chemistry hand book,,0,INR 180,https://nearbook.app/book/3917948,2026-05-03T23:01:30.251062,
India,NearBook,,Masters the NCERT for NEET /JEE,"arihant
arihant",0,INR 250,https://nearbook.app/book/3917947,2026-05-03T23:01:30.578495,
India,NearBook,,social science,"rajesh kumar Srivastava 
Rajesh Kumar",0,INR 70,https://nearbook.app/book/3917946,2026-05-03T23:01:32.300559,
India,NearBook,,CONCISE Physics-ICSE Class10,Selina,0,INR 250,https://nearbook.app/book/3917945,2026-05-03T23:01:32.604029,
India,NearBook,,"pw Revision serious book(science,math,sst)","Alakh Sir, Ritik sir, Kunal sir",0,INR 180,https://nearbook.app/book/3917944,2026-05-03T23:01:32.912771,
India,NearBook,,the selfish gene,,0,INR 250,https://nearbook.app/book/3917942,2026-05-03T23:01:33.213994,
India,NearBook,,A4 notebook,book,0,INR 40,https://nearbook.app/book/3917941,2026-05-03T23:01:33.527614,
India,NearBook,,biology digest part 1,,0,INR 300,https://nearbook.app/book/3917940,2026-05-03T23:01:33.835408,
India,NearBook,,today chapter wise,Verma press pvt .ltd.,0,INR 270,https://nearbook.app/book/3917939,2026-05-03T23:01:34.127303,
India,NearBook,,గణితశాస్త్రం తెలుగు మీడియం,A Team of state level Experts,0,INR 99,https://nearbook.app/book/3917937,2026-05-03T23:01:34.449703,
India,NearBook,,String of wisdom,pallavi Borgohain,0,INR 189,https://nearbook.app/book/3917936,2026-05-03T23:01:34.756063,
India,NearBook,,understanding medical surgical nursing,,0,INR 1500,https://nearbook.app/book/3917935,2026-05-03T23:01:35.063525,
India,NearBook,,HISTORY AND POLITICAL SCIENCE DIGEST,,0,INR 59,https://nearbook.app/book/3917934,2026-05-03T23:01:35.371808,
India,NearBook,,oswaal Books CBSE and ncert one for all social science,,0,INR 1000,https://nearbook.app/book/3917933,2026-05-03T23:01:35.663649,
India,NearBook,,communication,,0,INR 100,https://nearbook.app/book/3917932,2026-05-03T23:01:37.302324,
India,NearBook,,SKC Physics Crush Class 12th Handwritten Notes by Saleem Sir,Saleem Ahmed,0,INR 350,https://nearbook.app/book/3917931,2026-05-03T23:01:37.599199,
India,NearBook,,"grand success model papers 
telugu",,0,INR 70,https://nearbook.app/book/3917930,2026-05-03T23:01:37.891440,
India,NearBook,,Science findout!,,0,INR 200,https://nearbook.app/book/3917929,2026-05-03T23:01:38.237691,
India,NearBook,,the Origin of Species,,0,INR 200,https://nearbook.app/book/3917928,2026-05-03T23:01:38.529584,
India,NearBook,,Accountancy Part 2 NCERT,,0,INR 40,https://nearbook.app/book/3917927,2026-05-03T23:01:38.822905,
India,NearBook,,biology textbook,,0,INR 200,https://nearbook.app/book/3917926,2026-05-03T23:01:39.159561,
India,NearBook,,twisted lies,,0,INR 100,https://nearbook.app/book/3917925,2026-05-03T23:01:39.453465,
India,NearBook,,chemistry hand book,,0,INR 200,https://nearbook.app/book/3917924,2026-05-03T23:01:39.773679,
India,NearBook,,GEOGRAPHY DIGEST,,0,INR 59,https://nearbook.app/book/3917923,2026-05-03T23:01:40.081463,
India,NearBook,,EVERGREEN: Shakespeare's Julius Caesar-ICSE Class10,EVERGREEN,0,INR 100,https://nearbook.app/book/3917922,2026-05-03T23:01:40.392618,
India,NearBook,,project Hail Mary,,0,INR 350,https://nearbook.app/book/3917920,2026-05-03T23:01:40.685905,
India,NearBook,,science,,0,INR 90,https://nearbook.app/book/3917919,2026-05-03T23:01:42.305553,
India,NearBook,,the big short,,0,INR 200,https://nearbook.app/book/3917918,2026-05-03T23:01:42.611387,
India,NearBook,,biology,,0,INR 180,https://nearbook.app/book/3917917,2026-05-03T23:01:42.906457,
India,NearBook,,moments,,0,INR 30,https://nearbook.app/book/3917916,2026-05-03T23:01:43.220967,
India,NearBook,,Physics Wallah (PW) NEET 2025 modules,,0,INR 6999,https://nearbook.app/book/3917915,2026-05-03T23:01:43.514081,
India,NearBook,,the Wheel of Time Novel 3 part,,0,INR 900,https://nearbook.app/book/3917914,2026-05-03T23:01:43.809558,
India,NearBook,,mathematics,,0,INR 180,https://nearbook.app/book/3917913,2026-05-03T23:01:44.110208,
India,NearBook,,Mathematics,Maths,0,INR 530,https://nearbook.app/book/3917912,2026-05-03T23:01:44.417850,
India,NearBook,,SCIENCE AND TECHNOLOGY (PART 2),,0,INR 59,https://nearbook.app/book/3917911,2026-05-03T23:01:44.712014,
India,NearBook,,TOTAL ENGLISH ICSE Class9,,0,INR 200,https://nearbook.app/book/3917910,2026-05-03T23:01:45.004582,
India,NearBook,,nootbook,,0,INR 300,https://nearbook.app/book/3917909,2026-05-03T23:01:45.299135,
India,NearBook,,tamil book,sahul hameed,0,INR 200,https://nearbook.app/book/3917908,2026-05-03T23:01:45.610817,
India,NearBook,,Social Life Adventure,,0,INR 200,https://nearbook.app/book/3917907,2026-05-03T23:01:47.249425,
India,NearBook,,Maths Ace Elite,"alka tuli 
rajesh hassija
shuborno chakraborty",0,INR 200,https://nearbook.app/book/3917906,2026-05-03T23:01:47.556847,
India,NearBook,,beehive,National Council of Educational Research and Training,0,INR 45,https://nearbook.app/book/3917905,2026-05-03T23:01:47.869230,
India,NearBook,,The Hobbit and The lord of the Rings complete set 4 books,,0,INR 1000,https://nearbook.app/book/3917904,2026-05-03T23:01:48.171821,
India,NearBook,,TOM GATES,,0,INR 150,https://nearbook.app/book/3917903,2026-05-03T23:01:48.465271,
India,NearBook,,Cyber Quest,,0,INR 200,https://nearbook.app/book/3917902,2026-05-03T23:01:48.757588,
India,NearBook,,note book,,0,INR 50,https://nearbook.app/book/3917901,2026-05-03T23:01:49.092299,
India,NearBook,,PROGRAMMING C,R. Renuka,0,INR 150,https://nearbook.app/book/3917900,2026-05-03T23:01:49.501785,
India,NearBook,,the locked door,,0,INR 200,https://nearbook.app/book/3917899,2026-05-03T23:01:49.793814,
India,NearBook,,EVERGREEN: Shakespeare's Julius Caesar Workbook-ICSE Class10,EVERGREEN,0,INR 100,https://nearbook.app/book/3917898,2026-05-03T23:01:50.087913,
India,NearBook,,Rs aggarwal class 7,Ayan ali,0,INR 300,https://nearbook.app/book/3917897,2026-05-03T23:01:50.382756,
India,NearBook,,computer world,,0,INR 20,https://nearbook.app/book/3917896,2026-05-03T23:01:50.731219,
India,NearBook,,SCIENCE AND TECHNOLOGY (PART 1),,0,INR 59,https://nearbook.app/book/3917895,2026-05-03T23:01:52.358542,
India,NearBook,,science,,0,INR 100,https://nearbook.app/book/3917894,2026-05-03T23:01:52.676585,
India,NearBook,,Introductory microeconomics NCERT,,0,INR 20,https://nearbook.app/book/3917893,2026-05-03T23:01:53.086228,
India,NearBook,,the locked door,,0,INR 200,https://nearbook.app/book/3917892,2026-05-03T23:01:53.393489,
India,NearBook,,Hindi Language,Hindi language,0,INR 300,https://nearbook.app/book/3917891,2026-05-03T23:01:53.685531,
India,NearBook,,physics 2,,0,INR 100,https://nearbook.app/book/3917890,2026-05-03T23:01:54.008986,
India,NearBook,,physics 2,,0,INR 100,https://nearbook.app/book/3917889,2026-05-03T23:01:54.316732,
India,NearBook,,Bodhgamaya,,0,INR 200,https://nearbook.app/book/3917888,2026-05-03T23:01:54.622277,
India,NearBook,,chemistry,,0,INR 68,https://nearbook.app/book/3917887,2026-05-03T23:01:54.929330,
India,NearBook,,Sarswati vyakaran suman-Hindi grammar ICSE Class10,,0,INR 300,https://nearbook.app/book/3917886,2026-05-03T23:01:55.825838,
India,NearBook,,Indian economic development NCERT,,0,INR 40,https://nearbook.app/book/3917885,2026-05-03T23:01:56.158172,
India,NearBook,,Kayara,,0,INR 200,https://nearbook.app/book/3917884,2026-05-03T23:01:56.443996,
India,NearBook,,Democratic politics-2,,0,INR 75,https://nearbook.app/book/3917883,2026-05-03T23:01:58.090589,
India,NearBook,,chemistry target part 2,,0,INR 240,https://nearbook.app/book/3917882,2026-05-03T23:01:58.376160,
India,NearBook,,social awareness,,0,INR 20,https://nearbook.app/book/3917881,2026-05-03T23:01:58.718183,
India,NearBook,,grand success model papers in biology,,0,INR 63,https://nearbook.app/book/3917880,2026-05-03T23:01:59.127654,
India,NearBook,,physics 2,,0,INR 150,https://nearbook.app/book/3917879,2026-05-03T23:01:59.435353,
India,NearBook,,Hornbill,,0,INR 80,https://nearbook.app/book/3917878,2026-05-03T23:01:59.742357,
India,NearBook,,The 48 laws of power,original price is 999,0,INR 550,https://nearbook.app/book/3917877,2026-05-03T23:02:00.024463,
India,NearBook,,GPAT,"umang shah
Ashok akabari 
sandip patel",0,INR 800,https://nearbook.app/book/3917876,2026-05-03T23:02:00.359431,
India,NearBook,,physics,,0,INR 150,https://nearbook.app/book/3917875,2026-05-03T23:02:00.643460,
India,NearBook,,Marathi Aksharbharti,,0,INR 79,https://nearbook.app/book/3917874,2026-05-03T23:02:00.926932,
India,NearBook,,Snapshots,,0,INR 50,https://nearbook.app/book/3917873,2026-05-03T23:02:01.205903,
India,NearBook,,Introductory Macroeconomics NCERT,,0,INR 40,https://nearbook.app/book/3917872,2026-05-03T23:02:01.485845,
India,NearBook,,General knowledge,,0,INR 100,https://nearbook.app/book/3917870,2026-05-03T23:02:03.121900,
India,NearBook,,chemistry target part 1,,0,INR 240,https://nearbook.app/book/3917869,2026-05-03T23:02:03.429092,
India,NearBook,,social science,Shri Balaji publications,0,INR 350,https://nearbook.app/book/3917868,2026-05-03T23:02:03.772540,
India,NearBook,,political theory,,0,INR 100,https://nearbook.app/book/3917867,2026-05-03T23:02:04.102103,
India,NearBook,,TOTAL ENGLISH- ICSE class10,good condition and completely unused,0,INR 200,https://nearbook.app/book/3917866,2026-05-03T23:02:04.452879,
India,NearBook,,Millennium's Science,,0,INR 200,https://nearbook.app/book/3917865,2026-05-03T23:02:04.760597,
India,NearBook,,First flight,,0,INR 80,https://nearbook.app/book/3917864,2026-05-03T23:02:05.067214,
India,NearBook,,"New Gem,s English reader",,0,INR 200,https://nearbook.app/book/3917863,2026-05-03T23:02:05.375060,
India,NearBook,,chemistry digest part 2,,0,INR 330,https://nearbook.app/book/3917862,2026-05-03T23:02:05.658790,
India,NearBook,,Narendra avasthi,200,0,INR 200,https://nearbook.app/book/3917861,2026-05-03T23:02:05.990055,
India,NearBook,,double click,,0,INR 15,https://nearbook.app/book/3917860,2026-05-03T23:02:06.274282,
India,NearBook,,Indian constitution at work,,0,INR 140,https://nearbook.app/book/3917859,2026-05-03T23:02:06.603158,
India,NearBook,,Chemistry (Aakash modules),,0,INR 400,https://nearbook.app/book/3917858,2026-05-03T23:02:08.241754,
India,NearBook,,MOments,,0,INR 20,https://nearbook.app/book/3917857,2026-05-03T23:02:08.548873,
India,NearBook,,Path finder,Dr.Meenakshi Chauhan,0,INR 280,https://nearbook.app/book/3917856,2026-05-03T23:02:08.859921,
India,NearBook,,hindi,Khatani Kothi bhusunda manpur gaya,0,INR 50,https://nearbook.app/book/3917855,2026-05-03T23:02:09.162826,
India,NearBook,,chemistry digest part 1,,0,INR 300,https://nearbook.app/book/3917854,2026-05-03T23:02:09.445885,
India,NearBook,,ICSE Sahitya Sagar-Hindi Class10,,0,INR 5,https://nearbook.app/book/3917853,2026-05-03T23:02:09.780403,
India,NearBook,,maths part 2,,0,INR 70,https://nearbook.app/book/3917852,2026-05-03T23:02:10.084910,
India,NearBook,,mathematics,himanshu,0,INR 80,https://nearbook.app/book/3917851,2026-05-03T23:02:10.366715,
India,NearBook,,"Sanskrit, science track, artist fair, poorvi, social science work book, social science textbook, Sanskrit textbook, Viva computer, maths textbook, grammar & composition all are 7 std",Smit,0,INR 1357,https://nearbook.app/book/3917850,2026-05-03T23:02:10.648355,
India,NearBook,,m.a. easy notes,csjmu,0,INR 30,https://nearbook.app/book/3917849,2026-05-03T23:02:10.931572,
India,NearBook,,"Sanskrit, science track, artist fair, poorvi, social science work book, social science textbook, Sanskrit textbook, Viva computer, maths textbook, grammar & composition all are 7 std",Smit,0,INR 1357,https://nearbook.app/book/3917848,2026-05-03T23:02:11.215378,
India,NearBook,,Antral,,0,INR 40,https://nearbook.app/book/3917847,2026-05-03T23:02:11.497719,
India,NearBook,,SCIENCE AND TECHNOLOGY PART 2 DIGEST,,0,INR 99,https://nearbook.app/book/3917846,2026-05-03T23:02:13.093622,
India,NearBook,,English literature,,0,INR 350,https://nearbook.app/book/3917845,2026-05-03T23:02:13.376209,
India,NearBook,,इतिहास,samajik vigyan,0,INR 0,https://nearbook.app/book/3917844,2026-05-03T23:02:13.663739,
India,NearBook,,physics,,0,INR 98,https://nearbook.app/book/3917842,2026-05-03T23:02:13.946140,
India,NearBook,,निदानात्मक कक्षाओं हेतु मॉड्यूल कक्षा 9 विधार्थी आभास पुस्तक विज्ञान,,0,INR 200,https://nearbook.app/book/3917841,2026-05-03T23:02:14.283429,
India,NearBook,,mathematics,,0,INR 15,https://nearbook.app/book/3917840,2026-05-03T23:02:14.590763,
India,NearBook,,Accountancy company accounts and analysis of financial statements NCERT,,0,INR 50,https://nearbook.app/book/3917839,2026-05-03T23:02:14.873063,
India,NearBook,,chemistry textbook,,0,INR 187,https://nearbook.app/book/3917837,2026-05-03T23:02:15.162174,
India,NearBook,,physics,,0,INR 69,https://nearbook.app/book/3917836,2026-05-03T23:02:15.444913,
India,NearBook,,Treasure Chest Workbook VOL-I(poems),good condition and completely unused,0,INR 150,https://nearbook.app/book/3917835,2026-05-03T23:02:15.730116,
India,NearBook,,Antra,,0,INR 65,https://nearbook.app/book/3917834,2026-05-03T23:02:16.013686,
India,NearBook,,Urdu reader,,0,INR 100,https://nearbook.app/book/3917833,2026-05-03T23:02:16.330808,
India,NearBook,,English kumarbharti,,0,INR 60,https://nearbook.app/book/3917832,2026-05-03T23:02:17.945821,
India,NearBook,,MATHEMATICS PART 2 DIGEST,,0,INR 59,https://nearbook.app/book/3917831,2026-05-03T23:02:18.227991,
India,NearBook,,maths deled,sahitya Prakashan,0,INR 30,https://nearbook.app/book/3917830,2026-05-03T23:02:18.510557,
India,NearBook,,Problems in Calculus of one variable,,0,INR 80,https://nearbook.app/book/3917829,2026-05-03T23:02:18.890984,
India,NearBook,,physics target part 2,,0,INR 240,https://nearbook.app/book/3917828,2026-05-03T23:02:19.198911,
India,NearBook,,Accountancy partnership accounts NCERT,,0,INR 50,https://nearbook.app/book/3917827,2026-05-03T23:02:19.505606,
India,NearBook,,geography,,0,INR 60,https://nearbook.app/book/3917826,2026-05-03T23:02:19.813033,
India,NearBook,,kamal A4 special note book,"Special book
special book",0,INR 500,https://nearbook.app/book/3917825,2026-05-03T23:02:20.099044,
India,NearBook,,computer deled,sahitya Prakashan,0,INR 60,https://nearbook.app/book/3917824,2026-05-03T23:02:20.427038,
India,NearBook,,physics (aakash modules),,0,INR 400,https://nearbook.app/book/3917823,2026-05-03T23:02:20.734297,
India,NearBook,,Oswal ICSE Question Bank,,0,INR 400,https://nearbook.app/book/3917822,2026-05-03T23:02:21.046823,
India,NearBook,,Geography Digest,,0,INR 59,https://nearbook.app/book/3917821,2026-05-03T23:02:21.348903,
India,NearBook,,pariksha adhyayan,,0,INR 10,https://nearbook.app/book/3917820,2026-05-03T23:02:22.987629,
India,NearBook,,poorvi,,0,INR 65,https://nearbook.app/book/3917819,2026-05-03T23:02:23.269950,
India,NearBook,,social studies,,0,INR 100,https://nearbook.app/book/3917818,2026-05-03T23:02:23.552766,
India,NearBook,,Mathematics CBSE Class 10th 2025 Edition Old book,,0,INR 150,https://nearbook.app/book/3917817,2026-05-03T23:02:23.914775,
India,NearBook,,path finder,Dr Meenakshi Chauhan,0,INR 280,https://nearbook.app/book/3917816,2026-05-03T23:02:24.198347,
India,NearBook,,social studies,,0,INR 100,https://nearbook.app/book/3917815,2026-05-03T23:02:24.523482,
India,NearBook,,science and technology,deepak,0,INR 499-,https://nearbook.app/book/3917814,2026-05-03T23:02:24.806634,
India,NearBook,,physics target part 1,,0,INR 240,https://nearbook.app/book/3917813,2026-05-03T23:02:25.095434,
India,NearBook,,deled social science book,sahitya Prakashan,0,INR 50,https://nearbook.app/book/3917812,2026-05-03T23:02:25.378291,
India,NearBook,,Physical education,,0,INR 199,https://nearbook.app/book/3917811,2026-05-03T23:02:25.661084,
India,NearBook,,Geography Digest,,0,INR 79,https://nearbook.app/book/3917810,2026-05-03T23:02:25.957529,
India,NearBook,,Skills in Mathematics for jee mains & advanced,Arihant,0,INR 180,https://nearbook.app/book/3917809,2026-05-03T23:02:26.240683,
India,NearBook,,class 10 bord exam since,,0,INR 200,https://nearbook.app/book/3917808,2026-05-03T23:02:27.902621,
India,NearBook,,Painting,,0,INR 79,https://nearbook.app/book/3917805,2026-05-03T23:02:28.184323,
India,NearBook,,Business studies part 2 NCERT,,0,INR 40,https://nearbook.app/book/3917804,2026-05-03T23:02:28.517413,
India,NearBook,,history of india,Chitta Ranjan Satapathy,0,INR 450,https://nearbook.app/book/3917803,2026-05-03T23:02:28.799764,
India,NearBook,,Physical education,,0,INR 79,https://nearbook.app/book/3917802,2026-05-03T23:02:29.114513,
India,NearBook,,CONCISE mathematics ICSE Class10,Selina,0,INR 300,https://nearbook.app/book/3917801,2026-05-03T23:02:29.438940,
India,NearBook,,RS Aggarwal,,0,INR 285,https://nearbook.app/book/3917800,2026-05-03T23:02:29.745710,
India,NearBook,,history and political science,,0,INR 60,https://nearbook.app/book/3917799,2026-05-03T23:02:30.053986,
India,NearBook,,IT codezilla,,0,INR 150,https://nearbook.app/book/3917798,2026-05-03T23:02:30.367436,
India,NearBook,,Hindi Paathshala,Nida Fatima,0,INR 250,https://nearbook.app/book/3917797,2026-05-03T23:02:30.655368,
India,NearBook,,Mental math only for( competition),Directorate of education,0,INR 150,https://nearbook.app/book/3917796,2026-05-03T23:02:30.939503,
India,NearBook,,commerce,sanjay,0,INR 270,https://nearbook.app/book/3917793,2026-05-03T23:02:31.222722,
India,NearBook,,history and civics,Ayaan Khan,0,INR 50,https://nearbook.app/book/3917792,2026-05-03T23:02:32.820979,
India,NearBook,,bal bharti standard six part 2,,0,INR 80,https://nearbook.app/book/3917791,2026-05-03T23:02:33.103431,
India,NearBook,,परीक्षा सार कक्षा 8,,0,INR 20,https://nearbook.app/book/3917790,2026-05-03T23:02:33.432508,
India,NearBook,,chemistry,,0,INR 150,https://nearbook.app/book/3917789,2026-05-03T23:02:33.739274,
India,NearBook,,Reflections,Monika Pant,0,INR 200,https://nearbook.app/book/3917787,2026-05-03T23:02:34.025781,
India,NearBook,,oswal class 10 cbse english question bank,,0,INR 699,https://nearbook.app/book/3917785,2026-05-03T23:02:34.968311,
India,NearBook,,Indian Economic development,,0,INR 199,https://nearbook.app/book/3917784,2026-05-03T23:02:35.248969,
India,NearBook,,commerce,,0,INR 270,https://nearbook.app/book/3917783,2026-05-03T23:02:35.582873,
India,NearBook,,English balbharti,Ayaan Khan,0,INR 90,https://nearbook.app/book/3917782,2026-05-03T23:02:35.860018,
India,NearBook,,english,,0,INR 150,https://nearbook.app/book/3917781,2026-05-03T23:02:36.138667,
India,NearBook,,All 21 set of 2025 Class 10th,Ashmit Gaonkar,0,INR 450,https://nearbook.app/book/3917780,2026-05-03T23:02:36.504734,
India,NearBook,,hindi vyakran (advance ),National education policy,0,INR 100,https://nearbook.app/book/3917779,2026-05-03T23:02:36.783118,
India,NearBook,,Macroeconomics,,0,INR 299,https://nearbook.app/book/3917778,2026-05-03T23:02:38.391523,
India,NearBook,,note book,,0,INR 800,https://nearbook.app/book/3917777,2026-05-03T23:02:38.758375,
India,NearBook,,Mathematics (NCERT),,0,INR 100,https://nearbook.app/book/3917775,2026-05-03T23:02:39.036277,
India,NearBook,,knowledge plus for class 6,,0,INR 100,https://nearbook.app/book/3917774,2026-05-03T23:02:39.310968,
India,NearBook,,english,,0,INR 116,https://nearbook.app/book/3917773,2026-05-03T23:02:39.585191,
India,NearBook,,Science Adventure,Ashwin Narayan,0,INR 300,https://nearbook.app/book/3917772,2026-05-03T23:02:39.883873,
India,NearBook,,physics digest part 2,,0,INR 360,https://nearbook.app/book/3917771,2026-05-03T23:02:40.190966,
India,NearBook,,hindi LL,Ayaan Khan,0,INR 40,https://nearbook.app/book/3917770,2026-05-03T23:02:40.498273,
India,NearBook,,our past3,,0,INR 20,https://nearbook.app/book/3917768,2026-05-03T23:02:40.805500,
India,NearBook,,hindi LL,Ayaan Khan,0,INR 40,https://nearbook.app/book/3917767,2026-05-03T23:02:41.083799,
India,NearBook,,english vedika,,0,INR 25,https://nearbook.app/book/3917766,2026-05-03T23:02:41.423132,
India,NearBook,,maths part 1,,0,INR 70,https://nearbook.app/book/3917765,2026-05-03T23:02:41.726814,
India,NearBook,,psychology,"A shivaya 
aa shivaya",0,INR 100,https://nearbook.app/book/3917764,2026-05-03T23:02:43.306195,
India,NearBook,,science,,0,INR 100,https://nearbook.app/book/3917763,2026-05-03T23:02:43.579080,
India,NearBook,,Sample Papers (economics),,0,INR 149,https://nearbook.app/book/3917761,2026-05-03T23:02:43.856739,
India,NearBook,,8th class English part 1,,0,INR 30,https://nearbook.app/book/3917760,2026-05-03T23:02:44.185016,
India,NearBook,,psychology,"A shivaya 
aa shivaya",0,INR 100,https://nearbook.app/book/3917759,2026-05-03T23:02:44.491250,
India,NearBook,,QUESTION BANK,,0,INR 300,https://nearbook.app/book/3917758,2026-05-03T23:02:44.798541,
India,NearBook,,English grammar,Ayaan Khan,0,INR 70,https://nearbook.app/book/3917757,2026-05-03T23:02:45.073420,
India,NearBook,,Science & Technology (Part 1),,0,INR 50,https://nearbook.app/book/3917756,2026-05-03T23:02:45.412966,
India,NearBook,,English grammar,Ayaan Khan,0,INR 70,https://nearbook.app/book/3917755,2026-05-03T23:02:45.720746,
India,NearBook,,15 Sample paper ICSE,,0,INR 125,https://nearbook.app/book/3917754,2026-05-03T23:02:45.995648,
India,NearBook,,nots,,0,INR 900,https://nearbook.app/book/3917753,2026-05-03T23:02:46.334990,
India,NearBook,,10th class biology questionbank,mohd ishaq,0,INR 150,https://nearbook.app/book/3917752,2026-05-03T23:02:46.614547,
India,NearBook,,physics digest part 1,,0,INR 290,https://nearbook.app/book/3917751,2026-05-03T23:02:48.250843,
India,NearBook,,दोन मने,वि.स.खांडेकर,0,INR 220,https://nearbook.app/book/3917750,2026-05-03T23:02:48.589416,
India,NearBook,,oswal class 10 cbse science question bank,,0,INR 699,https://nearbook.app/book/3917749,2026-05-03T23:02:48.867938,
India,NearBook,,Knowledge Bank,Tarun kumar singh,0,INR 100,https://nearbook.app/book/3917748,2026-05-03T23:02:49.151374,
India,NearBook,,pariksha bodh,,0,INR 10,https://nearbook.app/book/3917747,2026-05-03T23:02:49.509025,
India,NearBook,,15 Sample Question papers ICSE,,0,INR 125,https://nearbook.app/book/3917745,2026-05-03T23:02:49.817475,
India,NearBook,,marathi grammar,Ayaan Khan,0,INR 40,https://nearbook.app/book/3917744,2026-05-03T23:02:50.123642,
India,NearBook,,Macroeconomics,,0,INR 399,https://nearbook.app/book/3917743,2026-05-03T23:02:50.431364,
India,NearBook,,History & Political Science,,0,INR 50,https://nearbook.app/book/3917742,2026-05-03T23:02:50.737997,
India,NearBook,,social map pointing book,bhavani,0,INR 100,https://nearbook.app/book/3917741,2026-05-03T23:02:51.016690,
India,NearBook,,Hindi,,0,INR 30,https://nearbook.app/book/3917740,2026-05-03T23:02:51.353060,
India,NearBook,,Oswal class 10 cbse maths question bank,,0,INR 699,https://nearbook.app/book/3917739,2026-05-03T23:02:51.642387,
India,NearBook,,pw अर्जुना jee module hindi medium all (physics chemistry math),,0,INR 2000,https://nearbook.app/book/3917738,2026-05-03T23:02:53.227298,
India,NearBook,,physics textbook std 12,,0,INR 193,https://nearbook.app/book/3917737,2026-05-03T23:02:53.502655,
India,NearBook,,psychology,a shivaya,0,INR 300,https://nearbook.app/book/3917735,2026-05-03T23:02:53.777475,
India,NearBook,,Geography,Chirag nagar,0,INR 60,https://nearbook.app/book/3917734,2026-05-03T23:02:54.053514,
India,NearBook,,Understand Economic Development,,0,INR 100,https://nearbook.app/book/3917733,2026-05-03T23:02:54.328436,
India,NearBook,,geography and economics,,0,INR 0,https://nearbook.app/book/3917732,2026-05-03T23:02:54.629360,
India,NearBook,,geography and economics,,0,INR 0,https://nearbook.app/book/3917731,2026-05-03T23:02:54.936609,
India,NearBook,,Indian Economic Development (Economics),,0,INR 249,https://nearbook.app/book/3917730,2026-05-03T23:02:55.243441,
India,NearBook,,general science,Ayaan Khan,0,INR 50,https://nearbook.app/book/3917729,2026-05-03T23:02:55.550736,
India,NearBook,,ALL IN ONE Math's 7,,0,INR 220,https://nearbook.app/book/3917728,2026-05-03T23:02:55.858017,
India,NearBook,,Curiosity class 8,,0,INR 20,https://nearbook.app/book/3917727,2026-05-03T23:02:56.165125,
India,NearBook,,physical science drawing book,bhavani,0,INR 98,https://nearbook.app/book/3917726,2026-05-03T23:02:56.448209,
India,NearBook,,Learning smart maths,Smit,0,INR 250,https://nearbook.app/book/3917725,2026-05-03T23:02:58.089792,
India,NearBook,,Nutan NMMS+GSSE two in one book for std 8,"Hasmukh Kalsariya 
Vishal Solanki",0,INR 380,https://nearbook.app/book/3917724,2026-05-03T23:02:58.418272,
India,NearBook,,mathematics (RS Agarwal),,0,INR 300,https://nearbook.app/book/3917723,2026-05-03T23:02:58.725174,
India,NearBook,,Learning smart maths,Smit,0,INR 250,https://nearbook.app/book/3917722,2026-05-03T23:02:59.002775,
India,NearBook,,History,Chirag nagar,0,INR 100,https://nearbook.app/book/3917721,2026-05-03T23:02:59.340715,
India,NearBook,,physics part2,,0,INR 150,https://nearbook.app/book/3917720,2026-05-03T23:02:59.647543,
India,NearBook,,oswal social science class 10 cbse question bank,,0,INR 699,https://nearbook.app/book/3917719,2026-05-03T23:03:00.033328,
India,NearBook,,ssc,Aaditya ranjan sir maths book,0,INR 400,https://nearbook.app/book/3917718,2026-05-03T23:03:00.313134,
India,NearBook,,marathi aksharbharti,,0,INR 50,https://nearbook.app/book/3917717,2026-05-03T23:03:00.668198,
India,NearBook,,physics part2,,0,INR 150,https://nearbook.app/book/3917716,2026-05-03T23:03:00.978652,
India,NearBook,,Mathematics (R.D.Sharma),,0,INR 300,https://nearbook.app/book/3917715,2026-05-03T23:03:01.256148,
India,NearBook,,ICSE Understanding Computer Application with BlueJ Class X,APC Books,0,INR 350,https://nearbook.app/book/3917714,2026-05-03T23:03:01.532049,
India,NearBook,,Micro Economics,,0,INR 300,https://nearbook.app/book/3917713,2026-05-03T23:03:03.220614,
India,NearBook,,ALL IN ONE English 7,,0,INR 340,https://nearbook.app/book/3917712,2026-05-03T23:03:03.640805,
India,NearBook,,Democratic politics,Chirag nagar,0,INR 50,https://nearbook.app/book/3917711,2026-05-03T23:03:03.916877,
India,NearBook,,Indian constitution,,0,INR 400,https://nearbook.app/book/3917710,2026-05-03T23:03:04.194007,
India,NearBook,,urdu book 7,Ayaan Khan,0,INR 30,https://nearbook.app/book/3917709,2026-05-03T23:03:04.472366,
India,NearBook,,chemistry part1,,0,INR 150,https://nearbook.app/book/3917708,2026-05-03T23:03:04.748171,
India,NearBook,,Mathematics,"G. Sen ( M.Sc, B.Ed.)
&
Deep Duggal",0,INR 250,https://nearbook.app/book/3917707,2026-05-03T23:03:05.031910,
India,NearBook,,middle age,free,0,INR 0,https://nearbook.app/book/3917705,2026-05-03T23:03:05.320746,
India,NearBook,,gatvar dictionary,,0,INR 60,https://nearbook.app/book/3917703,2026-05-03T23:03:05.609447,
India,NearBook,,English weaves,Soumya Gulati,0,INR 150,https://nearbook.app/book/3917702,2026-05-03T23:03:05.894546,
India,NearBook,,geography digest (mh board ),,0,INR 100,https://nearbook.app/book/3917701,2026-05-03T23:03:06.171595,
India,NearBook,,hornbill,,0,INR 200,https://nearbook.app/book/3917700,2026-05-03T23:03:06.465449,
India,NearBook,,science part 2,science,0,INR 31,https://nearbook.app/book/3917699,2026-05-03T23:03:08.146468,
India,NearBook,,Desigh Thinking,,0,INR 250,https://nearbook.app/book/3917698,2026-05-03T23:03:08.453573,
India,NearBook,,fundamental GNM first year,fundamental,0,INR 500,https://nearbook.app/book/3917697,2026-05-03T23:03:08.760691,
India,NearBook,,12 class book history,NCERT,0,INR 60,https://nearbook.app/book/3917696,2026-05-03T23:03:09.068319,
India,NearBook,,Chemistry part 2,,0,INR 150,https://nearbook.app/book/3917695,2026-05-03T23:03:09.344582,
India,NearBook,,it so happened std 8th,,0,INR 30,https://nearbook.app/book/3917694,2026-05-03T23:03:09.622090,
India,NearBook,,political science,,0,INR 300,https://nearbook.app/book/3917693,2026-05-03T23:03:09.989513,
India,NearBook,,science part 1,science,0,INR 34,https://nearbook.app/book/3917692,2026-05-03T23:03:10.296381,
India,NearBook,,history and political science digest (mh board),,0,INR 100,https://nearbook.app/book/3917691,2026-05-03T23:03:10.571347,
India,NearBook,,Economics,Chirag nagar,0,INR 50,https://nearbook.app/book/3917690,2026-05-03T23:03:10.916197,
India,NearBook,,navneet Sanskrit,Smit,0,INR 50,https://nearbook.app/book/3917687,2026-05-03T23:03:11.201017,
India,NearBook,,science drawing book,bhavani,0,INR 98,https://nearbook.app/book/3917686,2026-05-03T23:03:11.525343,
India,NearBook,,Integrated 6std textbook part4,,0,INR 135,https://nearbook.app/book/3917685,2026-05-03T23:03:13.163701,
India,NearBook,,ENGLISH,"Rajib
Rajib",0,INR 250,https://nearbook.app/book/3917684,2026-05-03T23:03:14.188488,
India,NearBook,,navneet Sanskrit,Smit,0,INR 50,https://nearbook.app/book/3917683,2026-05-03T23:03:14.495253,
India,NearBook,,maths practical book,,0,INR 60,https://nearbook.app/book/3917681,2026-05-03T23:03:14.802959,
India,NearBook,,ALL IN ONE Science 7,,0,INR 260,https://nearbook.app/book/3917680,2026-05-03T23:03:15.098071,
India,NearBook,,higher  Engineering Mathematics,,0,INR 150,https://nearbook.app/book/3917679,2026-05-03T23:03:15.435631,
India,NearBook,,mathematics part 2,maths,0,INR 42,https://nearbook.app/book/3917678,2026-05-03T23:03:15.734405,
India,NearBook,,mathematics part 2,maths,0,INR 42,https://nearbook.app/book/3917677,2026-05-03T23:03:16.028526,
India,NearBook,,Mathematics (R.D.Sharma),,0,INR 300,https://nearbook.app/book/3917676,2026-05-03T23:03:16.324774,
India,NearBook,,MHT-CET Chemistry Part 2,saptarshi classes,0,INR 400,https://nearbook.app/book/3917675,2026-05-03T23:03:16.645473,
India,NearBook,,mcc publications Bangalore,shripalgowda,0,INR 800,https://nearbook.app/book/3917673,2026-05-03T23:03:16.941738,
India,NearBook,,maths,,0,INR 450,https://nearbook.app/book/3917671,2026-05-03T23:03:17.259998,
India,NearBook,,snapshot,,0,INR 200,https://nearbook.app/book/3917670,2026-05-03T23:03:18.878155,
India,NearBook,,mcc publications Bangalore,shripalgowda,0,INR 800,https://nearbook.app/book/3917669,2026-05-03T23:03:19.205331,
India,NearBook,,special forces training,,0,INR 250,https://nearbook.app/book/3917668,2026-05-03T23:03:19.497399,
India,NearBook,,mathematics part 1,maths,0,INR 45,https://nearbook.app/book/3917667,2026-05-03T23:03:19.819743,
India,NearBook,,PHYSICS part 1,,0,INR 150,https://nearbook.app/book/3917666,2026-05-03T23:03:20.114218,
India,NearBook,,Flamingo (English),,0,INR 39,https://nearbook.app/book/3917665,2026-05-03T23:03:20.434458,
India,NearBook,,computer 7,Ayaan Khan,0,INR 100,https://nearbook.app/book/3917664,2026-05-03T23:03:20.728052,
India,NearBook,,organic chemistry,SP jauhar,0,INR 250,https://nearbook.app/book/3917663,2026-05-03T23:03:21.053993,
India,NearBook,,pre-secondary Scholarship Examination std 8 half solved,,0,INR 100,https://nearbook.app/book/3917662,2026-05-03T23:03:21.356567,
India,NearBook,,hindi lokbharti digest,,0,INR 100,https://nearbook.app/book/3917661,2026-05-03T23:03:21.663804,
India,NearBook,,prachin aur madhyakalin samajik sanrachnaen aur sanskritiyan,amar faruki,0,INR 300,https://nearbook.app/book/3917660,2026-05-03T23:03:21.970521,
India,NearBook,,Hindi part 2,Hindi,0,INR 31,https://nearbook.app/book/3917658,2026-05-03T23:03:22.277829,
India,NearBook,,Snapshots (English),,0,INR 19,https://nearbook.app/book/3917656,2026-05-03T23:03:23.915814,
India,NearBook,,ICSE study guide,,0,INR 320,https://nearbook.app/book/3917654,2026-05-03T23:03:24.211483,
India,NearBook,,Kannada part 1,Kannada,0,INR 28,https://nearbook.app/book/3917652,2026-05-03T23:03:24.531663,
India,NearBook,,modern india,,0,INR 300,https://nearbook.app/book/3917651,2026-05-03T23:03:24.828774,
India,NearBook,,physics,,0,INR 100,https://nearbook.app/book/3917650,2026-05-03T23:03:25.121772,
India,NearBook,,art,,0,INR 455,https://nearbook.app/book/3917649,2026-05-03T23:03:25.416138,
India,NearBook,,Honeydew std 8 good condition,,0,INR 25,https://nearbook.app/book/3917648,2026-05-03T23:03:25.759420,
India,NearBook,,marathiseven,Ayaan Khan,0,INR 30,https://nearbook.app/book/3917647,2026-05-03T23:03:26.066448,
India,NearBook,,marathiseven,Ayaan Khan,0,INR 30,https://nearbook.app/book/3917646,2026-05-03T23:03:26.375378,
India,NearBook,,Math JEE book (class 6),,0,INR 330,https://nearbook.app/book/3917645,2026-05-03T23:03:26.676780,
India,NearBook,,Education,,0,INR 300,https://nearbook.app/book/3917644,2026-05-03T23:03:26.970883,
India,NearBook,,Kannada,Kannada,0,INR 0,https://nearbook.app/book/3917643,2026-05-03T23:03:27.288967,
India,NearBook,,Kannada part 2,Kannada,0,INR 25,https://nearbook.app/book/3917642,2026-05-03T23:03:29.021392,
India,NearBook,,Hornbill(English),,0,INR 39,https://nearbook.app/book/3917641,2026-05-03T23:03:29.314650,
India,NearBook,,concepts of physics hc verma,hc verma,0,INR 220,https://nearbook.app/book/3917640,2026-05-03T23:03:29.651124,
India,NearBook,,People AND THE WORLD AROUND,History _Geography_Civics,0,INR 500,https://nearbook.app/book/3917638,2026-05-03T23:03:29.956890,
India,NearBook,,computer,,0,INR 180,https://nearbook.app/book/3917637,2026-05-03T23:03:30.249772,
India,NearBook,,school mathematics,Subrata Datta,0,INR 80,https://nearbook.app/book/3917636,2026-05-03T23:03:30.571821,
India,NearBook,,English Grammar Workbook,NCERT,0,INR 100,https://nearbook.app/book/3917635,2026-05-03T23:03:30.981761,
India,NearBook,,RD sharma mcq maths,RD Sharma,0,INR 350,https://nearbook.app/book/3917633,2026-05-03T23:03:31.289108,
India,NearBook,,vistas,,0,INR 55,https://nearbook.app/book/3917632,2026-05-03T23:03:31.596083,
India,NearBook,,concept of physics hc verma,,0,INR 200,https://nearbook.app/book/3917631,2026-05-03T23:03:31.888806,
India,NearBook,,word power made easy,norman lewis,0,INR 120,https://nearbook.app/book/3917630,2026-05-03T23:03:32.312697,
India,NearBook,,hindi seven .,Ayaan Khan,0,INR 30,https://nearbook.app/book/3917629,2026-05-03T23:03:32.610091,
India,NearBook,,hindi lokvani,,0,INR 40,https://nearbook.app/book/3917628,2026-05-03T23:03:34.253729,
India,NearBook,,Kannada part 2,Kannada,0,INR 25,https://nearbook.app/book/3917627,2026-05-03T23:03:34.549219,
India,NearBook,,biology,,0,INR 13,https://nearbook.app/book/3917626,2026-05-03T23:03:34.872608,
India,NearBook,,"BASIC ENGLISH for POLYTECHNIC 
1st semester
C-24 Syllabus",Dr. K. Venkat Satish,0,INR 180,https://nearbook.app/book/3917625,2026-05-03T23:03:35.165552,
India,NearBook,,Sanskrit,Smit,0,INR 5,https://nearbook.app/book/3917624,2026-05-03T23:03:35.487920,
India,NearBook,,windows কম্পিউটার,"Rajib Roy
Rajib",0,INR 150,https://nearbook.app/book/3917623,2026-05-03T23:03:35.781600,
India,NearBook,,pariksha bodh,,0,INR 10,https://nearbook.app/book/3917622,2026-05-03T23:03:36.103483,
India,NearBook,,Mathematics class 6 R.D Sharma,new with no single marked on it my pen or pencil,0,INR 300,https://nearbook.app/book/3917620,2026-05-03T23:03:36.409440,
India,NearBook,,9th English MCB,NCERT,0,INR 170,https://nearbook.app/book/3917619,2026-05-03T23:03:36.715942,
India,NearBook,,Computer application,Chirag nagar,0,INR 300,https://nearbook.app/book/3917618,2026-05-03T23:03:37.023222,
India,NearBook,,Sanskrit,Smit,0,INR 5,https://nearbook.app/book/3917617,2026-05-03T23:03:37.317612,
India,NearBook,,Mon Passport,,0,INR 80,https://nearbook.app/book/3917616,2026-05-03T23:03:37.611722,
India,NearBook,,english part 2,english,0,INR 36,https://nearbook.app/book/3917615,2026-05-03T23:03:39.267714,
India,NearBook,,biology,,0,INR 150,https://nearbook.app/book/3917614,2026-05-03T23:03:39.560716,
India,NearBook,,MATHEMATICS OF NCERT,,0,INR 155,https://nearbook.app/book/3917613,2026-05-03T23:03:39.890492,
India,NearBook,,Political science,,0,INR 85,https://nearbook.app/book/3917612,2026-05-03T23:03:40.204828,
India,NearBook,,english part 2,english,0,INR 36,https://nearbook.app/book/3917611,2026-05-03T23:03:40.502623,
India,NearBook,,microeconomics,,0,INR 125,https://nearbook.app/book/3917610,2026-05-03T23:03:40.811968,
India,NearBook,,Class 11 JEE  module full set ( Physics Wallah),PW,0,INR 500,https://nearbook.app/book/3917609,2026-05-03T23:03:41.113224,
India,NearBook,,Home Science (Human ecology and family sciences),,0,INR 249,https://nearbook.app/book/3917608,2026-05-03T23:03:41.410072,
India,NearBook,,Code Spark Narayana (computer book),,0,INR 400,https://nearbook.app/book/3917607,2026-05-03T23:03:41.734036,
India,NearBook,,geography seven,Ayaan Khan,0,INR 30,https://nearbook.app/book/3917606,2026-05-03T23:03:42.046235,
India,NearBook,,qustion bunch,quation bunch,0,INR 250,https://nearbook.app/book/3917604,2026-05-03T23:03:42.343187,
India,NearBook,,BABY BULLETQ MATHS 2B,,0,INR 85,https://nearbook.app/book/3917603,2026-05-03T23:03:42.637587,
India,NearBook,,History,,0,INR 110,https://nearbook.app/book/3917602,2026-05-03T23:03:44.281504,
India,NearBook,,mathematics seven,Ayaan Khan,0,INR 30,https://nearbook.app/book/3917601,2026-05-03T23:03:44.576194,
India,NearBook,,Mathematics,,0,INR 250,https://nearbook.app/book/3917600,2026-05-03T23:03:44.870168,
India,NearBook,,english part 1,english,0,INR 51,https://nearbook.app/book/3917599,2026-05-03T23:03:45.162571,
India,NearBook,,english part 1,english,0,INR 51,https://nearbook.app/book/3917598,2026-05-03T23:03:45.523039,
India,NearBook,,Math Oswaal Question Bank,Oswaal,0,INR 410,https://nearbook.app/book/3917597,2026-05-03T23:03:45.821619,
India,NearBook,,social science,Smit,0,INR 20,https://nearbook.app/book/3917596,2026-05-03T23:03:46.136744,
India,NearBook,,All in one 8th science Guide,,0,INR 100,https://nearbook.app/book/3917595,2026-05-03T23:03:46.444329,
India,NearBook,,social science,Smit,0,INR 20,https://nearbook.app/book/3917594,2026-05-03T23:03:46.751760,
India,NearBook,,the unending game,vikram sood,0,INR 300,https://nearbook.app/book/3917593,2026-05-03T23:03:47.059252,
India,NearBook,,Elements of MATHEMATICS,,0,INR 137,https://nearbook.app/book/3917592,2026-05-03T23:03:47.365785,
India,NearBook,,Science & Technology (part 2),,0,INR 50,https://nearbook.app/book/3917591,2026-05-03T23:03:47.775946,
India,NearBook,,science,science navneet,0,INR 200,https://nearbook.app/book/3917590,2026-05-03T23:03:49.414107,
India,NearBook,,BABY BULLETQ SENIOR INTER PHYSICS,,0,INR 80,https://nearbook.app/book/3917589,2026-05-03T23:03:49.721352,
India,NearBook,,Economics,,0,INR 90,https://nearbook.app/book/3917588,2026-05-03T23:03:50.013940,
India,NearBook,,Rd sharma maths class 10,RD Sharma,0,INR 350,https://nearbook.app/book/3917587,2026-05-03T23:03:50.307781,
India,NearBook,,my wisdom garden,,0,INR 70,https://nearbook.app/book/3917586,2026-05-03T23:03:50.604598,
India,NearBook,,golden grammer,golden grammer,0,INR 200,https://nearbook.app/book/3917585,2026-05-03T23:03:50.900733,
India,NearBook,,pariksha bodh,,0,INR 10,https://nearbook.app/book/3917584,2026-05-03T23:03:51.193870,
India,NearBook,,DIARY of a Wimpy Kid( The Ugly Truth),,0,INR 350,https://nearbook.app/book/3917583,2026-05-03T23:03:51.494825,
India,NearBook,,senior artist,"art book art


art book",0,INR 250,https://nearbook.app/book/3917582,2026-05-03T23:03:51.791349,
India,NearBook,,social science,social,0,INR 63,https://nearbook.app/book/3917581,2026-05-03T23:03:52.087753,
India,NearBook,,science lab manual,,0,INR 50,https://nearbook.app/book/3917580,2026-05-03T23:03:53.203611,
India,NearBook,,Elements of MATHEMATICS,,0,INR 137,https://nearbook.app/book/3917579,2026-05-03T23:03:53.513296,
India,NearBook,,Geography,,0,INR 85,https://nearbook.app/book/3917578,2026-05-03T23:03:55.148453,
India,NearBook,,BABY BULLETQ SENIOR INTER CHEMISTRY,,0,INR 80,https://nearbook.app/book/3917577,2026-05-03T23:03:55.456817,
India,NearBook,,Science Oswaal Question Bank,Oswaal,0,INR 250,https://nearbook.app/book/3917576,2026-05-03T23:03:55.744610,
India,NearBook,,history,history class 10,0,INR 90,https://nearbook.app/book/3917575,2026-05-03T23:03:56.031925,
India,NearBook,,Arihant All In One Social Science - Class 10 (2025-26 Revised Edition),,0,INR 225,https://nearbook.app/book/3917574,2026-05-03T23:03:56.315432,
India,NearBook,,Geography,,0,INR 60,https://nearbook.app/book/3917573,2026-05-03T23:03:56.596830,
India,NearBook,,business studies subash dey,,0,INR 200,https://nearbook.app/book/3917571,2026-05-03T23:03:56.889364,
India,NearBook,,क्षितिज,Chirag nagar,0,INR 50,https://nearbook.app/book/3917569,2026-05-03T23:03:57.174678,
India,NearBook,,Vikas social science work book,"Smit
Smit",0,INR 20,https://nearbook.app/book/3917568,2026-05-03T23:03:57.503648,
India,NearBook,,SCIENCE LAB MANUAL,,0,INR 339,https://nearbook.app/book/3917565,2026-05-03T23:03:57.913383,
India,NearBook,,Vikas social science work book,"Smit
Smit",0,INR 20,https://nearbook.app/book/3917564,2026-05-03T23:03:58.197053,
India,NearBook,,new alankar - Hindi vyakaran,,0,INR 100,https://nearbook.app/book/3917563,2026-05-03T23:03:58.527792,
India,NearBook,,geography seven,Ayaan Khan,0,INR 30,https://nearbook.app/book/3917562,2026-05-03T23:04:00.171945,
India,NearBook,,biology book,,0,INR 249,https://nearbook.app/book/3917561,2026-05-03T23:04:00.459521,
India,NearBook,,history,history class 9,0,INR 120,https://nearbook.app/book/3917560,2026-05-03T23:04:00.737108,
India,NearBook,,flamingo,,0,INR 35,https://nearbook.app/book/3917559,2026-05-03T23:04:01.017283,
India,NearBook,,English Oswaal Question Bank,Oswaal,0,INR 400,https://nearbook.app/book/3917558,2026-05-03T23:04:01.301371,
India,NearBook,,Fun with Grammar,Z.I.sherwani,0,INR 210,https://nearbook.app/book/3917557,2026-05-03T23:04:01.599614,
India,NearBook,,science,shourya Vishwakarma,0,INR 120,https://nearbook.app/book/3917555,2026-05-03T23:04:01.906742,
India,NearBook,,first flight,,0,INR 65,https://nearbook.app/book/3917554,2026-05-03T23:04:02.213838,
India,NearBook,,JEE ADVANCED Test series,,0,INR 200,https://nearbook.app/book/3917553,2026-05-03T23:04:02.522850,
India,NearBook,,social and political life__11,,0,INR 65,https://nearbook.app/book/3917552,2026-05-03T23:04:02.828400,
India,NearBook,,Mathematics NCERT part 2,,0,INR 150,https://nearbook.app/book/3917551,2026-05-03T23:04:03.109510,
India,NearBook,,social and political life__11,,0,INR 0,https://nearbook.app/book/3917550,2026-05-03T23:04:03.394222,
India,NearBook,,social Trends,,0,INR 80,https://nearbook.app/book/3917549,2026-05-03T23:04:05.056917,
India,NearBook,,pre-secondary scholarship Examination class 8th half solved,,0,INR 200,https://nearbook.app/book/3917548,2026-05-03T23:04:05.388477,
India,NearBook,,বাংলা ব্যাকরণ,বাংলা নির্মিতি,0,INR 100,https://nearbook.app/book/3917546,2026-05-03T23:04:05.695875,
India,NearBook,,swing trading with technical analysis ( Marathi Edition),,0,INR 220,https://nearbook.app/book/3917545,2026-05-03T23:04:05.977108,
India,NearBook,,Mathematics part 2,,0,INR 90,https://nearbook.app/book/3917544,2026-05-03T23:04:06.263664,
India,NearBook,,practical pronunciation & conversation,,0,INR 300,https://nearbook.app/book/3917543,2026-05-03T23:04:06.618610,
India,NearBook,,Rankers Test Series JEE Mains,,0,INR 400,https://nearbook.app/book/3917542,2026-05-03T23:04:06.901299,
India,NearBook,,english gramer,madhuban education,0,INR 250,https://nearbook.app/book/3917540,2026-05-03T23:04:07.186381,
India,NearBook,,balbharti english,Ayaan Khan,0,INR 30,https://nearbook.app/book/3917539,2026-05-03T23:04:07.471334,
India,NearBook,,Mahatma Gandhi,,0,INR 50,https://nearbook.app/book/3917538,2026-05-03T23:04:07.759650,
India,NearBook,,mathematics and statistics part 2,,0,INR 120,https://nearbook.app/book/3917537,2026-05-03T23:04:08.055827,
India,NearBook,,Social Science Oswaal Question Bank,Oswaal,0,INR 300,https://nearbook.app/book/3917536,2026-05-03T23:04:08.354118,
India,NearBook,,BABY BULLETQ MATHS 2A,,0,INR 85,https://nearbook.app/book/3917535,2026-05-03T23:04:09.975941,
India,NearBook,,Kritika bhag 2,,0,INR 29,https://nearbook.app/book/3917534,2026-05-03T23:04:10.266333,
India,NearBook,,code ai,,0,INR 200,https://nearbook.app/book/3917533,2026-05-03T23:04:10.569555,
India,NearBook,,mathematics and statistics part 1,mahenaz,0,INR 120,https://nearbook.app/book/3917532,2026-05-03T23:04:10.852973,
India,NearBook,,foot prints without feet,,0,INR 50,https://nearbook.app/book/3917531,2026-05-03T23:04:11.140748,
India,NearBook,,allocation notebook,,0,INR 25,https://nearbook.app/book/3917530,2026-05-03T23:04:11.425824,
India,NearBook,,festival of India,Ashish,0,INR 50,https://nearbook.app/book/3917528,2026-05-03T23:04:11.708135,
India,NearBook,,English reader - happy go,,0,INR 60,https://nearbook.app/book/3917527,2026-05-03T23:04:12.044467,
India,NearBook,,geography textbook cbse board,,0,INR 39,https://nearbook.app/book/3917526,2026-05-03T23:04:12.326390,
India,NearBook,,priyanshu,Sanjay mandal,0,INR 100,https://nearbook.app/book/3917525,2026-05-03T23:04:12.611910,
India,NearBook,,Haneycomb,,0,INR 65,https://nearbook.app/book/3917524,2026-05-03T23:04:12.896423,
India,NearBook,,EaJEE NOTES for PHYSICAL CHEMISTRY,Faizal Razaq sir,0,INR 510,https://nearbook.app/book/3917523,2026-05-03T23:04:13.194599,
India,NearBook,,class 9 physical science,"maity, bera, satra",0,INR 100,https://nearbook.app/book/3917520,2026-05-03T23:04:15.014451,
India,NearBook,,maths notebook,,0,INR 30,https://nearbook.app/book/3917519,2026-05-03T23:04:15.298944,
India,NearBook,,code ai plus,,0,INR 250,https://nearbook.app/book/3917518,2026-05-03T23:04:15.628649,
India,NearBook,,Haneycomb,,0,INR 55,https://nearbook.app/book/3917517,2026-05-03T23:04:15.911327,
India,NearBook,,कृतिका,Chirag nagar,0,INR 30,https://nearbook.app/book/3917516,2026-05-03T23:04:16.193064,
India,NearBook,,grammar,,0,INR 100,https://nearbook.app/book/3917515,2026-05-03T23:04:16.480435,
India,NearBook,,footprint without feet,,0,INR 29,https://nearbook.app/book/3917514,2026-05-03T23:04:16.831872,
India,NearBook,,9th science lab manual NCERT,NCERT,0,INR 299,https://nearbook.app/book/3917513,2026-05-03T23:04:17.165198,
India,NearBook,,science notebook,,0,INR 25,https://nearbook.app/book/3917512,2026-05-03T23:04:17.449226,
India,NearBook,,The Winner Stands Alone,Paulo Corlho,0,INR 180,https://nearbook.app/book/3917510,2026-05-03T23:04:17.732372,
India,NearBook,,Xam Idea,Vk Global Publisher,0,INR 150,https://nearbook.app/book/3917509,2026-05-03T23:04:18.087026,
India,NearBook,,lucent english,,0,INR 430,https://nearbook.app/book/3917508,2026-05-03T23:04:18.393999,
India,NearBook,,mathematics (combined book and mcq book),R.D.Sharma,0,INR 599,https://nearbook.app/book/3917507,2026-05-03T23:04:19.992814,
India,NearBook,,Marathi note book,,0,INR 25,https://nearbook.app/book/3917506,2026-05-03T23:04:20.341038,
India,NearBook,,Final revision all subjects by prem sharma,prem Sharma,0,INR 500,https://nearbook.app/book/3917505,2026-05-03T23:04:20.646442,
India,NearBook,,All in one  Guide book brand new condition,oswal Gurukul,0,INR 400,https://nearbook.app/book/3917504,2026-05-03T23:04:20.928778,
India,NearBook,,logic and beyond,,0,INR 250,https://nearbook.app/book/3917503,2026-05-03T23:04:21.213307,
India,NearBook,,mathematics textbook for class 10,,0,INR 29,https://nearbook.app/book/3917502,2026-05-03T23:04:21.498121,
India,NearBook,,S.Chand's ISC COMMERCE,S.CHAND,0,INR 349,https://nearbook.app/book/3917501,2026-05-03T23:04:21.874817,
India,NearBook,,math magic,,0,INR 35,https://nearbook.app/book/3917500,2026-05-03T23:04:22.156465,
India,NearBook,,english first flight,,0,INR 300,https://nearbook.app/book/3917499,2026-05-03T23:04:22.489680,
India,NearBook,,EaJEE NOTES for ORGANIC CHEMISTRY (RA sir),Rohit Agarwal sir,0,INR 550,https://nearbook.app/book/3917498,2026-05-03T23:04:22.772828,
India,NearBook,,history,shourya Vishwakarma,0,INR 75,https://nearbook.app/book/3917497,2026-05-03T23:04:23.104239,
India,NearBook,,Higher algebra,HALL AND KNIGHT,0,INR 150,https://nearbook.app/book/3917496,2026-05-03T23:04:23.406779,
India,NearBook,,economics 9th NCERT,NCERT,0,INR 105,https://nearbook.app/book/3917495,2026-05-03T23:04:25.049234,
India,NearBook,,"Diwaliv 
note book",,0,INR 20,https://nearbook.app/book/3917494,2026-05-03T23:04:25.402122,
India,NearBook,,बाल महाभारत कथा,,0,INR 45,https://nearbook.app/book/3917492,2026-05-03T23:04:25.707549,
India,NearBook,,java,,0,INR 200,https://nearbook.app/book/3917491,2026-05-03T23:04:25.989210,
India,NearBook,,Hindi grammar,,0,INR 400,https://nearbook.app/book/3917490,2026-05-03T23:04:26.278322,
India,NearBook,,first flight,,0,INR 30,https://nearbook.app/book/3917489,2026-05-03T23:04:26.585651,
India,NearBook,,SST class9,Balaji,0,INR 50,https://nearbook.app/book/3917488,2026-05-03T23:04:26.899261,
India,NearBook,,most likely accounts,,0,INR 60,https://nearbook.app/book/3917487,2026-05-03T23:04:27.183806,
India,NearBook,,general physics,IE IRODOV,0,INR 100,https://nearbook.app/book/3917486,2026-05-03T23:04:27.474252,
India,NearBook,,"maharashtra BBA, BCA CET EXAM 2026",,0,INR 450,https://nearbook.app/book/3917485,2026-05-03T23:04:27.756978,
India,NearBook,,"Diwaliv 
note book",,0,INR 20,https://nearbook.app/book/3917484,2026-05-03T23:04:28.121932,
India,NearBook,,Gyan Ganga,santlok aashram,0,INR 50,https://nearbook.app/book/3917483,2026-05-03T23:04:28.411974,
India,NearBook,,most likely economic,,0,INR 35,https://nearbook.app/book/3917482,2026-05-03T23:04:30.046483,
India,NearBook,,joy of better living (story book),,0,INR 50,https://nearbook.app/book/3917481,2026-05-03T23:04:30.374419,
India,NearBook,,arihant physics volume 1,,0,INR 350,https://nearbook.app/book/3917479,2026-05-03T23:04:30.682575,
India,NearBook,,Science,,0,INR 500,https://nearbook.app/book/3917478,2026-05-03T23:04:30.988875,
India,NearBook,,rough notebook,,0,INR 30,https://nearbook.app/book/3917477,2026-05-03T23:04:31.271294,
India,NearBook,,ELECTRICAL ENGINEERING DRAWING,VGS BOOK LINKS,0,INR 37,https://nearbook.app/book/3917476,2026-05-03T23:04:31.554332,
India,NearBook,,English yuvakbharati most likely,,0,INR 40,https://nearbook.app/book/3917475,2026-05-03T23:04:32.524452,
India,NearBook,,sparsh,,0,INR 15,https://nearbook.app/book/3917474,2026-05-03T23:04:32.832361,
India,NearBook,,sugam ganit,"das gupta parsat

das gupta parsat",0,INR 300,https://nearbook.app/book/3917473,2026-05-03T23:04:33.118809,
India,NearBook,,PW Computer sample paper,PW,0,INR 50,https://nearbook.app/book/3917472,2026-05-03T23:04:33.405079,
India,NearBook,,mathematics first year university,,0,INR 170,https://nearbook.app/book/3917471,2026-05-03T23:04:33.759513,
India,NearBook,,rivision Note book,,0,INR 30,https://nearbook.app/book/3917470,2026-05-03T23:04:34.061315,
India,NearBook,,arihant chemistry volume 2,,0,INR 370,https://nearbook.app/book/3917469,2026-05-03T23:04:35.699141,
India,NearBook,,secretarial practice,,0,INR 30,https://nearbook.app/book/3917468,2026-05-03T23:04:36.006349,
India,NearBook,,History and Civics ICSE,,0,INR 200,https://nearbook.app/book/3917467,2026-05-03T23:04:36.313771,
India,NearBook,,maths calculation,,0,INR 100,https://nearbook.app/book/3917466,2026-05-03T23:04:36.621768,
India,NearBook,,Essence of Grammar,sarmila parihar,0,INR 160,https://nearbook.app/book/3917465,2026-05-03T23:04:36.931654,
India,NearBook,,arihant chemistry volume 1,,0,INR 300,https://nearbook.app/book/3917464,2026-05-03T23:04:37.215988,
India,NearBook,,Social science,Mahesh,0,INR 450,https://nearbook.app/book/3917463,2026-05-03T23:04:37.499776,
India,NearBook,,tps information technology,mahenaz,0,INR 150,https://nearbook.app/book/3917462,2026-05-03T23:04:37.849386,
India,NearBook,,mathmetica,,0,INR 40,https://nearbook.app/book/3917461,2026-05-03T23:04:38.157000,
India,NearBook,,Marathi ICSE,,0,INR 150,https://nearbook.app/book/3917460,2026-05-03T23:04:38.464097,
India,NearBook,,75 days challenge Sst by padhle Akshay,shivdas and sons,0,INR 350,https://nearbook.app/book/3917459,2026-05-03T23:04:38.771240,
India,NearBook,,economic,,0,INR 70,https://nearbook.app/book/3917458,2026-05-03T23:04:39.054201,
India,NearBook,,75 days challenge Sst by padhle Akshay,shivdas and sons,0,INR 350,https://nearbook.app/book/3917457,2026-05-03T23:04:40.662089,
India,NearBook,,mathematics second year pre university,,0,INR 200,https://nearbook.app/book/3917456,2026-05-03T23:04:40.944834,
India,NearBook,,information technology,mahenaz,0,INR 60,https://nearbook.app/book/3917455,2026-05-03T23:04:41.230319,
India,NearBook,,Visual dictionary (ultimate family),,0,INR 1200,https://nearbook.app/book/3917454,2026-05-03T23:04:41.510917,
India,NearBook,,SCIENCE DIGEST,,0,INR 120,https://nearbook.app/book/3917452,2026-05-03T23:04:41.798252,
India,NearBook,,DEATH'END,CIXIN LIU,0,INR 1200,https://nearbook.app/book/3917451,2026-05-03T23:04:42.163183,
India,NearBook,,History 9th NCERT,NCERT,0,INR 105,https://nearbook.app/book/3917450,2026-05-03T23:04:42.457979,
India,NearBook,,Hindi grammar book,,0,INR 300,https://nearbook.app/book/3917449,2026-05-03T23:04:42.741551,
India,NearBook,,cyber beans 2.0 ICSE (computer textbook),,0,INR 300,https://nearbook.app/book/3917448,2026-05-03T23:04:43.077351,
India,NearBook,,cengage A to Z mathematics part 2,,0,INR 850,https://nearbook.app/book/3917447,2026-05-03T23:04:43.379243,
India,NearBook,,Hindi 2,"nice book
book is nice
book is nice",0,INR 50,https://nearbook.app/book/3917445,2026-05-03T23:04:43.664463,
India,NearBook,,score English language and literature,Kriti Sharma,0,INR 225,https://nearbook.app/book/3917444,2026-05-03T23:04:43.994599,
India,NearBook,,cengage A to Z mathematics part 1,,0,INR 750,https://nearbook.app/book/3917443,2026-05-03T23:04:45.607966,
India,NearBook,,Little robin,kay,0,INR 75,https://nearbook.app/book/3917442,2026-05-03T23:04:45.915638,
India,NearBook,,GEOGRAPHY 9TH NCERT,NCERT,0,INR 105,https://nearbook.app/book/3917441,2026-05-03T23:04:46.242174,
India,NearBook,,physics ICSE (Selina Concise),,0,INR 100,https://nearbook.app/book/3917439,2026-05-03T23:04:46.553824,
India,NearBook,,click,,0,INR 229,https://nearbook.app/book/3917438,2026-05-03T23:04:46.864556,
India,NearBook,,Little robin,kay,0,INR 75,https://nearbook.app/book/3917437,2026-05-03T23:04:47.170430,
India,NearBook,,malhar class 6th,,0,INR 30,https://nearbook.app/book/3917436,2026-05-03T23:04:47.461043,
India,NearBook,,Sanjeev refresher,"Pritam baraula 

Pritam baraula 
pritam barola
Pritam Regar",0,INR 150,https://nearbook.app/book/3917435,2026-05-03T23:04:47.745881,
India,NearBook,,भारत का संविधान,,0,INR 90,https://nearbook.app/book/3917434,2026-05-03T23:04:48.032461,
India,NearBook,,Sanskrit,,0,INR 30,https://nearbook.app/book/3917433,2026-05-03T23:04:48.322569,
India,NearBook,,Gujarati,150,0,INR 0,https://nearbook.app/book/3917432,2026-05-03T23:04:48.606755,
India,NearBook,,Beehive,Nidhi Wadhwa,0,INR 40,https://nearbook.app/book/3917431,2026-05-03T23:04:48.891757,
India,NearBook,,Gujarati,150,0,INR 0,https://nearbook.app/book/3917430,2026-05-03T23:04:50.523796,
India,NearBook,,One shot question bank for science,Prashant kirad,0,INR 300,https://nearbook.app/book/3917429,2026-05-03T23:04:50.808716,
India,NearBook,,"Aditya Ranjan Sir Ssc Maths Cgl Warrior (English, Paperback, Ranjan Aditya)",Aditya Ranjan,0,INR 200,https://nearbook.app/book/3917428,2026-05-03T23:04:51.164772,
India,NearBook,,mathematics,"sabnam 
sabnam",0,INR 200,https://nearbook.app/book/3917427,2026-05-03T23:04:51.452197,
India,NearBook,,cengage A to Z physics part 1,,0,INR 900,https://nearbook.app/book/3917426,2026-05-03T23:04:51.742120,
India,NearBook,,HINDI DIGEST,,0,INR 120,https://nearbook.app/book/3917425,2026-05-03T23:04:52.085373,
India,NearBook,,social science,,0,INR 550,https://nearbook.app/book/3917424,2026-05-03T23:04:52.373284,
India,NearBook,,HINDI DIGEST,,0,INR 120,https://nearbook.app/book/3917423,2026-05-03T23:04:52.657216,
India,NearBook,,Biology S chand,"Dr p.s verma , Dr v.k Agarwal
Dr ps. verma and vk Agarwal",0,INR 500,https://nearbook.app/book/3917422,2026-05-03T23:04:52.969708,
India,NearBook,,Sainik school,,0,INR 150,https://nearbook.app/book/3917421,2026-05-03T23:04:53.312299,
India,NearBook,,drawing,50,0,INR 150,https://nearbook.app/book/3917420,2026-05-03T23:04:53.597172,
India,NearBook,,વાણીજ્ય વ્યવસ્થા અને સંચાલન,,0,INR 70,https://nearbook.app/book/3917419,2026-05-03T23:04:53.881496,
India,NearBook,,organization of commerce and management,,0,INR 40,https://nearbook.app/book/3917418,2026-05-03T23:04:55.564984,
India,NearBook,,Class 10th Solved papers PYQs,PW,0,INR 750,https://nearbook.app/book/3917417,2026-05-03T23:04:55.872142,
India,NearBook,,Geography ICSE,,0,INR 200,https://nearbook.app/book/3917416,2026-05-03T23:04:56.179785,
India,NearBook,,SCIENCE 9TH NCERT,NCERT,0,INR 105,https://nearbook.app/book/3917415,2026-05-03T23:04:56.492598,
India,NearBook,,hai school chemistry,12th chemistry,0,INR 170,https://nearbook.app/book/3917414,2026-05-03T23:04:56.776877,
India,NearBook,,"Foster,s script",Naveet,0,INR 65,https://nearbook.app/book/3917413,2026-05-03T23:04:57.101372,
India,NearBook,,General english,,0,INR 45,https://nearbook.app/book/3917412,2026-05-03T23:04:57.384818,
India,NearBook,,rimjhim,,0,INR 20,https://nearbook.app/book/3917410,2026-05-03T23:04:57.715318,
India,NearBook,,secretarial practice,,0,INR 0,https://nearbook.app/book/3917409,2026-05-03T23:04:58.023251,
India,NearBook,,maths,199,0,INR 200,https://nearbook.app/book/3917408,2026-05-03T23:04:58.330427,
India,NearBook,,business studies,sandeep garg,0,INR 90,https://nearbook.app/book/3917407,2026-05-03T23:04:58.637575,
India,NearBook,,Hindi 2,,0,INR 100,https://nearbook.app/book/3917406,2026-05-03T23:04:58.944805,
India,NearBook,,Iconic modern science 6th class book,,0,INR 50,https://nearbook.app/book/3917405,2026-05-03T23:05:00.582621,
India,NearBook,,Mulberry ICSE (ENGLISH LITERATURE),,0,INR 300,https://nearbook.app/book/3917404,2026-05-03T23:05:00.894981,
India,NearBook,,Manorama,,0,INR 350,https://nearbook.app/book/3917402,2026-05-03T23:05:01.179227,
India,NearBook,,sketching,Joyshi Das,0,INR 50,https://nearbook.app/book/3917401,2026-05-03T23:05:01.462405,
India,NearBook,,computer,250,0,INR 260,https://nearbook.app/book/3917400,2026-05-03T23:05:01.751332,
India,NearBook,,double entry bookkeeping accounting for partnership firm,ts grewal,0,INR 400,https://nearbook.app/book/3917397,2026-05-03T23:05:02.035114,
India,NearBook,,accounts,mahenaz,0,INR 100,https://nearbook.app/book/3917396,2026-05-03T23:05:02.327086,
India,NearBook,,HISTORY AND CIVICS DIGEST,,0,INR 120,https://nearbook.app/book/3917395,2026-05-03T23:05:02.610327,
India,NearBook,,Hindi 2,,0,INR 0,https://nearbook.app/book/3917393,2026-05-03T23:05:02.899625,
India,NearBook,,HISTORY AND CIVICS DIGEST,,0,INR 120,https://nearbook.app/book/3917391,2026-05-03T23:05:03.181992,
India,NearBook,,New magnifying logic and beyond,DR. C. B. MISHRA,0,INR 330.00,https://nearbook.app/book/3917390,2026-05-03T23:05:03.490369,
India,NearBook,,mathematic,vikas,0,INR 56,https://nearbook.app/book/3917389,2026-05-03T23:05:03.775697,
India,NearBook,,economic,"mahenaz
mahenaz",0,INR 30,https://nearbook.app/book/3917388,2026-05-03T23:05:05.395639,
India,NearBook,,social science,99,0,INR 150,https://nearbook.app/book/3917387,2026-05-03T23:05:05.702968,
India,NearBook,,Bright Hearts,Benita Sen,0,INR 150,https://nearbook.app/book/3917386,2026-05-03T23:05:05.987577,
India,NearBook,,SSC Reasoning CGL Warrior Book (2nd edition) by Vikramjit Sir,Vikramjit Sir,0,INR 100,https://nearbook.app/book/3917385,2026-05-03T23:05:06.273931,
India,NearBook,,Math 9th NCERT,NCERT,0,INR 105,https://nearbook.app/book/3917384,2026-05-03T23:05:06.557179,
India,NearBook,,yogi kathamrut (autobiography of a yogi - HINDI),paramhans yoganand,0,INR 140,https://nearbook.app/book/3917383,2026-05-03T23:05:06.893194,
India,NearBook,,double entry book keeping accounting for companies,ts grewal,0,INR 190,https://nearbook.app/book/3917382,2026-05-03T23:05:07.238424,
India,NearBook,,Hutchison's Clinical Methods,,0,INR 800,https://nearbook.app/book/3917381,2026-05-03T23:05:07.546388,
India,NearBook,,Chemistry ICSE,Dr Dalal's,0,INR 200,https://nearbook.app/book/3917380,2026-05-03T23:05:07.853444,
India,NearBook,,information technology,Neetu Gaikwad,0,INR 150,https://nearbook.app/book/3917379,2026-05-03T23:05:08.137092,
India,NearBook,,biology class 11,,0,INR 230,https://nearbook.app/book/3917378,2026-05-03T23:05:08.457587,
India,NearBook,,English yuvakbharati,mahenaz,0,INR 50,https://nearbook.app/book/3917377,2026-05-03T23:05:08.774847,
India,NearBook,,sankrit,100,0,INR 200,https://nearbook.app/book/3917376,2026-05-03T23:05:10.413135,
India,NearBook,,analysis of financial statement,TS Grewal,0,INR 350,https://nearbook.app/book/3917375,2026-05-03T23:05:10.720837,
India,NearBook,,first flight,,0,INR 80,https://nearbook.app/book/3917374,2026-05-03T23:05:12.052046,
India,NearBook,,cengage,,0,INR 900,https://nearbook.app/book/3917373,2026-05-03T23:05:12.359161,
India,NearBook,,physics,,0,INR 135,https://nearbook.app/book/3917372,2026-05-03T23:05:12.666022,
India,NearBook,,English alive,sujata,0,INR 475.00,https://nearbook.app/book/3917371,2026-05-03T23:05:12.973585,
India,NearBook,,Hindi grammar,ओ़.पी.लाल,0,INR 316,https://nearbook.app/book/3917370,2026-05-03T23:05:13.270635,
India,NearBook,,class 12 physics wallah all subjects modules,,0,INR 300,https://nearbook.app/book/3917369,2026-05-03T23:05:13.567395,
India,NearBook,,Democratic politics - 2,,0,INR 49,https://nearbook.app/book/3917368,2026-05-03T23:05:13.879273,
India,NearBook,,Lucent's Jharkhand General Knowledge,,0,INR 80,https://nearbook.app/book/3917367,2026-05-03T23:05:14.202084,
India,NearBook,,chemistry part 2 class 11,,0,INR 120,https://nearbook.app/book/3917366,2026-05-03T23:05:14.496913,
India,NearBook,,Basic Science,Bharati Bhawan,0,INR 200,https://nearbook.app/book/3917364,2026-05-03T23:05:14.817109,
India,NearBook,,Language textbook ICSE,,0,INR 200,https://nearbook.app/book/3917363,2026-05-03T23:05:16.455022,
India,NearBook,,english,150,0,INR 0,https://nearbook.app/book/3917362,2026-05-03T23:05:16.762399,
India,NearBook,,mtg,User,0,INR 200,https://nearbook.app/book/3917361,2026-05-03T23:05:17.064018,
India,NearBook,,EAJEE NOTES For physical chemistry by Faisal sir,Faisal Razaq,0,INR 200,https://nearbook.app/book/3917360,2026-05-03T23:05:17.376810,
India,NearBook,,Medicine,Archith Baloor,0,INR 1100,https://nearbook.app/book/3917359,2026-05-03T23:05:17.684549,
India,NearBook,,snapshot,NCERT,0,INR 35,https://nearbook.app/book/3917358,2026-05-03T23:05:17.990879,
India,NearBook,,applied maths,ml aggarwal,0,INR 600,https://nearbook.app/book/3917357,2026-05-03T23:05:18.282089,
India,NearBook,,chemistry part 1 class 11,,0,INR 215,https://nearbook.app/book/3917356,2026-05-03T23:05:18.575881,
India,NearBook,,MTG MATHS JEE MAINS PYQ 24 YEARS,,0,INR 470,https://nearbook.app/book/3917355,2026-05-03T23:05:18.913228,
India,NearBook,,PW JEE LAKSHYA 12th MODULE,Seller,0,INR 2000,https://nearbook.app/book/3917354,2026-05-03T23:05:19.210379,
India,NearBook,,biology class 12,,0,INR 200,https://nearbook.app/book/3917353,2026-05-03T23:05:19.527286,
India,NearBook,,knowledge track,education experts,0,INR 200,https://nearbook.app/book/3917352,2026-05-03T23:05:19.820200,
India,NearBook,,computer,Pritam Barola,0,INR 120,https://nearbook.app/book/3917351,2026-05-03T23:05:21.473156,
India,NearBook,,Marathi textbook,vikas,0,INR 45,https://nearbook.app/book/3917350,2026-05-03T23:05:21.766751,
India,NearBook,,MATHEMATICS TEXTBOOK FOR CLASS 8TH [NCERT],t,0,INR 200,https://nearbook.app/book/3917348,2026-05-03T23:05:22.061568,
India,NearBook,,physics Sr. IPE material,,0,INR 250,https://nearbook.app/book/3917347,2026-05-03T23:05:22.394041,
India,NearBook,,physics part 2 class 12,,0,INR 120,https://nearbook.app/book/3917346,2026-05-03T23:05:22.804824,
India,NearBook,,rs Aggarwal mathematics,,0,INR 520,https://nearbook.app/book/3917345,2026-05-03T23:05:23.121017,
India,NearBook,,class 11 rd sharma,,0,INR 200,https://nearbook.app/book/3917344,2026-05-03T23:05:23.418695,
India,NearBook,,9th class text.book,MOHD GHOUSE Ahmed,0,INR 90,https://nearbook.app/book/3917341,2026-05-03T23:05:23.725249,
India,NearBook,,learning curve,,0,INR 200,https://nearbook.app/book/3917340,2026-05-03T23:05:24.014395,
India,NearBook,,RS AGGARWAL MATHS 9TH,Radhey Shyam Aggarwal,0,INR 300,https://nearbook.app/book/3917339,2026-05-03T23:05:24.306296,
India,NearBook,,IT,Sumita arora,0,INR 300,https://nearbook.app/book/3917338,2026-05-03T23:05:24.599514,
India,NearBook,,NAVEET ENGLISH BALBHARARI DIGEST,,0,INR 200,https://nearbook.app/book/3917337,2026-05-03T23:05:24.890265,
India,NearBook,,Excellent General english,,0,INR 150,https://nearbook.app/book/3917336,2026-05-03T23:05:26.593969,
India,NearBook,,Marathi workbook,vikas,0,INR 120,https://nearbook.app/book/3917335,2026-05-03T23:05:26.887191,
India,NearBook,,Computer BitWorld,Ravi K.  Chugh,0,INR 216,https://nearbook.app/book/3917333,2026-05-03T23:05:27.211264,
India,NearBook,,physiscs part 1 class 12,,0,INR 190,https://nearbook.app/book/3917332,2026-05-03T23:05:27.587957,
India,NearBook,,class 12 rd sharma vol 1,,0,INR 200,https://nearbook.app/book/3917331,2026-05-03T23:05:27.932551,
India,NearBook,,Knowledge+,Bharati Bhawan,0,INR 100,https://nearbook.app/book/3917329,2026-05-03T23:05:28.226796,
India,NearBook,,marigold,,0,INR 20,https://nearbook.app/book/3917328,2026-05-03T23:05:28.538431,
India,NearBook,,biology,,0,INR 500,https://nearbook.app/book/3917327,2026-05-03T23:05:28.846228,
India,NearBook,,science part 2 10th,"ayush 
ayush",0,INR 60,https://nearbook.app/book/3917326,2026-05-03T23:05:29.143431,
India,NearBook,,kerala Administrative service,Babu G. Baby,0,INR 400,https://nearbook.app/book/3917325,2026-05-03T23:05:29.462840,
India,NearBook,,Mathematics ICSE (Selina Concise),,0,INR 200,https://nearbook.app/book/3917324,2026-05-03T23:05:29.768485,
India,NearBook,,Nutan NMMS+GSSE two in one book,"Hasmukh Kalsariya
Vishal Solanki",0,INR 380,https://nearbook.app/book/3917323,2026-05-03T23:05:30.064301,
India,NearBook,,physics class 12 solved pyqs,mtg,0,INR 150,https://nearbook.app/book/3917322,2026-05-03T23:05:31.707717,
India,NearBook,,chemistry inter 1st year LMR ts em,sindhuja,0,INR 100,https://nearbook.app/book/3917321,2026-05-03T23:05:32.020593,
India,NearBook,,MTG Objective KCET Latest version,,0,INR 1300,https://nearbook.app/book/3917319,2026-05-03T23:05:32.332168,
India,NearBook,,Rajeev Prakashan Social science,,0,INR 150,https://nearbook.app/book/3917318,2026-05-03T23:05:32.629440,
India,NearBook,,Arihant jee mains solved papers,Arihant,0,INR 700,https://nearbook.app/book/3917317,2026-05-03T23:05:32.924045,
India,NearBook,,value education,Vikas,0,INR 65,https://nearbook.app/book/3917316,2026-05-03T23:05:33.233315,
India,NearBook,,chemistry part 2 class 12,,0,INR 140,https://nearbook.app/book/3917315,2026-05-03T23:05:33.529377,
India,NearBook,,10th social science support material,,0,INR 80,https://nearbook.app/book/3917314,2026-05-03T23:05:33.826053,
India,NearBook,,chemistry 12 cbse solved pyqs,mtg,0,INR 150,https://nearbook.app/book/3917312,2026-05-03T23:05:34.134820,
India,NearBook,,hindi,250,0,INR 150,https://nearbook.app/book/3917311,2026-05-03T23:05:34.478029,
India,NearBook,,science part 2 10th standard,ayush,0,INR 60,https://nearbook.app/book/3917310,2026-05-03T23:05:34.785751,
India,NearBook,,English grammar,,0,INR 20,https://nearbook.app/book/3917309,2026-05-03T23:05:35.085277,
India,NearBook,,maths 1b work book for inter 1st year ts em,sindhuja,0,INR 200,https://nearbook.app/book/3917308,2026-05-03T23:05:36.731726,
India,NearBook,,chemistry part 1 class 12,,0,INR 200,https://nearbook.app/book/3917307,2026-05-03T23:05:37.141099,
India,NearBook,,arihant chemistry PYQ,,0,INR 650,https://nearbook.app/book/3917306,2026-05-03T23:05:37.435853,
India,NearBook,,10th maths support material,,0,INR 80,https://nearbook.app/book/3917305,2026-05-03T23:05:37.757096,
India,NearBook,,environmental studies geography,Rafik Khan,0,INR 89,https://nearbook.app/book/3917303,2026-05-03T23:05:38.059723,
India,NearBook,,Hindi Reader ICSE,,0,INR 200,https://nearbook.app/book/3917302,2026-05-03T23:05:38.354135,
India,NearBook,,maths 41 year solved pyqs,arihant,0,INR 150,https://nearbook.app/book/3917301,2026-05-03T23:05:38.676879,
India,NearBook,,Mathematics,NCERT,0,INR 150,https://nearbook.app/book/3917300,2026-05-03T23:05:38.983754,
India,NearBook,,accountancy,D K Goel,0,INR 150,https://nearbook.app/book/3917298,2026-05-03T23:05:39.282219,
India,NearBook,,Ganit prakash,,0,INR 80,https://nearbook.app/book/3917296,2026-05-03T23:05:39.598371,
India,NearBook,,arihant physics PYQ,,0,INR 650,https://nearbook.app/book/3917295,2026-05-03T23:05:39.892698,
India,NearBook,,maths 1a work book inter 1year ts,sindhuja,0,INR 170,https://nearbook.app/book/3917293,2026-05-03T23:05:40.186178,
India,NearBook,,9th class english text book,,0,INR 30,https://nearbook.app/book/3917292,2026-05-03T23:05:41.851242,
India,NearBook,,mathematics 10th part 1,ayush,0,INR 90,https://nearbook.app/book/3917291,2026-05-03T23:05:42.143280,
India,NearBook,,saince,200,0,INR 170,https://nearbook.app/book/3917290,2026-05-03T23:05:42.465141,
India,NearBook,,10th english support material,,0,INR 80,https://nearbook.app/book/3917289,2026-05-03T23:05:42.757968,
India,NearBook,,10th english support material,,0,INR 80,https://nearbook.app/book/3917288,2026-05-03T23:05:43.092177,
India,NearBook,,chemistry jee mains advance,,0,INR 150,https://nearbook.app/book/3917287,2026-05-03T23:05:43.489603,
India,NearBook,,Grow well English Grammar,,0,INR 200,https://nearbook.app/book/3917286,2026-05-03T23:05:43.783103,
India,NearBook,,science,,0,INR 50,https://nearbook.app/book/3917285,2026-05-03T23:05:44.103777,
India,NearBook,,Digest,English yuvakbharati,0,INR 260,https://nearbook.app/book/3917283,2026-05-03T23:05:44.398292,
India,NearBook,,Ganit prakash,,0,INR 80,https://nearbook.app/book/3917282,2026-05-03T23:05:44.704567,
India,NearBook,,MBD ENGLISH,MBD,0,INR 200,https://nearbook.app/book/3917281,2026-05-03T23:05:45.027747,
India,NearBook,,question bank,question bank,0,INR 470,https://nearbook.app/book/3917280,2026-05-03T23:05:45.323379,
India,NearBook,,mathematics part 1 10th standard,ayush,0,INR 80,https://nearbook.app/book/3917279,2026-05-03T23:05:46.959736,
India,NearBook,,history,Rafik,0,INR 44,https://nearbook.app/book/3917278,2026-05-03T23:05:47.278724,
India,NearBook,,jee adavced sloving problems book,sindhuja,0,INR 350,https://nearbook.app/book/3917277,2026-05-03T23:05:47.575504,
India,NearBook,,mathematics,no,0,INR 450,https://nearbook.app/book/3917276,2026-05-03T23:05:47.867607,
India,NearBook,,physics jee mains advance,,0,INR 150,https://nearbook.app/book/3917275,2026-05-03T23:05:48.205060,
India,NearBook,,Rhapsody Workbook ISC (Published by Evergreen),Dr K.S Paul,0,INR 100,https://nearbook.app/book/3917274,2026-05-03T23:05:48.507665,
India,NearBook,,guide to good english grammar composition or translation,Joyshi Das,0,INR 25,https://nearbook.app/book/3917273,2026-05-03T23:05:48.814738,
India,NearBook,,Madhyamik Suggestion,,0,INR 450,https://nearbook.app/book/3917271,2026-05-03T23:05:49.122521,
India,NearBook,,Kshitij,harsh,0,INR 20,https://nearbook.app/book/3917270,2026-05-03T23:05:49.429166,
India,NearBook,,SL Loney Coordinate Geometry,,0,INR 80,https://nearbook.app/book/3917269,2026-05-03T23:05:49.723426,
India,NearBook,,mathematics 10th,ayush,0,INR 90,https://nearbook.app/book/3917268,2026-05-03T23:05:50.044848,
India,NearBook,,GANIT PRAKASH,AFSAN,0,INR 100,https://nearbook.app/book/3917267,2026-05-03T23:05:51.069569,
India,NearBook,,"BRAHMASTRA Complete Maths Multicolored Formula Book Third Edition (Paperback, Aditya Ranjan)",Aditya Ranjan,0,INR 100,https://nearbook.app/book/3917266,2026-05-03T23:05:52.795428,
India,NearBook,,physics handbook,,0,INR 655,https://nearbook.app/book/3917265,2026-05-03T23:05:53.108633,
India,NearBook,,chemistry,1st year chemistry baby bullet,0,INR 100,https://nearbook.app/book/3917264,2026-05-03T23:05:53.423112,
India,NearBook,,General Knowledge,,0,INR 330,https://nearbook.app/book/3917263,2026-05-03T23:05:53.730688,
India,NearBook,,computer system architecture,M. Morris Mano,0,INR 150,https://nearbook.app/book/3917262,2026-05-03T23:05:54.037164,
India,NearBook,,mathematics 10th part 2,ayush,0,INR 80..100,https://nearbook.app/book/3917261,2026-05-03T23:05:54.333509,
India,NearBook,,physics part 1 class 11,,0,INR 150,https://nearbook.app/book/3917260,2026-05-03T23:05:54.651573,
India,NearBook,,all in one science,Arohant,0,INR 250,https://nearbook.app/book/3917259,2026-05-03T23:05:54.956708,
India,NearBook,,physics inter 1st year workbook ts,"sindhuja
sindhuja",0,INR 170,https://nearbook.app/book/3917258,2026-05-03T23:05:55.266062,
India,NearBook,,pt,199,0,INR 200,https://nearbook.app/book/3917257,2026-05-03T23:05:55.573308,
India,NearBook,,model answer bank,,0,INR 80,https://nearbook.app/book/3917256,2026-05-03T23:05:55.867581,
India,NearBook,,hindi pariksha adhyayan,,0,INR 130,https://nearbook.app/book/3917255,2026-05-03T23:05:56.187610,
India,NearBook,,संस्कृत आराध्या,,0,INR 35,https://nearbook.app/book/3917254,2026-05-03T23:05:57.927702,
India,NearBook,,Hindi workbook,wikas,0,INR 100,https://nearbook.app/book/3917251,2026-05-03T23:05:58.228123,
India,NearBook,,Maths jee mains advance pyqs,,0,INR 200,https://nearbook.app/book/3917250,2026-05-03T23:05:58.524052,
India,NearBook,,Notebook,"Naitik Sharma 
Naitik Sharma",0,INR 0,https://nearbook.app/book/3917249,2026-05-03T23:05:58.831221,
India,NearBook,,bst part 2,poonam gandhi,0,INR 500,https://nearbook.app/book/3917248,2026-05-03T23:05:59.157593,
India,NearBook,,pariksha adhyayan,,0,INR 100,https://nearbook.app/book/3917246,2026-05-03T23:05:59.464285,
India,NearBook,,maths 1a LMR inter 1 year book ts,sindhuja,0,INR 100,https://nearbook.app/book/3917245,2026-05-03T23:05:59.773038,
India,NearBook,,World famous personalities,,0,INR 50,https://nearbook.app/book/3917244,2026-05-03T23:06:00.182444,
India,NearBook,,7th standard English textbook,,0,INR 30,https://nearbook.app/book/3917243,2026-05-03T23:06:00.488513,
India,NearBook,,Math,Ali,0,INR 170,https://nearbook.app/book/3917242,2026-05-03T23:06:00.797796,
India,NearBook,,accountancy 1puc part 2,ayush,0,INR 200..150,https://nearbook.app/book/3917240,2026-05-03T23:06:01.104134,
India,NearBook,,English Grammar,,0,INR 170,https://nearbook.app/book/3917239,2026-05-03T23:06:01.409826,
India,NearBook,,sociology,,0,INR 50,https://nearbook.app/book/3917238,2026-05-03T23:06:03.138518,
India,NearBook,,G.k,H-7,0,INR 0,https://nearbook.app/book/3917236,2026-05-03T23:06:03.439721,
India,NearBook,,vitaan,,0,INR 30,https://nearbook.app/book/3917235,2026-05-03T23:06:03.734706,
India,NearBook,,human geography,vijay,0,INR 100,https://nearbook.app/book/3917233,2026-05-03T23:06:04.073811,
India,NearBook,,Gala,Naitik Sharma,0,INR 118,https://nearbook.app/book/3917231,2026-05-03T23:06:04.384764,
India,NearBook,,class 10th science,,0,INR 100,https://nearbook.app/book/3917230,2026-05-03T23:06:04.783184,
India,NearBook,,adavance integrated chemistry volume ll,,0,INR 360,https://nearbook.app/book/3917229,2026-05-03T23:06:05.095646,
India,NearBook,,botany,1st bontany baby bullet,0,INR 100,https://nearbook.app/book/3917228,2026-05-03T23:06:05.394463,
India,NearBook,,hi di vyakaran Mai aur Mera vyakaran class 7,,0,INR 380,https://nearbook.app/book/3917227,2026-05-03T23:06:05.713358,
India,NearBook,,Hindi digest,Nawanit,0,INR 100,https://nearbook.app/book/3917226,2026-05-03T23:06:06.008626,
India,NearBook,,Maximum self esteem,,0,INR 150,https://nearbook.app/book/3917224,2026-05-03T23:06:06.303840,
India,NearBook,,geography,,0,INR 100,https://nearbook.app/book/3917223,2026-05-03T23:06:06.607786,
India,NearBook,,CBSE QCB,PW,0,INR 550,https://nearbook.app/book/3917222,2026-05-03T23:06:08.270686,
India,NearBook,,aaroh,,0,INR 75,https://nearbook.app/book/3917220,2026-05-03T23:06:08.578512,
India,NearBook,,An approach to English grammar,,0,INR 100,https://nearbook.app/book/3917219,2026-05-03T23:06:08.879117,
India,NearBook,,score workbook English,Kriti Sharma,0,INR 50,https://nearbook.app/book/3917218,2026-05-03T23:06:09.193371,
India,NearBook,,SSC MATHS by Aditya Ranjan Sir,Aditya Ranjan,0,INR 200,https://nearbook.app/book/3917217,2026-05-03T23:06:09.499545,
India,NearBook,,physics lmr intermediate 1st year ts,sindhuja,0,INR 100,https://nearbook.app/book/3917216,2026-05-03T23:06:09.803108,
India,NearBook,,water security,,0,INR 60,https://nearbook.app/book/3917215,2026-05-03T23:06:10.115258,
India,NearBook,,Science NCERT,ali,0,INR 210,https://nearbook.app/book/3917214,2026-05-03T23:06:10.416514,
India,NearBook,,10th science support material 2025-26,,0,INR 80,https://nearbook.app/book/3917213,2026-05-03T23:06:10.716340,
India,NearBook,,Crack Imucet,,0,INR 1300,https://nearbook.app/book/3917212,2026-05-03T23:06:11.019992,
India,NearBook,,accounts reliable,,0,INR 200,https://nearbook.app/book/3917211,2026-05-03T23:06:11.317730,
India,NearBook,,all in one english,arihant,0,INR 450,https://nearbook.app/book/3917210,2026-05-03T23:06:11.650062,
India,NearBook,,indian economic development 1puc,ayush,0,"INR 250,,,200",https://nearbook.app/book/3917209,2026-05-03T23:06:13.391894,
India,NearBook,,Macbeth Workbook ISC (morning star),"Xavier Pinto 
P. S Latika",0,INR 200,https://nearbook.app/book/3917208,2026-05-03T23:06:13.698334,
India,NearBook,,Hindi,,0,INR 70,https://nearbook.app/book/3917206,2026-05-03T23:06:14.005501,
India,NearBook,,Errorless physics NEET,,0,INR 900,https://nearbook.app/book/3917205,2026-05-03T23:06:14.303820,
India,NearBook,,chemistry,chemistry,0,INR 200,https://nearbook.app/book/3917204,2026-05-03T23:06:14.618983,
India,NearBook,,english reader,,0,INR 150,https://nearbook.app/book/3917203,2026-05-03T23:06:14.926546,
India,NearBook,,Oswal (A set of board question paper),Naitik Sharma,0,INR 160,https://nearbook.app/book/3917202,2026-05-03T23:06:15.222334,
India,NearBook,,Civics,Ali,0,INR 70,https://nearbook.app/book/3917201,2026-05-03T23:06:15.538414,
India,NearBook,,hindi digest,,0,INR 80,https://nearbook.app/book/3917200,2026-05-03T23:06:15.848690,
India,NearBook,,hornbill,,0,INR 50,https://nearbook.app/book/3917199,2026-05-03T23:06:16.142491,
India,NearBook,,Sanchayan,,0,INR 50,https://nearbook.app/book/3917198,2026-05-03T23:06:16.463684,
India,NearBook,,mathematic,Aashalata Badami,0,INR 540,https://nearbook.app/book/3917197,2026-05-03T23:06:16.769627,
India,NearBook,,ARTISTRY,,0,INR 50,https://nearbook.app/book/3917195,2026-05-03T23:06:18.411574,
India,NearBook,,social science,,0,INR 150,https://nearbook.app/book/3917193,2026-05-03T23:06:18.719017,
India,NearBook,,accounts Digest,,0,INR 150,https://nearbook.app/book/3917191,2026-05-03T23:06:19.022533,
India,NearBook,,English,,0,INR 100,https://nearbook.app/book/3917190,2026-05-03T23:06:19.329962,
India,NearBook,,history,,0,INR 110,https://nearbook.app/book/3917189,2026-05-03T23:06:19.637044,
India,NearBook,,Geography,Ali,0,INR 120,https://nearbook.app/book/3917188,2026-05-03T23:06:19.930461,
India,NearBook,,Geography,,0,INR 60,https://nearbook.app/book/3917187,2026-05-03T23:06:20.252966,
India,NearBook,,"scholastic 
go grammar",,0,INR 0,https://nearbook.app/book/3917186,2026-05-03T23:06:20.549673,
India,NearBook,,Environmental studies,,0,INR 30,https://nearbook.app/book/3917185,2026-05-03T23:06:20.866297,
India,NearBook,,MTG Maths jee mains and advance latest,,0,INR 700,https://nearbook.app/book/3917184,2026-05-03T23:06:21.174096,
India,NearBook,,Hindi Nutan gunjan class 7,,0,INR 378,https://nearbook.app/book/3917183,2026-05-03T23:06:21.471296,
India,NearBook,,life skills,,0,INR 100,https://nearbook.app/book/3917182,2026-05-03T23:06:21.765745,
India,NearBook,,exploring science,,0,INR 300,https://nearbook.app/book/3917181,2026-05-03T23:06:23.414900,
India,NearBook,,9th social science,sadhana,0,INR 50,https://nearbook.app/book/3917179,2026-05-03T23:06:23.750525,
India,NearBook,,copywriting copy,manjit,0,INR 100,https://nearbook.app/book/3917178,2026-05-03T23:06:24.143537,
India,NearBook,,Economic,Ali,0,INR 100,https://nearbook.app/book/3917177,2026-05-03T23:06:24.440005,
India,NearBook,,snapshot,,0,INR 35,https://nearbook.app/book/3917176,2026-05-03T23:06:24.739915,
India,NearBook,,puc 1 year english work book,,0,INR 25,https://nearbook.app/book/3917175,2026-05-03T23:06:25.048854,
India,NearBook,,business studies textbook 1puc,"Ayush 
Ayush",0,INR 100--150,https://nearbook.app/book/3917174,2026-05-03T23:06:25.374683,
India,NearBook,,English digest,,0,INR 130,https://nearbook.app/book/3917173,2026-05-03T23:06:25.668940,
India,NearBook,,business studies,Poonam gandhi,0,INR 480,https://nearbook.app/book/3917172,2026-05-03T23:06:25.986180,
India,NearBook,,political science,,0,INR 100,https://nearbook.app/book/3917171,2026-05-03T23:06:26.293473,
India,NearBook,,Knowledge UNIVERSE,,0,INR 100,https://nearbook.app/book/3917170,2026-05-03T23:06:26.588314,
India,NearBook,,social science,Ranveer tiwari,0,INR 240,https://nearbook.app/book/3917168,2026-05-03T23:06:26.883153,
India,NearBook,,composition,,0,INR 0,https://nearbook.app/book/3917167,2026-05-03T23:06:28.546525,
India,NearBook,,Hindi textbook,"Rafiq Khan 

Rafik Khan",0,INR 41,https://nearbook.app/book/3917166,2026-05-03T23:06:28.853224,
India,NearBook,,MTG Chemistry jee mains and advance latest,,0,INR 700,https://nearbook.app/book/3917165,2026-05-03T23:06:29.152142,
India,NearBook,,Hind,,0,INR 40,https://nearbook.app/book/3917164,2026-05-03T23:06:29.571164,
India,NearBook,,History,,0,INR 60,https://nearbook.app/book/3917163,2026-05-03T23:06:29.877514,
India,NearBook,,Accounts reliable,,0,INR 100,https://nearbook.app/book/3917162,2026-05-03T23:06:30.172126,
India,NearBook,,History,ALI,0,INR 150,https://nearbook.app/book/3917161,2026-05-03T23:06:30.491496,
India,NearBook,,history,,0,INR 150,https://nearbook.app/book/3917159,2026-05-03T23:06:31.492890,
India,NearBook,,puc 1 year english book,,0,INR 40,https://nearbook.app/book/3917158,2026-05-03T23:06:31.822852,
India,NearBook,,প্ৰাকৃতিক ভূগোল,,0,INR 180,https://nearbook.app/book/3917157,2026-05-03T23:06:32.112483,
India,NearBook,,essentials of English grammer and composition class 7,,0,INR 330,https://nearbook.app/book/3917156,2026-05-03T23:06:32.437375,
India,NearBook,,Kayara,,0,INR 100,https://nearbook.app/book/3917155,2026-05-03T23:06:32.736685,
India,NearBook,,english reader,Ranveer tiwari,0,INR 250,https://nearbook.app/book/3917154,2026-05-03T23:06:34.406325,
India,NearBook,,Footprints,ALI,0,INR 40,https://nearbook.app/book/3917153,2026-05-03T23:06:34.689934,
India,NearBook,,Hindi,,0,INR 60,https://nearbook.app/book/3917152,2026-05-03T23:06:35.100306,
India,NearBook,,Economics digest,,0,INR 70,https://nearbook.app/book/3917150,2026-05-03T23:06:35.383113,
India,NearBook,,"imo
Olympiad work book",,0,INR 0,https://nearbook.app/book/3917149,2026-05-03T23:06:35.677390,
India,NearBook,,science,ansh,0,INR 80,https://nearbook.app/book/3917147,2026-05-03T23:06:35.965014,
India,NearBook,,bundle books,,0,INR 500,https://nearbook.app/book/3917146,2026-05-03T23:06:36.248706,
India,NearBook,,"Perfect

GENERAL SCIENCE

Based on Textbook and Board Paper Pattern",Target Publication pvt. ltd,0,INR 160,https://nearbook.app/book/3917145,2026-05-03T23:06:36.527412,
India,NearBook,,science,ansh,0,INR 80,https://nearbook.app/book/3917144,2026-05-03T23:06:36.808398,
India,NearBook,,First flight,ALI,0,INR 115,https://nearbook.app/book/3917143,2026-05-03T23:06:37.091154,
India,NearBook,,Marigold,,0,INR 34,https://nearbook.app/book/3917142,2026-05-03T23:06:37.374991,
India,NearBook,,maths 2 digest,,0,INR 100,https://nearbook.app/book/3917141,2026-05-03T23:06:37.658672,
India,NearBook,,COMPUTER APPLICATION,Dr. Sanjay Jain,0,INR 350,https://nearbook.app/book/3917140,2026-05-03T23:06:39.267450,
India,NearBook,,Computer intellect,,0,INR 150,https://nearbook.app/book/3917139,2026-05-03T23:06:39.550962,
India,NearBook,,mathematics part 2,,0,INR 100,https://nearbook.app/book/3917137,2026-05-03T23:06:39.912182,
India,NearBook,,hindi book,,0,INR 540,https://nearbook.app/book/3917136,2026-05-03T23:06:40.195307,
India,NearBook,,মানৱ ভূগোল,,0,INR 250,https://nearbook.app/book/3917135,2026-05-03T23:06:40.477772,
India,NearBook,,sanskrit,,0,INR 80,https://nearbook.app/book/3917134,2026-05-03T23:06:40.760671,
India,NearBook,,prayoga pranati,,0,INR 30,https://nearbook.app/book/3917133,2026-05-03T23:06:41.055251,
India,NearBook,,mathematics,divyansh,0,INR 400,https://nearbook.app/book/3917132,2026-05-03T23:06:41.343128,
India,NearBook,,history,ansh,0,INR 80,https://nearbook.app/book/3917131,2026-05-03T23:06:41.627714,
India,NearBook,,concise physics class 7,,0,INR 346,https://nearbook.app/book/3917130,2026-05-03T23:06:41.912824,
India,NearBook,,RS Aggarwal Maths,,0,INR 500,https://nearbook.app/book/3917129,2026-05-03T23:06:42.202037,
India,NearBook,,maths 1 digest,,0,INR 100,https://nearbook.app/book/3917128,2026-05-03T23:06:42.487894,
India,NearBook,,Sanskrit,ALI,0,INR 60,https://nearbook.app/book/3917127,2026-05-03T23:06:44.213685,
India,NearBook,,marathi,akhtar,0,INR 50,https://nearbook.app/book/3917126,2026-05-03T23:06:44.520836,
India,NearBook,,first flight,,0,INR 70,https://nearbook.app/book/3917125,2026-05-03T23:06:44.828076,
India,NearBook,,MTG physics,,0,INR 700,https://nearbook.app/book/3917124,2026-05-03T23:06:45.135601,
India,NearBook,,rd Sharma,Dhanpat rai,0,INR 349,https://nearbook.app/book/3917123,2026-05-03T23:06:45.418652,
India,NearBook,,physics numerical by M.KARIM,M KARIM,0,INR 200,https://nearbook.app/book/3917122,2026-05-03T23:06:45.852040,
India,NearBook,,civics political science,ansh,0,INR 70,https://nearbook.app/book/3917121,2026-05-03T23:06:46.135691,
India,NearBook,,chemistry,ICSE selina,0,INR 150,https://nearbook.app/book/3917119,2026-05-03T23:06:46.465985,
India,NearBook,,history,,0,INR 80,https://nearbook.app/book/3917118,2026-05-03T23:06:46.750079,
India,NearBook,,The Gopi diaries [Sudha Murti],Sudha Murty,0,INR 600,https://nearbook.app/book/3917117,2026-05-03T23:06:47.081117,
India,NearBook,,Defence Studies,,0,INR 70,https://nearbook.app/book/3917116,2026-05-03T23:06:47.387593,
India,NearBook,,"Disease of Ear ,Nose Throat",Mohan Bansal,0,INR 500,https://nearbook.app/book/3917115,2026-05-03T23:06:47.672133,
India,NearBook,,IT 402 CLASS 9,,0,INR 200,https://nearbook.app/book/3917113,2026-05-03T23:06:49.308646,
India,NearBook,,Chitij,ALI,0,INR 70,https://nearbook.app/book/3917112,2026-05-03T23:06:49.597424,
India,NearBook,,history and social science,,0,INR 800,https://nearbook.app/book/3917111,2026-05-03T23:06:49.948049,
India,NearBook,,footprints without fee,,0,INR 40,https://nearbook.app/book/3917110,2026-05-03T23:06:50.255246,
India,NearBook,,economics,ansh,0,INR 45,https://nearbook.app/book/3917108,2026-05-03T23:06:50.540807,
India,NearBook,,SCIENCE IN EVERYDAY LIFE,,0,INR 300,https://nearbook.app/book/3917106,2026-05-03T23:06:50.869479,
India,NearBook,,antral,,0,INR 40,https://nearbook.app/book/3917105,2026-05-03T23:06:51.153830,
India,NearBook,,science,akhtar,0,INR 100,https://nearbook.app/book/3917104,2026-05-03T23:06:51.485143,
India,NearBook,,Commerce (ISC) published by S. Chand's,Dr C.B Gupta,0,INR 500,https://nearbook.app/book/3917103,2026-05-03T23:06:51.793419,
India,NearBook,,science and Technology,,0,INR 100,https://nearbook.app/book/3917102,2026-05-03T23:06:52.098853,
India,NearBook,,Essentials of Medical Microbiology,Apurba S Sastry Sandhya Bhat,0,INR 700,https://nearbook.app/book/3917101,2026-05-03T23:06:52.410375,
India,NearBook,,IT 402 CLASS 9,kips learning pvt.ltd,0,INR 100,https://nearbook.app/book/3917100,2026-05-03T23:06:52.696810,
India,NearBook,,accounting,,0,INR 200,https://nearbook.app/book/3917099,2026-05-03T23:06:54.433111,
India,NearBook,,geography,ansh,0,INR 50,https://nearbook.app/book/3917098,2026-05-03T23:06:54.760952,
India,NearBook,,Co-ordinate geometry,SL loney,0,INR 100,https://nearbook.app/book/3917097,2026-05-03T23:06:55.068470,
India,NearBook,,history and social science,,0,INR 800,https://nearbook.app/book/3917096,2026-05-03T23:06:55.375486,
India,NearBook,,house of cards,Sudha Murthy,0,INR 100,https://nearbook.app/book/3917095,2026-05-03T23:06:55.682117,
India,NearBook,,antra,,0,INR 60,https://nearbook.app/book/3917094,2026-05-03T23:06:55.965802,
India,NearBook,,maths part 1,,0,INR 60,https://nearbook.app/book/3917093,2026-05-03T23:06:56.296362,
India,NearBook,,mathematics part 1,,0,INR 100,https://nearbook.app/book/3917092,2026-05-03T23:06:56.603426,
India,NearBook,,foundation mathematics class 7,,0,INR 399,https://nearbook.app/book/3917090,2026-05-03T23:06:56.911054,
India,NearBook,,SCIENCE in EVERYDAY LIFE,,0,INR 300,https://nearbook.app/book/3917089,2026-05-03T23:06:57.220000,
India,NearBook,,Kritika,ALI,0,INR 45,https://nearbook.app/book/3917088,2026-05-03T23:06:57.525326,
India,NearBook,,English,,0,INR 60,https://nearbook.app/book/3917087,2026-05-03T23:06:57.833211,
India,NearBook,,ICSE innovative physics,,0,INR 300,https://nearbook.app/book/3917086,2026-05-03T23:06:59.447184,
India,NearBook,,rd sharma maths,ritika,0,INR 200,https://nearbook.app/book/3917085,2026-05-03T23:06:59.742165,
India,NearBook,,social studies,,0,INR 200,https://nearbook.app/book/3917084,2026-05-03T23:07:00.188371,
India,NearBook,,maths part 2,,0,INR 50,https://nearbook.app/book/3917083,2026-05-03T23:07:00.495127,
India,NearBook,,history and political science,,0,INR 100,https://nearbook.app/book/3917082,2026-05-03T23:07:00.787672,
India,NearBook,,kratika,ansh,0,INR 20,https://nearbook.app/book/3917081,2026-05-03T23:07:01.110799,
India,NearBook,,ICSE innovative biology,,0,INR 300,https://nearbook.app/book/3917080,2026-05-03T23:07:01.417937,
India,NearBook,,Fun with Grammar,Z.I Sherwani,0,INR 550,https://nearbook.app/book/3917079,2026-05-03T23:07:01.701158,
India,NearBook,,organisations of commerce and management,,0,INR 80,https://nearbook.app/book/3917078,2026-05-03T23:07:02.022057,
India,NearBook,,guide,,0,INR 1000,https://nearbook.app/book/3917077,2026-05-03T23:07:02.338716,
India,NearBook,,ICSE living science chemistry,,0,INR 300,https://nearbook.app/book/3917075,2026-05-03T23:07:02.645544,
India,NearBook,,Biochemistry,U.Satyanarayan,0,INR 900,https://nearbook.app/book/3917074,2026-05-03T23:07:02.939562,
India,NearBook,,Introductory microeconomics,"T.R. Jain
V.k. Ohri",0,INR 480,https://nearbook.app/book/3917073,2026-05-03T23:07:04.591210,
India,NearBook,,Gem's School atlas,,0,INR 180,https://nearbook.app/book/3917072,2026-05-03T23:07:04.898236,
India,NearBook,,"the Ramayana for children 
the girl who choose a new way of narrating the epics",Sudha Murthy,0,INR 199,https://nearbook.app/book/3917070,2026-05-03T23:07:05.183100,
India,NearBook,,physics,Selina,0,INR 150,https://nearbook.app/book/3917069,2026-05-03T23:07:05.512566,
India,NearBook,,mtg kcet maths,,0,INR 500,https://nearbook.app/book/3917068,2026-05-03T23:07:05.821258,
India,NearBook,,hindi yuvakbharti,,0,INR 60,https://nearbook.app/book/3917067,2026-05-03T23:07:06.127022,
India,NearBook,,R.D. sharma with MCQ book,ansh,0,INR 280,https://nearbook.app/book/3917066,2026-05-03T23:07:06.412731,
India,NearBook,,science,Valshli Gupta,0,INR 500,https://nearbook.app/book/3917064,2026-05-03T23:07:06.741780,
India,NearBook,,around the world class7,,0,INR 410,https://nearbook.app/book/3917063,2026-05-03T23:07:07.025412,
India,NearBook,,Bengali Grammar,,0,INR 50,https://nearbook.app/book/3917061,2026-05-03T23:07:07.313751,
India,NearBook,,mbd super refresher history,ritika,0,INR 200,https://nearbook.app/book/3917060,2026-05-03T23:07:07.663594,
India,NearBook,,ICSE map and topo sheet,,0,INR 200,https://nearbook.app/book/3917058,2026-05-03T23:07:07.947058,
India,NearBook,,book keeping and accoutancy,,0,INR 150,https://nearbook.app/book/3917057,2026-05-03T23:07:09.557176,
India,NearBook,,social science,,0,INR 450,https://nearbook.app/book/3917056,2026-05-03T23:07:09.917256,
India,NearBook,,india and the contemporary world - 2nd,,0,INR 39,https://nearbook.app/book/3917055,2026-05-03T23:07:10.223996,
India,NearBook,,candid ICSE map and topo sheet,,0,INR 200,https://nearbook.app/book/3917053,2026-05-03T23:07:11.350225,
India,NearBook,,cbse  questions,Oswald,0,INR 500,https://nearbook.app/book/3917052,2026-05-03T23:07:11.657179,
India,NearBook,,KD TRIPATHI,,0,INR 1000,https://nearbook.app/book/3917049,2026-05-03T23:07:11.940840,
India,NearBook,,ICSE geography,RK Jain,0,INR 300,https://nearbook.app/book/3917048,2026-05-03T23:07:12.272438,
India,NearBook,,code word computer book,,0,INR 150,https://nearbook.app/book/3917047,2026-05-03T23:07:12.578817,
India,NearBook,,mathematics,ansh,0,INR 80,https://nearbook.app/book/3917046,2026-05-03T23:07:12.892879,
India,NearBook,,class x ncert Mathematics,Munna Ali,0,INR 99,https://nearbook.app/book/3917045,2026-05-03T23:07:13.195281,
India,NearBook,,economics,,0,INR 50,https://nearbook.app/book/3917044,2026-05-03T23:07:13.481139,
India,NearBook,,Science textbook for class 10th NCERT,,0,INR 100,https://nearbook.app/book/3917043,2026-05-03T23:07:13.811242,
India,NearBook,,grammar,Maya s. Achar,0,INR 90,https://nearbook.app/book/3917042,2026-05-03T23:07:15.428102,
India,NearBook,,consice chemistry class7,,0,INR 416,https://nearbook.app/book/3917041,2026-05-03T23:07:15.724136,
India,NearBook,,Economic,,0,INR 50,https://nearbook.app/book/3917040,2026-05-03T23:07:16.031625,
India,NearBook,,candid ICSE history and civics,,0,INR 300,https://nearbook.app/book/3917039,2026-05-03T23:07:16.319152,
India,NearBook,,concise,,0,INR 370,https://nearbook.app/book/3917038,2026-05-03T23:07:16.602219,
India,NearBook,,Test paper 2024,,0,INR 350,https://nearbook.app/book/3917037,2026-05-03T23:07:16.885482,
India,NearBook,,organisation of commerce and management,,0,INR 60,https://nearbook.app/book/3917035,2026-05-03T23:07:17.166771,
India,NearBook,,gently falls the bakula,Sudha Murthy,0,INR 200,https://nearbook.app/book/3917034,2026-05-03T23:07:17.445616,
India,NearBook,,Practice Books,Arvind prakashan,0,INR 0,https://nearbook.app/book/3917033,2026-05-03T23:07:17.727145,
India,NearBook,,business studies,,0,INR 360,https://nearbook.app/book/3917032,2026-05-03T23:07:18.008332,
India,NearBook,,candid ICSE computer application,TD Malhotra,0,INR 400,https://nearbook.app/book/3917031,2026-05-03T23:07:18.305168,
India,NearBook,,science,,0,INR 100,https://nearbook.app/book/3917030,2026-05-03T23:07:18.588278,
India,NearBook,,maths,sharathkumar,0,INR 0,https://nearbook.app/book/3917029,2026-05-03T23:07:20.212674,
India,NearBook,,dictionary,,0,INR 0,https://nearbook.app/book/3917028,2026-05-03T23:07:20.500759,
India,NearBook,,english balbharati workbook,,0,INR 100,https://nearbook.app/book/3917027,2026-05-03T23:07:20.873154,
India,NearBook,,Book keeping and accountancy,,0,INR 80,https://nearbook.app/book/3917026,2026-05-03T23:07:21.153645,
India,NearBook,,বাংলা সহায়িকা,প্রান্তিক,0,INR 240,https://nearbook.app/book/3917025,2026-05-03T23:07:21.438360,
India,NearBook,,ICSE sahitya Sagar,,0,INR 50,https://nearbook.app/book/3917024,2026-05-03T23:07:21.728116,
India,NearBook,,ICSE treasure chest,,0,INR 50,https://nearbook.app/book/3917023,2026-05-03T23:07:22.103092,
India,NearBook,,english reader book for class 6th,,0,INR 180,https://nearbook.app/book/3917021,2026-05-03T23:07:22.409807,
India,NearBook,,mathematics,200,0,INR 300,https://nearbook.app/book/3917020,2026-05-03T23:07:22.716986,
India,NearBook,,beehive,ansh,0,INR 55,https://nearbook.app/book/3917018,2026-05-03T23:07:22.997726,
India,NearBook,,"संस्कृत 
थमदज्ञ

संस्कृत व्याकरण",डॉक्टर सोम बाबू शर्मा,0,INR 0,https://nearbook.app/book/3917017,2026-05-03T23:07:23.277424,
India,NearBook,,"Creativity book for 6,7 Class students to ise in our home",,0,INR 30,https://nearbook.app/book/3917016,2026-05-03T23:07:23.638034,
India,NearBook,,IT textbook,,0,INR 35,https://nearbook.app/book/3917015,2026-05-03T23:07:25.277519,
India,NearBook,,Harry Potter Part -1,J.K Rowling,0,INR 850,https://nearbook.app/book/3917014,2026-05-03T23:07:25.585156,
India,NearBook,,math,aryan,0,INR 250,https://nearbook.app/book/3917012,2026-05-03T23:07:25.891089,
India,NearBook,,how i taught my grandmother to read and other stories,Sudha Murthy,0,INR 200,https://nearbook.app/book/3917011,2026-05-03T23:07:26.178852,
India,NearBook,,"संस्कृत 
थमदज्ञ

संस्कृत व्याकरण",डॉक्टर सोम बाबू शर्मा,0,INR 300,https://nearbook.app/book/3917010,2026-05-03T23:07:26.506297,
India,NearBook,,Macro Economics,,0,INR 500,https://nearbook.app/book/3917009,2026-05-03T23:07:26.812259,
India,NearBook,,Test paper 2025,,0,INR 160,https://nearbook.app/book/3917008,2026-05-03T23:07:27.120799,
India,NearBook,,ekanki sanchay ICSE,,0,INR 50,https://nearbook.app/book/3917007,2026-05-03T23:07:27.403824,
India,NearBook,,Management Accounting published by sultan chand (ISC),T. S. Grewal's,0,INR 400,https://nearbook.app/book/3917006,2026-05-03T23:07:27.686465,
India,NearBook,,ekanki sanchay ICSE,,0,INR 50,https://nearbook.app/book/3917005,2026-05-03T23:07:28.042518,
India,NearBook,,computer science,,0,INR 150,https://nearbook.app/book/3917004,2026-05-03T23:07:28.349878,
India,NearBook,,icse saras Hindi vyakaran,,0,INR 200,https://nearbook.app/book/3917003,2026-05-03T23:07:28.633524,
India,NearBook,,neet chapterwise topic wise solution,,0,INR 400,https://nearbook.app/book/3917002,2026-05-03T23:07:30.295083,
India,NearBook,,Hindi workbook,"Vikas 
Sri Vikas",0,INR 100,https://nearbook.app/book/3917001,2026-05-03T23:07:30.601512,
India,NearBook,,Hindi ki pathya pustak Yug,Dr VP Singh Shivangi Jain,0,INR 200,https://nearbook.app/book/3917000,2026-05-03T23:07:30.888424,
India,NearBook,,mathematics,200,0,INR 300,https://nearbook.app/book/3916999,2026-05-03T23:07:31.220468,
India,NearBook,,Secretarial practice,,0,INR 80,https://nearbook.app/book/3916998,2026-05-03T23:07:31.522477,
India,NearBook,,ICSE sahitya Sagar,,0,INR 150,https://nearbook.app/book/3916997,2026-05-03T23:07:31.835077,
India,NearBook,,Accountancy part A,,0,INR 625,https://nearbook.app/book/3916996,2026-05-03T23:07:32.136926,
India,NearBook,,past and present class 7,"ratna Sagar,Manisha Basu",0,INR 434,https://nearbook.app/book/3916995,2026-05-03T23:07:32.444134,
India,NearBook,,learn german book,,0,INR 200,https://nearbook.app/book/3916994,2026-05-03T23:07:32.724360,
India,NearBook,,SOF math workbook,,0,INR 100,https://nearbook.app/book/3916993,2026-05-03T23:07:33.058744,
India,NearBook,,cbse,sharathkumar A.C,0,INR 699,https://nearbook.app/book/3916992,2026-05-03T23:07:33.342810,
India,NearBook,,Accountancy cbse,"DK GOEL 
rajesh goel
Shelly goel",0,INR 650,https://nearbook.app/book/3916991,2026-05-03T23:07:33.673437,
India,NearBook,,Clinical methods in Pediatrics,Piyush Gupta,0,INR 750,https://nearbook.app/book/3916990,2026-05-03T23:07:35.313141,
India,NearBook,,ekanki sanchay,,0,INR 100,https://nearbook.app/book/3916989,2026-05-03T23:07:35.618709,
India,NearBook,,Total English (Language) ISC,"Xavier Pinto 
Pamela Pinto
Dr Avanti Nisha",0,INR 200,https://nearbook.app/book/3916988,2026-05-03T23:07:35.928114,
India,NearBook,,how i taught my grandmother to read and other stories,Sudha Murthy,0,INR 500,https://nearbook.app/book/3916987,2026-05-03T23:07:36.233747,
India,NearBook,,SOF science workbook,,0,INR 100,https://nearbook.app/book/3916986,2026-05-03T23:07:36.517430,
India,NearBook,,moments,ansh,0,INR 35,https://nearbook.app/book/3916985,2026-05-03T23:07:36.799201,
India,NearBook,,Organization of commerce and management,,0,INR 70,https://nearbook.app/book/3916984,2026-05-03T23:07:37.154779,
India,NearBook,,জীবন বিজ্ঞান,"সাঁতরা
সাঁতরা",0,INR 240,https://nearbook.app/book/3916983,2026-05-03T23:07:37.455493,
India,NearBook,,English language and literature All in one,Arihant publication,0,INR 225,https://nearbook.app/book/3916982,2026-05-03T23:07:37.738891,
India,NearBook,,cursor 7 computer book class 5th,,0,INR 200,https://nearbook.app/book/3916981,2026-05-03T23:07:38.076608,
India,NearBook,,रिमझिम,,0,INR 49,https://nearbook.app/book/3916980,2026-05-03T23:07:38.383770,
India,NearBook,,icse treasure chests,DR. K. S. PAUL,0,INR 120,https://nearbook.app/book/3916979,2026-05-03T23:07:38.667101,
India,NearBook,,Marathi,,0,INR 100,https://nearbook.app/book/3916977,2026-05-03T23:07:40.307283,
India,NearBook,,Islamic study,"Rafik
Rafik 
Rafik Khan",0,INR 260,https://nearbook.app/book/3916976,2026-05-03T23:07:40.637338,
India,NearBook,,Mathametic work book Answer free,,0,INR 30,https://nearbook.app/book/3916975,2026-05-03T23:07:40.943675,
India,NearBook,,Navneet Mathematics,,0,INR 150,https://nearbook.app/book/3916974,2026-05-03T23:07:41.251161,
India,NearBook,,footprint without feet,vinay,0,INR 150,https://nearbook.app/book/3916973,2026-05-03T23:07:41.559259,
India,NearBook,,Indian Economic,,0,INR 350,https://nearbook.app/book/3916972,2026-05-03T23:07:41.855512,
India,NearBook,,Basic science,200,0,INR 300,https://nearbook.app/book/3916971,2026-05-03T23:07:42.172567,
India,NearBook,,icse STEP UP WITH GRAMMAR,,0,INR 150,https://nearbook.app/book/3916970,2026-05-03T23:07:42.480664,
India,NearBook,,history and political science,,0,INR 50,https://nearbook.app/book/3916969,2026-05-03T23:07:42.787175,
India,NearBook,,cbse u like maths,,0,INR 200,https://nearbook.app/book/3916967,2026-05-03T23:07:43.069048,
India,NearBook,,tulip series english,Sunidhi,0,INR 80,https://nearbook.app/book/3916965,2026-05-03T23:07:43.348389,
India,NearBook,,organisations of commerce and management,,0,INR 110,https://nearbook.app/book/3916964,2026-05-03T23:07:43.631553,
India,NearBook,,Marathi Yuvakbharti,Yuvakbharti,0,INR 80,https://nearbook.app/book/3916963,2026-05-03T23:07:45.241642,
India,NearBook,,the mother I have never new,Sudha Murthy,0,INR 199,https://nearbook.app/book/3916962,2026-05-03T23:07:45.551652,
India,NearBook,,pariksha bodh english,ansh,0,INR 50,https://nearbook.app/book/3916961,2026-05-03T23:07:45.860036,
India,NearBook,,rapid fire class 5th,vansh,0,INR 190,https://nearbook.app/book/3916960,2026-05-03T23:07:46.144201,
India,NearBook,,science 1 digest,,0,INR 100,https://nearbook.app/book/3916959,2026-05-03T23:07:46.426918,
India,NearBook,,mathametic work book Answer free,,0,INR 30,https://nearbook.app/book/3916958,2026-05-03T23:07:46.883822,
India,NearBook,,"mathematics class 7
R.D Sharma",R.D Sharma,0,INR 230,https://nearbook.app/book/3916957,2026-05-03T23:07:47.190398,
India,NearBook,,class 10 hindi ncert book,,0,INR 30,https://nearbook.app/book/3916956,2026-05-03T23:07:47.497308,
India,NearBook,,Arihant political science All in one,Pooja Sharma divyanshi jain,0,INR 300,https://nearbook.app/book/3916955,2026-05-03T23:07:47.777028,
India,NearBook,,संस्कृतव्याकरण,विसाल,0,INR 130,https://nearbook.app/book/3916954,2026-05-03T23:07:48.061263,
India,NearBook,,accounts,,0,INR 380,https://nearbook.app/book/3916953,2026-05-03T23:07:48.346749,
India,NearBook,,flamingo,,0,INR 50,https://nearbook.app/book/3916952,2026-05-03T23:07:48.635219,
India,NearBook,,icse Julius Caesar work book,Shirin puri lama,0,INR 150,https://nearbook.app/book/3916951,2026-05-03T23:07:51.075528,
India,NearBook,,Computer,,0,INR 110,https://nearbook.app/book/3916950,2026-05-03T23:07:51.360225,
India,NearBook,,mathematics course book part-2 for class 6th,,0,INR 230,https://nearbook.app/book/3916949,2026-05-03T23:07:51.696152,
India,NearBook,,science textbook,,0,INR 65,https://nearbook.app/book/3916948,2026-05-03T23:07:51.979568,
India,NearBook,,The pilgrim church,,0,INR 100,https://nearbook.app/book/3916947,2026-05-03T23:07:52.315410,
India,NearBook,,English,Jain Kumar jain,0,INR 80,https://nearbook.app/book/3916946,2026-05-03T23:07:52.617685,
India,NearBook,,pariksha bodh hindi,ansh,0,INR 40,https://nearbook.app/book/3916945,2026-05-03T23:07:52.925656,
India,NearBook,,English,Jain Kumar jain,0,INR 80,https://nearbook.app/book/3916944,2026-05-03T23:07:53.233262,
India,NearBook,,understanding economic development,,0,INR 25,https://nearbook.app/book/3916943,2026-05-03T23:07:53.516247,
India,NearBook,,class 11 biology ncert book,,0,INR 139,https://nearbook.app/book/3916942,2026-05-03T23:07:53.798346,
India,NearBook,,ICSE JULIUS CAESAR,Shirin puri Lama,0,INR 150,https://nearbook.app/book/3916941,2026-05-03T23:07:54.153845,
India,NearBook,,Double Entry Book keeping (Accounts) ISC  published by sultan chand,T. S. Grewal's,0,INR 400,https://nearbook.app/book/3916940,2026-05-03T23:07:54.460823,
India,NearBook,,maths textbook,,0,INR 65,https://nearbook.app/book/3916939,2026-05-03T23:07:56.099033,
India,NearBook,,Rahbr e urdu,,0,INR 100,https://nearbook.app/book/3916938,2026-05-03T23:07:56.384874,
India,NearBook,,ইতিহাস,জিকেপাহাড়ি,0,INR 240,https://nearbook.app/book/3916937,2026-05-03T23:07:56.816936,
India,NearBook,,Mathematics,"S.K. Gupta, Anubhuti Gangal",0,INR 200,https://nearbook.app/book/3916936,2026-05-03T23:07:57.123953,
India,NearBook,,punjabi book,vansh,0,INR 150,https://nearbook.app/book/3916934,2026-05-03T23:07:57.407658,
India,NearBook,,pariksha adhyan,ansh,0,INR 45,https://nearbook.app/book/3916933,2026-05-03T23:07:57.746505,
India,NearBook,,PHYSICAL EDUCATION,,0,INR 280,https://nearbook.app/book/3916932,2026-05-03T23:07:58.028630,
India,NearBook,,computer world 6,,0,INR 330,https://nearbook.app/book/3916930,2026-05-03T23:07:58.316311,
India,NearBook,,democratic politics - ll Textbook,,0,INR 25,https://nearbook.app/book/3916929,2026-05-03T23:07:58.600773,
India,NearBook,,mathematics course book part 1 for class 6th,,0,INR 200,https://nearbook.app/book/3916928,2026-05-03T23:07:58.883578,
India,NearBook,,social science,"200
200",0,INR 300,https://nearbook.app/book/3916927,2026-05-03T23:07:59.163811,
India,NearBook,,class 11 chemistry ncert book,,0,INR 169,https://nearbook.app/book/3916926,2026-05-03T23:07:59.444712,
India,NearBook,,Rs aggarwal,vansh,0,INR 800,https://nearbook.app/book/3916925,2026-05-03T23:08:01.069586,
India,NearBook,,geography digest,,0,INR 70,https://nearbook.app/book/3916924,2026-05-03T23:08:01.351622,
India,NearBook,,English grammar,Gladwyn Ferreira,0,INR 70,https://nearbook.app/book/3916922,2026-05-03T23:08:01.635513,
India,NearBook,,balbharti,,0,INR 150,https://nearbook.app/book/3916921,2026-05-03T23:08:01.923810,
India,NearBook,,copy,,0,INR 50,https://nearbook.app/book/3916920,2026-05-03T23:08:02.211009,
India,NearBook,,english,,0,INR 295,https://nearbook.app/book/3916919,2026-05-03T23:08:02.529005,
India,NearBook,,balbharti,,0,INR 150,https://nearbook.app/book/3916918,2026-05-03T23:08:02.811365,
India,NearBook,,something happened on the way to heaven,sudha Murthy,0,INR 199,https://nearbook.app/book/3916917,2026-05-03T23:08:03.095747,
India,NearBook,,ICSE CANDID MATHEMATICS,sanjeev babbar,0,INR 400,https://nearbook.app/book/3916916,2026-05-03T23:08:03.377364,
India,NearBook,,exclusive,somrat,0,INR 400,https://nearbook.app/book/3916914,2026-05-03T23:08:03.658037,
India,NearBook,,Sanskrit Meaning,,0,INR 75,https://nearbook.app/book/3916913,2026-05-03T23:08:03.948777,
India,NearBook,,Math,math,0,INR 440,https://nearbook.app/book/3916912,2026-05-03T23:08:04.231152,
India,NearBook,,Collins revised,vansh,0,INR 350,https://nearbook.app/book/3916911,2026-05-03T23:08:05.862676,
India,NearBook,,"social science course book part-1
class 6th",,0,INR 150,https://nearbook.app/book/3916910,2026-05-03T23:08:06.144766,
India,NearBook,,physical education,,0,INR 250,https://nearbook.app/book/3916909,2026-05-03T23:08:06.427427,
India,NearBook,,icse 10th pyqs,,0,INR 450,https://nearbook.app/book/3916908,2026-05-03T23:08:06.712727,
India,NearBook,,class 11 physics ncert book,,0,INR 169,https://nearbook.app/book/3916907,2026-05-03T23:08:07.011091,
India,NearBook,,navneet grammer,bhoomi,0,INR 80,https://nearbook.app/book/3916906,2026-05-03T23:08:07.363604,
India,NearBook,,science,,0,INR 275,https://nearbook.app/book/3916905,2026-05-03T23:08:07.645523,
India,NearBook,,Science testbook ncert,,0,INR 75,https://nearbook.app/book/3916904,2026-05-03T23:08:07.977808,
India,NearBook,,used modules of aakash  which includes eng grammar maths science social science and pyq for maths and science for class 10 th cbse board,,0,INR 550,https://nearbook.app/book/3916903,2026-05-03T23:08:08.286289,
India,NearBook,,Living Science Biology Class X,DK Rao and JJ Kaur,0,INR 350,https://nearbook.app/book/3916902,2026-05-03T23:08:08.574460,
India,NearBook,,Sanskrit,,0,INR 50,https://nearbook.app/book/3916901,2026-05-03T23:08:08.854584,
India,NearBook,,New Oxford Modern English,,0,INR 300,https://nearbook.app/book/3916900,2026-05-03T23:08:09.136815,
India,NearBook,,English digest,,0,INR 100,https://nearbook.app/book/3916899,2026-05-03T23:08:10.745819,
India,NearBook,,Oswal book CBSE question bank for class 10th solved paper 2016 to 2025 of social science,Oswal publication,0,INR 200,https://nearbook.app/book/3916898,2026-05-03T23:08:11.037715,
India,NearBook,,Hindi 7th class,,0,INR 0,https://nearbook.app/book/3916897,2026-05-03T23:08:11.362328,
India,NearBook,,light of knowledge,,0,INR 100,https://nearbook.app/book/3916896,2026-05-03T23:08:11.644882,
India,NearBook,,Oswaal Book Accounts ISC,,0,INR 300,https://nearbook.app/book/3916895,2026-05-03T23:08:11.935357,
India,NearBook,,mathmetics,,0,INR 375,https://nearbook.app/book/3916894,2026-05-03T23:08:12.279214,
India,NearBook,,vyakaran,Nitin saksena,0,INR 500,https://nearbook.app/book/3916893,2026-05-03T23:08:12.585585,
India,NearBook,,Autobiography of a YOGI,pramahansa yogananda,0,INR 299,https://nearbook.app/book/3916892,2026-05-03T23:08:12.866921,
India,NearBook,,work integrated education,200,0,INR 300,https://nearbook.app/book/3916891,2026-05-03T23:08:13.148835,
India,NearBook,,omr sheet ( 10 sheet ),By next topper,0,INR 119,https://nearbook.app/book/3916890,2026-05-03T23:08:13.432121,
India,NearBook,,"social science cource book part-2
class 6th",,0,INR 150,https://nearbook.app/book/3916889,2026-05-03T23:08:13.711835,
India,NearBook,,physics sure exam success +2,,0,INR 0,https://nearbook.app/book/3916888,2026-05-03T23:08:13.994659,
India,NearBook,,Marathi yuvak Bharti Navneet guide,,0,INR 50,https://nearbook.app/book/3916887,2026-05-03T23:08:15.631430,
India,NearBook,,THEA STILTON (houseford academy),Elizabetta Dami,0,INR 100,https://nearbook.app/book/3916886,2026-05-03T23:08:15.991801,
India,NearBook,,biology textbook,,0,INR 100,https://nearbook.app/book/3916885,2026-05-03T23:08:16.280275,
India,NearBook,,English companion,ray &martin,0,INR 210,https://nearbook.app/book/3916884,2026-05-03T23:08:16.560100,
India,NearBook,,Science (NCERT),NCERT,0,INR 90,https://nearbook.app/book/3916882,2026-05-03T23:08:16.843047,
India,NearBook,,Marathi grammar writing,Shri Navneet,0,INR 50,https://nearbook.app/book/3916880,2026-05-03T23:08:17.138011,
India,NearBook,,sanskrit,,0,INR 175,https://nearbook.app/book/3916879,2026-05-03T23:08:17.418804,
India,NearBook,,Oswaal Book ISC Business studies,,0,INR 300,https://nearbook.app/book/3916878,2026-05-03T23:08:17.700754,
India,NearBook,,physics part 2 navneet digest,,0,INR 155,https://nearbook.app/book/3916877,2026-05-03T23:08:18.013173,
India,NearBook,,Hindi grammar,Shri Navneet,0,INR 50,https://nearbook.app/book/3916876,2026-05-03T23:08:18.323990,
India,NearBook,,English Saurabh,"Kahalsa inter college 
gddjkfdbi xb",0,INR 200,https://nearbook.app/book/3916875,2026-05-03T23:08:18.604296,
India,NearBook,,general knowledge,Riya yadav,0,INR 350,https://nearbook.app/book/3916874,2026-05-03T23:08:18.888444,
India,NearBook,,social science,,0,INR 295,https://nearbook.app/book/3916872,2026-05-03T23:08:20.572949,
India,NearBook,,Mathematics (Vol 1 + Vol. 2),Parijat Jain,0,INR 500,https://nearbook.app/book/3916871,2026-05-03T23:08:20.852336,
India,NearBook,,ML AGGARWAL ICSE MATHEMATICS,m.l Agarwal,0,INR 300,https://nearbook.app/book/3916870,2026-05-03T23:08:21.131782,
India,NearBook,,chemistry part 2 navneet digest,,0,INR 165,https://nearbook.app/book/3916869,2026-05-03T23:08:21.412591,
India,NearBook,,cursor 7 computer book class 6th,,0,INR 200,https://nearbook.app/book/3916868,2026-05-03T23:08:21.694476,
India,NearBook,,Computer,,0,INR 80,https://nearbook.app/book/3916866,2026-05-03T23:08:22.012940,
India,NearBook,,discovering English,,0,INR 520,https://nearbook.app/book/3916865,2026-05-03T23:08:22.313842,
India,NearBook,,PHYSICAL EDUCATION,,0,INR 180,https://nearbook.app/book/3916864,2026-05-03T23:08:22.644610,
India,NearBook,,Macroeconomics class 12,,0,INR 299,https://nearbook.app/book/3916863,2026-05-03T23:08:22.928756,
India,NearBook,,chemistry,,0,INR 65,https://nearbook.app/book/3916862,2026-05-03T23:08:23.235112,
India,NearBook,,Marathi grammar,Ashok bagwe,0,INR 50,https://nearbook.app/book/3916861,2026-05-03T23:08:23.516672,
India,NearBook,,vatsal isc physics handbook,,0,INR 480,https://nearbook.app/book/3916860,2026-05-03T23:08:23.800764,
India,NearBook,,geography,,0,INR 40,https://nearbook.app/book/3916859,2026-05-03T23:08:25.488944,
India,NearBook,,physics 11th part 1 TB,,0,INR 70,https://nearbook.app/book/3916858,2026-05-03T23:08:25.771186,
India,NearBook,,Prism ISC (short stories) by Evergreen publication,,0,INR 20,https://nearbook.app/book/3916857,2026-05-03T23:08:26.055511,
India,NearBook,,Accountancy volume 2 class 12,,0,INR 250,https://nearbook.app/book/3916856,2026-05-03T23:08:26.409783,
India,NearBook,,CBSE QUESTION BANK,by OSWAAL,0,INR 419,https://nearbook.app/book/3916855,2026-05-03T23:08:26.717634,
India,NearBook,,Math,math,0,INR 440,https://nearbook.app/book/3916854,2026-05-03T23:08:26.998415,
India,NearBook,,biology part 1 navneet digest,,0,INR 120,https://nearbook.app/book/3916853,2026-05-03T23:08:27.278008,
India,NearBook,,Life Science,,0,INR 100,https://nearbook.app/book/3916852,2026-05-03T23:08:27.639042,
India,NearBook,,answer fill h,,0,INR 200,https://nearbook.app/book/3916850,2026-05-03T23:08:28.858587,
India,NearBook,,vatsal isc biology handbook,,0,INR 480,https://nearbook.app/book/3916849,2026-05-03T23:08:29.148177,
India,NearBook,,scholarship std 7,no,0,INR 320,https://nearbook.app/book/3916848,2026-05-03T23:08:29.481939,
India,NearBook,,English saurabh,vk,0,INR 0,https://nearbook.app/book/3916847,2026-05-03T23:08:29.774971,
India,NearBook,,Social Science (Class X),Yashpal Singh,0,INR 410,https://nearbook.app/book/3916846,2026-05-03T23:08:31.428967,
India,NearBook,,Indian economy class 12,,0,INR 250,https://nearbook.app/book/3916845,2026-05-03T23:08:31.712608,
India,NearBook,,ICSE POINTERZ COMPUTER BOOK,,0,INR 247,https://nearbook.app/book/3916844,2026-05-03T23:08:32.042568,
India,NearBook,,chemistry icse 10th guide,,0,INR 200,https://nearbook.app/book/3916843,2026-05-03T23:08:32.325242,
India,NearBook,,biology part 2 navneet digest,,0,INR 160,https://nearbook.app/book/3916842,2026-05-03T23:08:32.615803,
India,NearBook,,deepak,,0,INR 100,https://nearbook.app/book/3916841,2026-05-03T23:08:32.901853,
India,NearBook,,health and physical education,Vikas,0,INR 50,https://nearbook.app/book/3916840,2026-05-03T23:08:33.283501,
India,NearBook,,physics (unimax),,0,INR 200,https://nearbook.app/book/3916839,2026-05-03T23:08:33.568754,
India,NearBook,,Accountancy part B class 12,,0,INR 349,https://nearbook.app/book/3916838,2026-05-03T23:08:33.858089,
India,NearBook,,vatsal isc chemistry handbook,,0,INR 480,https://nearbook.app/book/3916837,2026-05-03T23:08:34.137237,
India,NearBook,,The Science Orbit -Biology,Dr Neeta Bisht,0,INR 150,https://nearbook.app/book/3916836,2026-05-03T23:08:34.422945,
India,NearBook,,class 12 economics sample paper,,0,INR 140,https://nearbook.app/book/3916835,2026-05-03T23:08:34.708565,
India,NearBook,,Total English (Morning star),"Xavier Pinto
Pamela Pinto
Dr. Avanti Nisha",0,INR 100,https://nearbook.app/book/3916834,2026-05-03T23:08:36.314082,
India,NearBook,,deepak,,0,INR 100,https://nearbook.app/book/3916833,2026-05-03T23:08:36.598563,
India,NearBook,,chemistry part 1 navneet digest,,0,INR 135,https://nearbook.app/book/3916832,2026-05-03T23:08:36.883797,
India,NearBook,,Brahmastra booklet,By NEXTTOPPER,0,INR 169,https://nearbook.app/book/3916831,2026-05-03T23:08:37.166663,
India,NearBook,,Accountancy class 12,,0,INR 300,https://nearbook.app/book/3916830,2026-05-03T23:08:37.449473,
India,NearBook,,class 12 accountancy dk goel,,0,INR 400,https://nearbook.app/book/3916829,2026-05-03T23:08:37.734610,
India,NearBook,,chitij,ansh,0,INR 40,https://nearbook.app/book/3916828,2026-05-03T23:08:38.019309,
India,NearBook,,Flamingo,,0,INR 299,https://nearbook.app/book/3916826,2026-05-03T23:08:38.391048,
India,NearBook,,Biology ncert,Rishika,0,INR 215,https://nearbook.app/book/3916825,2026-05-03T23:08:38.698274,
India,NearBook,,sample paper physics,,0,INR 50,https://nearbook.app/book/3916824,2026-05-03T23:08:38.980901,
India,NearBook,,NAVNEET DIGEST STD 6 STD,,0,INR 50,https://nearbook.app/book/3916823,2026-05-03T23:08:39.317362,
India,NearBook,,History,,0,INR 100,https://nearbook.app/book/3916822,2026-05-03T23:08:39.619420,
India,NearBook,,English guide,,0,INR 280,https://nearbook.app/book/3916821,2026-05-03T23:08:41.238619,
India,NearBook,,Depak,,0,INR 99,https://nearbook.app/book/3916820,2026-05-03T23:08:41.523405,
India,NearBook,,exemplar of maths,,0,INR 150,https://nearbook.app/book/3916819,2026-05-03T23:08:41.814547,
India,NearBook,,Hindi grammar writing,"Shri Navneet 
Shri Navneet",0,INR 50,https://nearbook.app/book/3916818,2026-05-03T23:08:42.099769,
India,NearBook,,geography guide and question bank icse,,0,INR 300,https://nearbook.app/book/3916817,2026-05-03T23:08:42.589141,
India,NearBook,,General knowledge,,0,INR 110,https://nearbook.app/book/3916816,2026-05-03T23:08:42.873744,
India,NearBook,,science world,,0,INR 280,https://nearbook.app/book/3916815,2026-05-03T23:08:43.163040,
India,NearBook,,Business Studies class 12,,0,INR 200,https://nearbook.app/book/3916814,2026-05-03T23:08:43.447192,
India,NearBook,,Charles Dickens OLIVER TWIST illustrated Classic,Charles Dickens,0,INR 40,https://nearbook.app/book/3916813,2026-05-03T23:08:43.817717,
India,NearBook,,exemplar of maths,,0,INR 150,https://nearbook.app/book/3916812,2026-05-03T23:08:44.100890,
India,NearBook,,Deepak,,0,INR 99,https://nearbook.app/book/3916811,2026-05-03T23:08:44.384181,
India,NearBook,,ielts academic 14,,0,INR 200,https://nearbook.app/book/3916810,2026-05-03T23:08:44.669474,
India,NearBook,,NAVNEET DIGEST,,0,INR 35,https://nearbook.app/book/3916809,2026-05-03T23:08:46.272889,
India,NearBook,,Pallav 5,Dr Ramsudhar Singh by Amrita Amrita Prakashan,0,INR 180,https://nearbook.app/book/3916808,2026-05-03T23:08:46.584125,
India,NearBook,,biology 10th icse guide,,0,INR 100,https://nearbook.app/book/3916807,2026-05-03T23:08:46.890053,
India,NearBook,,UNBARBAAD,Shobhit Nirwan,0,INR 180,https://nearbook.app/book/3916806,2026-05-03T23:08:47.198170,
India,NearBook,,Curiosity,,0,INR 80,https://nearbook.app/book/3916804,2026-05-03T23:08:47.481751,
India,NearBook,,deepak,,0,INR 99,https://nearbook.app/book/3916802,2026-05-03T23:08:47.811829,
India,NearBook,,physics part 1 navneet digest,,0,INR 155,https://nearbook.app/book/3916801,2026-05-03T23:08:48.118866,
India,NearBook,,information technology,,0,INR 400,https://nearbook.app/book/3916800,2026-05-03T23:08:48.402530,
India,NearBook,,Exploring Biology,"Manav Chakrabarty
Manav Chakrabarty",0,INR 51,https://nearbook.app/book/3916799,2026-05-03T23:08:48.733695,
India,NearBook,,my beautiful life,,0,INR 149,https://nearbook.app/book/3916798,2026-05-03T23:08:49.041330,
India,NearBook,,A GATEWAY Modern SCIENCE,"ADITYA KUMAR 
Aditya Kumar",0,INR 130,https://nearbook.app/book/3916797,2026-05-03T23:08:49.323173,
India,NearBook,,class 9 ncert,ncert,0,INR 30,https://nearbook.app/book/3916796,2026-05-03T23:08:49.609061,
India,NearBook,,Physical Science,,0,INR 120,https://nearbook.app/book/3916795,2026-05-03T23:08:51.294435,
India,NearBook,,geography,Vanshika,0,INR 40,https://nearbook.app/book/3916794,2026-05-03T23:08:51.601189,
India,NearBook,,math,maths,0,INR 200,https://nearbook.app/book/3916793,2026-05-03T23:08:51.885003,
India,NearBook,,science,madhuri prakashan,0,INR 220,https://nearbook.app/book/3916792,2026-05-03T23:08:52.174194,
India,NearBook,,Eapcet Main mpc material,Alphorse,0,INR 500,https://nearbook.app/book/3916791,2026-05-03T23:08:52.522021,
India,NearBook,,NAVNEET DIGEST,,0,INR 32,https://nearbook.app/book/3916789,2026-05-03T23:08:52.819357,
India,NearBook,,class 12 business studies sample paper,,0,INR 120,https://nearbook.app/book/3916788,2026-05-03T23:08:53.136332,
India,NearBook,,CTET Solved Papers 2014-2024 class 1-5,Deepankar Jha,0,INR 800,https://nearbook.app/book/3916787,2026-05-03T23:08:53.422198,
India,NearBook,,English grammar,"Shivani Singh 
Madhu singh 
Shivani Singh 
Madhu singh",0,INR 400,https://nearbook.app/book/3916786,2026-05-03T23:08:53.706216,
India,NearBook,,class 10 hbsc,"deepal


deepak",0,INR 99,https://nearbook.app/book/3916784,2026-05-03T23:08:54.058626,
India,NearBook,,Hindi,,0,INR 90,https://nearbook.app/book/3916783,2026-05-03T23:08:54.467539,
India,NearBook,,oswaal class 12 accountancy sample paper,,0,INR 150,https://nearbook.app/book/3916782,2026-05-03T23:08:54.775445,
India,NearBook,,English,,0,INR 90,https://nearbook.app/book/3916781,2026-05-03T23:08:56.414181,
India,NearBook,,geography class 10th icse,,0,INR 250,https://nearbook.app/book/3916780,2026-05-03T23:08:56.720496,
India,NearBook,,political science,Vanshika,0,INR 80,https://nearbook.app/book/3916779,2026-05-03T23:08:57.029206,
India,NearBook,,physical education,icse physical education,0,INR 400,https://nearbook.app/book/3916778,2026-05-03T23:08:57.343508,
India,NearBook,,Commerce S.Chand's ISC,"Dr. C. B. Gupta
Dr. C. B. Gupta
Dr. C.B. Gupta",0,INR 200,https://nearbook.app/book/3916776,2026-05-03T23:08:57.628157,
India,NearBook,,physical education,icse physical education,0,INR 400,https://nearbook.app/book/3916775,2026-05-03T23:08:58.053245,
India,NearBook,,NAVNEET DIGEST,,0,INR 45,https://nearbook.app/book/3916774,2026-05-03T23:08:58.340818,
India,NearBook,,hindi,,0,INR 50,https://nearbook.app/book/3916772,2026-05-03T23:08:58.687159,
India,NearBook,,English,"Anash
Anash
Anash",0,INR 2000,https://nearbook.app/book/3916771,2026-05-03T23:08:58.974059,
India,NearBook,,Organisation of Commerce and Management,,0,INR 100,https://nearbook.app/book/3916770,2026-05-03T23:08:59.259824,
India,NearBook,,apsara,,0,INR 100,https://nearbook.app/book/3916769,2026-05-03T23:08:59.588333,
India,NearBook,,Social Science Full marks,,0,INR 140,https://nearbook.app/book/3916768,2026-05-03T23:08:59.870954,
India,NearBook,,ielts academic readings,,0,INR 300,https://nearbook.app/book/3916767,2026-05-03T23:09:01.484837,
India,NearBook,,10years class 12,,0,INR 700,https://nearbook.app/book/3916766,2026-05-03T23:09:01.840943,
India,NearBook,,शिवलाल गणित कक्षा 11वीं,एस. एस. सेठ,0,INR 445,https://nearbook.app/book/3916765,2026-05-03T23:09:02.148558,
India,NearBook,,Mathematics and statistics volume 2,Target publication,0,INR 420,https://nearbook.app/book/3916764,2026-05-03T23:09:02.455544,
India,NearBook,,RS aggarwal,,0,INR 100,https://nearbook.app/book/3916763,2026-05-03T23:09:02.737389,
India,NearBook,,English yuvakbharti,Yuvakbharti,0,INR 80,https://nearbook.app/book/3916762,2026-05-03T23:09:03.070447,
India,NearBook,,Economy,Vanshika,0,INR 60,https://nearbook.app/book/3916761,2026-05-03T23:09:03.380810,
India,NearBook,,mathematics class 10 english medium book ncert,ayan,0,INR 70,https://nearbook.app/book/3916760,2026-05-03T23:09:03.684486,
India,NearBook,,mathematics class ix,"sa  ramanuja n

sa ramanujan",0,INR 155,https://nearbook.app/book/3916759,2026-05-03T23:09:04.093757,
India,NearBook,,sanskritik -deepkam,Yogita bhaiswar,0,INR 200,https://nearbook.app/book/3916758,2026-05-03T23:09:04.377723,
India,NearBook,,Mathematics and statistics volume 1,Target publication,0,INR 400,https://nearbook.app/book/3916757,2026-05-03T23:09:04.707626,
India,NearBook,,resource and development,,0,INR 50,https://nearbook.app/book/3916756,2026-05-03T23:09:04.991833,
India,NearBook,,maths,,0,INR 100,https://nearbook.app/book/3916755,2026-05-03T23:09:06.594911,
India,NearBook,,NAVNEET DIGEST SCIENCE,,0,INR 52,https://nearbook.app/book/3916754,2026-05-03T23:09:06.878819,
India,NearBook,,colors&craft,,0,INR 199,https://nearbook.app/book/3916753,2026-05-03T23:09:07.165654,
India,NearBook,,STEM_Foundation course,samyak,0,INR 80,https://nearbook.app/book/3916752,2026-05-03T23:09:07.449648,
India,NearBook,,Secretarial practice,,0,INR 100,https://nearbook.app/book/3916751,2026-05-03T23:09:08.491919,
India,NearBook,,Kritika,Vanshika,0,INR 30,https://nearbook.app/book/3916750,2026-05-03T23:09:08.804646,
India,NearBook,,Duroos-e-Islam,,0,INR 90,https://nearbook.app/book/3916749,2026-05-03T23:09:09.095334,
India,NearBook,,MCQs in Mathematics,,0,INR 50,https://nearbook.app/book/3916748,2026-05-03T23:09:09.420954,
India,NearBook,,sample paper for class 12 english,,0,INR 100,https://nearbook.app/book/3916747,2026-05-03T23:09:09.726040,
India,NearBook,,chemistry,,0,INR 100,https://nearbook.app/book/3916746,2026-05-03T23:09:10.041251,
India,NearBook,,computer,,0,INR 80,https://nearbook.app/book/3916745,2026-05-03T23:09:10.328995,
India,NearBook,,Physics volume 2,Target publication,0,INR 290,https://nearbook.app/book/3916744,2026-05-03T23:09:10.621064,
India,NearBook,,English 1st puc TB,,0,INR 40,https://nearbook.app/book/3916743,2026-05-03T23:09:12.288053,
India,NearBook,,Home science,,0,INR 100,https://nearbook.app/book/3916742,2026-05-03T23:09:12.592894,
India,NearBook,,shitij ( hindi ),Vanshika,0,INR 60,https://nearbook.app/book/3916740,2026-05-03T23:09:12.879625,
India,NearBook,,CTET Solved Papers 2015-2024 class 6th-8th,Deepankar jha,0,INR 800,https://nearbook.app/book/3916739,2026-05-03T23:09:13.178050,
India,NearBook,,English footprint without feel,Ayan,0,INR 40,https://nearbook.app/book/3916738,2026-05-03T23:09:13.516831,
India,NearBook,,Mathematics,RD Sharma,0,INR 150,https://nearbook.app/book/3916737,2026-05-03T23:09:13.822260,
India,NearBook,,Physics volume 1,Target publication,0,INR 290,https://nearbook.app/book/3916736,2026-05-03T23:09:14.123948,
India,NearBook,,mathematics,,0,INR 400,https://nearbook.app/book/3916735,2026-05-03T23:09:14.436070,
India,NearBook,,1st puc biology text book,,0,INR 160,https://nearbook.app/book/3916734,2026-05-03T23:09:14.723912,
India,NearBook,,Bookkeeping and Accountancy,,0,INR 190,https://nearbook.app/book/3916733,2026-05-03T23:09:15.008563,
India,NearBook,,Shri Balaji Chemistry (MP Sawhney) Class X,Dr MP Sawhney,0,INR 450,https://nearbook.app/book/3916732,2026-05-03T23:09:15.358972,
India,NearBook,,Oswaal CBSE question bank science class 9th,,0,INR 299,https://nearbook.app/book/3916731,2026-05-03T23:09:15.659390,
India,NearBook,,lab manual,,0,INR 250,https://nearbook.app/book/3916730,2026-05-03T23:09:17.303584,
India,NearBook,,commercial studies,,0,INR 80,https://nearbook.app/book/3916729,2026-05-03T23:09:17.610081,
India,NearBook,,computer magic,,0,INR 299,https://nearbook.app/book/3916728,2026-05-03T23:09:17.917479,
India,NearBook,,sanskrit book class 10,,0,INR 400,https://nearbook.app/book/3916727,2026-05-03T23:09:18.203812,
India,NearBook,,sslc my tutor,umar,0,INR 250,https://nearbook.app/book/3916726,2026-05-03T23:09:18.491812,
India,NearBook,,Footprints without feet ( english ),Vanshika,0,INR 40,https://nearbook.app/book/3916725,2026-05-03T23:09:18.839397,
India,NearBook,,commercial studies,,0,INR 80,https://nearbook.app/book/3916723,2026-05-03T23:09:19.130684,
India,NearBook,,spr publication chemistry guide,,0,INR 80,https://nearbook.app/book/3916722,2026-05-03T23:09:19.420524,
India,NearBook,,Social Science Companion,Ocean Publication,0,INR 298,https://nearbook.app/book/3916721,2026-05-03T23:09:19.761543,
India,NearBook,,Chemistry volume 2,Target publication,0,INR 280,https://nearbook.app/book/3916720,2026-05-03T23:09:20.069093,
India,NearBook,,Health Quest,,0,INR 100,https://nearbook.app/book/3916719,2026-05-03T23:09:20.354673,
India,NearBook,,NAVNEET DIGEST MATHS,,0,INR 45,https://nearbook.app/book/3916718,2026-05-03T23:09:20.642137,
India,NearBook,,let's listen and speak,"Vidhi Garg
Anubhav Sharma
Namita Garg",0,INR 100,https://nearbook.app/book/3916717,2026-05-03T23:09:22.257655,
India,NearBook,,Urdu Grammer Book 5th,,0,INR 270,https://nearbook.app/book/3916716,2026-05-03T23:09:22.629090,
India,NearBook,,ALL ALLEN BOOKS NEET(EXCEPT PHYSICS 1),,0,INR 3300,https://nearbook.app/book/3916715,2026-05-03T23:09:22.935832,
India,NearBook,,moderns abc of chemistry,,0,INR 350,https://nearbook.app/book/3916714,2026-05-03T23:09:23.224926,
India,NearBook,,hornbill,,0,INR 30,https://nearbook.app/book/3916712,2026-05-03T23:09:23.549827,
India,NearBook,,Health Quest,,0,INR 100,https://nearbook.app/book/3916711,2026-05-03T23:09:23.835782,
India,NearBook,,Time tales in greater social science class 8,User,0,INR 150,https://nearbook.app/book/3916709,2026-05-03T23:09:24.164202,
India,NearBook,,maths support material,Ayan,0,INR 50,https://nearbook.app/book/3916708,2026-05-03T23:09:24.452268,
India,NearBook,,Chemistry volume 1,Target publication,0,INR 370,https://nearbook.app/book/3916707,2026-05-03T23:09:24.740840,
India,NearBook,,scolarship 7th,navanita,0,INR 200,https://nearbook.app/book/3916706,2026-05-03T23:09:25.085207,
India,NearBook,,mathematics,,0,INR 40,https://nearbook.app/book/3916705,2026-05-03T23:09:25.372229,
India,NearBook,,Shakespeare's merchant of Venice,,0,INR 100,https://nearbook.app/book/3916704,2026-05-03T23:09:25.658107,
India,NearBook,,all in one sst cl,,0,INR 400,https://nearbook.app/book/3916702,2026-05-03T23:09:27.339781,
India,NearBook,,English second language,,0,INR 34,https://nearbook.app/book/3916701,2026-05-03T23:09:27.645298,
India,NearBook,,11 sci english 2 language,,0,INR 150,https://nearbook.app/book/3916700,2026-05-03T23:09:27.931074,
India,NearBook,,Economics,,0,INR 50,https://nearbook.app/book/3916699,2026-05-03T23:09:28.218930,
India,NearBook,,history civics,,0,INR 100,https://nearbook.app/book/3916698,2026-05-03T23:09:28.567515,
India,NearBook,,Communicate with Cambridge image editionCommunicate with Cambridge image edition,User,0,INR 100,https://nearbook.app/book/3916697,2026-05-03T23:09:28.860545,
India,NearBook,,biology textbook,,0,INR 200,https://nearbook.app/book/3916696,2026-05-03T23:09:29.181262,
India,NearBook,,Biology volume 2,Target publication,0,INR 210,https://nearbook.app/book/3916695,2026-05-03T23:09:29.481628,
India,NearBook,,New Oxford Modern English,,0,INR 230,https://nearbook.app/book/3916694,2026-05-03T23:09:29.796485,
India,NearBook,,Mathematics Activities and Projects,,0,INR 100,https://nearbook.app/book/3916693,2026-05-03T23:09:30.103111,
India,NearBook,,ielts academic essay,Dr  Kiran Preeti kaur makkar,0,INR 300,https://nearbook.app/book/3916692,2026-05-03T23:09:30.389889,
India,NearBook,,Economics,"kali mandir Mahendra nagar aligarh 

kali mandir Mahendra nagar aligarh",0,INR 50,https://nearbook.app/book/3916691,2026-05-03T23:09:30.679376,
India,NearBook,,Naveen Sankalp Hindi pathmala,User,0,INR 180,https://nearbook.app/book/3916690,2026-05-03T23:09:32.356108,
India,NearBook,,science class 10 book english medium,,0,INR 50,https://nearbook.app/book/3916689,2026-05-03T23:09:32.643575,
India,NearBook,,English grammar,,0,INR 250,https://nearbook.app/book/3916688,2026-05-03T23:09:32.970221,
India,NearBook,,ENVIRONMENTAL STUDIES 5th,,0,INR 101,https://nearbook.app/book/3916687,2026-05-03T23:09:33.278097,
India,NearBook,,Practical Science,,0,INR 150,https://nearbook.app/book/3916686,2026-05-03T23:09:33.584537,
India,NearBook,,mathematics,,0,INR 100,https://nearbook.app/book/3916685,2026-05-03T23:09:33.881528,
India,NearBook,,hornbill,,0,INR 45,https://nearbook.app/book/3916683,2026-05-03T23:09:34.199473,
India,NearBook,,Mathematics,Vanshika,0,INR 100,https://nearbook.app/book/3916682,2026-05-03T23:09:34.506197,
India,NearBook,,my english book four,,0,INR 40,https://nearbook.app/book/3916681,2026-05-03T23:09:34.816017,
India,NearBook,,Biology volume 1,Target publication,0,INR 260,https://nearbook.app/book/3916680,2026-05-03T23:09:35.121393,
India,NearBook,,1st puc chemistry text book,,0,INR 150,https://nearbook.app/book/3916678,2026-05-03T23:09:35.428481,
India,NearBook,,Sanskrit saponam bhag 3,User,0,INR 125,https://nearbook.app/book/3916677,2026-05-03T23:09:35.735231,
India,NearBook,,biology textbook,,0,INR 200,https://nearbook.app/book/3916676,2026-05-03T23:09:37.353905,
India,NearBook,,Practical Science,,0,INR 150,https://nearbook.app/book/3916675,2026-05-03T23:09:37.681107,
India,NearBook,,New Oxford Morden English 7,,0,INR 200,https://nearbook.app/book/3916674,2026-05-03T23:09:37.987840,
India,NearBook,,le learning composite mathematics,,0,INR 400,https://nearbook.app/book/3916673,2026-05-03T23:09:38.296211,
India,NearBook,,maths jee volume 1,,0,INR 180,https://nearbook.app/book/3916672,2026-05-03T23:09:38.603024,
India,NearBook,,physical chemistry for JEE main and advanced,Narendra avasthi,0,INR 300,https://nearbook.app/book/3916671,2026-05-03T23:09:38.910162,
India,NearBook,,Englis literature,,0,INR 220,https://nearbook.app/book/3916670,2026-05-03T23:09:39.217052,
India,NearBook,,Vasant,,0,INR 30,https://nearbook.app/book/3916669,2026-05-03T23:09:39.507078,
India,NearBook,,MATHAMATIC TEXTBOOK Class X,,0,INR 90,https://nearbook.app/book/3916668,2026-05-03T23:09:39.794821,
India,NearBook,,Englis literature,,0,INR 220,https://nearbook.app/book/3916667,2026-05-03T23:09:40.138786,
India,NearBook,,GK,,0,INR 300,https://nearbook.app/book/3916666,2026-05-03T23:09:40.425968,
India,NearBook,,science notes class 10th english medium,Ayan,0,INR 40,https://nearbook.app/book/3916664,2026-05-03T23:09:40.752774,
India,NearBook,,mathematics,,0,INR 100,https://nearbook.app/book/3916663,2026-05-03T23:09:42.400687,
India,NearBook,,my beautiful life Book,,0,INR 200,https://nearbook.app/book/3916662,2026-05-03T23:09:42.698775,
India,NearBook,,Communicate with Cambridge course book,User,0,INR 115,https://nearbook.app/book/3916661,2026-05-03T23:09:42.984979,
India,NearBook,,chemistry jEE mains and advanced,Narendra avasthi,0,INR 300,https://nearbook.app/book/3916659,2026-05-03T23:09:43.312838,
India,NearBook,,First flight ( english ),Vanshika,0,INR 60,https://nearbook.app/book/3916658,2026-05-03T23:09:43.621349,
India,NearBook,,NCERT FingerTips,,0,INR 550,https://nearbook.app/book/3916657,2026-05-03T23:09:43.927367,
India,NearBook,,NEET AKASH BOOKS,,0,INR 4500,https://nearbook.app/book/3916656,2026-05-03T23:09:44.215510,
India,NearBook,,grow with grammar,,0,INR 200,https://nearbook.app/book/3916655,2026-05-03T23:09:44.644198,
India,NearBook,,Words and Expression,,0,INR 0,https://nearbook.app/book/3916654,2026-05-03T23:09:44.952089,
India,NearBook,,Urdu Book For Class 5th,,0,INR 50,https://nearbook.app/book/3916653,2026-05-03T23:09:45.240947,
India,NearBook,,All in one science book,arihantarihant,0,INR 550,https://nearbook.app/book/3916652,2026-05-03T23:09:45.531079,
India,NearBook,,bani bichitra,saurav Sinha,0,INR 100,https://nearbook.app/book/3916651,2026-05-03T23:09:45.872590,
India,NearBook,,footprints without feet,it's is a ncert Book for class x,0,INR 30,https://nearbook.app/book/3916650,2026-05-03T23:09:48.330911,
India,NearBook,,Sanshodhit AVN sharirik Sarthak Hindi vyakaran,User,0,INR 195,https://nearbook.app/book/3916649,2026-05-03T23:09:48.637739,
India,NearBook,,green lam social sst book,rachit,0,INR 90,https://nearbook.app/book/3916648,2026-05-03T23:09:48.945118,
India,NearBook,,Interact in english,Chirag nagar,0,INR 100,https://nearbook.app/book/3916647,2026-05-03T23:09:49.235014,
India,NearBook,,flight general english,giveaway,0,INR 10,https://nearbook.app/book/3916646,2026-05-03T23:09:49.559538,
India,NearBook,,Madhuri,,0,INR 100,https://nearbook.app/book/3916645,2026-05-03T23:09:49.866318,
India,NearBook,,social science,,0,INR 50,https://nearbook.app/book/3916643,2026-05-03T23:09:50.156052,
India,NearBook,,physics,don't know,0,INR 150,https://nearbook.app/book/3916642,2026-05-03T23:09:50.480470,
India,NearBook,,Science,Vanshika,0,INR 120,https://nearbook.app/book/3916641,2026-05-03T23:09:50.788424,
India,NearBook,,flight general english,,0,INR 0,https://nearbook.app/book/3916640,2026-05-03T23:09:51.074106,
India,NearBook,,First Flight,,0,INR 0,https://nearbook.app/book/3916639,2026-05-03T23:09:51.367306,
India,NearBook,,ielts,,0,INR 150,https://nearbook.app/book/3916638,2026-05-03T23:09:51.812015,
India,NearBook,,all 10 class sst books english medium,ayan,0,INR 150,https://nearbook.app/book/3916637,2026-05-03T23:09:53.450791,
India,NearBook,,Artificial intelligence student can prefure the skills course at the rate class 6 7th or 8,User,0,INR 100,https://nearbook.app/book/3916636,2026-05-03T23:09:53.758706,
India,NearBook,,Navneet mathatics part-1 digest,,0,INR 200,https://nearbook.app/book/3916635,2026-05-03T23:09:54.065347,
India,NearBook,,Sahitya Sanchayan,,0,INR 0,https://nearbook.app/book/3916634,2026-05-03T23:09:54.351701,
India,NearBook,,MERRY MATH-V 5th,,0,INR 115,https://nearbook.app/book/3916633,2026-05-03T23:09:54.638543,
India,NearBook,,bengoli,,0,INR 50,https://nearbook.app/book/3916632,2026-05-03T23:09:54.990325,
India,NearBook,,Tareekh e islam,,0,INR 20,https://nearbook.app/book/3916631,2026-05-03T23:09:55.279497,
India,NearBook,,Learn well,Yuvraj,0,INR 320,https://nearbook.app/book/3916629,2026-05-03T23:09:55.564843,
India,NearBook,,MAP MASTER  GEOGRAPHICAL & HISTORICAL CLASS 10,HUSAN BRAR,0,INR 90,https://nearbook.app/book/3916628,2026-05-03T23:09:55.908537,
India,NearBook,,english course book for class 5th by LBF,,0,INR 150,https://nearbook.app/book/3916627,2026-05-03T23:09:56.216275,
India,NearBook,,Mathematics Olympiad Workbook,Mahabir Singh,0,INR 50,https://nearbook.app/book/3916626,2026-05-03T23:09:56.522589,
India,NearBook,,Learn well,Yuvraj,0,INR 320,https://nearbook.app/book/3916625,2026-05-03T23:09:56.808812,
India,NearBook,,Artificial intelligence Book,,0,INR 350,https://nearbook.app/book/3916624,2026-05-03T23:09:58.423069,
India,NearBook,,maths Selina concise 10th icse,,0,INR 200,https://nearbook.app/book/3916623,2026-05-03T23:09:58.719753,
India,NearBook,,Footprints without feet,,0,INR 0,https://nearbook.app/book/3916622,2026-05-03T23:09:59.082211,
India,NearBook,,Curiosity textbook of science for grade 8,User,0,INR 30,https://nearbook.app/book/3916621,2026-05-03T23:09:59.390533,
India,NearBook,,BOTANY(1-5),AKASH,0,INR 900,https://nearbook.app/book/3916620,2026-05-03T23:09:59.680400,
India,NearBook,,art education,,0,INR 50,https://nearbook.app/book/3916619,2026-05-03T23:09:59.968073,
India,NearBook,,Accountancy,new condition book,0,INR 350,https://nearbook.app/book/3916618,2026-05-03T23:10:00.303529,
India,NearBook,,all 9th class sst books  english medium,Ayan,0,INR 100,https://nearbook.app/book/3916617,2026-05-03T23:10:00.587879,
India,NearBook,,Sahitya Sanchayan,,0,INR 0,https://nearbook.app/book/3916616,2026-05-03T23:10:00.926122,
India,NearBook,,Deeniyat 3rd standard,,0,INR 40,https://nearbook.app/book/3916615,2026-05-03T23:10:01.233032,
India,NearBook,,Mathematics rs Aggarwal,User,0,INR 160,https://nearbook.app/book/3916614,2026-05-03T23:10:01.519411,
India,NearBook,,Foot Prints Without Feet,,0,INR 40,https://nearbook.app/book/3916613,2026-05-03T23:10:01.806417,
India,NearBook,,Accountancy,new condition book,0,INR 350,https://nearbook.app/book/3916612,2026-05-03T23:10:03.467496,
India,NearBook,,physics icse 10th guide,mr amar bhutani and Mrs k kaur,0,INR 200,https://nearbook.app/book/3916611,2026-05-03T23:10:03.754077,
India,NearBook,,note book,,0,INR 22,https://nearbook.app/book/3916610,2026-05-03T23:10:04.041475,
India,NearBook,,chemistry d r dalals simplified icse,chemistry by dr viraf j dalal,0,INR 450,https://nearbook.app/book/3916609,2026-05-03T23:10:04.408021,
India,NearBook,,CHEMISTRY(BOOK 1-5),AKASH,0,INR 1150,https://nearbook.app/book/3916608,2026-05-03T23:10:04.714363,
India,NearBook,,Verity,Colleen Hoover,0,INR 150,https://nearbook.app/book/3916607,2026-05-03T23:10:05.004187,
India,NearBook,,Hindi book class 5th,,0,INR 75,https://nearbook.app/book/3916606,2026-05-03T23:10:05.328833,
India,NearBook,,Mathematics,"RD sharma


RD sharma",0,INR 500,https://nearbook.app/book/3916605,2026-05-03T23:10:05.614287,
India,NearBook,,Social Science Resource and Development,,0,INR 25,https://nearbook.app/book/3916604,2026-05-03T23:10:05.943534,
India,NearBook,,accurate chemistry,S.B. CHHABRA,0,INR 250,https://nearbook.app/book/3916603,2026-05-03T23:10:06.230578,
India,NearBook,,अर्थशास्त्र,अर्थशास्त्र,0,INR 60,https://nearbook.app/book/3916602,2026-05-03T23:10:06.518078,
India,NearBook,,Islamiyat 4th standard,,0,INR 50,https://nearbook.app/book/3916601,2026-05-03T23:10:06.811155,
India,NearBook,,Bangla Byakaron ebong Rochona,,0,INR 90,https://nearbook.app/book/3916600,2026-05-03T23:10:08.486012,
India,NearBook,,Preeti,,0,INR 50,https://nearbook.app/book/3916599,2026-05-03T23:10:08.811241,
India,NearBook,,mathematics,,0,INR 80,https://nearbook.app/book/3916598,2026-05-03T23:10:09.118172,
India,NearBook,,mathematics,,0,INR 130,https://nearbook.app/book/3916597,2026-05-03T23:10:09.430054,
India,NearBook,,Saraswati manika Sanskrit vyakaran,User,0,INR 170,https://nearbook.app/book/3916596,2026-05-03T23:10:09.732796,
India,NearBook,,PHYSICS(BOOK 1-5),,0,INR 1150,https://nearbook.app/book/3916595,2026-05-03T23:10:10.023696,
India,NearBook,,science textbook for class 8,,0,INR 50,https://nearbook.app/book/3916592,2026-05-03T23:10:10.315116,
India,NearBook,,Islamiyat 2nd standard,,0,INR 50,https://nearbook.app/book/3916591,2026-05-03T23:10:10.653967,
India,NearBook,,physics,,0,INR 70,https://nearbook.app/book/3916590,2026-05-03T23:10:10.961050,
India,NearBook,,english yuvakbharati,,0,INR 90,https://nearbook.app/book/3916589,2026-05-03T23:10:11.268725,
India,NearBook,,kalpatru (hindi textbook),,0,INR 349,https://nearbook.app/book/3916588,2026-05-03T23:10:11.575968,
India,NearBook,,Jee main,,0,INR 250,https://nearbook.app/book/3916587,2026-05-03T23:10:11.878636,
India,NearBook,,अर्थशास्त्र,तेज प्रताप सिंह,0,INR 95,https://nearbook.app/book/3916585,2026-05-03T23:10:13.496687,
India,NearBook,,Business studies,new condition book,0,INR 300,https://nearbook.app/book/3916584,2026-05-03T23:10:13.782123,
India,NearBook,,legends physics guide,,0,INR 180,https://nearbook.app/book/3916583,2026-05-03T23:10:14.136269,
India,NearBook,,Preeti,,0,INR 50,https://nearbook.app/book/3916582,2026-05-03T23:10:14.421985,
India,NearBook,,Agriculture,R.D KANSAL,0,INR 500,https://nearbook.app/book/3916581,2026-05-03T23:10:14.750954,
India,NearBook,,physics,,0,INR 70,https://nearbook.app/book/3916580,2026-05-03T23:10:15.040357,
India,NearBook,,Practical Science,N.K Sharma,0,INR 150,https://nearbook.app/book/3916579,2026-05-03T23:10:15.332107,
India,NearBook,,"TULIP SERIES 
Book 5th [v]",,0,INR 60,https://nearbook.app/book/3916578,2026-05-03T23:10:15.681340,
India,NearBook,,KRIDHA HINDI II BOOK,RACHIT,0,INR 150,https://nearbook.app/book/3916576,2026-05-03T23:10:15.967556,
India,NearBook,,Communicate with Cambridge,User,0,INR 155,https://nearbook.app/book/3916575,2026-05-03T23:10:16.261807,
India,NearBook,,INFORMATION Technology CBSE CLASS 10,HUSAN BRAR,0,INR 100,https://nearbook.app/book/3916574,2026-05-03T23:10:16.549080,
India,NearBook,,Deeniyat 7th standard,,0,INR 50,https://nearbook.app/book/3916572,2026-05-03T23:10:16.900843,
India,NearBook,,chemistry,,0,INR 70,https://nearbook.app/book/3916571,2026-05-03T23:10:18.512938,
India,NearBook,,vyakaran Madhuri,"Yuvraj 
 Yuvraj kumar",0,INR 130,https://nearbook.app/book/3916570,2026-05-03T23:10:18.847383,
India,NearBook,,ZOOLOGY (BOOK 1-4),AKASH,0,INR 900,https://nearbook.app/book/3916569,2026-05-03T23:10:19.133563,
India,NearBook,,Oswal ICSE class 10 previous year questions,,0,INR 800,https://nearbook.app/book/3916568,2026-05-03T23:10:19.421219,
India,NearBook,,ZOOLOGY (BOOK 1-4),AKASH,0,INR 900,https://nearbook.app/book/3916567,2026-05-03T23:10:19.714746,
India,NearBook,,Introductory Microeconomics,TR Jain and VK Ohri,0,INR 200,https://nearbook.app/book/3916566,2026-05-03T23:10:20.002731,
India,NearBook,,navneet marathi upyojit lekhan 9th std,RIYANSH,0,INR 120,https://nearbook.app/book/3916565,2026-05-03T23:10:20.292043,
India,NearBook,,commerce,150,0,INR 200,https://nearbook.app/book/3916564,2026-05-03T23:10:20.615809,
India,NearBook,,English treasure,,0,INR 449,https://nearbook.app/book/3916563,2026-05-03T23:10:20.901519,
India,NearBook,,Hindi,,0,INR 70,https://nearbook.app/book/3916562,2026-05-03T23:10:21.201238,
India,NearBook,,Senior KG,,0,INR 40,https://nearbook.app/book/3916561,2026-05-03T23:10:21.486416,
India,NearBook,,flaming,,0,INR 100,https://nearbook.app/book/3916560,2026-05-03T23:10:21.816835,
India,NearBook,,বাংলা শিক্ষক (class 10),ছায়া,0,INR 200,https://nearbook.app/book/3916559,2026-05-03T23:10:23.433692,
India,NearBook,,Jeevith publication chemistry,,0,INR 160,https://nearbook.app/book/3916558,2026-05-03T23:10:23.729479,
India,NearBook,,flight english,Pankaj kumar,0,INR 80,https://nearbook.app/book/3916557,2026-05-03T23:10:24.015031,
India,NearBook,,apex chemistry,M.K RATTI DR.VIKAS,0,INR 150,https://nearbook.app/book/3916556,2026-05-03T23:10:24.315559,
India,NearBook,,CLASS-X MORAL EDUCATION REFRESHER (HINDI),,0,INR 49,https://nearbook.app/book/3916555,2026-05-03T23:10:24.601911,
India,NearBook,,Oswaal CBSE 10 years Previous year Solved paper,,0,INR 500,https://nearbook.app/book/3916553,2026-05-03T23:10:24.996306,
India,NearBook,,Chemistry 1st Year Telugu Akademi,,0,INR 150,https://nearbook.app/book/3916552,2026-05-03T23:10:25.294152,
India,NearBook,,Bengali Grammar,,0,INR 80,https://nearbook.app/book/3916551,2026-05-03T23:10:25.579973,
India,NearBook,,living maths,,0,INR 449,https://nearbook.app/book/3916549,2026-05-03T23:10:25.875713,
India,NearBook,,social science,,0,INR 50,https://nearbook.app/book/3916548,2026-05-03T23:10:26.935693,
India,NearBook,,English,Aman,0,INR 60,https://nearbook.app/book/3916547,2026-05-03T23:10:27.242604,
India,NearBook,,Takreer,,0,INR 20,https://nearbook.app/book/3916546,2026-05-03T23:10:27.525193,
India,NearBook,,জীবনবিজ্ঞান ও পরিবেশ (class 10),ছায়া,0,INR 80,https://nearbook.app/book/3916545,2026-05-03T23:10:29.130339,
India,NearBook,,APC chemistry,,0,INR 300,https://nearbook.app/book/3916544,2026-05-03T23:10:29.495203,
India,NearBook,,Physical,R.D KANSAL,0,INR 500,https://nearbook.app/book/3916543,2026-05-03T23:10:29.776946,
India,NearBook,,statistics for economics,TR Jain and VK Ohri,0,INR 300,https://nearbook.app/book/3916542,2026-05-03T23:10:30.076995,
India,NearBook,,English,150,0,INR 150,https://nearbook.app/book/3916541,2026-05-03T23:10:30.422667,
India,NearBook,,Gujarati std-8 Textbook,vivek,0,INR 50,https://nearbook.app/book/3916540,2026-05-03T23:10:30.707289,
India,NearBook,,1st year Hindi textbook,,0,INR 100,https://nearbook.app/book/3916539,2026-05-03T23:10:30.987447,
India,NearBook,,CLASS-X SST GUIDE (HINDI),MBD,0,INR 59,https://nearbook.app/book/3916538,2026-05-03T23:10:31.267796,
India,NearBook,,oswaal books english paper 2 literature icse question bank,,0,INR 400,https://nearbook.app/book/3916537,2026-05-03T23:10:31.546557,
India,NearBook,,1st year Hindi textbook,,0,INR 100,https://nearbook.app/book/3916536,2026-05-03T23:10:31.825105,
India,NearBook,,English 1st standard,,0,INR 200,https://nearbook.app/book/3916535,2026-05-03T23:10:32.106295,
India,NearBook,,english,,0,INR 80,https://nearbook.app/book/3916534,2026-05-03T23:10:32.386345,
India,NearBook,,ভৌতবিজ্ঞান ও পরিবেশ(class 10),ছায়া,0,INR 70,https://nearbook.app/book/3916532,2026-05-03T23:10:34.081793,
India,NearBook,,मजे marathi,,0,INR 85,https://nearbook.app/book/3916531,2026-05-03T23:10:34.361608,
India,NearBook,,MODEL PAPER,MODEL PAPER question paper,0,INR 250,https://nearbook.app/book/3916530,2026-05-03T23:10:34.718382,
India,NearBook,,English grammar 1st standard,,0,INR 150,https://nearbook.app/book/3916529,2026-05-03T23:10:35.000402,
India,NearBook,,Physics 1st Year Telugu Akademi,,0,INR 150,https://nearbook.app/book/3916528,2026-05-03T23:10:35.282067,
India,NearBook,,computer,,0,INR 100,https://nearbook.app/book/3916527,2026-05-03T23:10:35.563386,
India,NearBook,,social science,,0,INR 70,https://nearbook.app/book/3916526,2026-05-03T23:10:35.917322,
India,NearBook,,RS Agarwal Mathematics class 9,RS Agarwal Veena aggarwal,0,INR 400,https://nearbook.app/book/3916525,2026-05-03T23:10:36.198157,
India,NearBook,,Science for Ninth Class Part 3,,0,INR 250,https://nearbook.app/book/3916524,2026-05-03T23:10:36.479798,
India,NearBook,,chetana,,0,INR 170,https://nearbook.app/book/3916523,2026-05-03T23:10:36.763825,
India,NearBook,,Digital systems design,Godge,0,INR 500,https://nearbook.app/book/3916521,2026-05-03T23:10:37.043309,
India,NearBook,,CLASS- HINDI GUIDE,MBD,0,INR 99,https://nearbook.app/book/3916520,2026-05-03T23:10:37.323425,
India,NearBook,,board papers physics 12th (accurate),s.chhabra,0,INR 250,https://nearbook.app/book/3916519,2026-05-03T23:10:38.926273,
India,NearBook,,flight general english,,0,INR 100,https://nearbook.app/book/3916518,2026-05-03T23:10:39.223466,
India,NearBook,,"JEE MAINS(PHYSICS, CHEMISTRY, MATHS)",,0,INR 800,https://nearbook.app/book/3916517,2026-05-03T23:10:39.502997,
India,NearBook,,Urdu khush kati,,0,INR 20,https://nearbook.app/book/3916516,2026-05-03T23:10:39.783732,
India,NearBook,,Naryana Chemistry SR Inter,,0,INR 100,https://nearbook.app/book/3916515,2026-05-03T23:10:40.068017,
India,NearBook,,"Science for Ninth Class , Part 2",,0,INR 250,https://nearbook.app/book/3916514,2026-05-03T23:10:40.384637,
India,NearBook,,concise physics class 10th icse,,0,INR 200,https://nearbook.app/book/3916513,2026-05-03T23:10:40.671135,
India,NearBook,,Computer science kaizen pro,,0,INR 220,https://nearbook.app/book/3916511,2026-05-03T23:10:40.955017,
India,NearBook,,science,science,0,INR 0,https://nearbook.app/book/3916510,2026-05-03T23:10:41.273000,
India,NearBook,,Hindi,Dr. Ram Kumar Sharma,0,INR 500,https://nearbook.app/book/3916509,2026-05-03T23:10:41.558668,
India,NearBook,,Computer,,0,INR 120,https://nearbook.app/book/3916508,2026-05-03T23:10:41.847800,
India,NearBook,,ইতিহাস ও পরিবেশ (class 10),ছায়া,0,INR 50,https://nearbook.app/book/3916507,2026-05-03T23:10:42.137744,
India,NearBook,,business studies,NCERT,0,INR 70,https://nearbook.app/book/3916506,2026-05-03T23:10:43.753605,
India,NearBook,,general flight english,,0,INR 180,https://nearbook.app/book/3916505,2026-05-03T23:10:44.037105,
India,NearBook,,samajik vigyan,Ayan,0,INR 50,https://nearbook.app/book/3916504,2026-05-03T23:10:44.343374,
India,NearBook,,PHYSICS(BOOK 2-6),ALLEN,0,INR 900,https://nearbook.app/book/3916503,2026-05-03T23:10:44.650699,
India,NearBook,,Computer Studies,,0,INR 80,https://nearbook.app/book/3916502,2026-05-03T23:10:44.933668,
India,NearBook,,General knowledge,,0,INR 30,https://nearbook.app/book/3916501,2026-05-03T23:10:45.213637,
India,NearBook,,English,English,0,INR 150,https://nearbook.app/book/3916500,2026-05-03T23:10:45.501429,
India,NearBook,,Science for Ninth Class part 1 ( S Chand),"Lakhmir Singh , Manjit Kaur",0,INR 250,https://nearbook.app/book/3916498,2026-05-03T23:10:45.788048,
India,NearBook,,science,,0,INR 300,https://nearbook.app/book/3916496,2026-05-03T23:10:46.559946,
India,NearBook,,TIMAX MATH BOOK,RACHIT,0,INR 250,https://nearbook.app/book/3916495,2026-05-03T23:10:46.862190,
India,NearBook,,statistics for economics,,0,INR 30,https://nearbook.app/book/3916494,2026-05-03T23:10:47.144910,
India,NearBook,,snapshots,NCERT,0,INR 20,https://nearbook.app/book/3916493,2026-05-03T23:10:47.518796,
India,NearBook,,math,,0,INR 35,https://nearbook.app/book/3916492,2026-05-03T23:10:49.156604,
India,NearBook,,ENGLISH,Dhaval,0,INR 100,https://nearbook.app/book/3916491,2026-05-03T23:10:49.523368,
India,NearBook,,go green,zayn,0,INR 100,https://nearbook.app/book/3916490,2026-05-03T23:10:49.801720,
India,NearBook,,CLASS-X ENGLISH-A (first~flight),MBD GUIDE,0,INR 99,https://nearbook.app/book/3916489,2026-05-03T23:10:50.083053,
India,NearBook,,Ishq e Rasool,,0,INR 50,https://nearbook.app/book/3916488,2026-05-03T23:10:50.487730,
India,NearBook,,general knowledge,,0,INR 250,https://nearbook.app/book/3916487,2026-05-03T23:10:50.768432,
India,NearBook,,Mathematics made easy,,0,INR 300,https://nearbook.app/book/3916486,2026-05-03T23:10:51.049315,
India,NearBook,,bahutki vigyan,NCERT,0,INR 40,https://nearbook.app/book/3916485,2026-05-03T23:10:51.328955,
India,NearBook,,hindi,,0,INR 200,https://nearbook.app/book/3916484,2026-05-03T23:10:51.607742,
India,NearBook,,sst classes 10 support material,ayan,0,INR 50,https://nearbook.app/book/3916483,2026-05-03T23:10:52.024110,
India,NearBook,,arihant,,0,INR 500,https://nearbook.app/book/3916482,2026-05-03T23:10:52.332457,
India,NearBook,,arihant,,0,INR 500,https://nearbook.app/book/3916480,2026-05-03T23:10:52.642207,
India,NearBook,,MATHATICS DIGEST STANDARD EIGHT,,0,INR 70,https://nearbook.app/book/3916479,2026-05-03T23:10:54.254022,
India,NearBook,,CHEMISTRY (BOOK 1-6),,0,INR 1050,https://nearbook.app/book/3916478,2026-05-03T23:10:54.548975,
India,NearBook,,All subjects suggestions,,0,INR 450,https://nearbook.app/book/3916477,2026-05-03T23:10:54.831953,
India,NearBook,,hindi,,0,INR 241,https://nearbook.app/book/3916476,2026-05-03T23:10:55.112631,
India,NearBook,,hornbill,NCERT,0,INR 30,https://nearbook.app/book/3916475,2026-05-03T23:10:55.402766,
India,NearBook,,Urdu grammar,,0,INR 50,https://nearbook.app/book/3916474,2026-05-03T23:10:55.710498,
India,NearBook,,student partner ENGLISH,,0,INR 175,https://nearbook.app/book/3916473,2026-05-03T23:10:56.018270,
India,NearBook,,INDIAN ECONOMIC DEVELOPMENT,,0,INR 33,https://nearbook.app/book/3916472,2026-05-03T23:10:56.300363,
India,NearBook,,social science,,0,INR 200,https://nearbook.app/book/3916471,2026-05-03T23:10:56.733927,
India,NearBook,,math,tabees,0,INR 50,https://nearbook.app/book/3916470,2026-05-03T23:10:57.041789,
India,NearBook,,knowledge,,0,INR 100,https://nearbook.app/book/3916469,2026-05-03T23:10:57.323023,
India,NearBook,,English,4 months used,0,INR 150,https://nearbook.app/book/3916468,2026-05-03T23:10:57.602948,
India,NearBook,,Hindi kritika and chitij bhag 2,ayan,0,INR 50,https://nearbook.app/book/3916467,2026-05-03T23:10:59.203905,
India,NearBook,,TREASURE ISLAND liiustrated Classic,R.L. Stevenson,0,INR 50,https://nearbook.app/book/3916466,2026-05-03T23:10:59.601720,
India,NearBook,,icse pyqs,oswla,0,INR 500,https://nearbook.app/book/3916465,2026-05-03T23:10:59.892759,
India,NearBook,,vitaan bhaag 1,NCERT,0,INR 20,https://nearbook.app/book/3916464,2026-05-03T23:11:00.286424,
India,NearBook,,व्यवसाय संकटन व‌ प्रशासन,suraj Ninewar,0,INR 300,https://nearbook.app/book/3916463,2026-05-03T23:11:00.630653,
India,NearBook,,Maths 1st standard,,0,INR 300,https://nearbook.app/book/3916462,2026-05-03T23:11:00.937908,
India,NearBook,,bhautik vigyan,NCRT,0,INR 60,https://nearbook.app/book/3916461,2026-05-03T23:11:01.217380,
India,NearBook,,BIOLOGY(BOOK 1-8),ALLEN,0,INR 1400,https://nearbook.app/book/3916460,2026-05-03T23:11:01.502168,
India,NearBook,,கணக்குப்பதிவியல்,கணக்குப்பவியல்,0,INR 0,https://nearbook.app/book/3916459,2026-05-03T23:11:01.797746,
India,NearBook,,punjabi,D.H.B Singh,0,INR 500,https://nearbook.app/book/3916458,2026-05-03T23:11:02.164461,
India,NearBook,,rs Aggarwal,Aryan,0,INR 400,https://nearbook.app/book/3916457,2026-05-03T23:11:02.469157,
India,NearBook,,Clay and Paper Art book,,0,INR 250,https://nearbook.app/book/3916456,2026-05-03T23:11:02.776282,
India,NearBook,,icse biology,Brothers education,0,INR 300,https://nearbook.app/book/3916455,2026-05-03T23:11:04.378410,
India,NearBook,,English,,0,INR 200,https://nearbook.app/book/3916454,2026-05-03T23:11:04.688020,
India,NearBook,,Marathi workbook 1st standard,,0,INR 100,https://nearbook.app/book/3916453,2026-05-03T23:11:04.985831,
India,NearBook,,biology,,0,INR 60,https://nearbook.app/book/3916452,2026-05-03T23:11:05.336050,
India,NearBook,,"SSC REASONING,Maths,General Awareness PYQ KIRAN PUBLICATION PUBLICATION + Tier 1 2022 PYQ BOOK",,0,INR 150,https://nearbook.app/book/3916451,2026-05-03T23:11:05.643536,
India,NearBook,,economic,,0,INR 300,https://nearbook.app/book/3916450,2026-05-03T23:11:06.728676,
India,NearBook,,english resources book,,0,INR 200,https://nearbook.app/book/3916449,2026-05-03T23:11:07.019095,
India,NearBook,,Physics JEE Advanced 2E CENGAGE - Set OF 3 Books,,0,INR 1500,https://nearbook.app/book/3916448,2026-05-03T23:11:07.387730,
India,NearBook,,hindi pathya pustak class 4th,,0,INR 120,https://nearbook.app/book/3916447,2026-05-03T23:11:07.691441,
India,NearBook,,Hindi BABLBHARATI STANDARD EIGHT,,0,INR 25,https://nearbook.app/book/3916446,2026-05-03T23:11:07.998507,
India,NearBook,,geography,geography,0,INR 50,https://nearbook.app/book/3916445,2026-05-03T23:11:08.305293,
India,NearBook,,Computer 1st standard,,0,INR 150,https://nearbook.app/book/3916444,2026-05-03T23:11:08.614082,
India,NearBook,,madhur hindi byakarand tatha rachana,,0,INR 480,https://nearbook.app/book/3916443,2026-05-03T23:11:10.251223,
India,NearBook,,Accountancy part A Volume 1,,0,INR 350,https://nearbook.app/book/3916442,2026-05-03T23:11:10.535465,
India,NearBook,,आरोह,NCERT,0,INR 40,https://nearbook.app/book/3916441,2026-05-03T23:11:10.817626,
India,NearBook,,cbse mathematics sample paper book,ayan,0,INR 70,https://nearbook.app/book/3916440,2026-05-03T23:11:11.099834,
India,NearBook,,living science,,0,INR 550,https://nearbook.app/book/3916439,2026-05-03T23:11:11.383296,
India,NearBook,,physics,saleem sir,0,INR 410,https://nearbook.app/book/3916438,2026-05-03T23:11:11.684883,
India,NearBook,,hindi,4 months used,0,INR 150,https://nearbook.app/book/3916437,2026-05-03T23:11:11.991587,
India,NearBook,,philosophy,,0,INR 150,https://nearbook.app/book/3916436,2026-05-03T23:11:12.401129,
India,NearBook,,Physical Science Suggestion,,0,INR 200,https://nearbook.app/book/3916435,2026-05-03T23:11:12.685842,
India,NearBook,,science class 6,,0,INR 80,https://nearbook.app/book/3916434,2026-05-03T23:11:12.970954,
India,NearBook,,English,,0,INR 50,https://nearbook.app/book/3916433,2026-05-03T23:11:13.323216,
India,NearBook,,Urdu 1st standard,,0,INR 200,https://nearbook.app/book/3916432,2026-05-03T23:11:13.630598,
India,NearBook,,english course class 4th,,0,INR 100,https://nearbook.app/book/3916431,2026-05-03T23:11:15.371785,
India,NearBook,,sanskrit,Mp BOARD,0,INR 180,https://nearbook.app/book/3916430,2026-05-03T23:11:15.678160,
India,NearBook,,Accounts TS grewal double entry book keeping,,0,INR 359,https://nearbook.app/book/3916429,2026-05-03T23:11:15.959660,
India,NearBook,,Samanya Hindi,Avatar,0,INR 70,https://nearbook.app/book/3916428,2026-05-03T23:11:16.292694,
India,NearBook,,Environmental studies,,0,INR 29,https://nearbook.app/book/3916427,2026-05-03T23:11:16.600801,
India,NearBook,,accountancy part 1,NCERT,0,INR 70,https://nearbook.app/book/3916426,2026-05-03T23:11:16.884698,
India,NearBook,,GK 1st standard,,0,INR 150,https://nearbook.app/book/3916425,2026-05-03T23:11:17.214756,
India,NearBook,,Computer,,0,INR 100,https://nearbook.app/book/3916424,2026-05-03T23:11:17.500871,
India,NearBook,,English support material class 10,ayan,0,INR 50,https://nearbook.app/book/3916423,2026-05-03T23:11:17.820753,
India,NearBook,,science,4 months used,0,INR 200,https://nearbook.app/book/3916422,2026-05-03T23:11:18.120332,
India,NearBook,,Navneet Hindi,,0,INR 150,https://nearbook.app/book/3916421,2026-05-03T23:11:18.399177,
India,NearBook,,HINDU,MP BOARD,0,INR 200,https://nearbook.app/book/3916420,2026-05-03T23:11:18.750664,
India,NearBook,,All in one english language and literature,,0,INR 370,https://nearbook.app/book/3916419,2026-05-03T23:11:20.388385,
India,NearBook,,Exploring physics,,0,INR 450,https://nearbook.app/book/3916418,2026-05-03T23:11:20.674476,
India,NearBook,,Mathematics,Anup Kumar Rajput,0,INR 100,https://nearbook.app/book/3916417,2026-05-03T23:11:21.005327,
India,NearBook,,commerce,commerce,0,INR 0,https://nearbook.app/book/3916416,2026-05-03T23:11:21.310481,
India,NearBook,,cengage organic chemistry part 1 for jee mains and advance,cengage,0,INR 600,https://nearbook.app/book/3916415,2026-05-03T23:11:21.593759,
India,NearBook,,hindi vyakran,evergreen publishers,0,INR 330,https://nearbook.app/book/3916414,2026-05-03T23:11:21.924163,
India,NearBook,,concept of physics part 1,HC VERMA,0,INR 300,https://nearbook.app/book/3916413,2026-05-03T23:11:22.206885,
India,NearBook,,Marathi 1st standard,,0,INR 50,https://nearbook.app/book/3916412,2026-05-03T23:11:22.550184,
India,NearBook,,PHYSICS,ARIHANT (DC PANDEY),0,INR 300,https://nearbook.app/book/3916411,2026-05-03T23:11:22.841052,
India,NearBook,,physics intermediate 2 year,,0,INR 0,https://nearbook.app/book/3916410,2026-05-03T23:11:23.154172,
India,NearBook,,ENGLISH,STUDENT ADVISOR,0,INR 230,https://nearbook.app/book/3916409,2026-05-03T23:11:23.470030,
India,NearBook,,physics intermediate 2 year,,0,INR 0,https://nearbook.app/book/3916408,2026-05-03T23:11:23.753161,
India,NearBook,,"pyq for jee 
all three phy +chem + math
haven't opened the book yet  
new condition",,0,INR 1200,https://nearbook.app/book/3916407,2026-05-03T23:11:25.377794,
India,NearBook,,Spoken English - PART-2,,0,INR 180,https://nearbook.app/book/3916406,2026-05-03T23:11:25.664148,
India,NearBook,,Science 1st standard,,0,INR 200,https://nearbook.app/book/3916405,2026-05-03T23:11:25.996601,
India,NearBook,,english reader class 4th,purshottam agarwal,0,INR 80,https://nearbook.app/book/3916404,2026-05-03T23:11:26.280489,
India,NearBook,,mathematics class 10 support material,ayan,0,INR 50,https://nearbook.app/book/3916403,2026-05-03T23:11:26.571130,
India,NearBook,,white paper,jaishing verma,0,INR 100,https://nearbook.app/book/3916402,2026-05-03T23:11:26.852721,
India,NearBook,,GENERAL SCIENCE STANDARD EIGHT,,0,INR 50,https://nearbook.app/book/3916401,2026-05-03T23:11:27.136649,
India,NearBook,,statistics for economics,NCERT,0,INR 35,https://nearbook.app/book/3916400,2026-05-03T23:11:27.455302,
India,NearBook,,hindi,,0,INR 50,https://nearbook.app/book/3916398,2026-05-03T23:11:27.863823,
India,NearBook,,Deeniyat 1st standard,,0,INR 100,https://nearbook.app/book/3916397,2026-05-03T23:11:28.151508,
India,NearBook,,CLASS-X MATHEMATICS,"NCERT
NCERT",0,INR 45,https://nearbook.app/book/3916396,2026-05-03T23:11:28.440724,
India,NearBook,,iNTERactive ENGLISH manual,M.B.Swamy,0,INR 100,https://nearbook.app/book/3916395,2026-05-03T23:11:28.744255,
India,NearBook,,Sunbeam English reader-|||,,0,INR 110,https://nearbook.app/book/3916394,2026-05-03T23:11:30.424288,
India,NearBook,,CLASS 10 MATHEMATICS R.S. Aggrawal. In new condition. If you want any other class 10 book  so contact.,R. S aggarwal. If you want any other class 10 books then contact me.,0,INR 400,https://nearbook.app/book/3916393,2026-05-03T23:11:30.707643,
India,NearBook,,all in one hindi -B,,0,INR 350,https://nearbook.app/book/3916392,2026-05-03T23:11:31.006473,
India,NearBook,,current affairs,,0,INR 120,https://nearbook.app/book/3916391,2026-05-03T23:11:31.294084,
India,NearBook,,English At Workplace - Teachers,,0,INR 100,https://nearbook.app/book/3916390,2026-05-03T23:11:31.576189,
India,NearBook,,The settlement part 2 Hindi text for class 7th,,0,INR 30,https://nearbook.app/book/3916389,2026-05-03T23:11:31.867681,
India,NearBook,,accountancy Part 2,NCERT,0,INR 30,https://nearbook.app/book/3916388,2026-05-03T23:11:32.152725,
India,NearBook,,English class 10 support,ayan,0,INR 50,https://nearbook.app/book/3916387,2026-05-03T23:11:32.436411,
India,NearBook,,IMO 1st standard,,0,INR 100,https://nearbook.app/book/3916386,2026-05-03T23:11:32.723286,
India,NearBook,,history and civics,arya depot,0,INR 300,https://nearbook.app/book/3916385,2026-05-03T23:11:33.005544,
India,NearBook,,Islamiyat 1st standard,,0,INR 100,https://nearbook.app/book/3916384,2026-05-03T23:11:33.286554,
India,NearBook,,Hindi B Cbse Sample Question Paper (Physics wallah),,0,INR 170,https://nearbook.app/book/3916383,2026-05-03T23:11:33.569672,
India,NearBook,,Marathi,,0,INR 40,https://nearbook.app/book/3916379,2026-05-03T23:11:35.213981,
India,NearBook,,विज्ञान,"kanhaiya Lal Gupta 
kanhaiya Lal Gupta",0,INR 40,https://nearbook.app/book/3916378,2026-05-03T23:11:35.496658,
India,NearBook,,commerce,Paramaguru,0,INR 0,https://nearbook.app/book/3916377,2026-05-03T23:11:35.789201,
India,NearBook,,Math Most Important Concepts,VIRAT SINGH- VERY GOOD CONDITION NEW BOOK,0,INR 200,https://nearbook.app/book/3916376,2026-05-03T23:11:36.071941,
India,NearBook,,political science,,0,INR 150,https://nearbook.app/book/3916374,2026-05-03T23:11:36.357087,
India,NearBook,,English grammar,,0,INR 170,https://nearbook.app/book/3916373,2026-05-03T23:11:36.647501,
India,NearBook,,Error Pro,"Aman Vashistha
Aman Vashistha",0,INR 150,https://nearbook.app/book/3916372,2026-05-03T23:11:36.934088,
India,NearBook,,science,student ADVISOR mp board,0,INR 250,https://nearbook.app/book/3916371,2026-05-03T23:11:37.223949,
India,NearBook,,hindi text,meena shrivastav,0,INR 300,https://nearbook.app/book/3916370,2026-05-03T23:11:37.530590,
India,NearBook,,Icse maths 9th,,0,INR 50,https://nearbook.app/book/3916369,2026-05-03T23:11:37.817006,
India,NearBook,,IEO 1st standard,,0,INR 100,https://nearbook.app/book/3916367,2026-05-03T23:11:38.103237,
India,NearBook,,bharat ki kheti,,0,INR 50,https://nearbook.app/book/3916366,2026-05-03T23:11:38.389761,
India,NearBook,,bharat ki kheti,,0,INR 50,https://nearbook.app/book/3916366,2026-05-03T23:11:40.026999,
India,NearBook,,Spoken English - Part 1,,0,INR 180,https://nearbook.app/book/3916365,2026-05-03T23:11:40.348636,
India,NearBook,,science textbook class 6th,,0,INR 50,https://nearbook.app/book/3916364,2026-05-03T23:11:40.663252,
India,NearBook,,Social Science Cbse Sample Question Paper (Physics wallah),,0,INR 280,https://nearbook.app/book/3916363,2026-05-03T23:11:40.946316,
India,NearBook,,work book Julius caesar [ mint condition],Xavier pinto,0,INR 270,https://nearbook.app/book/3916362,2026-05-03T23:11:41.280168,
India,NearBook,,EDU TERIA CURRENT AFFAIRS,"Kundan kr, Raushan kr singh etc",0,INR 50,https://nearbook.app/book/3916361,2026-05-03T23:11:41.564695,
India,NearBook,,Fundamentals of E-commerce,DR. Subhabrata de,0,INR 120,https://nearbook.app/book/3916360,2026-05-03T23:11:41.897654,
India,NearBook,,commerce,,0,INR 0,https://nearbook.app/book/3916359,2026-05-03T23:11:42.199386,
India,NearBook,,modern science,,0,INR 300,https://nearbook.app/book/3916358,2026-05-03T23:11:42.484005,
India,NearBook,,exploring social science,,0,INR 18,https://nearbook.app/book/3916357,2026-05-03T23:11:42.813645,
India,NearBook,,social studies,student ADVISOR,0,INR 300,https://nearbook.app/book/3916356,2026-05-03T23:11:43.107788,
India,NearBook,,Websters English Dictionary,,0,INR 500,https://nearbook.app/book/3916355,2026-05-03T23:11:43.396521,
India,NearBook,,future kids Computer class 7th,,0,INR 435,https://nearbook.app/book/3916354,2026-05-03T23:11:45.050256,
India,NearBook,,social science,,0,INR 50,https://nearbook.app/book/3916353,2026-05-03T23:11:45.988351,
India,NearBook,,"Chemistry part 1 
All pages complete, only cover slightly damaged.
Good condition for study.
Price negotiable.",Rishika,0,INR 415,https://nearbook.app/book/3916352,2026-05-03T23:11:46.274536,
India,NearBook,,Science Cbse Sample Question Paper (Physics wallah),,0,INR 280,https://nearbook.app/book/3916351,2026-05-03T23:11:46.558578,
India,NearBook,,basic science,,0,INR 50,https://nearbook.app/book/3916350,2026-05-03T23:11:46.915172,
India,NearBook,,mathematics clas xi 11,RD.sharma,0,INR 800,https://nearbook.app/book/3916349,2026-05-03T23:11:47.202149,
India,NearBook,,Question bank Biology,Dr.Arvind Goyal,0,INR 150,https://nearbook.app/book/3916348,2026-05-03T23:11:47.486967,
India,NearBook,,Information Technology,,0,INR 675,https://nearbook.app/book/3916347,2026-05-03T23:11:47.773001,
India,NearBook,,mathematics,,0,INR 200,https://nearbook.app/book/3916346,2026-05-03T23:11:48.153711,
India,NearBook,,prince,,0,INR 100,https://nearbook.app/book/3916345,2026-05-03T23:11:48.441376,
India,NearBook,,textbook biology,,0,INR 100,https://nearbook.app/book/3916344,2026-05-03T23:11:48.752956,
India,NearBook,,textbook biology,,0,INR 100,https://nearbook.app/book/3916343,2026-05-03T23:11:49.046322,
India,NearBook,,Tune In,Revised Tune In Class -8,0,INR 189,https://nearbook.app/book/3916342,2026-05-03T23:11:50.664801,
India,NearBook,,History,,0,INR 80,https://nearbook.app/book/3916341,2026-05-03T23:11:50.948253,
India,NearBook,,mathematics for JEE main,G. Tewani,0,INR 950,https://nearbook.app/book/3916340,2026-05-03T23:11:51.314467,
India,NearBook,,Neetu Singh English Vol.1,Neetu Singh,0,INR 80,https://nearbook.app/book/3916339,2026-05-03T23:11:51.596088,
India,NearBook,,physics volume 2,Nsapira management services,0,INR 250,https://nearbook.app/book/3916338,2026-05-03T23:11:51.879614,
India,NearBook,,NSO 1st standard,,0,INR 100,https://nearbook.app/book/3916337,2026-05-03T23:11:52.162886,
India,NearBook,,The inner circler circle,"dr vasunDr Vasundhara nangia
asundhara nangia",0,INR 200,https://nearbook.app/book/3916336,2026-05-03T23:11:52.446506,
India,NearBook,,moments,,0,INR 30,https://nearbook.app/book/3916335,2026-05-03T23:11:52.730266,
India,NearBook,,islamic text book 5,,0,INR 19,https://nearbook.app/book/3916334,2026-05-03T23:11:53.053793,
India,NearBook,,we and our world,,0,INR 70,https://nearbook.app/book/3916332,2026-05-03T23:11:53.335790,
India,NearBook,,value education,FR DABRE JOSEP,0,INR 100,https://nearbook.app/book/3916331,2026-05-03T23:11:53.624323,
India,NearBook,,Hindi question bank,Oswaal books,0,INR 200,https://nearbook.app/book/3916330,2026-05-03T23:11:53.907999,
India,NearBook,,textbookphysics part 2,,0,INR 150,https://nearbook.app/book/3916329,2026-05-03T23:11:55.614821,
India,NearBook,,textbookphysics part 2,,0,INR 150,https://nearbook.app/book/3916328,2026-05-03T23:11:55.899753,
India,NearBook,,English Language and Literature Cbse Sample Question Paper (Physics wallah),,0,INR 290,https://nearbook.app/book/3916327,2026-05-03T23:11:56.229523,
India,NearBook,,ENGLIsh ReaDer,sachin,0,INR 200,https://nearbook.app/book/3916326,2026-05-03T23:11:56.514331,
India,NearBook,,graph book,,0,INR 20,https://nearbook.app/book/3916325,2026-05-03T23:11:56.797352,
India,NearBook,,English Grammar - S Chand,,0,INR 250,https://nearbook.app/book/3916324,2026-05-03T23:11:57.082052,
India,NearBook,,mscs text book 5,,0,INR 15,https://nearbook.app/book/3916323,2026-05-03T23:11:57.457431,
India,NearBook,,mathematics &statistics   part. 2,Maharashtra state boards,0,INR 90,https://nearbook.app/book/3916322,2026-05-03T23:11:57.739845,
India,NearBook,,Dimension 1st semester 3rd standard,,0,INR 200,https://nearbook.app/book/3916321,2026-05-03T23:11:58.025771,
India,NearBook,,2nd class GK text book,,0,INR 320,https://nearbook.app/book/3916320,2026-05-03T23:11:58.380136,
India,NearBook,,ENGLIsh ReaDer,sachin,0,INR 200,https://nearbook.app/book/3916319,2026-05-03T23:11:58.685915,
India,NearBook,,"Full marks Hindi Guide, Ulike CBSE chapterwise Question bank, Saraswati Darshika Hindi Vyakran",User,0,INR 700,https://nearbook.app/book/3916318,2026-05-03T23:11:58.969276,
India,NearBook,,Financial Accounting 1,Basu and Das,0,INR 200,https://nearbook.app/book/3916317,2026-05-03T23:12:00.615071,
India,NearBook,,Arabic text book 5,,0,INR 10,https://nearbook.app/book/3916316,2026-05-03T23:12:00.939057,
India,NearBook,,PHYSICS,ALLEN,0,INR 200,https://nearbook.app/book/3916314,2026-05-03T23:12:01.223592,
India,NearBook,,textbook physics part 1,,0,INR 100,https://nearbook.app/book/3916313,2026-05-03T23:12:01.510749,
India,NearBook,,nda path finder,,0,INR 600,https://nearbook.app/book/3916312,2026-05-03T23:12:01.860523,
India,NearBook,,BhagvadGeeta,,0,INR 300,https://nearbook.app/book/3916311,2026-05-03T23:12:02.167507,
India,NearBook,,textbook physics part 1,,0,INR 100,https://nearbook.app/book/3916310,2026-05-03T23:12:02.457180,
India,NearBook,,class 6th ncert curiosity book,,0,INR 50,https://nearbook.app/book/3916309,2026-05-03T23:12:02.741363,
India,NearBook,,Hindi Subalbharti,,0,INR 50,https://nearbook.app/book/3916308,2026-05-03T23:12:03.089930,
India,NearBook,,CHEMISTRY,ALLEN,0,INR 100,https://nearbook.app/book/3916307,2026-05-03T23:12:03.386848,
India,NearBook,,mscs text book 5,,0,INR 12,https://nearbook.app/book/3916305,2026-05-03T23:12:03.675109,
India,NearBook,,Mathematics Standard Cbse Sample Question Paper (Physics wallah),,0,INR 300,https://nearbook.app/book/3916303,2026-05-03T23:12:03.959354,
India,NearBook,,vikram physics,v.seshagiri rao,0,INR 150,https://nearbook.app/book/3916302,2026-05-03T23:12:05.626004,
India,NearBook,,Henegcoinb textbook in english for class 7th,,0,INR 30,https://nearbook.app/book/3916301,2026-05-03T23:12:05.956709,
India,NearBook,,Dimension 2nd semester class 3rd standard,,0,INR 200,https://nearbook.app/book/3916300,2026-05-03T23:12:06.263524,
India,NearBook,,Inorganic chemistry for JEE mains and advanced,J.d.Lee,0,INR 900,https://nearbook.app/book/3916299,2026-05-03T23:12:06.544616,
India,NearBook,,கணக்குப்பதிவியல்,,0,INR 150,https://nearbook.app/book/3916298,2026-05-03T23:12:06.827128,
India,NearBook,,BIOLOGY,ALLEN,0,INR 200,https://nearbook.app/book/3916297,2026-05-03T23:12:07.112263,
India,NearBook,,PHYSICS,ALLEN,0,INR 200,https://nearbook.app/book/3916293,2026-05-03T23:12:07.492854,
India,NearBook,,Arabic text book,,0,INR 10,https://nearbook.app/book/3916292,2026-05-03T23:12:07.782896,
India,NearBook,,chemistry textbook part 1,,0,INR 150,https://nearbook.app/book/3916291,2026-05-03T23:12:08.106826,
India,NearBook,,chemistry,bala ji,0,INR 250,https://nearbook.app/book/3916290,2026-05-03T23:12:08.409025,
India,NearBook,,chemistry textbook part 1,,0,INR 150,https://nearbook.app/book/3916289,2026-05-03T23:12:08.700306,
India,NearBook,,physics EAMCET+jee mains,,0,INR 200,https://nearbook.app/book/3916288,2026-05-03T23:12:09.028589,
India,NearBook,,principles and practice of Management,P.L. Gangopadhyay Nimai Bagchi,0,INR 150,https://nearbook.app/book/3916287,2026-05-03T23:12:10.644767,
India,NearBook,,physics part 1,uttam narayan tripathi,0,INR 800,https://nearbook.app/book/3916286,2026-05-03T23:12:10.934124,
India,NearBook,,CHEMISTRY,AKASH,0,INR 250,https://nearbook.app/book/3916285,2026-05-03T23:12:11.219956,
India,NearBook,,rd Sharma class 12,,0,INR 1000,https://nearbook.app/book/3916284,2026-05-03T23:12:11.543765,
India,NearBook,,THE BOY WHO DID NOT SIGN,ASHISH RANJAN,0,INR 400,https://nearbook.app/book/3916283,2026-05-03T23:12:11.898966,
India,NearBook,,Arabic text book,,0,INR 10,https://nearbook.app/book/3916282,2026-05-03T23:12:12.202638,
India,NearBook,,cursor 7,,0,INR 100,https://nearbook.app/book/3916281,2026-05-03T23:12:12.486690,
India,NearBook,,"class 12 biology 
CBSE Question bank 
chapterwise &Topicwise 
solved papers 
2016- 2025",oswaal books,0,INR 400,https://nearbook.app/book/3916280,2026-05-03T23:12:12.818171,
India,NearBook,,BIOLOGY,ALLEN,0,INR 200,https://nearbook.app/book/3916279,2026-05-03T23:12:13.125897,
India,NearBook,,Beehive English Ncert,VIRAT SINGH,0,INR 20,https://nearbook.app/book/3916278,2026-05-03T23:12:13.408987,
India,NearBook,,understanding economic development,ncrt,0,INR 40,https://nearbook.app/book/3916277,2026-05-03T23:12:13.739313,
India,NearBook,,Beehive English Ncert,VIRAT SINGH,0,INR 20,https://nearbook.app/book/3916276,2026-05-03T23:12:14.022477,
India,NearBook,,"ICSE ,10 years sloved papers",Oswal publisher's,0,INR 900,https://nearbook.app/book/3916275,2026-05-03T23:12:15.660759,
India,NearBook,,English First Flight Textbook Cbse,,0,INR 60,https://nearbook.app/book/3916274,2026-05-03T23:12:15.960981,
India,NearBook,,I have a secret,yoru Sumino,0,INR 500,https://nearbook.app/book/3916273,2026-05-03T23:12:16.300320,
India,NearBook,,desk work samajik vigyan,,0,INR 50,https://nearbook.app/book/3916272,2026-05-03T23:12:16.594064,
India,NearBook,,mscs 5,,0,INR 10,https://nearbook.app/book/3916271,2026-05-03T23:12:16.913448,
India,NearBook,,BIOLOGY,ALLEN,0,INR 200,https://nearbook.app/book/3916270,2026-05-03T23:12:17.204561,
India,NearBook,,speed Maths Modern Approach to Mathematics class 7th,,0,INR 250,https://nearbook.app/book/3916269,2026-05-03T23:12:17.528247,
India,NearBook,,Life Science,,0,INR 100,https://nearbook.app/book/3916268,2026-05-03T23:12:17.835566,
India,NearBook,,IMO,,0,INR 100,https://nearbook.app/book/3916267,2026-05-03T23:12:18.142003,
India,NearBook,,Mathematics lab manual,,0,INR 250,https://nearbook.app/book/3916266,2026-05-03T23:12:18.425830,
India,NearBook,,home science,prince,0,INR 150,https://nearbook.app/book/3916265,2026-05-03T23:12:18.711900,
India,NearBook,,English desk work,,0,INR 50,https://nearbook.app/book/3916263,2026-05-03T23:12:18.997527,
India,NearBook,,speed master english course,,0,INR 400,https://nearbook.app/book/3916262,2026-05-03T23:12:20.708925,
India,NearBook,,new millennium biology,DINESH PUBLICATIONS,0,INR 400,https://nearbook.app/book/3916261,2026-05-03T23:12:20.996794,
India,NearBook,,themes in world history,ncrt,0,INR 300,https://nearbook.app/book/3916260,2026-05-03T23:12:21.284669,
India,NearBook,,rd Sharma class 11,,0,INR 600,https://nearbook.app/book/3916259,2026-05-03T23:12:21.568324,
India,NearBook,,navneet science digest,navneet,0,INR 70,https://nearbook.app/book/3916258,2026-05-03T23:12:21.851072,
India,NearBook,,PHYSICS,AKASH,0,INR 250,https://nearbook.app/book/3916257,2026-05-03T23:12:22.139769,
India,NearBook,,Telugu DTP learning guide,,0,INR 100,https://nearbook.app/book/3916256,2026-05-03T23:12:22.546314,
India,NearBook,,chemistry ncert part 1,,0,INR 120,https://nearbook.app/book/3916254,2026-05-03T23:12:22.853934,
India,NearBook,,class nineth physics,,0,INR 200,https://nearbook.app/book/3916252,2026-05-03T23:12:23.137578,
India,NearBook,,inspiring english 5,,0,INR 100,https://nearbook.app/book/3916251,2026-05-03T23:12:23.422357,
India,NearBook,,Islamiyat,,0,INR 100,https://nearbook.app/book/3916250,2026-05-03T23:12:24.491961,
India,NearBook,,PHYSICS,AKASH,0,INR 250,https://nearbook.app/book/3916249,2026-05-03T23:12:24.799158,
India,NearBook,,वित्तीय लेखांकन,,0,INR 50,https://nearbook.app/book/3916248,2026-05-03T23:12:26.408588,
India,NearBook,,Mathematics Textbook Cbse,,0,INR 60,https://nearbook.app/book/3916247,2026-05-03T23:12:26.692150,
India,NearBook,,mathematics,ncrt,0,INR 80,https://nearbook.app/book/3916246,2026-05-03T23:12:26.971033,
India,NearBook,,PW EaJEE Handwritten Notes For Organic Chemistry By Rohit Sir & SKC Sir For JEE Main & Advanced | Chapterwise and Topicwise Notes | Handpicked Practice Questions & PYQs,rohit Aggarwal,0,INR 300,https://nearbook.app/book/3916244,2026-05-03T23:12:27.248659,
India,NearBook,,new millennium physics part 2,S.K.sharma,0,INR 400,https://nearbook.app/book/3916243,2026-05-03T23:12:27.526881,
India,NearBook,,oswal class 10,,0,INR 600,https://nearbook.app/book/3916242,2026-05-03T23:12:27.870755,
India,NearBook,,general knowledge LBF book class 4th,,0,INR 60,https://nearbook.app/book/3916241,2026-05-03T23:12:28.157918,
India,NearBook,,Learn Tamil From Telugu - 30 Days,,0,INR 100,https://nearbook.app/book/3916240,2026-05-03T23:12:28.490749,
India,NearBook,,mathematheticts,,0,INR 60,https://nearbook.app/book/3916238,2026-05-03T23:12:28.792773,
India,NearBook,,enjoying computers,,0,INR 0,https://nearbook.app/book/3916237,2026-05-03T23:12:29.099986,
India,NearBook,,BIOLOGY,ALLEN.,0,INR 200,https://nearbook.app/book/3916236,2026-05-03T23:12:29.407184,
India,NearBook,,The boy with striped pyjamas,JOHN BOYNE,0,INR 250,https://nearbook.app/book/3916235,2026-05-03T23:12:29.714118,
India,NearBook,,10th mathematics material,VGS publishers,0,INR 300,https://nearbook.app/book/3916234,2026-05-03T23:12:31.311718,
India,NearBook,,xamidea,vk,0,INR 200,https://nearbook.app/book/3916233,2026-05-03T23:12:31.594907,
India,NearBook,,English Footprints without feet Textbook Cbse,,0,INR 30,https://nearbook.app/book/3916232,2026-05-03T23:12:31.968631,
India,NearBook,,Mathematics,,0,INR 400,https://nearbook.app/book/3916231,2026-05-03T23:12:32.253132,
India,NearBook,,textbook chemistry,atul,0,INR 80,https://nearbook.app/book/3916230,2026-05-03T23:12:32.566168,
India,NearBook,,physics part2,uttam narayan tripathi,0,INR 1000,https://nearbook.app/book/3916229,2026-05-03T23:12:32.888270,
India,NearBook,,BIOLOGY,ARIHANT,0,INR 200,https://nearbook.app/book/3916228,2026-05-03T23:12:33.195891,
India,NearBook,,Chemistry ncert,,0,INR 120,https://nearbook.app/book/3916227,2026-05-03T23:12:33.476681,
India,NearBook,,history and civics standard eight,,0,INR 30,https://nearbook.app/book/3916226,2026-05-03T23:12:33.809773,
India,NearBook,,Education language piyush hindi Grammer and composition class 7th,,0,INR 150,https://nearbook.app/book/3916225,2026-05-03T23:12:34.100141,
India,NearBook,,Indian and the contemporary world -ll,ncert,0,INR 60,https://nearbook.app/book/3916224,2026-05-03T23:12:34.379766,
India,NearBook,,new millennium physics part 1,S.K.Sharma,0,INR 400,https://nearbook.app/book/3916223,2026-05-03T23:12:34.834006,
India,NearBook,,PHYSICS,ARIHANT,0,INR 300,https://nearbook.app/book/3916222,2026-05-03T23:12:36.444378,
India,NearBook,,social science contemporary India,,0,INR 50,https://nearbook.app/book/3916221,2026-05-03T23:12:36.765660,
India,NearBook,,Hindi (Madhunandini/Adhunik) 4,,0,INR 0,https://nearbook.app/book/3916220,2026-05-03T23:12:37.043544,
India,NearBook,,Marathi sugham bharti 8th standard,,0,INR 100,https://nearbook.app/book/3916219,2026-05-03T23:12:37.371159,
India,NearBook,,gul mohar,,0,INR 220,https://nearbook.app/book/3916218,2026-05-03T23:12:37.654777,
India,NearBook,,senior inter chemistry,G.sandya,0,INR 50,https://nearbook.app/book/3916217,2026-05-03T23:12:38.008802,
India,NearBook,,Marathi sugham bharti 8th standard,,0,INR 100,https://nearbook.app/book/3916216,2026-05-03T23:12:38.367826,
India,NearBook,,Science,8th Science,0,INR 80,https://nearbook.app/book/3916215,2026-05-03T23:12:38.644771,
India,NearBook,,NCERT Chemistry part 2,,0,INR 80,https://nearbook.app/book/3916214,2026-05-03T23:12:38.923638,
India,NearBook,,Science,8th Science,0,INR 80,https://nearbook.app/book/3916213,2026-05-03T23:12:39.211713,
India,NearBook,,hindi,Dharmendar Sharma,0,INR 145,https://nearbook.app/book/3916211,2026-05-03T23:12:39.490343,
India,NearBook,,"CBSE Question bank 
chapterwise &Topicwise 
solved papers 
2016 - 2025",oswaal books,0,INR 400,https://nearbook.app/book/3916210,2026-05-03T23:12:39.768786,
India,NearBook,,ZOOLOGY,AKASH,0,INR 250,https://nearbook.app/book/3916209,2026-05-03T23:12:41.438224,
India,NearBook,,social science contemporary India,,0,INR 50,https://nearbook.app/book/3916207,2026-05-03T23:12:41.797987,
India,NearBook,,Sangeetha Visarada First Year,,0,INR 100,https://nearbook.app/book/3916206,2026-05-03T23:12:42.078770,
India,NearBook,,environmental studies,,0,INR 150,https://nearbook.app/book/3916204,2026-05-03T23:12:42.412367,
India,NearBook,,time tales class 8,,0,INR 320,https://nearbook.app/book/3916203,2026-05-03T23:12:42.696917,
India,NearBook,,BOTANY,AKASH,0,INR 250,https://nearbook.app/book/3916201,2026-05-03T23:12:42.980362,
India,NearBook,,NCERT Mathematics class 11th,,0,INR 120,https://nearbook.app/book/3916200,2026-05-03T23:12:43.258399,
India,NearBook,,Social Science Economics Textbook Cbse,,0,INR 60,https://nearbook.app/book/3916199,2026-05-03T23:12:43.539301,
India,NearBook,,new millennium chemistry part 2,Siddhartha singh,0,INR 300,https://nearbook.app/book/3916198,2026-05-03T23:12:43.851927,
India,NearBook,,ENGLISH BABLBHARATI STANDARD EIGHT,,0,INR 40,https://nearbook.app/book/3916197,2026-05-03T23:12:44.144178,
India,NearBook,,chemistry,,0,INR 230,https://nearbook.app/book/3916196,2026-05-03T23:12:44.459802,
India,NearBook,,Democratic political -ll,ncrt,0,INR 40,https://nearbook.app/book/3916195,2026-05-03T23:12:44.780877,
India,NearBook,,inspiring english 5,,0,INR 0,https://nearbook.app/book/3916193,2026-05-03T23:12:46.397911,
India,NearBook,,chemistry,arihant prakashan,0,INR 100,https://nearbook.app/book/3916192,2026-05-03T23:12:46.684819,
India,NearBook,,English Grammar and composition,,0,INR 200,https://nearbook.app/book/3916190,2026-05-03T23:12:46.962838,
India,NearBook,,BOTANY,AKASH,0,INR 250,https://nearbook.app/book/3916189,2026-05-03T23:12:47.251156,
India,NearBook,,hindi,Dharmendra sharma,0,INR 0,https://nearbook.app/book/3916188,2026-05-03T23:12:47.531838,
India,NearBook,,science,,0,INR 140,https://nearbook.app/book/3916187,2026-05-03T23:12:47.811387,
India,NearBook,,English workbook,navjeevan,0,INR 100,https://nearbook.app/book/3916186,2026-05-03T23:12:48.090326,
India,NearBook,,Oswal question bank,Oswal,0,INR 350,https://nearbook.app/book/3916184,2026-05-03T23:12:48.369516,
India,NearBook,,Maths,,0,INR 300,https://nearbook.app/book/3916183,2026-05-03T23:12:48.651200,
India,NearBook,,Cyber Quest,,0,INR 250,https://nearbook.app/book/3916182,2026-05-03T23:12:48.930957,
India,NearBook,,Vedic Mathematics,Pujyam Kameshwara Sarma,0,INR 150,https://nearbook.app/book/3916181,2026-05-03T23:12:49.272924,
India,NearBook,,inspiring english 5,,0,INR 0,https://nearbook.app/book/3916180,2026-05-03T23:12:49.555595,
India,NearBook,,CHEMISTRY,AKASH,0,INR 250,https://nearbook.app/book/3916179,2026-05-03T23:12:51.156765,
India,NearBook,,NCERT Mathematics class 12th part 2,,0,INR 80,https://nearbook.app/book/3916178,2026-05-03T23:12:51.436545,
India,NearBook,,"CBSE Question bank 
chapterwise & Topicwise 
solved papers 
2016 -  2025",oswaal,0,INR 400,https://nearbook.app/book/3916177,2026-05-03T23:12:51.715402,
India,NearBook,,BIOLOGY | class XI and XII,Parth Goyal,0,INR 1500,https://nearbook.app/book/3916176,2026-05-03T23:12:51.994982,
India,NearBook,,100,sachin,0,INR 100,https://nearbook.app/book/3916175,2026-05-03T23:12:52.284305,
India,NearBook,,Mathematics Textbook For Class 10,,0,INR 100,https://nearbook.app/book/3916174,2026-05-03T23:12:52.563777,
India,NearBook,,Saraswati Gyan Sagar,,0,INR 50,https://nearbook.app/book/3916173,2026-05-03T23:12:52.851334,
India,NearBook,,CHEMISTRY,ALLEN,0,INR 200,https://nearbook.app/book/3916172,2026-05-03T23:12:53.136549,
India,NearBook,,gyanoda Hindi class 8,,0,INR 230,https://nearbook.app/book/3916171,2026-05-03T23:12:53.414211,
India,NearBook,,mathematics,,0,INR 250,https://nearbook.app/book/3916170,2026-05-03T23:12:53.693412,
India,NearBook,,inspiring science 5,,0,INR 0,https://nearbook.app/book/3916169,2026-05-03T23:12:53.983765,
India,NearBook,,hindi,Dharmendra,0,INR 145,https://nearbook.app/book/3916168,2026-05-03T23:12:54.264430,
India,NearBook,,new millennium chemistry part 1,Siddharth singh,0,INR 650,https://nearbook.app/book/3916166,2026-05-03T23:12:55.900146,
India,NearBook,,Physics,ALLEN,0,INR 200,https://nearbook.app/book/3916165,2026-05-03T23:12:56.184576,
India,NearBook,,Physical Science,,0,INR 120,https://nearbook.app/book/3916164,2026-05-03T23:12:56.462520,
India,NearBook,,NCERT mathematics class 12th part 1,,0,INR 80,https://nearbook.app/book/3916163,2026-05-03T23:12:56.742612,
India,NearBook,,science junction class 7th,,0,INR 150,https://nearbook.app/book/3916162,2026-05-03T23:12:57.021348,
India,NearBook,,English textbook,dr sunil magar,0,INR 40,https://nearbook.app/book/3916160,2026-05-03T23:12:57.362149,
India,NearBook,,ruchira Sanskrit pathypustakam,,0,INR 100,https://nearbook.app/book/3916159,2026-05-03T23:12:57.639103,
India,NearBook,,Mathematics,FIT-JEE,0,INR 600,https://nearbook.app/book/3916157,2026-05-03T23:12:57.945132,
India,NearBook,,History Textbook Cbse,,0,INR 60,https://nearbook.app/book/3916156,2026-05-03T23:12:58.284147,
India,NearBook,,"jee advanced 
volume 4",Nsapira management services,0,INR 250,https://nearbook.app/book/3916155,2026-05-03T23:12:58.571563,
India,NearBook,,Marathi sugham bharti 8th standard,,0,INR 100,https://nearbook.app/book/3916154,2026-05-03T23:12:58.849794,
India,NearBook,,moral value,,0,INR 100,https://nearbook.app/book/3916153,2026-05-03T23:12:59.149425,
India,NearBook,,science,,0,INR 300,https://nearbook.app/book/3916151,2026-05-03T23:13:00.844716,
India,NearBook,,"CBSE Question bank 
chapterwise & Topicwise 
solved papers 
2016- 2025",oswaal books,0,INR 400,https://nearbook.app/book/3916150,2026-05-03T23:13:01.121185,
India,NearBook,,Punjabi book,"Basant books 
Basant Punjabi book",0,INR 70,https://nearbook.app/book/3916149,2026-05-03T23:13:01.435291,
India,NearBook,,CHEMISTRY,ALLEN,0,INR 200,https://nearbook.app/book/3916148,2026-05-03T23:13:01.765716,
India,NearBook,,Political Science Textbook Cbse,,0,INR 60,https://nearbook.app/book/3916147,2026-05-03T23:13:02.060724,
India,NearBook,,touchpad computer class 8,,0,INR 250,https://nearbook.app/book/3916146,2026-05-03T23:13:02.380180,
India,NearBook,,information technology class10 code 402,Dr.sanjay jain,0,INR 300,https://nearbook.app/book/3916145,2026-05-03T23:13:03.258941,
India,NearBook,,9th tamil book,,0,INR 80,https://nearbook.app/book/3916143,2026-05-03T23:13:03.542094,
India,NearBook,,CHEMISTRY,ALLEN,0,INR 200,https://nearbook.app/book/3916142,2026-05-03T23:13:03.916219,
India,NearBook,,Chemistry part 2nd class 12th mp board,,0,INR 50,https://nearbook.app/book/3916141,2026-05-03T23:13:04.202533,
India,NearBook,,Xam Idea Maths class 10th 2025-2026,,0,INR 300,https://nearbook.app/book/3916140,2026-05-03T23:13:04.513481,
India,NearBook,,Computer applications,Avichal Publication,0,INR 780,https://nearbook.app/book/3916139,2026-05-03T23:13:04.809513,
India,NearBook,,"PW JEE Main 7 Years (2019 - 2025) Physics, Chemistry, Mathematics Combo Set of 3 Books | All 144 Shifts Online Previous Years Solved Papers Chapterwise and Topicwise PYQs For 2026 [Paperback] PW",physics wallah,0,INR 1200,https://nearbook.app/book/3916138,2026-05-03T23:13:06.476828,
India,NearBook,,Marathi workbook,navjeevan,0,INR 100,https://nearbook.app/book/3916137,2026-05-03T23:13:06.759853,
India,NearBook,,Chemistry,ALLEN,0,INR 200,https://nearbook.app/book/3916136,2026-05-03T23:13:07.094043,
India,NearBook,,modern mathematics,,0,INR 225,https://nearbook.app/book/3916135,2026-05-03T23:13:07.380263,
India,NearBook,,Chemistry reference part 2,Rishika,0,INR 325,https://nearbook.app/book/3916133,2026-05-03T23:13:07.658992,
India,NearBook,,JEE main MATHEMATICS,,0,INR 500,https://nearbook.app/book/3916131,2026-05-03T23:13:07.938648,
India,NearBook,,physics,lakhmir Singh  and ranjit kaur,0,INR 325,https://nearbook.app/book/3916130,2026-05-03T23:13:08.222487,
India,NearBook,,R.D.Sharma Mathematics class 11th,,0,INR 250,https://nearbook.app/book/3916129,2026-05-03T23:13:08.512571,
India,NearBook,,fragrance social world class 7th,,0,INR 150,https://nearbook.app/book/3916128,2026-05-03T23:13:08.795036,
India,NearBook,,balbharti marathi midiam,pincode=442304 2th road 3th billding chanki Salam nagar ji wardha taluka hingnaghat,0,INR 50,https://nearbook.app/book/3916127,2026-05-03T23:13:09.138180,
India,NearBook,,Mathematics,ML Aggarwal,0,INR 650,https://nearbook.app/book/3916125,2026-05-03T23:13:09.419846,
India,NearBook,,English Grammar and composition,Inventant education,0,INR 200,https://nearbook.app/book/3916124,2026-05-03T23:13:09.699624,
India,NearBook,,Mathematics,,0,INR 450,https://nearbook.app/book/3916123,2026-05-03T23:13:11.391640,
India,NearBook,,first flight,,0,INR 200,https://nearbook.app/book/3916122,2026-05-03T23:13:11.673969,
India,NearBook,,GK class 5th book lbf,purshottam  agrawal,0,INR 100,https://nearbook.app/book/3916121,2026-05-03T23:13:12.005533,
India,NearBook,,Numerology,V Rajsushila,0,INR 150,https://nearbook.app/book/3916120,2026-05-03T23:13:12.288725,
India,NearBook,,NCERT CLASS 9 MATHS,,0,INR 100,https://nearbook.app/book/3916119,2026-05-03T23:13:12.621835,
India,NearBook,,CBSE  15 sample question paper class 12 English,oswaal books,0,INR 300,https://nearbook.app/book/3916118,2026-05-03T23:13:12.927325,
India,NearBook,,Viva dot com computer science and information technology,,0,INR 200,https://nearbook.app/book/3916117,2026-05-03T23:13:13.213399,
India,NearBook,,INFORMATION TECHNOLOGY,VIRAT SINGH,0,INR 400,https://nearbook.app/book/3916116,2026-05-03T23:13:13.496021,
India,NearBook,,Bengali Grammar,Kalipada Chaudhary,0,INR 60,https://nearbook.app/book/3916115,2026-05-03T23:13:13.849364,
India,NearBook,,BPSC Prelims pyqs,Unique new bharti publication,0,INR 200,https://nearbook.app/book/3916114,2026-05-03T23:13:14.138904,
India,NearBook,,R.D.Sharma Mathematics class 11th,,0,INR 300,https://nearbook.app/book/3916113,2026-05-03T23:13:14.463615,
India,NearBook,,gernal science textbook,dr sunil magar,0,INR 60,https://nearbook.app/book/3916112,2026-05-03T23:13:14.744774,
India,NearBook,,9th maths book,goverment book,0,INR 50,https://nearbook.app/book/3916111,2026-05-03T23:13:16.350934,
India,NearBook,,मल्हार,,0,INR 60,https://nearbook.app/book/3916110,2026-05-03T23:13:16.632270,
India,NearBook,,project booklet for coding curriculum,,0,INR 80,https://nearbook.app/book/3916109,2026-05-03T23:13:16.913734,
India,NearBook,,Physics,,0,INR 200,https://nearbook.app/book/3916108,2026-05-03T23:13:17.199877,
India,NearBook,,Artificial Intelligence cbse,,0,INR 500,https://nearbook.app/book/3916107,2026-05-03T23:13:17.493995,
India,NearBook,,Sahitya sagar workbook,Evergreen Publication,0,INR 270,https://nearbook.app/book/3916106,2026-05-03T23:13:17.842470,
India,NearBook,,Astrology for Beginners,William W Hewiit,0,INR 250,https://nearbook.app/book/3916105,2026-05-03T23:13:18.123633,
India,NearBook,,Physics,,0,INR 200,https://nearbook.app/book/3916104,2026-05-03T23:13:18.457379,
India,NearBook,,environmental studies,,0,INR 150,https://nearbook.app/book/3916102,2026-05-03T23:13:18.738257,
India,NearBook,,Chemistry,,0,INR 250,https://nearbook.app/book/3916101,2026-05-03T23:13:19.037936,
India,NearBook,,"ICSE ,class 10,ultra Bright, history nd civics",Dr.Bina Biswas,0,INR 200,https://nearbook.app/book/3916100,2026-05-03T23:13:19.341487,
India,NearBook,,art Cafe,,0,INR 100,https://nearbook.app/book/3916099,2026-05-03T23:13:19.630543,
India,NearBook,,"11 th 
Economics",,0,INR 64,https://nearbook.app/book/3916098,2026-05-03T23:13:21.261718,
India,NearBook,,Physics,,0,INR 300,https://nearbook.app/book/3916097,2026-05-03T23:13:21.542636,
India,NearBook,,biology,,0,INR 200,https://nearbook.app/book/3916095,2026-05-03T23:13:21.827475,
India,NearBook,,My english navneet book marathi,pinn=442304 2th road 3th billding chanki Salam nagar ji wardha taluka hingnaghat,0,INR 200,https://nearbook.app/book/3916094,2026-05-03T23:13:22.111169,
India,NearBook,,samkalin Hindi kavita,,0,INR 100,https://nearbook.app/book/3916093,2026-05-03T23:13:22.392369,
India,NearBook,,English Language and Literature self study,,0,INR 190,https://nearbook.app/book/3916092,2026-05-03T23:13:22.674112,
India,NearBook,,Mathematics,,0,INR 40,https://nearbook.app/book/3916091,2026-05-03T23:13:22.956031,
India,NearBook,,biology,,0,INR 200,https://nearbook.app/book/3916090,2026-05-03T23:13:23.236990,
India,NearBook,,CBSE 15 sample question paper class 12 chemistry,oswaal books,0,INR 300,https://nearbook.app/book/3916088,2026-05-03T23:13:23.518727,
India,NearBook,,Physics,,0,INR 250,https://nearbook.app/book/3916087,2026-05-03T23:13:23.808900,
India,NearBook,,Bala ji   mathematic class 11,,0,INR 400,https://nearbook.app/book/3916086,2026-05-03T23:13:24.091707,
India,NearBook,,introduction to coding student handbook,,0,INR 100,https://nearbook.app/book/3916085,2026-05-03T23:13:24.374291,
India,NearBook,,Hindi language,Evergreen Publication,0,INR 390,https://nearbook.app/book/3916083,2026-05-03T23:13:26.035240,
India,NearBook,,Oxford English dictionary,,0,INR 350,https://nearbook.app/book/3916082,2026-05-03T23:13:26.341766,
India,NearBook,,Social Science Self study,,0,INR 200,https://nearbook.app/book/3916081,2026-05-03T23:13:26.625839,
India,NearBook,,Hindi kavya,shadar rastogy,0,INR 270,https://nearbook.app/book/3916080,2026-05-03T23:13:26.962031,
India,NearBook,,physics,,0,INR 200,https://nearbook.app/book/3916079,2026-05-03T23:13:27.243327,
India,NearBook,,Hindi digest,,0,INR 200,https://nearbook.app/book/3916078,2026-05-03T23:13:27.572709,
India,NearBook,,cengage Mathematics calculus,,0,INR 300,https://nearbook.app/book/3916077,2026-05-03T23:13:27.863405,
India,NearBook,,physics,,0,INR 350,https://nearbook.app/book/3916076,2026-05-03T23:13:28.186176,
India,NearBook,,"biology 
previous year question",saqib,0,INR 550,https://nearbook.app/book/3916075,2026-05-03T23:13:28.495270,
India,NearBook,,Numerology - Key To Your Inner Self,,0,INR 120,https://nearbook.app/book/3916074,2026-05-03T23:13:28.776377,
India,NearBook,,social science guide,,0,INR 260,https://nearbook.app/book/3916073,2026-05-03T23:13:29.106844,
India,NearBook,,Science,Dr. Shashwat Saxena,0,INR 260,https://nearbook.app/book/3916072,2026-05-03T23:13:29.391410,
India,NearBook,,CBSE 15 sample question papers  class 12 biology,oswaal books,0,INR 300,https://nearbook.app/book/3916070,2026-05-03T23:13:31.057440,
India,NearBook,,sharping brains with computer,,0,INR 150,https://nearbook.app/book/3916069,2026-05-03T23:13:31.461882,
India,NearBook,,Science Textbook Cbse,,0,INR 60,https://nearbook.app/book/3916067,2026-05-03T23:13:31.769052,
India,NearBook,,Hindi ssc board 6std,,0,INR 27,https://nearbook.app/book/3916066,2026-05-03T23:13:32.077046,
India,NearBook,,OPTICS AND MODERN PHYSICS,,0,INR 250,https://nearbook.app/book/3916065,2026-05-03T23:13:32.358515,
India,NearBook,,Varda Sanskrit,,0,INR 100,https://nearbook.app/book/3916064,2026-05-03T23:13:32.639703,
India,NearBook,,navneet english dictionary,mini edition,0,INR 300,https://nearbook.app/book/3916063,2026-05-03T23:13:32.931602,
India,NearBook,,FL skills,,0,INR 200,https://nearbook.app/book/3916062,2026-05-03T23:13:33.305565,
India,NearBook,,math step,ADG SP,0,INR 100,https://nearbook.app/book/3916060,2026-05-03T23:13:33.613952,
India,NearBook,,sanskarit class 7th book,,0,INR 150,https://nearbook.app/book/3916059,2026-05-03T23:13:33.896554,
India,NearBook,,Telugu workbook,"Telugu guide 





Telugu guide",0,INR 100,https://nearbook.app/book/3916058,2026-05-03T23:13:34.177952,
India,NearBook,,Sanskrit objective book,"Bhusunda Manpur Location : Khatangi kothi... 
 location ....Manpur New Bypass se 200 MTR
mob no :- 8409202126",0,INR 55,https://nearbook.app/book/3916057,2026-05-03T23:13:34.509746,
India,NearBook,,Democratic politics,,0,INR 100,https://nearbook.app/book/3916056,2026-05-03T23:13:36.141777,
India,NearBook,,Julius Caesar,Evergreen Publication,0,INR 320,https://nearbook.app/book/3916055,2026-05-03T23:13:36.423599,
India,NearBook,,cengage Mathematics Trigonometry,,0,INR 160,https://nearbook.app/book/3916054,2026-05-03T23:13:36.707323,
India,NearBook,,Democratic politics,,0,INR 100,https://nearbook.app/book/3916053,2026-05-03T23:13:36.991409,
India,NearBook,,mathematics practice book,rs agarwal,0,INR 437,https://nearbook.app/book/3916052,2026-05-03T23:13:37.298766,
India,NearBook,,navneet digest history and covics,navneet,0,INR 90,https://nearbook.app/book/3916051,2026-05-03T23:13:37.580662,
India,NearBook,,Geography Textbook Cbse,,0,INR 60,https://nearbook.app/book/3916049,2026-05-03T23:13:37.863133,
India,NearBook,,NEET ZOOLOGY,,0,INR 250,https://nearbook.app/book/3916048,2026-05-03T23:13:38.144496,
India,NearBook,,new science in everyday life,,0,INR 200,https://nearbook.app/book/3916047,2026-05-03T23:13:38.424604,
India,NearBook,,Treasure chest story workbook,Evergreen Publication,0,INR 290,https://nearbook.app/book/3916046,2026-05-03T23:13:38.720196,
India,NearBook,,NEET ZOOLOGY,,0,INR 250,https://nearbook.app/book/3916045,2026-05-03T23:13:39.039719,
India,NearBook,,hindi Chhattisgarhi Bharti,Balram rathour,0,INR 100,https://nearbook.app/book/3916044,2026-05-03T23:13:39.322904,
India,NearBook,,"Selina 
ICSE question bank
Chemistry",,0,INR 200,https://nearbook.app/book/3916043,2026-05-03T23:13:40.928338,
India,NearBook,,English Grammar Book 8,,0,INR 250,https://nearbook.app/book/3916042,2026-05-03T23:13:41.242958,
India,NearBook,,Chemistry,,0,INR 300,https://nearbook.app/book/3916041,2026-05-03T23:13:42.419148,
India,NearBook,,Social science Contemporary India 1,,0,INR 60,https://nearbook.app/book/3916040,2026-05-03T23:13:42.714543,
India,NearBook,,CBSE 15 sample question papers,oswaal books,0,INR 300,https://nearbook.app/book/3916039,2026-05-03T23:13:43.009716,
India,NearBook,,NEET BIOLOGY,,0,INR 200,https://nearbook.app/book/3916038,2026-05-03T23:13:43.307914,
India,NearBook,,computer code Ai class 7th book,,0,INR 150,https://nearbook.app/book/3916037,2026-05-03T23:13:43.601416,
India,NearBook,,sparsh,,0,INR 30,https://nearbook.app/book/3916036,2026-05-03T23:13:43.931538,
India,NearBook,,History Suggestion,Dr.Shubhas Biswas and G.K.Pahari,0,INR 400,https://nearbook.app/book/3916035,2026-05-03T23:13:44.223213,
India,NearBook,,cengage Mathematics Algebra,,0,INR 300,https://nearbook.app/book/3916034,2026-05-03T23:13:44.671376,
India,NearBook,,science guide,,0,INR 350,https://nearbook.app/book/3916033,2026-05-03T23:13:44.963641,
India,NearBook,,Treasure chest workbook,Evergreen Publication,0,INR 250,https://nearbook.app/book/3916032,2026-05-03T23:13:45.285625,
India,NearBook,,NEET BOTANY,,0,INR 250,https://nearbook.app/book/3916031,2026-05-03T23:13:46.914214,
India,NearBook,,Touchpad,orange Education,0,INR 150,https://nearbook.app/book/3916030,2026-05-03T23:13:47.231670,
India,NearBook,,physics 12th,,0,INR 180,https://nearbook.app/book/3916029,2026-05-03T23:13:47.520567,
India,NearBook,,लोकतांत्रिक राजनीति_1,अंधेरी देवी,0,INR 6375985823,https://nearbook.app/book/3916028,2026-05-03T23:13:47.846221,
India,NearBook,,shivaay Marathi patgya pustak,,0,INR 80,https://nearbook.app/book/3916027,2026-05-03T23:13:48.255714,
India,NearBook,,ALLEN Biology,,0,INR 200,https://nearbook.app/book/3916026,2026-05-03T23:13:48.562478,
India,NearBook,,"selina 
ICSE question bank
physics",,0,INR 200,https://nearbook.app/book/3916025,2026-05-03T23:13:48.869651,
India,NearBook,,ALLEN Biology,,0,INR 200,https://nearbook.app/book/3916024,2026-05-03T23:13:49.182746,
India,NearBook,,xam idea social science,ek global publishing,0,INR 352,https://nearbook.app/book/3916023,2026-05-03T23:13:49.472283,
India,NearBook,,Chemistry ncert textbook solutions,,0,INR 160,https://nearbook.app/book/3916022,2026-05-03T23:13:49.791624,
India,NearBook,,NEET ZOOLOGY,,0,INR 250,https://nearbook.app/book/3916021,2026-05-03T23:13:50.082167,
India,NearBook,,NEET ZOOLOGY,,0,INR 250,https://nearbook.app/book/3916020,2026-05-03T23:13:50.371645,
India,NearBook,,Hindi textbook for class 7th,kush,0,INR 50,https://nearbook.app/book/3916019,2026-05-03T23:13:51.998372,
India,NearBook,,movement,,0,INR 30,https://nearbook.app/book/3916018,2026-05-03T23:13:52.351381,
India,NearBook,,48 law of power,Robert greene,0,INR 150,https://nearbook.app/book/3916017,2026-05-03T23:13:52.638956,
India,NearBook,,Unified Course Chemistry - OP Agarwal,Dr OP Agarwal,0,INR 300,https://nearbook.app/book/3916016,2026-05-03T23:13:52.965823,
India,NearBook,,NDA/NA,Sujeet,0,INR 499,https://nearbook.app/book/3916015,2026-05-03T23:13:53.274150,
India,NearBook,,NEET Physics,,0,INR 250,https://nearbook.app/book/3916014,2026-05-03T23:13:53.562137,
India,NearBook,,the foot prints without the feet,,0,INR 25,https://nearbook.app/book/3916013,2026-05-03T23:13:53.888257,
India,NearBook,,Julius Caesar work book,Shakespeare'S,0,INR 210,https://nearbook.app/book/3916012,2026-05-03T23:13:54.297312,
India,NearBook,,geography 7,,0,INR 15,https://nearbook.app/book/3916011,2026-05-03T23:13:54.606629,
India,NearBook,,Social Science Evergreen self study Cbse,K.S. Randhawa,0,INR 430,https://nearbook.app/book/3916010,2026-05-03T23:13:54.912102,
India,NearBook,,ENGLISH HONEYDEW,,0,INR 50,https://nearbook.app/book/3916009,2026-05-03T23:13:55.218662,
India,NearBook,,NCERT class 11th English Hornbill and Snapseed brand new book no use.Set is also available of science stream,,0,INR 75,https://nearbook.app/book/3916008,2026-05-03T23:13:55.507841,
India,NearBook,,Antaral NCRT,sana,0,INR 50,https://nearbook.app/book/3916007,2026-05-03T23:13:57.133338,
India,NearBook,,sanskriti,,0,INR 30,https://nearbook.app/book/3916006,2026-05-03T23:13:57.421446,
India,NearBook,,NEET CHEMISTRY,,0,INR 250,https://nearbook.app/book/3916005,2026-05-03T23:13:57.713532,
India,NearBook,,मराठी कुमार भारती,सिद्धान्त,0,INR 65,https://nearbook.app/book/3916004,2026-05-03T23:13:58.085949,
India,NearBook,,code bot 5,,0,INR 55,https://nearbook.app/book/3916003,2026-05-03T23:13:58.393165,
India,NearBook,,hindi Chhattisgarhi Bharti,Balram,0,INR 8109940021,https://nearbook.app/book/3916002,2026-05-03T23:13:58.684844,
India,NearBook,,Hindi kavya,"sufiyan


sufiyan",0,INR 270,https://nearbook.app/book/3916001,2026-05-03T23:13:59.007902,
India,NearBook,,first flight,,0,INR 45,https://nearbook.app/book/3916000,2026-05-03T23:13:59.297340,
India,NearBook,,ALLEN CHEMISTRY,,0,INR 200,https://nearbook.app/book/3915999,2026-05-03T23:13:59.621840,
India,NearBook,,Life Science Suggestion,Dr.Sushabta Kumar Shah and Shubronil Chakraborty,0,INR 400,https://nearbook.app/book/3915998,2026-05-03T23:13:59.929418,
India,NearBook,,ENGLISH ( FOOTPRINTS WITHOUT FEET ),,0,INR 45,https://nearbook.app/book/3915997,2026-05-03T23:14:00.217748,
India,NearBook,,general knowledge,,0,INR 300,https://nearbook.app/book/3915996,2026-05-03T23:14:00.506002,
India,NearBook,,NEET PHYSICS,,0,INR 250,https://nearbook.app/book/3915995,2026-05-03T23:14:02.181611,
India,NearBook,,LOYOLA EC SCIENCE,"Mr. yesudas
Mrs. arul flora
Mrs.helen cronans",0,INR 350,https://nearbook.app/book/3915994,2026-05-03T23:14:02.470013,
India,NearBook,,other minds,brilliant guardian,0,INR 250,https://nearbook.app/book/3915993,2026-05-03T23:14:02.783250,
India,NearBook,,gems for life,,0,INR 45,https://nearbook.app/book/3915992,2026-05-03T23:14:03.103652,
India,NearBook,,science,goutam yadav bharti yadav,0,INR 195,https://nearbook.app/book/3915990,2026-05-03T23:14:03.391652,
India,NearBook,,mathematics,ncert,0,INR 80,https://nearbook.app/book/3915989,2026-05-03T23:14:03.680085,
India,NearBook,,"selina
ICSE question bank
History and civics",,0,INR 175,https://nearbook.app/book/3915987,2026-05-03T23:14:04.025853,
India,NearBook,,Neet chemistry,,0,INR 250,https://nearbook.app/book/3915986,2026-05-03T23:14:04.313996,
India,NearBook,,learnwell smart social science,,0,INR 180,https://nearbook.app/book/3915985,2026-05-03T23:14:04.603342,
India,NearBook,,computer,,0,INR 300,https://nearbook.app/book/3915984,2026-05-03T23:14:05.048887,
India,NearBook,,MATHEMATICS,,0,INR 45,https://nearbook.app/book/3915983,2026-05-03T23:14:05.357035,
India,NearBook,,Ruchira,,0,INR 40,https://nearbook.app/book/3915982,2026-05-03T23:14:05.644572,
India,NearBook,,Ruchira,,0,INR 40,https://nearbook.app/book/3915982,2026-05-03T23:14:07.302344,
India,NearBook,,class 8 mathematics,,0,INR 50,https://nearbook.app/book/3915981,2026-05-03T23:14:07.592178,
India,NearBook,,know your digital world book class 3,,0,INR 160,https://nearbook.app/book/3915980,2026-05-03T23:14:07.882451,
India,NearBook,,Antara NCRT,sana,0,INR 40,https://nearbook.app/book/3915979,2026-05-03T23:14:08.223598,
India,NearBook,,English Grammar and composition,Editorial Team,0,INR 309,https://nearbook.app/book/3915978,2026-05-03T23:14:08.513314,
India,NearBook,,kritika,ncert,0,INR 17,https://nearbook.app/book/3915977,2026-05-03T23:14:08.802555,
India,NearBook,,हिंदी व्याकरण,,0,INR 110,https://nearbook.app/book/3915976,2026-05-03T23:14:09.145622,
India,NearBook,,beehive,,0,INR 50,https://nearbook.app/book/3915975,2026-05-03T23:14:09.452613,
India,NearBook,,SCIENCE,,0,INR 35,https://nearbook.app/book/3915974,2026-05-03T23:14:09.740833,
India,NearBook,,Lakshya JEE class 12th mathematics modules solutions,User,0,INR 200,https://nearbook.app/book/3915973,2026-05-03T23:14:10.066891,
India,NearBook,,JEE Mains,,0,INR 350,https://nearbook.app/book/3915972,2026-05-03T23:14:10.354447,
India,NearBook,,Hindi kavya,,0,INR 270,https://nearbook.app/book/3915969,2026-05-03T23:14:10.681315,
India,NearBook,,English grammer PC wren's class 8,,0,INR 400,https://nearbook.app/book/3915968,2026-05-03T23:14:12.301749,
India,NearBook,,sanchan,,0,INR 20,https://nearbook.app/book/3915967,2026-05-03T23:14:12.589733,
India,NearBook,,KRITIKA BHAAG 2,,0,INR 20,https://nearbook.app/book/3915966,2026-05-03T23:14:12.916541,
India,NearBook,,Marathi pratice book,"navjeveean
navjeevan",0,INR 90,https://nearbook.app/book/3915965,2026-05-03T23:14:13.240843,
India,NearBook,,treasure chests,,0,INR 15,https://nearbook.app/book/3915964,2026-05-03T23:14:13.531620,
India,NearBook,,Hornbill NCRT,sana,0,INR 50,https://nearbook.app/book/3915963,2026-05-03T23:14:13.823396,
India,NearBook,,physics part 2,,0,INR 50,https://nearbook.app/book/3915962,2026-05-03T23:14:14.117697,
India,NearBook,,economics,ncert,0,INR 37,https://nearbook.app/book/3915961,2026-05-03T23:14:14.470487,
India,NearBook,,sparsh,,0,INR 30,https://nearbook.app/book/3915960,2026-05-03T23:14:14.777469,
India,NearBook,,exploding society India and beyond NCERT book class 8,,0,INR 60,https://nearbook.app/book/3915958,2026-05-03T23:14:15.065545,
India,NearBook,,a magic place,,0,INR 150,https://nearbook.app/book/3915957,2026-05-03T23:14:15.354959,
India,NearBook,,Mathematics,R S Aggarwal,0,INR 230,https://nearbook.app/book/3915956,2026-05-03T23:14:15.643687,
India,NearBook,,class 8 Purvi English textbook,,0,INR 90,https://nearbook.app/book/3915955,2026-05-03T23:14:17.337034,
India,NearBook,,physics part 1,,0,INR 30,https://nearbook.app/book/3915954,2026-05-03T23:14:17.644385,
India,NearBook,,practical book,,0,INR 45,https://nearbook.app/book/3915953,2026-05-03T23:14:17.934786,
India,NearBook,,hindi Chhattisgarhi Bharti,Balram rathour,0,INR 8109940021,https://nearbook.app/book/3915952,2026-05-03T23:14:18.258475,
India,NearBook,,BALBHARATI ENGLISH MEDIUM,,0,INR 35,https://nearbook.app/book/3915951,2026-05-03T23:14:18.548359,
India,NearBook,,ENGLISH ( POORVI ),,0,INR 45,https://nearbook.app/book/3915950,2026-05-03T23:14:18.840338,
India,NearBook,,Exploring Society: India and Beyond (social science textbook for grade 7 part 1),,0,INR 100,https://nearbook.app/book/3915949,2026-05-03T23:14:19.132133,
India,NearBook,,geography,Veena bhargava,0,INR 200,https://nearbook.app/book/3915948,2026-05-03T23:14:19.420337,
India,NearBook,,practical book,,0,INR 45,https://nearbook.app/book/3915947,2026-05-03T23:14:19.795246,
India,NearBook,,civics,ncert,0,INR 45,https://nearbook.app/book/3915946,2026-05-03T23:14:20.102021,
India,NearBook,,chemestry part 2,,0,INR 50,https://nearbook.app/book/3915945,2026-05-03T23:14:20.390448,
India,NearBook,,An Alien hand,,0,INR 35,https://nearbook.app/book/3915944,2026-05-03T23:14:21.433615,
India,NearBook,,science,Ashwini Yyagi,0,INR 0,https://nearbook.app/book/3915943,2026-05-03T23:14:23.174370,
India,NearBook,,"selina
ICSE question bank
Biology",,0,INR 240,https://nearbook.app/book/3915942,2026-05-03T23:14:23.481765,
India,NearBook,,"Chemistry ,46 yrs previous question",DISHA Publication INC,0,INR 500,https://nearbook.app/book/3915941,2026-05-03T23:14:23.788446,
India,NearBook,,physics part 2,,0,INR 140,https://nearbook.app/book/3915940,2026-05-03T23:14:24.095788,
India,NearBook,,science,Ashwini Yyagi,0,INR 0,https://nearbook.app/book/3915939,2026-05-03T23:14:24.403053,
India,NearBook,,Jeevith publications,,0,INR 150,https://nearbook.app/book/3915938,2026-05-03T23:14:24.696843,
India,NearBook,,ToTal English,Morning Star,0,INR 372,https://nearbook.app/book/3915937,2026-05-03T23:14:24.990650,
India,NearBook,,whispers of the soul,Sandeep Chaudhary,0,INR 40,https://nearbook.app/book/3915936,2026-05-03T23:14:25.283008,
India,NearBook,,Hindi part 2 class 8,,0,INR 15,https://nearbook.app/book/3915935,2026-05-03T23:14:25.574798,
India,NearBook,,"U LIKE

Science you like",,0,INR 500,https://nearbook.app/book/3915934,2026-05-03T23:14:25.939336,
India,NearBook,,chemestry part 1,,0,INR 50,https://nearbook.app/book/3915933,2026-05-03T23:14:26.245807,
India,NearBook,,biology,lakhmir Singh,0,INR 250,https://nearbook.app/book/3915932,2026-05-03T23:14:26.542009,
India,NearBook,,biology,lakhmir Singh,0,INR 250,https://nearbook.app/book/3915932,2026-05-03T23:14:28.192008,
India,NearBook,,Home science,sana,0,INR 110,https://nearbook.app/book/3915931,2026-05-03T23:14:28.487902,
India,NearBook,,POORVI NCERT book class 8,,0,INR 60,https://nearbook.app/book/3915930,2026-05-03T23:14:28.779227,
India,NearBook,,science,,0,INR 100,https://nearbook.app/book/3915929,2026-05-03T23:14:29.069055,
India,NearBook,,science Xavier,"M. SAVARIAMMAL
M.SAVARIAMMAL",0,INR 350,https://nearbook.app/book/3915928,2026-05-03T23:14:29.357604,
India,NearBook,,hindi,rajiv prakshan,0,INR 295,https://nearbook.app/book/3915927,2026-05-03T23:14:29.727790,
India,NearBook,,chemistry part 2,,0,INR 115,https://nearbook.app/book/3915926,2026-05-03T23:14:30.138253,
India,NearBook,,total history and civics,,0,INR 100,https://nearbook.app/book/3915925,2026-05-03T23:14:30.444649,
India,NearBook,,saraswati Geography Book,ILA Patra and Priyamvada Kher,0,INR 350,https://nearbook.app/book/3915924,2026-05-03T23:14:30.739182,
India,NearBook,,Mathematics class 6th,MBD,0,INR 150,https://nearbook.app/book/3915923,2026-05-03T23:14:31.031294,
India,NearBook,,maths booster,,0,INR 150,https://nearbook.app/book/3915921,2026-05-03T23:14:31.365925,
India,NearBook,,Hindi,Hindi,0,INR 200,https://nearbook.app/book/3915920,2026-05-03T23:14:31.659245,
India,NearBook,,MATHS NCERT TEXTBOOKS,,0,INR 200,https://nearbook.app/book/3915919,2026-05-03T23:14:33.312178,
India,NearBook,,IT Information technology,sumit arora,0,INR 250,https://nearbook.app/book/3915918,2026-05-03T23:14:33.608506,
India,NearBook,,Oswal question bank science,Oswal editorial board,0,INR 600,https://nearbook.app/book/3915917,2026-05-03T23:14:33.902745,
India,NearBook,,SOCIAL SCIENCE ( DEMOCRATIC POLITICS - 2,,0,INR 50,https://nearbook.app/book/3915916,2026-05-03T23:14:34.196307,
India,NearBook,,Sahitya Sagar,Evergreen Publication,0,INR 11,https://nearbook.app/book/3915915,2026-05-03T23:14:34.541284,
India,NearBook,,Honeycomb,,0,INR 90,https://nearbook.app/book/3915914,2026-05-03T23:14:34.949985,
India,NearBook,,snapshot,sana,0,INR 45,https://nearbook.app/book/3915913,2026-05-03T23:14:35.243269,
India,NearBook,,Hindi grammar class 8,,0,INR 300,https://nearbook.app/book/3915912,2026-05-03T23:14:35.535623,
India,NearBook,,snapshot,sana,0,INR 45,https://nearbook.app/book/3915911,2026-05-03T23:14:35.871630,
India,NearBook,,RD Sharma Class10,rd sharma,0,INR 299,https://nearbook.app/book/3915910,2026-05-03T23:14:36.178883,
India,NearBook,,concise chemistry,selina,0,INR 300,https://nearbook.app/book/3915909,2026-05-03T23:14:36.473650,
India,NearBook,,chemistry,,0,INR 225,https://nearbook.app/book/3915908,2026-05-03T23:14:36.766936,
India,NearBook,,rs Aggarwal mathematics class 7,,0,INR 100,https://nearbook.app/book/3915907,2026-05-03T23:14:38.436384,
India,NearBook,,javahar navodya,,0,INR 400,https://nearbook.app/book/3915906,2026-05-03T23:14:38.732102,
India,NearBook,,concise biology class 10,,0,INR 149,https://nearbook.app/book/3915905,2026-05-03T23:14:39.046932,
India,NearBook,,beehive,,0,INR 50,https://nearbook.app/book/3915904,2026-05-03T23:14:39.353976,
India,NearBook,,"oswaal
ICSE question bank
English language",,0,INR 200,https://nearbook.app/book/3915903,2026-05-03T23:14:39.672044,
India,NearBook,,math boomer,,0,INR 80,https://nearbook.app/book/3915902,2026-05-03T23:14:39.965484,
India,NearBook,,chithij,,0,INR 35,https://nearbook.app/book/3915901,2026-05-03T23:14:40.282345,
India,NearBook,,our part 3 history class 8,social science,0,INR 15,https://nearbook.app/book/3915900,2026-05-03T23:14:40.576933,
India,NearBook,,economics,,0,INR 25,https://nearbook.app/book/3915899,2026-05-03T23:14:40.872533,
India,NearBook,,BIOLOGY,,0,INR 235,https://nearbook.app/book/3915898,2026-05-03T23:14:41.184145,
India,NearBook,,map work book,Kali mandir Mahendra nagar aligarh,0,INR 100,https://nearbook.app/book/3915897,2026-05-03T23:14:41.482169,
India,NearBook,,Hornbill,sana,0,INR 50,https://nearbook.app/book/3915896,2026-05-03T23:14:41.810612,
India,NearBook,,rs Aggarwal mathematics class 6,,0,INR 360,https://nearbook.app/book/3915895,2026-05-03T23:14:43.466954,
India,NearBook,,whispers of the soul,Vikas sir,0,INR 0,https://nearbook.app/book/3915893,2026-05-03T23:14:43.858371,
India,NearBook,,Treasure chest,Evergreen Publication,0,INR 27,https://nearbook.app/book/3915892,2026-05-03T23:14:44.165574,
India,NearBook,,BALBHARATI ENGLISH MEDIUM,,0,INR 70,https://nearbook.app/book/3915891,2026-05-03T23:14:44.457493,
India,NearBook,,"NCERT Chemistry part-I,II class 11th Brand new book no use.Set is also available of science stream.",,0,INR 310,https://nearbook.app/book/3915890,2026-05-03T23:14:44.781338,
India,NearBook,,Mathematics Standard Cbse Sample Paper,,0,INR 200,https://nearbook.app/book/3915889,2026-05-03T23:14:45.075948,
India,NearBook,,Hornbill,sana,0,INR 50,https://nearbook.app/book/3915888,2026-05-03T23:14:45.394310,
India,NearBook,,math,,0,INR 200,https://nearbook.app/book/3915887,2026-05-03T23:14:45.702676,
India,NearBook,,आरोह भाग (2),,0,INR 20,https://nearbook.app/book/3915886,2026-05-03T23:14:46.009081,
India,NearBook,,concise biology,selina,0,INR 300,https://nearbook.app/book/3915885,2026-05-03T23:14:46.316071,
India,NearBook,,rd sharma,system,0,INR 300,https://nearbook.app/book/3915884,2026-05-03T23:14:46.625213,
India,NearBook,,math,,0,INR 200,https://nearbook.app/book/3915883,2026-05-03T23:14:46.930474,
India,NearBook,,icse class 10 physics,,0,INR 149,https://nearbook.app/book/3915882,2026-05-03T23:14:48.568736,
India,NearBook,,Oxford Elementary Learners Dictionary,"Oxford, Edited by Angela Crawley",0,INR 99,https://nearbook.app/book/3915881,2026-05-03T23:14:48.876130,
India,NearBook,,Geography,Rishika,0,INR 50,https://nearbook.app/book/3915880,2026-05-03T23:14:49.183261,
India,NearBook,,mathematics R.D sharma,dhanlat rai publication,0,INR 490,https://nearbook.app/book/3915879,2026-05-03T23:14:49.490396,
India,NearBook,,sparsh,"NCERT 
NCERT",0,INR 55,https://nearbook.app/book/3915878,2026-05-03T23:14:49.782989,
India,NearBook,,Ncert geography book for class 10,,0,INR 37,https://nearbook.app/book/3915877,2026-05-03T23:14:50.104895,
India,NearBook,,geographic class 8,social science resource and development,0,INR 15,https://nearbook.app/book/3915876,2026-05-03T23:14:50.396311,
India,NearBook,,THE ALKEMIST,पाओलो कोआले,0,INR 350,https://nearbook.app/book/3915875,2026-05-03T23:14:50.719362,
India,NearBook,,PHYSICS,,0,INR 155,https://nearbook.app/book/3915874,2026-05-03T23:14:51.026437,
India,NearBook,,wren and Martin 7,,0,INR 200,https://nearbook.app/book/3915873,2026-05-03T23:14:51.333617,
India,NearBook,,concise physics,selina,0,INR 250,https://nearbook.app/book/3915872,2026-05-03T23:14:51.642435,
India,NearBook,,Geography Std 9,,0,INR 300,https://nearbook.app/book/3915871,2026-05-03T23:14:51.935919,
India,NearBook,,The Mona mouse code,,0,INR 300,https://nearbook.app/book/3915870,2026-05-03T23:14:53.587076,
India,NearBook,,"maths , ganita prakash",Kush,0,INR 90,https://nearbook.app/book/3915869,2026-05-03T23:14:53.882232,
India,NearBook,,English hornbill help book,capital,0,INR 35,https://nearbook.app/book/3915868,2026-05-03T23:14:54.175532,
India,NearBook,,R.D. Sharma Class 11 (2024 Edition),R.D. Sharma,0,INR 500,https://nearbook.app/book/3915867,2026-05-03T23:14:54.508086,
India,NearBook,,icse class 10 history,,0,INR 139,https://nearbook.app/book/3915865,2026-05-03T23:14:54.799484,
India,NearBook,,maths,"ayush
Ayush",0,INR 150,https://nearbook.app/book/3915864,2026-05-03T23:14:55.122568,
India,NearBook,,"Mathematics, NCERT",,0,INR 49,https://nearbook.app/book/3915863,2026-05-03T23:14:55.429673,
India,NearBook,,history for class 10,,0,INR 75,https://nearbook.app/book/3915862,2026-05-03T23:14:55.735294,
India,NearBook,,SOCIAL SCIENCE ECONOMICS,,0,INR 70,https://nearbook.app/book/3915861,2026-05-03T23:14:56.044447,
India,NearBook,,Snapshots,,0,INR 40,https://nearbook.app/book/3915860,2026-05-03T23:14:56.352185,
India,NearBook,,दीपकम संस्कृत NCERT book class 8,,0,INR 60,https://nearbook.app/book/3915859,2026-05-03T23:14:56.658782,
India,NearBook,,DIS Taru,,0,INR 10,https://nearbook.app/book/3915858,2026-05-03T23:14:56.966166,
India,NearBook,,science examplar,NCERT,0,INR 30,https://nearbook.app/book/3915857,2026-05-03T23:14:58.709777,
India,NearBook,,physics,,0,INR 200,https://nearbook.app/book/3915856,2026-05-03T23:14:59.018787,
India,NearBook,,Social science,Sst,0,INR 200,https://nearbook.app/book/3915855,2026-05-03T23:14:59.320948,
India,NearBook,,excellent GK,,0,INR 175,https://nearbook.app/book/3915854,2026-05-03T23:14:59.628070,
India,NearBook,,Hindi class 8 part 1,,0,INR 17,https://nearbook.app/book/3915853,2026-05-03T23:14:59.920703,
India,NearBook,,physical education,Sanjay kundra,0,INR 150,https://nearbook.app/book/3915852,2026-05-03T23:15:00.242948,
India,NearBook,,physical education,sana,0,INR 90,https://nearbook.app/book/3915851,2026-05-03T23:15:00.539736,
India,NearBook,,chemistry for class 10,lakhmir Singh,0,INR 350,https://nearbook.app/book/3915850,2026-05-03T23:15:01.471903,
India,NearBook,,"Moments, NCERT",,0,INR 28,https://nearbook.app/book/3915849,2026-05-03T23:15:01.779759,
India,NearBook,,DIS Taru,,0,INR 10,https://nearbook.app/book/3915848,2026-05-03T23:15:02.085965,
India,NearBook,,New Enjoying Mathematics,Jose Paul,0,INR 200,https://nearbook.app/book/3915847,2026-05-03T23:15:02.393135,
India,NearBook,,Chemistry NCERT textbook part 2,,0,INR 100,https://nearbook.app/book/3915846,2026-05-03T23:15:02.700350,
India,NearBook,,chemistry,,0,INR 200,https://nearbook.app/book/3915845,2026-05-03T23:15:04.338706,
India,NearBook,,"SELINA
ICSE question bank
Geography",,0,INR 150,https://nearbook.app/book/3915844,2026-05-03T23:15:04.621655,
India,NearBook,,curiosity NCERT class 8,,0,INR 60,https://nearbook.app/book/3915843,2026-05-03T23:15:04.958029,
India,NearBook,,The New Book of Social Science,,0,INR 300,https://nearbook.app/book/3915842,2026-05-03T23:15:05.260168,
India,NearBook,,"NCERT Physics part I,II, class 11th brand new book no use.Set is also available of science stream",,0,INR 260,https://nearbook.app/book/3915841,2026-05-03T23:15:05.540473,
India,NearBook,,physics,,0,INR 200,https://nearbook.app/book/3915840,2026-05-03T23:15:05.977122,
India,NearBook,,Hornbill,,0,INR 70,https://nearbook.app/book/3915839,2026-05-03T23:15:06.255546,
India,NearBook,,"Science,NCERT",,0,INR 79,https://nearbook.app/book/3915838,2026-05-03T23:15:06.534261,
India,NearBook,,xam idea  mathematics,ek global publishing,0,INR 400,https://nearbook.app/book/3915837,2026-05-03T23:15:06.899102,
India,NearBook,,science in everyday life class 3,,0,INR 230,https://nearbook.app/book/3915836,2026-05-03T23:15:07.205739,
India,NearBook,,computer buzz,,0,INR 125,https://nearbook.app/book/3915835,2026-05-03T23:15:07.512929,
India,NearBook,,Concept of physics,H C Verma,0,INR 100,https://nearbook.app/book/3915834,2026-05-03T23:15:07.791760,
India,NearBook,,History and civics 7,,0,INR 15,https://nearbook.app/book/3915833,2026-05-03T23:15:09.561917,
India,NearBook,,Statistics for economics,,0,INR 249,https://nearbook.app/book/3915832,2026-05-03T23:15:09.868374,
India,NearBook,,computer buzz,,0,INR 125,https://nearbook.app/book/3915830,2026-05-03T23:15:10.175482,
India,NearBook,,jee mains pyq physics chm maths all e,,0,INR 900,https://nearbook.app/book/3915829,2026-05-03T23:15:10.453420,
India,NearBook,,icse understanding Mathematics,,0,INR 280,https://nearbook.app/book/3915828,2026-05-03T23:15:10.789843,
India,NearBook,,CHEMISTRY NCERT TEXTBOOK PART 1,,0,INR 100,https://nearbook.app/book/3915827,2026-05-03T23:15:11.068025,
India,NearBook,,Sanskrit class 8 semester 1,,0,INR 15,https://nearbook.app/book/3915826,2026-05-03T23:15:11.404308,
India,NearBook,,Fundamental Art,,0,INR 225,https://nearbook.app/book/3915825,2026-05-03T23:15:11.681131,
India,NearBook,,political science ki 1 book,sana,0,INR 90,https://nearbook.app/book/3915824,2026-05-03T23:15:12.018572,
India,NearBook,,treasure chests workbook,P.S latika,0,INR 150,https://nearbook.app/book/3915823,2026-05-03T23:15:12.326191,
India,NearBook,,biology,,0,INR 200,https://nearbook.app/book/3915822,2026-05-03T23:15:12.605538,
India,NearBook,,सोशल science,,0,INR 380.00,https://nearbook.app/book/3915821,2026-05-03T23:15:12.940752,
India,NearBook,,icse class 10 chem,,0,INR 149,https://nearbook.app/book/3915818,2026-05-03T23:15:14.578827,
India,NearBook,,Hindi,Arihant,0,INR 100,https://nearbook.app/book/3915817,2026-05-03T23:15:14.885461,
India,NearBook,,Sanskrit class 8 semester 2,,0,INR 10,https://nearbook.app/book/3915816,2026-05-03T23:15:15.193826,
India,NearBook,,biology,,0,INR 88,https://nearbook.app/book/3915814,2026-05-03T23:15:15.500298,
India,NearBook,,chemistry,,0,INR 200,https://nearbook.app/book/3915813,2026-05-03T23:15:15.778125,
India,NearBook,,"treasure chest 
ICSE
ENGLISH",,0,INR 27,https://nearbook.app/book/3915812,2026-05-03T23:15:16.064616,
India,NearBook,,translation composition hindi to english,translation book,0,INR 50,https://nearbook.app/book/3915811,2026-05-03T23:15:16.421846,
India,NearBook,,कल्पतरु book class 3,,0,INR 210,https://nearbook.app/book/3915810,2026-05-03T23:15:16.728930,
India,NearBook,,भूगोल नवनीत,,0,INR 70,https://nearbook.app/book/3915809,2026-05-03T23:15:17.010825,
India,NearBook,,સામાજિક વિજ્ઞાન,મલ વિપુલ,0,INR 70,https://nearbook.app/book/3915808,2026-05-03T23:15:17.343703,
India,NearBook,,સામાજિક વિજ્ઞાન,મલ વિપુલ,0,INR 70,https://nearbook.app/book/3915807,2026-05-03T23:15:17.650660,
India,NearBook,,Allez-y,,0,INR 258,https://nearbook.app/book/3915806,2026-05-03T23:15:17.929279,
India,NearBook,,"India and the Contemporary World-1, History",,0,INR 69,https://nearbook.app/book/3915805,2026-05-03T23:15:19.596587,
India,NearBook,,sanskrit,,0,INR 10,https://nearbook.app/book/3915804,2026-05-03T23:15:19.879139,
India,NearBook,,General Hindi balaji,Rishika,0,INR 200,https://nearbook.app/book/3915803,2026-05-03T23:15:20.211672,
India,NearBook,,"read well , write well","Ruskin bond 
Ruskin bond",0,INR 180,https://nearbook.app/book/3915802,2026-05-03T23:15:20.518015,
India,NearBook,,HINDI SHITIJ BHAAG 2,,0,INR 40,https://nearbook.app/book/3915801,2026-05-03T23:15:20.825177,
India,NearBook,,chemistry lab book,,0,INR 50,https://nearbook.app/book/3915800,2026-05-03T23:15:21.132387,
India,NearBook,,"read well , write well","Ruskin bond 
Ruskin bond",0,INR 180,https://nearbook.app/book/3915797,2026-05-03T23:15:21.439516,
India,NearBook,,Mathematics class 6th,Super Refresher,0,INR 280,https://nearbook.app/book/3915796,2026-05-03T23:15:21.748043,
India,NearBook,,Real English,anand mahanand,0,INR 450,https://nearbook.app/book/3915795,2026-05-03T23:15:22.053995,
India,NearBook,,rd Sharma,,0,INR 600,https://nearbook.app/book/3915794,2026-05-03T23:15:22.360658,
India,NearBook,,BALBHARATI ENGLISH MEDIUM,,0,INR 70,https://nearbook.app/book/3915793,2026-05-03T23:15:22.669743,
India,NearBook,,political science ki 2 book,sana,0,INR 80,https://nearbook.app/book/3915792,2026-05-03T23:15:22.948963,
India,NearBook,,computer science class 8th,,0,INR 360,https://nearbook.app/book/3915791,2026-05-03T23:15:24.614055,
India,NearBook,,Micro economics,,0,INR 249,https://nearbook.app/book/3915790,2026-05-03T23:15:24.897199,
India,NearBook,,xam idea social science,vk global publication pvt ltd,0,INR 738,https://nearbook.app/book/3915789,2026-05-03T23:15:25.176544,
India,NearBook,,નોટબુક,મલ વિપુલ,0,INR 70,https://nearbook.app/book/3915788,2026-05-03T23:15:25.535515,
India,NearBook,,CHEMISTRY DPP,Ranjeet Shahi,0,INR 100,https://nearbook.app/book/3915787,2026-05-03T23:15:25.814677,
India,NearBook,,નોટબુક,મલ વિપુલ,0,INR 70,https://nearbook.app/book/3915785,2026-05-03T23:15:26.150413,
India,NearBook,,वितान,,0,INR 30,https://nearbook.app/book/3915784,2026-05-03T23:15:26.457400,
India,NearBook,,rd Sharma,rd,0,INR 600,https://nearbook.app/book/3915783,2026-05-03T23:15:26.736012,
India,NearBook,,SSC GD MATHS,Ankit Bhati sir,0,INR 130,https://nearbook.app/book/3915782,2026-05-03T23:15:27.072258,
India,NearBook,,math,,0,INR 200,https://nearbook.app/book/3915781,2026-05-03T23:15:27.379396,
India,NearBook,,diyam 2,,0,INR 50,https://nearbook.app/book/3915780,2026-05-03T23:15:27.687333,
India,NearBook,,किरण संस्कृत,,0,INR 250,https://nearbook.app/book/3915779,2026-05-03T23:15:27.993109,
India,NearBook,,Tekie Python I,,0,INR 100,https://nearbook.app/book/3915778,2026-05-03T23:15:29.605050,
India,NearBook,,Collins English Grammar and Composition 7,,0,INR 200,https://nearbook.app/book/3915777,2026-05-03T23:15:29.938947,
India,NearBook,,ENGLISH ( MOMENTS ),,0,INR 20,https://nearbook.app/book/3915776,2026-05-03T23:15:30.245945,
India,NearBook,,mbd guide,,0,INR 299,https://nearbook.app/book/3915775,2026-05-03T23:15:30.553232,
India,NearBook,,maths Power,,0,INR 200,https://nearbook.app/book/3915774,2026-05-03T23:15:30.860473,
India,NearBook,,Flying Colours,Rashmi Rekha Arya,0,INR 475,https://nearbook.app/book/3915773,2026-05-03T23:15:31.140324,
India,NearBook,,biology,,0,INR 200,https://nearbook.app/book/3915772,2026-05-03T23:15:31.474949,
India,NearBook,,maths Power,,0,INR 200,https://nearbook.app/book/3915771,2026-05-03T23:15:31.781957,
India,NearBook,,Allen class 10th,,0,INR 100,https://nearbook.app/book/3915770,2026-05-03T23:15:32.089880,
India,NearBook,,sanskrit,,0,INR 10,https://nearbook.app/book/3915769,2026-05-03T23:15:32.367576,
India,NearBook,,Fundamental Art,,0,INR 45,https://nearbook.app/book/3915768,2026-05-03T23:15:32.645394,
India,NearBook,,ગ્રહો કાર્ય લેખન પોથી,મલ વિપુલ,0,INR 80,https://nearbook.app/book/3915767,2026-05-03T23:15:33.010851,
India,NearBook,,Science,,0,INR 250,https://nearbook.app/book/3915766,2026-05-03T23:15:34.652663,
India,NearBook,,MHT cet biology std 11 and 12,target publication,0,INR 405,https://nearbook.app/book/3915765,2026-05-03T23:15:34.956378,
India,NearBook,,the fact file,,0,INR 100,https://nearbook.app/book/3915764,2026-05-03T23:15:35.263556,
India,NearBook,,"Democratic Politics -1, SSc",,0,INR 49,https://nearbook.app/book/3915763,2026-05-03T23:15:35.542448,
India,NearBook,,ગ્રહો કાર્ય લેખન પોથી,મલ વિપુલ,0,INR 80,https://nearbook.app/book/3915762,2026-05-03T23:15:35.878020,
India,NearBook,,Understanding Economic Development,,0,INR 60,https://nearbook.app/book/3915760,2026-05-03T23:15:36.185330,
India,NearBook,,SOCIAL SCIENCE ECONOMICS,,0,INR 50,https://nearbook.app/book/3915759,2026-05-03T23:15:36.492384,
India,NearBook,,Science Evergreen self study Cbse,Pradeep Singh,0,INR 100,https://nearbook.app/book/3915758,2026-05-03T23:15:36.770422,
India,NearBook,,mathematics class 10 icse,ML aggarwal,0,INR 450,https://nearbook.app/book/3915757,2026-05-03T23:15:37.107026,
India,NearBook,,physics,,0,INR 200,https://nearbook.app/book/3915756,2026-05-03T23:15:37.414453,
India,NearBook,,Vasant,,0,INR 0,https://nearbook.app/book/3915755,2026-05-03T23:15:37.726494,
India,NearBook,,way of mathematics,,0,INR 300,https://nearbook.app/book/3915754,2026-05-03T23:15:38.028485,
India,NearBook,,નોટબુક,મલ વિપુલ,0,INR 100,https://nearbook.app/book/3915752,2026-05-03T23:15:39.673513,
India,NearBook,,Business Studies,Sandeep Garg,0,INR 450,https://nearbook.app/book/3915751,2026-05-03T23:15:39.974299,
India,NearBook,,નોટબુક,મલ વિપુલ,0,INR 100,https://nearbook.app/book/3915750,2026-05-03T23:15:40.283036,
India,NearBook,,Computer Science,,0,INR 270,https://nearbook.app/book/3915749,2026-05-03T23:15:41.407760,
India,NearBook,,chemistry,,0,INR 200,https://nearbook.app/book/3915748,2026-05-03T23:15:41.714833,
India,NearBook,,"Contemporary India-1, SSc",,0,INR 35,https://nearbook.app/book/3915747,2026-05-03T23:15:42.022298,
India,NearBook,,vistas,Rishika,0,INR 50,https://nearbook.app/book/3915746,2026-05-03T23:15:42.310889,
India,NearBook,,colouring and ciafts,,0,INR 100,https://nearbook.app/book/3915745,2026-05-03T23:15:42.636402,
India,NearBook,,mbd,,0,INR 300,https://nearbook.app/book/3915744,2026-05-03T23:15:42.928053,
India,NearBook,,SOCIAL SCIENCE ( DEMOCRATIC POLITICS ),,0,INR 50,https://nearbook.app/book/3915743,2026-05-03T23:15:43.250970,
India,NearBook,,"NCERT Mathematics, New book no use.Set is also available of science stream.",,0,INR 199,https://nearbook.app/book/3915742,2026-05-03T23:15:43.542183,
India,NearBook,,colouring and ciafts,,0,INR 100,https://nearbook.app/book/3915741,2026-05-03T23:15:43.830176,
India,NearBook,,physics,,0,INR 200,https://nearbook.app/book/3915740,2026-05-03T23:15:45.503661,
India,NearBook,,Allez-y,,0,INR 100,https://nearbook.app/book/3915738,2026-05-03T23:15:45.790142,
India,NearBook,,સવૉગી શિક્ષણ,મલ વિપુલ,0,INR 150,https://nearbook.app/book/3915737,2026-05-03T23:15:46.118902,
India,NearBook,,સવૉગી શિક્ષણ,મલ વિપુલ,0,INR 150,https://nearbook.app/book/3915736,2026-05-03T23:15:46.426475,
India,NearBook,,आरोह,,0,INR 90,https://nearbook.app/book/3915735,2026-05-03T23:15:46.715889,
India,NearBook,,rasayan sastr,,0,INR 50,https://nearbook.app/book/3915734,2026-05-03T23:15:47.002810,
India,NearBook,,chemistry  ncert fingertips,,0,INR 750,https://nearbook.app/book/3915733,2026-05-03T23:15:47.346993,
India,NearBook,,"Economics, Class IX",,0,INR 39,https://nearbook.app/book/3915732,2026-05-03T23:15:47.654103,
India,NearBook,,flamingo,Rishika,0,INR 70,https://nearbook.app/book/3915731,2026-05-03T23:15:47.961465,
India,NearBook,,Biochemistry & physiology,,0,INR 300,https://nearbook.app/book/3915730,2026-05-03T23:15:48.269014,
India,NearBook,,English ( It So Happened ),,0,INR 30,https://nearbook.app/book/3915729,2026-05-03T23:15:48.554993,
India,NearBook,,Wonders of GK,,0,INR 200,https://nearbook.app/book/3915728,2026-05-03T23:15:48.883950,
India,NearBook,,Statistics for economics,Sandeep Garg,0,INR 520,https://nearbook.app/book/3915727,2026-05-03T23:15:50.501239,
India,NearBook,,math,shivam Kumar,0,INR 60,https://nearbook.app/book/3915726,2026-05-03T23:15:50.828906,
India,NearBook,,social studies,,0,INR 150,https://nearbook.app/book/3915725,2026-05-03T23:15:51.137413,
India,NearBook,,Oxford basic English translation,,0,INR 50,https://nearbook.app/book/3915724,2026-05-03T23:15:51.443007,
India,NearBook,,સ્વાધ્યાય પોથી ભાગ3,મલ વિપુલ,0,INR 150,https://nearbook.app/book/3915723,2026-05-03T23:15:51.750954,
India,NearBook,,footprints without feet,,0,INR 35,https://nearbook.app/book/3915722,2026-05-03T23:15:52.037924,
India,NearBook,,સ્વાધ્યાય પોથી ભાગ3,મલ વિપુલ,0,INR 150,https://nearbook.app/book/3915721,2026-05-03T23:15:52.323702,
India,NearBook,,All MPSC books combo,,0,INR 3000,https://nearbook.app/book/3915719,2026-05-03T23:15:52.613323,
India,NearBook,,rsayan sastr,,0,INR 500,https://nearbook.app/book/3915718,2026-05-03T23:15:52.978987,
India,NearBook,,Hindi vyakaran and rachna,,0,INR 100,https://nearbook.app/book/3915717,2026-05-03T23:15:53.286160,
India,NearBook,,Around the Globe,,0,INR 200,https://nearbook.app/book/3915716,2026-05-03T23:15:53.572421,
India,NearBook,,HINDI ( BHARAT KI KHOJ ),,0,INR 45,https://nearbook.app/book/3915715,2026-05-03T23:15:53.900846,
India,NearBook,,sanskrit,shivam,0,INR 150,https://nearbook.app/book/3915714,2026-05-03T23:15:55.539509,
India,NearBook,,curiosity NCERT book,,0,INR 60,https://nearbook.app/book/3915713,2026-05-03T23:15:55.826073,
India,NearBook,,BALBHARATI English medium,,0,INR 75,https://nearbook.app/book/3915712,2026-05-03T23:15:56.153735,
India,NearBook,,biology ncert finger tip,,0,INR 850,https://nearbook.app/book/3915711,2026-05-03T23:15:56.440295,
India,NearBook,,Mandala,,0,INR 75,https://nearbook.app/book/3915710,2026-05-03T23:15:56.726961,
India,NearBook,,collins essential school dictionary,,0,INR 1000,https://nearbook.app/book/3915708,2026-05-03T23:15:57.075141,
India,NearBook,,સ્વાધ્યપોથી,મમરા વિપુલ,0,INR 150,https://nearbook.app/book/3915707,2026-05-03T23:15:57.382542,
India,NearBook,,સ્વાધ્યપોથી,મમરા વિપુલ,0,INR 150,https://nearbook.app/book/3915706,2026-05-03T23:15:57.691277,
India,NearBook,,social studies,,0,INR 195,https://nearbook.app/book/3915705,2026-05-03T23:15:57.996772,
India,NearBook,,Beehive,,0,INR 49,https://nearbook.app/book/3915704,2026-05-03T23:15:58.284400,
India,NearBook,,sanjiv refresher social science,Jay suthar,0,INR 100,https://nearbook.app/book/3915703,2026-05-03T23:15:58.569497,
India,NearBook,,galaxy,class 5gk,0,INR 100,https://nearbook.app/book/3915702,2026-05-03T23:15:58.918254,
India,NearBook,,PHYSICS NCERT TEXTBOOK PART 2,,0,INR 90,https://nearbook.app/book/3915701,2026-05-03T23:16:00.557445,
India,NearBook,,micro economics,Sandeep Garg,0,INR 500,https://nearbook.app/book/3915700,2026-05-03T23:16:00.851005,
India,NearBook,,New Science Ahead,,0,INR 260,https://nearbook.app/book/3915699,2026-05-03T23:16:01.171210,
India,NearBook,,ENGLISH (BEEHIVE),,0,INR 30,https://nearbook.app/book/3915698,2026-05-03T23:16:01.478222,
India,NearBook,,New mulberry English course,Oxford,0,INR 600,https://nearbook.app/book/3915697,2026-05-03T23:16:01.764009,
India,NearBook,,मल्हार NCERT book,,0,INR 60,https://nearbook.app/book/3915696,2026-05-03T23:16:02.093373,
India,NearBook,,English grammar,Kapil tanwar,0,INR 65,https://nearbook.app/book/3915694,2026-05-03T23:16:02.400237,
India,NearBook,,"footprints 
without 
feet",,0,INR 15,https://nearbook.app/book/3915692,2026-05-03T23:16:02.708099,
India,NearBook,,concise biology class 9,,0,INR 250,https://nearbook.app/book/3915691,2026-05-03T23:16:02.992813,
India,NearBook,,information technology,Sumita arora,0,INR 595,https://nearbook.app/book/3915690,2026-05-03T23:16:03.321897,
India,NearBook,,પ્રોજેક્ટ પ્રવૃત્તિ બુક,મલ વિપુલ,0,INR 100,https://nearbook.app/book/3915688,2026-05-03T23:16:03.628698,
India,NearBook,,પ્રોજેક્ટ પ્રવૃત્તિ બુક,મલ વિપુલ,0,INR 100,https://nearbook.app/book/3915687,2026-05-03T23:16:03.935767,
India,NearBook,,history,sana,0,INR 140,https://nearbook.app/book/3915686,2026-05-03T23:16:05.557509,
India,NearBook,,concise physics class 10 icse,,0,INR 149,https://nearbook.app/book/3915685,2026-05-03T23:16:05.881680,
India,NearBook,,conversation,,0,INR 200,https://nearbook.app/book/3915684,2026-05-03T23:16:06.189315,
India,NearBook,,ENGLISH SCIENCE MATHS MARATHI HISTORY CIVICS GEOGRAPHY,,0,INR 95,https://nearbook.app/book/3915683,2026-05-03T23:16:06.496354,
India,NearBook,,Flowering plants Identification& Aesthetic Characteristics,,0,INR 180,https://nearbook.app/book/3915682,2026-05-03T23:16:06.781530,
India,NearBook,,physics legend,,0,INR 200,https://nearbook.app/book/3915681,2026-05-03T23:16:07.110244,
India,NearBook,,Sarabjeet,,0,INR 200,https://nearbook.app/book/3915680,2026-05-03T23:16:07.412552,
India,NearBook,,science today,,0,INR 200,https://nearbook.app/book/3915679,2026-05-03T23:16:07.697458,
India,NearBook,,first flight,,0,INR 40,https://nearbook.app/book/3915678,2026-05-03T23:16:08.032293,
India,NearBook,,SOCIAL SCIENCE HISTORY CLASS 8,,0,INR 45,https://nearbook.app/book/3915677,2026-05-03T23:16:08.339396,
India,NearBook,,English grammar,Kapil tanwar,0,INR 65,https://nearbook.app/book/3915676,2026-05-03T23:16:08.646641,
India,NearBook,,jiwwighyan,,0,INR 100,https://nearbook.app/book/3915675,2026-05-03T23:16:08.934506,
India,NearBook,,Accountancy class 11,,0,INR 399,https://nearbook.app/book/3915674,2026-05-03T23:16:10.570353,
India,NearBook,,"Khistij, Part-1",,0,INR 49,https://nearbook.app/book/3915673,2026-05-03T23:16:10.906253,
India,NearBook,,DAV SSC class 6 book,,0,INR 120,https://nearbook.app/book/3915672,2026-05-03T23:16:11.206321,
India,NearBook,,નોટબુક,મલ વિપુલ,0,INR 40,https://nearbook.app/book/3915671,2026-05-03T23:16:11.502039,
India,NearBook,,mathematics NCERT,,0,INR 60,https://nearbook.app/book/3915669,2026-05-03T23:16:11.787876,
India,NearBook,,નોટબુક,મલ વિપુલ,0,INR 40,https://nearbook.app/book/3915668,2026-05-03T23:16:12.127933,
India,NearBook,,math,,0,INR 60,https://nearbook.app/book/3915667,2026-05-03T23:16:12.435271,
India,NearBook,,biology,,0,INR 200,https://nearbook.app/book/3915666,2026-05-03T23:16:12.721527,
India,NearBook,,navneet digest std 12th OCM,,0,INR 15,https://nearbook.app/book/3915665,2026-05-03T23:16:13.051030,
India,NearBook,,Double entry book keeping,,0,INR 200,https://nearbook.app/book/3915664,2026-05-03T23:16:13.356839,
India,NearBook,,The Invisible Man (New; Hardcover),H.G. Wells,0,INR 180,https://nearbook.app/book/3915663,2026-05-03T23:16:13.663960,
India,NearBook,,"Kritika, Part-1",,0,INR 29,https://nearbook.app/book/3915662,2026-05-03T23:16:13.949075,
India,NearBook,,SOCIAL SCIENCE POLITICAL LIFE 8,,0,INR 45,https://nearbook.app/book/3915661,2026-05-03T23:16:15.589618,
India,NearBook,,My English  NAVNEET,"India Book depot 

India Book depot India Book depot 
indya  book  dapo",0,INR 500,https://nearbook.app/book/3915660,2026-05-03T23:16:15.917285,
India,NearBook,,સામાન્ય જ્ઞાન,મલ વિપુલ,0,INR 200,https://nearbook.app/book/3915659,2026-05-03T23:16:16.224361,
India,NearBook,,સામાન્ય જ્ઞાન,મલ વિપુલ,0,INR 200,https://nearbook.app/book/3915658,2026-05-03T23:16:16.531239,
India,NearBook,,Cherry,,0,INR 350,https://nearbook.app/book/3915657,2026-05-03T23:16:16.820118,
India,NearBook,,chemistry,,0,INR 200,https://nearbook.app/book/3915656,2026-05-03T23:16:17.110368,
India,NearBook,,manthn,Kapil tanwar,0,INR 500,https://nearbook.app/book/3915653,2026-05-03T23:16:17.408351,
India,NearBook,,manthn,Kapil tanwar,0,INR 500,https://nearbook.app/book/3915652,2026-05-03T23:16:17.760260,
India,NearBook,,"Economic Botany,Ethnomedicine &Phytochemistry",,0,INR 200,https://nearbook.app/book/3915651,2026-05-03T23:16:18.067231,
India,NearBook,,विज्ञान,,0,INR 90,https://nearbook.app/book/3915650,2026-05-03T23:16:18.353971,
India,NearBook,,The Constitution of India,,0,INR 120,https://nearbook.app/book/3915648,2026-05-03T23:16:18.681775,
India,NearBook,,art Cafe,,0,INR 90,https://nearbook.app/book/3915647,2026-05-03T23:16:18.989268,
